{
  "0": {
    "phoneme": {
      "silhouette": -0.0878891870379448,
      "davies_bouldin": 8.496769141307436,
      "calinski_harabasz": 11.631238462145067,
      "within_mean": 25.63276481628418,
      "between_mean": 11.920565605163574,
      "wb_ratio": 2.150297701073929,
      "n_samples": 40251,
      "n_classes": 37
    },
    "l1": {
      "silhouette": -0.010228919796645641,
      "davies_bouldin": 17.071792368857466,
      "calinski_harabasz": 8.702700127026901,
      "within_mean": 27.242942810058594,
      "between_mean": 3.9383726119995117,
      "wb_ratio": 6.917309633693433,
      "n_samples": 40251,
      "n_classes": 6
    },
    "speaker": {
      "silhouette": -0.03619787096977234,
      "davies_bouldin": 9.721839528085143,
      "calinski_harabasz": 9.40529865011503,
      "within_mean": 26.805639266967773,
      "between_mean": 8.061566352844238,
      "wb_ratio": 3.3251155040745095,
      "n_samples": 40251,
      "n_classes": 24
    }
  },
  "1": {
    "phoneme": {
      "silhouette": -0.03223544731736183,
      "davies_bouldin": 7.2671444042643,
      "calinski_harabasz": 16.96349875306952,
      "within_mean": 25.224689483642578,
      "between_mean": 13.798895835876465,
      "wb_ratio": 1.8280223130650497,
      "n_samples": 40251,
      "n_classes": 37
    },
    "l1": {
      "silhouette": -0.00311929639428854,
      "davies_bouldin": 14.850148637388672,
      "calinski_harabasz": 11.86510391689468,
      "within_mean": 27.249082565307617,
      "between_mean": 4.547525882720947,
      "wb_ratio": 5.992067613918344,
      "n_samples": 40251,
      "n_classes": 6
    },
    "speaker": {
      "silhouette": -0.004015354905277491,
      "davies_bouldin": 8.643747497924545,
      "calinski_harabasz": 13.510541540200306,
      "within_mean": 26.585233688354492,
      "between_mean": 9.461831092834473,
      "wb_ratio": 2.8097345458309566,
      "n_samples": 40251,
      "n_classes": 24
    }
  },
  "2": {
    "phoneme": {
      "silhouette": -0.028332335874438286,
      "davies_bouldin": 6.6950691967528595,
      "calinski_harabasz": 19.60914277895971,
      "within_mean": 24.945680618286133,
      "between_mean": 14.572527885437012,
      "wb_ratio": 1.7118293280615702,
      "n_samples": 40251,
      "n_classes": 37
    },
    "l1": {
      "silhouette": -0.000583946006372571,
      "davies_bouldin": 13.964217288557728,
      "calinski_harabasz": 12.571242541898748,
      "within_mean": 27.243627548217773,
      "between_mean": 4.708385944366455,
      "wb_ratio": 5.786192523324166,
      "n_samples": 40251,
      "n_classes": 6
    },
    "speaker": {
      "silhouette": 0.0022735276725143194,
      "davies_bouldin": 8.313014539585772,
      "calinski_harabasz": 12.321029784170975,
      "within_mean": 26.652387619018555,
      "between_mean": 9.141800880432129,
      "wb_ratio": 2.9154417130291628,
      "n_samples": 40251,
      "n_classes": 24
    }
  },
  "3": {
    "phoneme": {
      "silhouette": -0.015201108530163765,
      "davies_bouldin": 6.273291215824227,
      "calinski_harabasz": 19.683113519182204,
      "within_mean": 24.93665885925293,
      "between_mean": 14.778413772583008,
      "wb_ratio": 1.6873704609296807,
      "n_samples": 40251,
      "n_classes": 37
    },
    "l1": {
      "silhouette": 0.0013744030147790909,
      "davies_bouldin": 14.603509573192722,
      "calinski_harabasz": 11.567261555172223,
      "within_mean": 27.270204544067383,
      "between_mean": 4.552462577819824,
      "wb_ratio": 5.990209491656512,
      "n_samples": 40251,
      "n_classes": 6
    },
    "speaker": {
      "silhouette": -0.0013433975400403142,
      "davies_bouldin": 8.724636440131343,
      "calinski_harabasz": 10.014542983678645,
      "within_mean": 26.8076171875,
      "between_mean": 8.307518005371094,
      "wb_ratio": 3.226910512883386,
      "n_samples": 40251,
      "n_classes": 24
    }
  },
  "4": {
    "phoneme": {
      "silhouette": -0.0010654644574970007,
      "davies_bouldin": 6.005952574147606,
      "calinski_harabasz": 20.10443614298609,
      "within_mean": 24.805530548095703,
      "between_mean": 15.015639305114746,
      "wb_ratio": 1.651979648954823,
      "n_samples": 40251,
      "n_classes": 37
    },
    "l1": {
      "silhouette": 0.00043676281347870827,
      "davies_bouldin": 14.859719824248254,
      "calinski_harabasz": 10.748108155734213,
      "within_mean": 27.273283004760742,
      "between_mean": 4.360123634338379,
      "wb_ratio": 6.255162764185996,
      "n_samples": 40251,
      "n_classes": 6
    },
    "speaker": {
      "silhouette": -0.0012726581189781427,
      "davies_bouldin": 9.342261479708721,
      "calinski_harabasz": 8.212764894811974,
      "within_mean": 26.919082641601562,
      "between_mean": 7.587287425994873,
      "wb_ratio": 3.5479191877420977,
      "n_samples": 40251,
      "n_classes": 24
    }
  },
  "5": {
    "phoneme": {
      "silhouette": 0.01620086468756199,
      "davies_bouldin": 5.450192816049045,
      "calinski_harabasz": 22.656978723828665,
      "within_mean": 24.68773651123047,
      "between_mean": 15.68955135345459,
      "wb_ratio": 1.5735144973278423,
      "n_samples": 40251,
      "n_classes": 37
    },
    "l1": {
      "silhouette": 0.002477270318195224,
      "davies_bouldin": 15.525570773933461,
      "calinski_harabasz": 11.503591716182699,
      "within_mean": 27.244905471801758,
      "between_mean": 4.468966960906982,
      "wb_ratio": 6.096466075970356,
      "n_samples": 40251,
      "n_classes": 6
    },
    "speaker": {
      "silhouette": -0.0021898087579756975,
      "davies_bouldin": 9.598570485902279,
      "calinski_harabasz": 7.836005811690299,
      "within_mean": 26.907438278198242,
      "between_mean": 7.401141166687012,
      "wb_ratio": 3.63557965889237,
      "n_samples": 40251,
      "n_classes": 24
    }
  },
  "6": {
    "phoneme": {
      "silhouette": 0.026536455377936363,
      "davies_bouldin": 5.291885016126485,
      "calinski_harabasz": 21.0600816083059,
      "within_mean": 24.800914764404297,
      "between_mean": 15.51296615600586,
      "wb_ratio": 1.5987216445258987,
      "n_samples": 40251,
      "n_classes": 37
    },
    "l1": {
      "silhouette": 0.007286485750228167,
      "davies_bouldin": 14.500699323269936,
      "calinski_harabasz": 15.74823682587485,
      "within_mean": 27.243520736694336,
      "between_mean": 5.143211841583252,
      "wb_ratio": 5.296985925492789,
      "n_samples": 40251,
      "n_classes": 6
    },
    "speaker": {
      "silhouette": -0.0009965118952095509,
      "davies_bouldin": 10.462735107499416,
      "calinski_harabasz": 7.529437325985141,
      "within_mean": 26.976295471191406,
      "between_mean": 7.221682548522949,
      "wb_ratio": 3.735458501524533,
      "n_samples": 40251,
      "n_classes": 24
    }
  }
}