{
  "baseline": {
    "0": {
      "phoneme": {
        "silhouette": -0.09571552276611328,
        "davies_bouldin": 9.543646000829375,
        "calinski_harabasz": 9.996933657437646,
        "within_mean": 25.538537979125977,
        "between_mean": 11.314119338989258,
        "wb_ratio": 2.2572272055782867,
        "n_samples": 201520,
        "n_classes": 39
      },
      "l1": {
        "silhouette": 0.005426684860140085,
        "davies_bouldin": 9.086597381947096,
        "calinski_harabasz": 39.987844693255724,
        "within_mean": 26.77772331237793,
        "between_mean": 8.169472694396973,
        "wb_ratio": 3.2777786662710082,
        "n_samples": 201520,
        "n_classes": 6
      },
      "speaker": {
        "silhouette": 0.002671833150088787,
        "davies_bouldin": 8.9432955298226,
        "calinski_harabasz": 40.65376495300682,
        "within_mean": 26.794822692871094,
        "between_mean": 8.267976760864258,
        "wb_ratio": 3.2407955982293073,
        "n_samples": 201520,
        "n_classes": 6
      }
    },
    "1": {
      "phoneme": {
        "silhouette": -0.05016636103391647,
        "davies_bouldin": 7.373102164785382,
        "calinski_harabasz": 14.756586573217833,
        "within_mean": 25.116703033447266,
        "between_mean": 13.549715995788574,
        "wb_ratio": 1.853670072587046,
        "n_samples": 201520,
        "n_classes": 39
      },
      "l1": {
        "silhouette": 0.023225951939821243,
        "davies_bouldin": 7.514718950595277,
        "calinski_harabasz": 55.66862746087941,
        "within_mean": 26.660490036010742,
        "between_mean": 9.625225067138672,
        "wb_ratio": 2.769856273494518,
        "n_samples": 201520,
        "n_classes": 6
      },
      "speaker": {
        "silhouette": 0.02528856322169304,
        "davies_bouldin": 7.535503409326299,
        "calinski_harabasz": 56.135694912380664,
        "within_mean": 26.622896194458008,
        "between_mean": 9.628520011901855,
        "wb_ratio": 2.7650039841584513,
        "n_samples": 201520,
        "n_classes": 6
      }
    },
    "2": {
      "phoneme": {
        "silhouette": -0.036951061338186264,
        "davies_bouldin": 7.177964238927503,
        "calinski_harabasz": 16.88532906872049,
        "within_mean": 24.786739349365234,
        "between_mean": 13.960309028625488,
        "wb_ratio": 1.775515090571437,
        "n_samples": 201520,
        "n_classes": 39
      },
      "l1": {
        "silhouette": 0.028795456513762474,
        "davies_bouldin": 7.326620617615436,
        "calinski_harabasz": 50.119439032561445,
        "within_mean": 26.731477737426758,
        "between_mean": 9.180486679077148,
        "wb_ratio": 2.9117713114653623,
        "n_samples": 201520,
        "n_classes": 6
      },
      "speaker": {
        "silhouette": 0.028710108250379562,
        "davies_bouldin": 7.399222324001399,
        "calinski_harabasz": 49.40255547324279,
        "within_mean": 26.731481552124023,
        "between_mean": 9.112839698791504,
        "wb_ratio": 2.9333865661731116,
        "n_samples": 201520,
        "n_classes": 6
      }
    },
    "3": {
      "phoneme": {
        "silhouette": -0.022555168718099594,
        "davies_bouldin": 6.531689490561859,
        "calinski_harabasz": 17.38117633323906,
        "within_mean": 24.54305076599121,
        "between_mean": 14.453060150146484,
        "wb_ratio": 1.6981214020438753,
        "n_samples": 201520,
        "n_classes": 39
      },
      "l1": {
        "silhouette": 0.02274312637746334,
        "davies_bouldin": 8.00796749976246,
        "calinski_harabasz": 39.6213686404551,
        "within_mean": 26.88641929626465,
        "between_mean": 8.25844955444336,
        "wb_ratio": 3.2556255407286145,
        "n_samples": 201520,
        "n_classes": 6
      },
      "speaker": {
        "silhouette": 0.02568015642464161,
        "davies_bouldin": 8.013552146341523,
        "calinski_harabasz": 40.21582664057959,
        "within_mean": 26.858726501464844,
        "between_mean": 8.309452056884766,
        "wb_ratio": 3.232310183342492,
        "n_samples": 201520,
        "n_classes": 6
      }
    },
    "4": {
      "phoneme": {
        "silhouette": -0.04351538419723511,
        "davies_bouldin": 6.352503160272227,
        "calinski_harabasz": 17.10999239426488,
        "within_mean": 24.798397064208984,
        "between_mean": 14.487238883972168,
        "wb_ratio": 1.7117407438931982,
        "n_samples": 201520,
        "n_classes": 39
      },
      "l1": {
        "silhouette": 0.02115853875875473,
        "davies_bouldin": 8.557737699388253,
        "calinski_harabasz": 33.041525389449376,
        "within_mean": 26.957006454467773,
        "between_mean": 7.570925235748291,
        "wb_ratio": 3.5605960454057253,
        "n_samples": 201520,
        "n_classes": 6
      },
      "speaker": {
        "silhouette": 0.021886903792619705,
        "davies_bouldin": 8.541635022870134,
        "calinski_harabasz": 33.21203529549697,
        "within_mean": 26.956771850585938,
        "between_mean": 7.567426681518555,
        "wb_ratio": 3.5622111696728753,
        "n_samples": 201520,
        "n_classes": 6
      }
    },
    "5": {
      "phoneme": {
        "silhouette": -9.831046918407083e-05,
        "davies_bouldin": 5.831695783796679,
        "calinski_harabasz": 18.86250575549491,
        "within_mean": 24.718189239501953,
        "between_mean": 15.029099464416504,
        "wb_ratio": 1.6446886453859544,
        "n_samples": 201520,
        "n_classes": 39
      },
      "l1": {
        "silhouette": 0.019899211823940277,
        "davies_bouldin": 8.545320210457012,
        "calinski_harabasz": 31.7811646674672,
        "within_mean": 26.9320125579834,
        "between_mean": 7.4165239334106445,
        "wb_ratio": 3.631352477224212,
        "n_samples": 201520,
        "n_classes": 6
      },
      "speaker": {
        "silhouette": 0.019471678882837296,
        "davies_bouldin": 8.58734020683901,
        "calinski_harabasz": 30.91841081966296,
        "within_mean": 26.953550338745117,
        "between_mean": 7.348526954650879,
        "wb_ratio": 3.6678848026387425,
        "n_samples": 201520,
        "n_classes": 6
      }
    },
    "6": {
      "phoneme": {
        "silhouette": 0.007024281192570925,
        "davies_bouldin": 5.860833451621296,
        "calinski_harabasz": 17.659687518051623,
        "within_mean": 24.682483673095703,
        "between_mean": 14.700484275817871,
        "wb_ratio": 1.679025208285016,
        "n_samples": 201520,
        "n_classes": 39
      },
      "l1": {
        "silhouette": 0.023247137665748596,
        "davies_bouldin": 8.575438819777935,
        "calinski_harabasz": 32.06273462903398,
        "within_mean": 27.013181686401367,
        "between_mean": 7.44681453704834,
        "wb_ratio": 3.6274814623097167,
        "n_samples": 201520,
        "n_classes": 6
      },
      "speaker": {
        "silhouette": 0.02196977660059929,
        "davies_bouldin": 8.561963707702885,
        "calinski_harabasz": 32.50099531548683,
        "within_mean": 26.983179092407227,
        "between_mean": 7.469033241271973,
        "wb_ratio": 3.6126735844881583,
        "n_samples": 201520,
        "n_classes": 6
      }
    }
  },
  "lora": {
    "0": {
      "phoneme": {
        "silhouette": -0.1230616644024849,
        "davies_bouldin": 8.919518053546177,
        "calinski_harabasz": 10.494807456623741,
        "within_mean": 25.43815803527832,
        "between_mean": 11.680705070495605,
        "wb_ratio": 2.177793025485489,
        "n_samples": 201520,
        "n_classes": 39
      },
      "l1": {
        "silhouette": 0.005240853410214186,
        "davies_bouldin": 9.117163407870663,
        "calinski_harabasz": 38.01534102878878,
        "within_mean": 26.818618774414062,
        "between_mean": 8.015531539916992,
        "wb_ratio": 3.345831607156497,
        "n_samples": 201520,