{
  "0": {
    "phoneme": {
      "silhouette": -0.10938055068254471,
      "davies_bouldin": 8.619451811799749,
      "calinski_harabasz": 11.605354591944968,
      "within_mean": 25.684785842895508,
      "between_mean": 11.93149471282959,
      "wb_ratio": 2.152688029545653,
      "n_samples": 40251,
      "n_classes": 37
    },
    "l1": {
      "silhouette": -0.01738625392317772,
      "davies_bouldin": 17.10487434046832,
      "calinski_harabasz": 9.836786204503804,
      "within_mean": 27.23686981201172,
      "between_mean": 4.129305362701416,
      "wb_ratio": 6.595993131927932,
      "n_samples": 40251,
      "n_classes": 6
    },
    "speaker": {
      "silhouette": -0.031105972826480865,
      "davies_bouldin": 9.683925405920432,
      "calinski_harabasz": 9.23805526032897,
      "within_mean": 26.79652976989746,
      "between_mean": 7.985604763031006,
      "wb_ratio": 3.355604311141315,
      "n_samples": 40251,
      "n_classes": 24
    }
  },
  "1": {
    "phoneme": {
      "silhouette": -0.048749376088380814,
      "davies_bouldin": 7.221484305153249,
      "calinski_harabasz": 16.551028153022372,
      "within_mean": 25.30327796936035,
      "between_mean": 13.73210334777832,
      "wb_ratio": 1.842636727129941,
      "n_samples": 40251,
      "n_classes": 37
    },
    "l1": {
      "silhouette": -0.005977111868560314,
      "davies_bouldin": 14.755022478881893,
      "calinski_harabasz": 12.278117702307593,
      "within_mean": 27.235946655273438,
      "between_mean": 4.654932975769043,
      "wb_ratio": 5.850985781545819,
      "n_samples": 40251,
      "n_classes": 6
    },
    "speaker": {
      "silhouette": -0.008939353749155998,
      "davies_bouldin": 8.59223433148008,
      "calinski_harabasz": 15.724108418721244,
      "within_mean": 26.442087173461914,
      "between_mean": 10.0897798538208,
      "wb_ratio": 2.62068028802916,
      "n_samples": 40251,
      "n_classes": 24
    }
  },
  "2": {
    "phoneme": {
      "silhouette": -0.04528806358575821,
      "davies_bouldin": 7.020596279250617,
      "calinski_harabasz": 18.45714195732986,
      "within_mean": 25.120370864868164,
      "between_mean": 14.338993072509766,
      "wb_ratio": 1.7518922519760536,
      "n_samples": 40251,
      "n_classes": 37
    },
    "l1": {
      "silhouette": -0.0035527520813047886,
      "davies_bouldin": 14.886999757658096,
      "calinski_harabasz": 12.052514450944848,
      "within_mean": 27.27091407775879,
      "between_mean": 4.5989885330200195,
      "wb_ratio": 5.929763442974012,
      "n_samples": 40251,
      "n_classes": 6
    },
    "speaker": {
      "silhouette": -0.004429689142853022,
      "davies_bouldin": 8.573747226557394,
      "calinski_harabasz": 13.35738009060471,
      "within_mean": 26.59250831604004,
      "between_mean": 9.475713729858398,
      "wb_ratio": 2.806385785193769,
      "n_samples": 40251,
      "n_classes": 24
    }
  },
  "3": {
    "phoneme": {
      "silhouette": -0.022720729932188988,
      "davies_bouldin": 6.391577643039511,
      "calinski_harabasz": 19.450991477320365,
      "within_mean": 24.898601531982422,
      "between_mean": 14.755973815917969,
      "wb_ratio": 1.6873573945437013,
      "n_samples": 40251,
      "n_classes": 37
    },
    "l1": {
      "silhouette": -0.0015561464242637157,
      "davies_bouldin": 14.897766001864445,
      "calinski_harabasz": 11.275699912678034,
      "within_mean": 27.27534294128418,
      "between_mean": 4.439050674438477,
      "wb_ratio": 6.144409005813931,
      "n_samples": 40251,
      "n_classes": 6
    },
    "speaker": {
      "silhouette": 0.0009277762146666646,
      "davies_bouldin": 8.859241685117944,
      "calinski_harabasz": 10.97382747337532,
      "within_mean": 26.734243392944336,
      "between_mean": 8.65597915649414,
      "wb_ratio": 3.0885290860349395,
      "n_samples": 40251,
      "n_classes": 24
    }
  },
  "4": {
    "phoneme": {
      "silhouette": -0.008863525465130806,
      "davies_bouldin": 6.1641319378793815,
      "calinski_harabasz": 19.196150243910164,
      "within_mean": 24.955921173095703,
      "between_mean": 14.736213684082031,
      "wb_ratio": 1.69350972428236,
      "n_samples": 40251,
      "n_classes": 37
    },
    "l1": {
      "silhouette": -0.0012132559204474092,
      "davies_bouldin": 15.440612747841646,
      "calinski_harabasz": 10.934512581478238,
      "within_mean": 27.288965225219727,
      "between_mean": 4.387569904327393,
      "wb_ratio": 6.219608079247932,
      "n_samples": 40251,
      "n_classes": 6
    },
    "speaker": {
      "silhouette": -0.00464608846232295,
      "davies_bouldin": 9.151815004694312,
      "calinski_harabasz": 9.798586060215282,
      "within_mean": 26.818429946899414,
      "between_mean": 8.1996488571167,
      "wb_ratio": 3.270680295488869,
      "n_samples": 40251,
      "n_classes": 24
    }
  },
  "5": {
    "phoneme": {
      "silhouette": 0.007047125604003668,
      "davies_bouldin": 5.526043125715717,
      "calinski_harabasz": 21.277508524338312,
      "within_mean": 24.6988468170166,
      "between_mean": 15.385152816772461,
      "wb_ratio": 1.605368962607288,
      "n_samples": 40251,
      "n_classes": 37
    },
    "l1": {
      "silhouette": 0.0007389187812805176,
      "davies_bouldin": 14.86503670370657,
      "calinski_harabasz": 12.329863971817144,
      "within_mean": 27.22545051574707,
      "between_mean": 4.612070560455322,
      "wb_ratio": 5.903086294729035,
      "n_samples": 40251,
      "n_classes": 6
    },
    "speaker": {
      "silhouette": -0.0011368124978616834,
      "davies_bouldin": 9.364712266579568,
      "calinski_harabasz": 8.701910435623498,
      "within_mean": 26.835981369018555,
      "between_mean": 7.757106781005859,
      "wb_ratio": 3.4595348661087724,
      "n_samples": 40251,
      "n_classes": 24
    }
  },
  "6": {
    "phoneme": {
      "silhouette": 0.017118938267230988,
      "davies_bouldin": 5.524863446182874,
      "calinski_harabasz": 20.154939264735493,
      "within_mean": 24.851661682128906,
      "between_mean": 15.06071662902832,
      "wb_ratio": 1.6500982187148603,
      "n_samples": 40251,
      "n_classes": 37
    },
    "l1": {
      "silhouette": 0.007247927598655224,
      "davies_bouldin": 14.555450704988381,
      "calinski_harabasz": 15.65906539003638,
      "within_mean": 27.238771438598633,
      "between_mean": 5.131742477416992,
      "wb_ratio": 5.307899131428937,
      "n_samples": 40251,
      "n_classes": 6
    },
    "speaker": {
      "silhouette": -0.0026000903453677893,
      "davies_bouldin": 10.34150686109661,
      "calinski_harabasz": 8.020444430603455,
      "within_mean": 26.94477653503418,
      "between_mean": 7.441600799560547,
      "wb_ratio": 3.6208306869437776,
      "n_samples": 40251,
      "n_classes": 24
    }
  }
}