speaker_native_language,num_utts,WER_zeroshot,CER_zeroshot,WER_loraft,CER_loraft,WER_delta,WER_rel_imp
Hindi,3,0.4264705882352941,0.40494505494505495,0.43823529411764706,0.41318681318681316,0.011764705882352955,-2.7586206896551757
Arabic,3,0.5360824742268041,0.5261472785485592,0.5180412371134021,0.5064034151547492,-0.018041237113401998,3.3653846153846034
Vietnamese,4,0.5467032967032966,0.4811529933481153,0.5247252747252747,0.46175166297117515,-0.0219780219780219,4.020100502512549
Spanish,4,0.6011560693641619,0.5784569511740589,0.5876685934489403,0.5706298919120387,-0.013487475915221592,2.2435897435897454
Chinese,4,0.6418181818181818,0.6212290502793296,0.6145454545454545,0.5932960893854748,-0.027272727272727337,4.249291784702559
Korean,4,0.8028169014084507,0.7961851693099015,0.7876489707475623,0.784612087441063,-0.015167930660888396,1.889338731443993
