speaker_native_language,num_utts,WER_zeroshot,CER_zeroshot,WER_loraft,CER_loraft,WER_delta,WER_rel_imp
Hindi,90,0.04927884615384615,0.02429338939500117,0.016826923076923076,0.008642840457836955,-0.03245192307692307,65.85365853658536
Korean,90,0.06481481481481481,0.03608017817371938,0.027777777777777776,0.01581291759465479,-0.037037037037037035,57.14285714285714
Arabic,90,0.08990147783251232,0.045118166626879924,0.05788177339901478,0.02721413225113392,-0.03201970443349754,35.61643835616439
Chinese,90,0.09684947491248541,0.0582766439909297,0.059509918319719954,0.03106575963718821,-0.03733955659276546,38.554216867469876
Spanish,90,0.1145475372279496,0.055446409080986685,0.06414662084765177,0.027723204540493342,-0.050400916380297825,44.0
Vietnamese,90,0.1753393665158371,0.088139281828074,0.1255656108597285,0.06724700761697497,-0.04977375565610859,28.387096774193544
