prompt_id,L1,speaker,alpha,wer
arctic_b0193,Chinese,BWC,0.0,0.2
arctic_b0193,Chinese,BWC,0.25,0.4
arctic_b0193,Chinese,BWC,0.5,0.4
arctic_b0193,Chinese,BWC,0.75,0.4
arctic_b0193,Chinese,BWC,0.9,0.2
arctic_b0193,Chinese,BWC,1.0,0.2
arctic_b0193,Spanish,EBVS,0.0,0.2
arctic_b0193,Spanish,EBVS,0.25,0.6
arctic_b0193,Spanish,EBVS,0.5,0.6
arctic_b0193,Spanish,EBVS,0.75,0.2
arctic_b0193,Spanish,EBVS,0.9,0.2
arctic_b0193,Spanish,EBVS,1.0,0.0
arctic_b0193,Korean,HJK,0.0,0.0
arctic_b0193,Korean,HJK,0.25,0.2
arctic_b0193,Korean,HJK,0.5,0.4
arctic_b0193,Korean,HJK,0.75,0.2
arctic_b0193,Korean,HJK,0.9,0.2
arctic_b0193,Korean,HJK,1.0,0.2
arctic_b0193,Vietnamese,HQTV,0.0,0.4
arctic_b0193,Vietnamese,HQTV,0.25,0.0
arctic_b0193,Vietnamese,HQTV,0.5,0.4
arctic_b0193,Vietnamese,HQTV,0.75,0.2
arctic_b0193,Vietnamese,HQTV,0.9,0.2
arctic_b0193,Vietnamese,HQTV,1.0,0.2
arctic_b0193,Hindi,SVBI,0.0,0.2
arctic_b0193,Hindi,SVBI,0.25,0.2
arctic_b0193,Hindi,SVBI,0.5,0.4
arctic_b0193,Hindi,SVBI,0.75,0.2
arctic_b0193,Hindi,SVBI,0.9,0.2
arctic_b0193,Hindi,SVBI,1.0,0.2
arctic_b0193,Arabic,ZHAA,0.0,0.0
arctic_b0193,Arabic,ZHAA,0.25,0.6
arctic_b0193,Arabic,ZHAA,0.5,0.4
arctic_b0193,Arabic,ZHAA,0.75,0.2
arctic_b0193,Arabic,ZHAA,0.9,0.2
arctic_b0193,Arabic,ZHAA,1.0,0.2
arctic_b0308,Chinese,BWC,0.0,0.0
arctic_b0308,Chinese,BWC,0.25,0.0
arctic_b0308,Chinese,BWC,0.5,0.0
arctic_b0308,Chinese,BWC,0.75,0.0
arctic_b0308,Chinese,BWC,0.9,0.0
arctic_b0308,Chinese,BWC,1.0,0.0
arctic_b0308,Spanish,EBVS,0.0,0.0
arctic_b0308,Spanish,EBVS,0.25,0.0
arctic_b0308,Spanish,EBVS,0.5,0.0
arctic_b0308,Spanish,EBVS,0.75,0.0
arctic_b0308,Spanish,EBVS,0.9,0.0
arctic_b0308,Spanish,EBVS,1.0,0.0
arctic_b0308,Korean,HJK,0.0,0.2
arctic_b0308,Korean,HJK,0.25,0.2
arctic_b0308,Korean,HJK,0.5,0.0
arctic_b0308,Korean,HJK,0.75,0.0
arctic_b0308,Korean,HJK,0.9,0.0
arctic_b0308,Korean,HJK,1.0,0.0
arctic_b0308,Vietnamese,HQTV,0.0,0.4
arctic_b0308,Vietnamese,HQTV,0.25,0.6
arctic_b0308,Vietnamese,HQTV,0.5,0.0
arctic_b0308,Vietnamese,HQTV,0.75,0.0
arctic_b0308,Vietnamese,HQTV,0.9,0.0
arctic_b0308,Vietnamese,HQTV,1.0,0.0
arctic_b0308,Hindi,SVBI,0.0,0.0
arctic_b0308,Hindi,SVBI,0.25,0.0
arctic_b0308,Hindi,SVBI,0.5,0.0
arctic_b0308,Hindi,SVBI,0.75,0.0
arctic_b0308,Hindi,SVBI,0.9,0.0
arctic_b0308,Hindi,SVBI,1.0,0.0
arctic_b0308,Arabic,ZHAA,0.0,0.0
arctic_b0308,Arabic,ZHAA,0.25,0.0
arctic_b0308,Arabic,ZHAA,0.5,0.0
arctic_b0308,Arabic,ZHAA,0.75,0.0
arctic_b0308,Arabic,ZHAA,0.9,0.0
arctic_b0308,Arabic,ZHAA,1.0,0.0
arctic_a0414,Chinese,BWC,0.0,0.16666666666666666
arctic_a0414,Chinese,BWC,0.25,0.16666666666666666
arctic_a0414,Chinese,BWC,0.5,0.3333333333333333
arctic_a0414,Chinese,BWC,0.75,0.16666666666666666
arctic_a0414,Chinese,BWC,0.9,0.0
arctic_a0414,Chinese,BWC,1.0,0.0
arctic_a0414,Spanish,EBVS,0.0,0.16666666666666666
arctic_a0414,Spanish,EBVS,0.25,0.3333333333333333
arctic_a0414,Spanish,EBVS,0.5,0.16666666666666666
arctic_a0414,Spanish,EBVS,0.75,0.16666666666666666
arctic_a0414,Spanish,EBVS,0.9,0.0
arctic_a0414,Spanish,EBVS,1.0,0.0
arctic_a0414,Korean,HJK,0.0,0.0
arctic_a0414,Korean,HJK,0.25,0.16666666666666666
arctic_a0414,Korean,HJK,0.5,0.16666666666666666
arctic_a0414,Korean,HJK,0.75,0.0
arctic_a0414,Korean,HJK,0.9,0.0
arctic_a0414,Korean,HJK,1.0,0.0
arctic_a0414,Vietnamese,HQTV,0.0,0.0
arctic_a0414,Vietnamese,HQTV,0.25,0.0
arctic_a0414,Vietnamese,HQTV,0.5,0.0
arctic_a0414,Vietnamese,HQTV,0.75,0.0
arctic_a0414,Vietnamese,HQTV,0.9,0.0
arctic_a0414,Vietnamese,HQTV,1.0,0.0
arctic_a0414,Hindi,SVBI,0.0,0.0
arctic_a0414,Hindi,SVBI,0.25,0.16666666666666666
arctic_a0414,Hindi,SVBI,0.5,0.16666666666666666
arctic_a0414,Hindi,SVBI,0.75,0.16666666666666666
arctic_a0414,Hindi,SVBI,0.9,0.0
arctic_a0414,Hindi,SVBI,1.0,0.0
arctic_a0414,Arabic,ZHAA,0.0,0.0
arctic_a0414,Arabic,ZHAA,0.25,0.16666666666666666
arctic_a0414,Arabic,ZHAA,0.5,0.3333333333333333
arctic_a0414,Arabic,ZHAA,0.75,0.16666666666666666
arctic_a0414,Arabic,ZHAA,0.9,0.0
arctic_a0414,Arabic,ZHAA,1.0,0.0
arctic_a0468,Chinese,BWC,0.0,0.0
arctic_a0468,Chinese,BWC,0.25,0.1
arctic_a0468,Chinese,BWC,0.5,0.2
arctic_a0468,Chinese,BWC,0.75,0.1
arctic_a0468,Chinese,BWC,0.9,0.1
arctic_a0468,Chinese,BWC,1.0,0.0
arctic_a0468,Spanish,EBVS,0.0,0.2
arctic_a0468,Spanish,EBVS,0.25,0.1
arctic_a0468,Spanish,EBVS,0.5,0.1
arctic_a0468,Spanish,EBVS,0.75,0.1
arctic_a0468,Spanish,EBVS,0.9,0.0
arctic_a0468,Spanish,EBVS,1.0,0.0
arctic_a0468,Korean,HJK,0.0,0.1
arctic_a0468,Korean,HJK,0.25,0.1
arctic_a0468,Korean,HJK,0.5,0.2
arctic_a0468,Korean,HJK,0.75,0.1
arctic_a0468,Korean,HJK,0.9,0.2
arctic_a0468,Korean,HJK,1.0,0.0
arctic_a0468,Vietnamese,HQTV,0.0,0.5
arctic_a0468,Vietnamese,HQTV,0.25,0.4
arctic_a0468,Vietnamese,HQTV,0.5,0.4
arctic_a0468,Vietnamese,HQTV,0.75,0.1
arctic_a0468,Vietnamese,HQTV,0.9,0.1
arctic_a0468,Vietnamese,HQTV,1.0,0.0
arctic_a0468,Hindi,SVBI,0.0,0.0
arctic_a0468,Hindi,SVBI,0.25,0.1
arctic_a0468,Hindi,SVBI,0.5,0.1
arctic_a0468,Hindi,SVBI,0.75,0.1
arctic_a0468,Hindi,SVBI,0.9,0.0
arctic_a0468,Hindi,SVBI,1.0,0.0
arctic_a0468,Arabic,ZHAA,0.0,0.0
arctic_a0468,Arabic,ZHAA,0.25,0.1
arctic_a0468,Arabic,ZHAA,0.5,0.4
arctic_a0468,Arabic,ZHAA,0.75,0.1
arctic_a0468,Arabic,ZHAA,0.9,0.3
arctic_a0468,Arabic,ZHAA,1.0,0.0
arctic_b0155,Chinese,BWC,0.0,0.2222222222222222
arctic_b0155,Chinese,BWC,0.25,0.4444444444444444
arctic_b0155,Chinese,BWC,0.5,0.5555555555555556
arctic_b0155,Chinese,BWC,0.75,0.2222222222222222
arctic_b0155,Chinese,BWC,0.9,0.1111111111111111
arctic_b0155,Chinese,BWC,1.0,0.0
arctic_b0155,Spanish,EBVS,0.0,0.0
arctic_b0155,Spanish,EBVS,0.25,0.3333333333333333
arctic_b0155,Spanish,EBVS,0.5,0.5555555555555556
arctic_b0155,Spanish,EBVS,0.75,0.1111111111111111
arctic_b0155,Spanish,EBVS,0.9,0.1111111111111111
arctic_b0155,Spanish,EBVS,1.0,0.0
arctic_b0155,Korean,HJK,0.0,0.0
arctic_b0155,Korean,HJK,0.25,0.1111111111111111
arctic_b0155,Korean,HJK,0.5,0.4444444444444444
arctic_b0155,Korean,HJK,0.75,0.2222222222222222
arctic_b0155,Korean,HJK,0.9,0.1111111111111111
arctic_b0155,Korean,HJK,1.0,0.0
arctic_b0155,Vietnamese,HQTV,0.0,0.1111111111111111
arctic_b0155,Vietnamese,HQTV,0.25,0.2222222222222222
arctic_b0155,Vietnamese,HQTV,0.5,0.5555555555555556
arctic_b0155,Vietnamese,HQTV,0.75,0.3333333333333333
arctic_b0155,Vietnamese,HQTV,0.9,0.1111111111111111
arctic_b0155,Vietnamese,HQTV,1.0,0.0
arctic_b0155,Hindi,SVBI,0.0,0.0
arctic_b0155,Hindi,SVBI,0.25,0.2222222222222222
arctic_b0155,Hindi,SVBI,0.5,0.2222222222222222
arctic_b0155,Hindi,SVBI,0.75,0.1111111111111111
arctic_b0155,Hindi,SVBI,0.9,0.1111111111111111
arctic_b0155,Hindi,SVBI,1.0,0.0
arctic_b0155,Arabic,ZHAA,0.0,0.0
arctic_b0155,Arabic,ZHAA,0.25,0.3333333333333333
arctic_b0155,Arabic,ZHAA,0.5,0.5555555555555556
arctic_b0155,Arabic,ZHAA,0.75,0.2222222222222222
arctic_b0155,Arabic,ZHAA,0.9,0.1111111111111111
arctic_b0155,Arabic,ZHAA,1.0,0.0
arctic_a0110,Chinese,BWC,0.0,0.2
arctic_a0110,Chinese,BWC,0.25,0.4
arctic_a0110,Chinese,BWC,0.5,0.6
arctic_a0110,Chinese,BWC,0.75,0.2
arctic_a0110,Chinese,BWC,0.9,0.0
arctic_a0110,Chinese,BWC,1.0,0.2
arctic_a0110,Spanish,EBVS,0.0,0.2
arctic_a0110,Spanish,EBVS,0.25,0.4
arctic_a0110,Spanish,EBVS,0.5,0.2
arctic_a0110,Spanish,EBVS,0.75,0.0
arctic_a0110,Spanish,EBVS,0.9,0.0
arctic_a0110,Spanish,EBVS,1.0,0.2
arctic_a0110,Korean,HJK,0.0,0.2
arctic_a0110,Korean,HJK,0.25,0.0
arctic_a0110,Korean,HJK,0.5,0.0
arctic_a0110,Korean,HJK,0.75,0.0
arctic_a0110,Korean,HJK,0.9,0.2
arctic_a0110,Korean,HJK,1.0,0.2
arctic_a0110,Vietnamese,HQTV,0.0,0.0
arctic_a0110,Vietnamese,HQTV,0.25,0.4
arctic_a0110,Vietnamese,HQTV,0.5,0.6
arctic_a0110,Vietnamese,HQTV,0.75,0.0
arctic_a0110,Vietnamese,HQTV,0.9,0.0
arctic_a0110,Vietnamese,HQTV,1.0,0.2
arctic_a0110,Hindi,SVBI,0.0,0.0
arctic_a0110,Hindi,SVBI,0.25,0.2
arctic_a0110,Hindi,SVBI,0.5,0.2
arctic_a0110,Hindi,SVBI,0.75,0.0
arctic_a0110,Hindi,SVBI,0.9,0.0
arctic_a0110,Hindi,SVBI,1.0,0.2
arctic_a0110,Arabic,ZHAA,0.0,0.0
arctic_a0110,Arabic,ZHAA,0.25,0.2
arctic_a0110,Arabic,ZHAA,0.5,0.2
arctic_a0110,Arabic,ZHAA,0.75,0.0
arctic_a0110,Arabic,ZHAA,0.9,0.0
arctic_a0110,Arabic,ZHAA,1.0,0.2
arctic_a0524,Chinese,BWC,0.0,0.1
arctic_a0524,Chinese,BWC,0.25,0.3
arctic_a0524,Chinese,BWC,0.5,0.4
arctic_a0524,Chinese,BWC,0.75,0.3
arctic_a0524,Chinese,BWC,0.9,0.0
arctic_a0524,Chinese,BWC,1.0,0.0
arctic_a0524,Spanish,EBVS,0.0,0.3
arctic_a0524,Spanish,EBVS,0.25,0.3
arctic_a0524,Spanish,EBVS,0.5,0.3
arctic_a0524,Spanish,EBVS,0.75,0.2
arctic_a0524,Spanish,EBVS,0.9,0.2
arctic_a0524,Spanish,EBVS,1.0,0.0
arctic_a0524,Korean,HJK,0.0,0.0
arctic_a0524,Korean,HJK,0.25,0.2
arctic_a0524,Korean,HJK,0.5,0.3
arctic_a0524,Korean,HJK,0.75,0.3
arctic_a0524,Korean,HJK,0.9,0.0
arctic_a0524,Korean,HJK,1.0,0.0
arctic_a0524,Vietnamese,HQTV,0.0,0.2
arctic_a0524,Vietnamese,HQTV,0.25,0.5
arctic_a0524,Vietnamese,HQTV,0.5,0.6
arctic_a0524,Vietnamese,HQTV,0.75,0.4
arctic_a0524,Vietnamese,HQTV,0.9,0.3
arctic_a0524,Vietnamese,HQTV,1.0,0.0
arctic_a0524,Hindi,SVBI,0.0,0.0
arctic_a0524,Hindi,SVBI,0.25,0.1
arctic_a0524,Hindi,SVBI,0.5,0.3
arctic_a0524,Hindi,SVBI,0.75,0.0
arctic_a0524,Hindi,SVBI,0.9,0.0
arctic_a0524,Hindi,SVBI,1.0,0.0
arctic_a0524,Arabic,ZHAA,0.0,0.0
arctic_a0524,Arabic,ZHAA,0.25,0.3
arctic_a0524,Arabic,ZHAA,0.5,0.6
arctic_a0524,Arabic,ZHAA,0.75,0.4
arctic_a0524,Arabic,ZHAA,0.9,0.3
arctic_a0524,Arabic,ZHAA,1.0,0.0
arctic_a0057,Chinese,BWC,0.0,0.0
arctic_a0057,Chinese,BWC,0.25,0.0
arctic_a0057,Chinese,BWC,0.5,0.3333333333333333
arctic_a0057,Chinese,BWC,0.75,0.16666666666666666
arctic_a0057,Chinese,BWC,0.9,0.16666666666666666
arctic_a0057,Chinese,BWC,1.0,0.0
arctic_a0057,Spanish,EBVS,0.0,0.0
arctic_a0057,Spanish,EBVS,0.25,0.0
arctic_a0057,Spanish,EBVS,0.5,0.16666666666666666
arctic_a0057,Spanish,EBVS,0.75,0.16666666666666666
arctic_a0057,Spanish,EBVS,0.9,0.0
arctic_a0057,Spanish,EBVS,1.0,0.0
arctic_a0057,Korean,HJK,0.0,0.0
arctic_a0057,Korean,HJK,0.25,0.0
arctic_a0057,Korean,HJK,0.5,0.16666666666666666
arctic_a0057,Korean,HJK,0.75,0.16666666666666666
arctic_a0057,Korean,HJK,0.9,0.0
arctic_a0057,Korean,HJK,1.0,0.0
arctic_a0057,Vietnamese,HQTV,0.0,0.0
arctic_a0057,Vietnamese,HQTV,0.25,0.0
arctic_a0057,Vietnamese,HQTV,0.5,0.16666666666666666
arctic_a0057,Vietnamese,HQTV,0.75,0.16666666666666666
arctic_a0057,Vietnamese,HQTV,0.9,0.0
arctic_a0057,Vietnamese,HQTV,1.0,0.0
arctic_a0057,Hindi,SVBI,0.0,0.0
arctic_a0057,Hindi,SVBI,0.25,0.0
arctic_a0057,Hindi,SVBI,0.5,0.0
arctic_a0057,Hindi,SVBI,0.75,0.16666666666666666
arctic_a0057,Hindi,SVBI,0.9,0.0
arctic_a0057,Hindi,SVBI,1.0,0.0
arctic_a0057,Arabic,ZHAA,0.0,0.0
arctic_a0057,Arabic,ZHAA,0.25,0.0
arctic_a0057,Arabic,ZHAA,0.5,0.16666666666666666
arctic_a0057,Arabic,ZHAA,0.75,0.16666666666666666
arctic_a0057,Arabic,ZHAA,0.9,0.0
arctic_a0057,Arabic,ZHAA,1.0,0.0
arctic_b0518,Chinese,BWC,0.0,0.0
arctic_b0518,Chinese,BWC,0.25,0.3
arctic_b0518,Chinese,BWC,0.5,0.3
arctic_b0518,Chinese,BWC,0.75,0.1
arctic_b0518,Chinese,BWC,0.9,0.0
arctic_b0518,Chinese,BWC,1.0,0.0
arctic_b0518,Korean,HJK,0.0,0.0
arctic_b0518,Korean,HJK,0.25,0.1
arctic_b0518,Korean,HJK,0.5,0.1
arctic_b0518,Korean,HJK,0.75,0.1
arctic_b0518,Korean,HJK,0.9,0.0
arctic_b0518,Korean,HJK,1.0,0.0
arctic_b0518,Vietnamese,HQTV,0.0,0.3
arctic_b0518,Vietnamese,HQTV,0.25,0.3
arctic_b0518,Vietnamese,HQTV,0.5,0.5
arctic_b0518,Vietnamese,HQTV,0.75,0.1
arctic_b0518,Vietnamese,HQTV,0.9,0.0
arctic_b0518,Vietnamese,HQTV,1.0,0.0
arctic_b0518,Hindi,SVBI,0.0,0.0
arctic_b0518,Hindi,SVBI,0.25,0.0
arctic_b0518,Hindi,SVBI,0.5,0.0
arctic_b0518,Hindi,SVBI,0.75,0.0
arctic_b0518,Hindi,SVBI,0.9,0.0
arctic_b0518,Hindi,SVBI,1.0,0.0
arctic_b0518,Arabic,ZHAA,0.0,0.0
arctic_b0518,Arabic,ZHAA,0.25,0.1
arctic_b0518,Arabic,ZHAA,0.5,0.6
arctic_b0518,Arabic,ZHAA,0.75,0.1
arctic_b0518,Arabic,ZHAA,0.9,0.0
arctic_b0518,Arabic,ZHAA,1.0,0.0
arctic_b0226,Chinese,BWC,0.0,0.0
arctic_b0226,Chinese,BWC,0.25,0.0
arctic_b0226,Chinese,BWC,0.5,0.42857142857142855
arctic_b0226,Chinese,BWC,0.75,0.14285714285714285
arctic_b0226,Chinese,BWC,0.9,0.0
arctic_b0226,Chinese,BWC,1.0,0.0
arctic_b0226,Spanish,EBVS,0.0,0.0
arctic_b0226,Spanish,EBVS,0.25,0.0
arctic_b0226,Spanish,EBVS,0.5,0.0
arctic_b0226,Spanish,EBVS,0.75,0.0
arctic_b0226,Spanish,EBVS,0.9,0.0
arctic_b0226,Spanish,EBVS,1.0,0.0
arctic_b0226,Korean,HJK,0.0,0.0
arctic_b0226,Korean,HJK,0.25,0.0
arctic_b0226,Korean,HJK,0.5,0.2857142857142857
arctic_b0226,Korean,HJK,0.75,0.14285714285714285
arctic_b0226,Korean,HJK,0.9,0.0
arctic_b0226,Korean,HJK,1.0,0.0
arctic_b0226,Vietnamese,HQTV,0.0,0.0
arctic_b0226,Vietnamese,HQTV,0.25,0.14285714285714285
arctic_b0226,Vietnamese,HQTV,0.5,0.5714285714285714
arctic_b0226,Vietnamese,HQTV,0.75,0.2857142857142857
arctic_b0226,Vietnamese,HQTV,0.9,0.0
arctic_b0226,Vietnamese,HQTV,1.0,0.0
arctic_b0226,Hindi,SVBI,0.0,0.0
arctic_b0226,Hindi,SVBI,0.25,0.0
arctic_b0226,Hindi,SVBI,0.5,0.0
arctic_b0226,Hindi,SVBI,0.75,0.0
arctic_b0226,Hindi,SVBI,0.9,0.0
arctic_b0226,Hindi,SVBI,1.0,0.0
arctic_b0226,Arabic,ZHAA,0.0,0.0
arctic_b0226,Arabic,ZHAA,0.25,0.0
arctic_b0226,Arabic,ZHAA,0.5,0.0
arctic_b0226,Arabic,ZHAA,0.75,0.0
arctic_b0226,Arabic,ZHAA,0.9,0.0
arctic_b0226,Arabic,ZHAA,1.0,0.0
arctic_b0171,Chinese,BWC,0.0,0.1111111111111111
arctic_b0171,Chinese,BWC,0.25,0.1111111111111111
arctic_b0171,Chinese,BWC,0.5,0.2222222222222222
arctic_b0171,Chinese,BWC,0.75,0.1111111111111111
arctic_b0171,Chinese,BWC,0.9,0.2222222222222222
arctic_b0171,Chinese,BWC,1.0,0.0
arctic_b0171,Spanish,EBVS,0.0,0.2222222222222222
arctic_b0171,Spanish,EBVS,0.25,0.2222222222222222
arctic_b0171,Spanish,EBVS,0.5,0.2222222222222222
arctic_b0171,Spanish,EBVS,0.75,0.1111111111111111
arctic_b0171,Spanish,EBVS,0.9,0.1111111111111111
arctic_b0171,Spanish,EBVS,1.0,0.0
arctic_b0171,Korean,HJK,0.0,0.3333333333333333
arctic_b0171,Korean,HJK,0.25,0.2222222222222222
arctic_b0171,Korean,HJK,0.5,0.4444444444444444
arctic_b0171,Korean,HJK,0.75,0.2222222222222222
arctic_b0171,Korean,HJK,0.9,0.1111111111111111
arctic_b0171,Korean,HJK,1.0,0.0
arctic_b0171,Vietnamese,HQTV,0.0,0.2222222222222222
arctic_b0171,Vietnamese,HQTV,0.25,0.3333333333333333
arctic_b0171,Vietnamese,HQTV,0.5,0.3333333333333333
arctic_b0171,Vietnamese,HQTV,0.75,0.4444444444444444
arctic_b0171,Vietnamese,HQTV,0.9,0.2222222222222222
arctic_b0171,Vietnamese,HQTV,1.0,0.0
arctic_b0171,Hindi,SVBI,0.0,0.1111111111111111
arctic_b0171,Hindi,SVBI,0.25,0.2222222222222222
arctic_b0171,Hindi,SVBI,0.5,0.3333333333333333
arctic_b0171,Hindi,SVBI,0.75,0.2222222222222222
arctic_b0171,Hindi,SVBI,0.9,0.1111111111111111
arctic_b0171,Hindi,SVBI,1.0,0.0
arctic_b0171,Arabic,ZHAA,0.0,0.3333333333333333
arctic_b0171,Arabic,ZHAA,0.25,0.1111111111111111
arctic_b0171,Arabic,ZHAA,0.5,0.1111111111111111
arctic_b0171,Arabic,ZHAA,0.75,0.1111111111111111
arctic_b0171,Arabic,ZHAA,0.9,0.1111111111111111
arctic_b0171,Arabic,ZHAA,1.0,0.0
arctic_a0087,Chinese,BWC,0.0,0.08333333333333333
arctic_a0087,Chinese,BWC,0.25,0.25
arctic_a0087,Chinese,BWC,0.5,0.25
arctic_a0087,Chinese,BWC,0.75,0.08333333333333333
arctic_a0087,Chinese,BWC,0.9,0.0
arctic_a0087,Chinese,BWC,1.0,0.0
arctic_a0087,Spanish,EBVS,0.0,0.0
arctic_a0087,Spanish,EBVS,0.25,0.16666666666666666
arctic_a0087,Spanish,EBVS,0.5,0.3333333333333333
arctic_a0087,Spanish,EBVS,0.75,0.08333333333333333
arctic_a0087,Spanish,EBVS,0.9,0.0
arctic_a0087,Spanish,EBVS,1.0,0.0
arctic_a0087,Korean,HJK,0.0,0.0
arctic_a0087,Korean,HJK,0.25,0.08333333333333333
arctic_a0087,Korean,HJK,0.5,0.08333333333333333
arctic_a0087,Korean,HJK,0.75,0.0
arctic_a0087,Korean,HJK,0.9,0.0
arctic_a0087,Korean,HJK,1.0,0.16666666666666666
arctic_a0087,Vietnamese,HQTV,0.0,0.08333333333333333
arctic_a0087,Vietnamese,HQTV,0.25,0.25
arctic_a0087,Vietnamese,HQTV,0.5,0.08333333333333333
arctic_a0087,Vietnamese,HQTV,0.75,0.08333333333333333
arctic_a0087,Vietnamese,HQTV,0.9,0.0
arctic_a0087,Vietnamese,HQTV,1.0,0.0
arctic_a0087,Hindi,SVBI,0.0,0.0
arctic_a0087,Hindi,SVBI,0.25,0.16666666666666666
arctic_a0087,Hindi,SVBI,0.5,0.08333333333333333
arctic_a0087,Hindi,SVBI,0.75,0.08333333333333333
arctic_a0087,Hindi,SVBI,0.9,0.0
arctic_a0087,Hindi,SVBI,1.0,0.0
arctic_a0087,Arabic,ZHAA,0.0,0.08333333333333333
arctic_a0087,Arabic,ZHAA,0.25,0.08333333333333333
arctic_a0087,Arabic,ZHAA,0.5,0.08333333333333333
arctic_a0087,Arabic,ZHAA,0.75,0.08333333333333333
arctic_a0087,Arabic,ZHAA,0.9,0.0
arctic_a0087,Arabic,ZHAA,1.0,0.0
arctic_b0028,Chinese,BWC,0.0,0.0
arctic_b0028,Chinese,BWC,0.25,0.1111111111111111
arctic_b0028,Chinese,BWC,0.5,0.7777777777777778
arctic_b0028,Chinese,BWC,0.75,0.1111111111111111
arctic_b0028,Chinese,BWC,0.9,0.2222222222222222
arctic_b0028,Chinese,BWC,1.0,0.1111111111111111
arctic_b0028,Spanish,EBVS,0.0,0.0
arctic_b0028,Spanish,EBVS,0.25,0.1111111111111111
arctic_b0028,Spanish,EBVS,0.5,0.4444444444444444
arctic_b0028,Spanish,EBVS,0.75,0.1111111111111111
arctic_b0028,Spanish,EBVS,0.9,0.0
arctic_b0028,Spanish,EBVS,1.0,0.0
arctic_b0028,Korean,HJK,0.0,0.0
arctic_b0028,Korean,HJK,0.25,0.1111111111111111
arctic_b0028,Korean,HJK,0.5,0.2222222222222222
arctic_b0028,Korean,HJK,0.75,0.1111111111111111
arctic_b0028,Korean,HJK,0.9,0.0
arctic_b0028,Korean,HJK,1.0,0.0
arctic_b0028,Vietnamese,HQTV,0.0,0.0
arctic_b0028,Vietnamese,HQTV,0.25,0.3333333333333333
arctic_b0028,Vietnamese,HQTV,0.5,0.6666666666666666
arctic_b0028,Vietnamese,HQTV,0.75,0.2222222222222222
arctic_b0028,Vietnamese,HQTV,0.9,0.1111111111111111
arctic_b0028,Vietnamese,HQTV,1.0,0.0
arctic_b0028,Hindi,SVBI,0.0,0.0
arctic_b0028,Hindi,SVBI,0.25,0.3333333333333333
arctic_b0028,Hindi,SVBI,0.5,0.5555555555555556
arctic_b0028,Hindi,SVBI,0.75,0.1111111111111111
arctic_b0028,Hindi,SVBI,0.9,0.0
arctic_b0028,Hindi,SVBI,1.0,0.0
arctic_b0028,Arabic,ZHAA,0.0,0.0
arctic_b0028,Arabic,ZHAA,0.25,0.1111111111111111
arctic_b0028,Arabic,ZHAA,0.5,0.6666666666666666
arctic_b0028,Arabic,ZHAA,0.75,0.1111111111111111
arctic_b0028,Arabic,ZHAA,0.9,0.1111111111111111
arctic_b0028,Arabic,ZHAA,1.0,0.0
arctic_b0177,Chinese,BWC,0.0,0.0
arctic_b0177,Chinese,BWC,0.25,0.1
arctic_b0177,Chinese,BWC,0.5,0.4
arctic_b0177,Chinese,BWC,0.75,0.2
arctic_b0177,Chinese,BWC,0.9,0.0
arctic_b0177,Chinese,BWC,1.0,0.2
arctic_b0177,Spanish,EBVS,0.0,0.1
arctic_b0177,Spanish,EBVS,0.25,0.3
arctic_b0177,Spanish,EBVS,0.5,0.6
arctic_b0177,Spanish,EBVS,0.75,0.2
arctic_b0177,Spanish,EBVS,0.9,0.0
arctic_b0177,Spanish,EBVS,1.0,0.1
arctic_b0177,Korean,HJK,0.0,0.0
arctic_b0177,Korean,HJK,0.25,0.1
arctic_b0177,Korean,HJK,0.5,0.1
arctic_b0177,Korean,HJK,0.75,0.0
arctic_b0177,Korean,HJK,0.9,0.2
arctic_b0177,Korean,HJK,1.0,0.0
arctic_b0177,Vietnamese,HQTV,0.0,0.1
arctic_b0177,Vietnamese,HQTV,0.25,0.2
arctic_b0177,Vietnamese,HQTV,0.5,0.3
arctic_b0177,Vietnamese,HQTV,0.75,0.1
arctic_b0177,Vietnamese,HQTV,0.9,0.0
arctic_b0177,Vietnamese,HQTV,1.0,0.0
arctic_b0177,Hindi,SVBI,0.0,0.1
arctic_b0177,Hindi,SVBI,0.25,0.1
arctic_b0177,Hindi,SVBI,0.5,0.1
arctic_b0177,Hindi,SVBI,0.75,0.0
arctic_b0177,Hindi,SVBI,0.9,0.0
arctic_b0177,Hindi,SVBI,1.0,0.0
arctic_b0177,Arabic,ZHAA,0.0,0.2
arctic_b0177,Arabic,ZHAA,0.25,0.1
arctic_b0177,Arabic,ZHAA,0.5,0.2
arctic_b0177,Arabic,ZHAA,0.75,0.1
arctic_b0177,Arabic,ZHAA,0.9,0.2
arctic_b0177,Arabic,ZHAA,1.0,0.1
arctic_b0312,Chinese,BWC,0.0,0.125
arctic_b0312,Chinese,BWC,0.25,0.25
arctic_b0312,Chinese,BWC,0.5,0.25
arctic_b0312,Chinese,BWC,0.75,0.25
arctic_b0312,Chinese,BWC,0.9,0.0
arctic_b0312,Chinese,BWC,1.0,0.25
arctic_b0312,Spanish,EBVS,0.0,0.625
arctic_b0312,Spanish,EBVS,0.25,0.375
arctic_b0312,Spanish,EBVS,0.5,0.25
arctic_b0312,Spanish,EBVS,0.75,0.375
arctic_b0312,Spanish,EBVS,0.9,0.0
arctic_b0312,Spanish,EBVS,1.0,0.25
arctic_b0312,Korean,HJK,0.0,0.0
arctic_b0312,Korean,HJK,0.25,0.125
arctic_b0312,Korean,HJK,0.5,0.25
arctic_b0312,Korean,HJK,0.75,0.125
arctic_b0312,Korean,HJK,0.9,0.125
arctic_b0312,Korean,HJK,1.0,0.25
arctic_b0312,Vietnamese,HQTV,0.0,0.125
arctic_b0312,Vietnamese,HQTV,0.25,0.375
arctic_b0312,Vietnamese,HQTV,0.5,0.25
arctic_b0312,Vietnamese,HQTV,0.75,0.125
arctic_b0312,Vietnamese,HQTV,0.9,0.125
arctic_b0312,Vietnamese,HQTV,1.0,0.25
arctic_b0312,Hindi,SVBI,0.0,0.0
arctic_b0312,Hindi,SVBI,0.25,0.375
arctic_b0312,Hindi,SVBI,0.5,0.25
arctic_b0312,Hindi,SVBI,0.75,0.375
arctic_b0312,Hindi,SVBI,0.9,0.0
arctic_b0312,Hindi,SVBI,1.0,0.25
arctic_b0312,Arabic,ZHAA,0.0,0.0
arctic_b0312,Arabic,ZHAA,0.25,0.25
arctic_b0312,Arabic,ZHAA,0.5,0.375
arctic_b0312,Arabic,ZHAA,0.75,0.25
arctic_b0312,Arabic,ZHAA,0.9,0.0
arctic_b0312,Arabic,ZHAA,1.0,0.25
arctic_b0322,Chinese,BWC,0.0,0.0
arctic_b0322,Chinese,BWC,0.25,0.16666666666666666
arctic_b0322,Chinese,BWC,0.5,0.16666666666666666
arctic_b0322,Chinese,BWC,0.75,0.16666666666666666
arctic_b0322,Chinese,BWC,0.9,0.0
arctic_b0322,Chinese,BWC,1.0,0.0
arctic_b0322,Spanish,EBVS,0.0,0.0
arctic_b0322,Spanish,EBVS,0.25,0.0
arctic_b0322,Spanish,EBVS,0.5,0.16666666666666666
arctic_b0322,Spanish,EBVS,0.75,0.16666666666666666
arctic_b0322,Spanish,EBVS,0.9,0.0
arctic_b0322,Spanish,EBVS,1.0,0.0
arctic_b0322,Korean,HJK,0.0,0.0
arctic_b0322,Korean,HJK,0.25,0.16666666666666666
arctic_b0322,Korean,HJK,0.5,0.16666666666666666
arctic_b0322,Korean,HJK,0.75,0.16666666666666666
arctic_b0322,Korean,HJK,0.9,0.0
arctic_b0322,Korean,HJK,1.0,0.0
arctic_b0322,Vietnamese,HQTV,0.0,0.16666666666666666
arctic_b0322,Vietnamese,HQTV,0.25,0.16666666666666666
arctic_b0322,Vietnamese,HQTV,0.5,0.16666666666666666
arctic_b0322,Vietnamese,HQTV,0.75,0.16666666666666666
arctic_b0322,Vietnamese,HQTV,0.9,0.0
arctic_b0322,Vietnamese,HQTV,1.0,0.0
arctic_b0322,Hindi,SVBI,0.0,0.3333333333333333
arctic_b0322,Hindi,SVBI,0.25,0.5
arctic_b0322,Hindi,SVBI,0.5,0.0
arctic_b0322,Hindi,SVBI,0.75,0.0
arctic_b0322,Hindi,SVBI,0.9,0.0
arctic_b0322,Hindi,SVBI,1.0,0.0
arctic_b0322,Arabic,ZHAA,0.0,0.0
arctic_b0322,Arabic,ZHAA,0.25,0.0
arctic_b0322,Arabic,ZHAA,0.5,0.16666666666666666
arctic_b0322,Arabic,ZHAA,0.75,0.16666666666666666
arctic_b0322,Arabic,ZHAA,0.9,0.0
arctic_b0322,Arabic,ZHAA,1.0,0.0
arctic_b0121,Chinese,BWC,0.0,0.0
arctic_b0121,Chinese,BWC,0.25,0.0
arctic_b0121,Chinese,BWC,0.5,0.0
arctic_b0121,Chinese,BWC,0.75,0.0
arctic_b0121,Chinese,BWC,0.9,0.0
arctic_b0121,Chinese,BWC,1.0,0.0
arctic_b0121,Spanish,EBVS,0.0,0.25
arctic_b0121,Spanish,EBVS,0.25,0.5
arctic_b0121,Spanish,EBVS,0.5,0.125
arctic_b0121,Spanish,EBVS,0.75,0.0
arctic_b0121,Spanish,EBVS,0.9,0.0
arctic_b0121,Spanish,EBVS,1.0,0.0
arctic_b0121,Korean,HJK,0.0,0.0
arctic_b0121,Korean,HJK,0.25,0.125
arctic_b0121,Korean,HJK,0.5,0.125
arctic_b0121,Korean,HJK,0.75,0.125
arctic_b0121,Korean,HJK,0.9,0.0
arctic_b0121,Korean,HJK,1.0,0.0
arctic_b0121,Vietnamese,HQTV,0.0,0.0
arctic_b0121,Vietnamese,HQTV,0.25,0.125
arctic_b0121,Vietnamese,HQTV,0.5,0.125
arctic_b0121,Vietnamese,HQTV,0.75,0.125
arctic_b0121,Vietnamese,HQTV,0.9,0.0
arctic_b0121,Vietnamese,HQTV,1.0,0.0
arctic_b0121,Hindi,SVBI,0.0,0.0
arctic_b0121,Hindi,SVBI,0.25,0.125
arctic_b0121,Hindi,SVBI,0.5,0.125
arctic_b0121,Hindi,SVBI,0.75,0.125
arctic_b0121,Hindi,SVBI,0.9,0.0
arctic_b0121,Hindi,SVBI,1.0,0.0
arctic_b0121,Arabic,ZHAA,0.0,0.0
arctic_b0121,Arabic,ZHAA,0.25,0.125
arctic_b0121,Arabic,ZHAA,0.5,0.125
arctic_b0121,Arabic,ZHAA,0.75,0.125
arctic_b0121,Arabic,ZHAA,0.9,0.0
arctic_b0121,Arabic,ZHAA,1.0,0.0
arctic_b0372,Chinese,BWC,0.0,0.0
arctic_b0372,Chinese,BWC,0.25,0.16666666666666666
arctic_b0372,Chinese,BWC,0.5,0.6666666666666666
arctic_b0372,Chinese,BWC,0.75,0.5
arctic_b0372,Chinese,BWC,0.9,0.16666666666666666
arctic_b0372,Chinese,BWC,1.0,0.16666666666666666
arctic_b0372,Spanish,EBVS,0.0,0.3333333333333333
arctic_b0372,Spanish,EBVS,0.25,0.16666666666666666
arctic_b0372,Spanish,EBVS,0.5,0.6666666666666666
arctic_b0372,Spanish,EBVS,0.75,0.3333333333333333
arctic_b0372,Spanish,EBVS,0.9,0.16666666666666666
arctic_b0372,Spanish,EBVS,1.0,0.16666666666666666
arctic_b0372,Korean,HJK,0.0,0.16666666666666666
arctic_b0372,Korean,HJK,0.25,0.16666666666666666
arctic_b0372,Korean,HJK,0.5,0.6666666666666666
arctic_b0372,Korean,HJK,0.75,0.5
arctic_b0372,Korean,HJK,0.9,0.3333333333333333
arctic_b0372,Korean,HJK,1.0,0.16666666666666666
arctic_b0372,Vietnamese,HQTV,0.0,0.3333333333333333
arctic_b0372,Vietnamese,HQTV,0.25,0.3333333333333333
arctic_b0372,Vietnamese,HQTV,0.5,0.5
arctic_b0372,Vietnamese,HQTV,0.75,0.6666666666666666
arctic_b0372,Vietnamese,HQTV,0.9,0.3333333333333333
arctic_b0372,Vietnamese,HQTV,1.0,0.16666666666666666
arctic_b0372,Hindi,SVBI,0.0,0.16666666666666666
arctic_b0372,Hindi,SVBI,0.25,0.16666666666666666
arctic_b0372,Hindi,SVBI,0.5,0.5
arctic_b0372,Hindi,SVBI,0.75,0.5
arctic_b0372,Hindi,SVBI,0.9,0.16666666666666666
arctic_b0372,Hindi,SVBI,1.0,0.16666666666666666
arctic_b0372,Arabic,ZHAA,0.0,0.0
arctic_b0372,Arabic,ZHAA,0.25,0.16666666666666666
arctic_b0372,Arabic,ZHAA,0.5,0.6666666666666666
arctic_b0372,Arabic,ZHAA,0.75,0.5
arctic_b0372,Arabic,ZHAA,0.9,0.3333333333333333
arctic_b0372,Arabic,ZHAA,1.0,0.16666666666666666
arctic_b0422,Chinese,BWC,0.0,0.5
arctic_b0422,Chinese,BWC,0.25,0.0
arctic_b0422,Chinese,BWC,0.5,0.16666666666666666
arctic_b0422,Chinese,BWC,0.75,0.16666666666666666
arctic_b0422,Chinese,BWC,0.9,0.0
arctic_b0422,Chinese,BWC,1.0,0.0
arctic_b0422,Korean,HJK,0.0,0.0
arctic_b0422,Korean,HJK,0.25,0.16666666666666666
arctic_b0422,Korean,HJK,0.5,0.16666666666666666
arctic_b0422,Korean,HJK,0.75,0.16666666666666666
arctic_b0422,Korean,HJK,0.9,0.0
arctic_b0422,Korean,HJK,1.0,0.0
arctic_b0422,Vietnamese,HQTV,0.0,0.3333333333333333
arctic_b0422,Vietnamese,HQTV,0.25,0.16666666666666666
arctic_b0422,Vietnamese,HQTV,0.5,0.16666666666666666
arctic_b0422,Vietnamese,HQTV,0.75,0.16666666666666666
arctic_b0422,Vietnamese,HQTV,0.9,0.0
arctic_b0422,Vietnamese,HQTV,1.0,0.0
arctic_b0422,Hindi,SVBI,0.0,0.0
arctic_b0422,Hindi,SVBI,0.25,0.0
arctic_b0422,Hindi,SVBI,0.5,0.16666666666666666
arctic_b0422,Hindi,SVBI,0.75,0.16666666666666666
arctic_b0422,Hindi,SVBI,0.9,0.0
arctic_b0422,Hindi,SVBI,1.0,0.0
arctic_b0422,Arabic,ZHAA,0.0,0.0
arctic_b0422,Arabic,ZHAA,0.25,0.0
arctic_b0422,Arabic,ZHAA,0.5,0.16666666666666666
arctic_b0422,Arabic,ZHAA,0.75,0.0
arctic_b0422,Arabic,ZHAA,0.9,0.0
arctic_b0422,Arabic,ZHAA,1.0,0.0
arctic_a0428,Chinese,BWC,0.0,0.0
arctic_a0428,Chinese,BWC,0.25,0.0
arctic_a0428,Chinese,BWC,0.5,0.3333333333333333
arctic_a0428,Chinese,BWC,0.75,0.0
arctic_a0428,Chinese,BWC,0.9,0.0
arctic_a0428,Chinese,BWC,1.0,0.0
arctic_a0428,Spanish,EBVS,0.0,0.16666666666666666
arctic_a0428,Spanish,EBVS,0.25,0.0
arctic_a0428,Spanish,EBVS,0.5,0.0
arctic_a0428,Spanish,EBVS,0.75,0.0
arctic_a0428,Spanish,EBVS,0.9,0.0
arctic_a0428,Spanish,EBVS,1.0,0.0
arctic_a0428,Korean,HJK,0.0,0.16666666666666666
arctic_a0428,Korean,HJK,0.25,0.0
arctic_a0428,Korean,HJK,0.5,0.0
arctic_a0428,Korean,HJK,0.75,0.0
arctic_a0428,Korean,HJK,0.9,0.0
arctic_a0428,Korean,HJK,1.0,0.0
arctic_a0428,Vietnamese,HQTV,0.0,0.0
arctic_a0428,Vietnamese,HQTV,0.25,0.0
arctic_a0428,Vietnamese,HQTV,0.5,0.0
arctic_a0428,Vietnamese,HQTV,0.75,0.0
arctic_a0428,Vietnamese,HQTV,0.9,0.0
arctic_a0428,Vietnamese,HQTV,1.0,0.0
arctic_a0428,Hindi,SVBI,0.0,0.0
arctic_a0428,Hindi,SVBI,0.25,0.0
arctic_a0428,Hindi,SVBI,0.5,0.0
arctic_a0428,Hindi,SVBI,0.75,0.0
arctic_a0428,Hindi,SVBI,0.9,0.0
arctic_a0428,Hindi,SVBI,1.0,0.0
arctic_a0428,Arabic,ZHAA,0.0,0.0
arctic_a0428,Arabic,ZHAA,0.25,0.0
arctic_a0428,Arabic,ZHAA,0.5,0.0
arctic_a0428,Arabic,ZHAA,0.75,0.0
arctic_a0428,Arabic,ZHAA,0.9,0.0
arctic_a0428,Arabic,ZHAA,1.0,0.0
arctic_a0102,Chinese,BWC,0.0,0.2
arctic_a0102,Chinese,BWC,0.25,0.2
arctic_a0102,Chinese,BWC,0.5,0.0
arctic_a0102,Chinese,BWC,0.75,0.0
arctic_a0102,Chinese,BWC,0.9,0.0
arctic_a0102,Chinese,BWC,1.0,0.0
arctic_a0102,Spanish,EBVS,0.0,0.2
arctic_a0102,Spanish,EBVS,0.25,0.2
arctic_a0102,Spanish,EBVS,0.5,0.0
arctic_a0102,Spanish,EBVS,0.75,0.0
arctic_a0102,Spanish,EBVS,0.9,0.0
arctic_a0102,Spanish,EBVS,1.0,0.0
arctic_a0102,Korean,HJK,0.0,0.2
arctic_a0102,Korean,HJK,0.25,0.2
arctic_a0102,Korean,HJK,0.5,0.2
arctic_a0102,Korean,HJK,0.75,0.0
arctic_a0102,Korean,HJK,0.9,0.0
arctic_a0102,Korean,HJK,1.0,0.0
arctic_a0102,Vietnamese,HQTV,0.0,0.0
arctic_a0102,Vietnamese,HQTV,0.25,0.0
arctic_a0102,Vietnamese,HQTV,0.5,0.2
arctic_a0102,Vietnamese,HQTV,0.75,0.0
arctic_a0102,Vietnamese,HQTV,0.9,0.0
arctic_a0102,Vietnamese,HQTV,1.0,0.0
arctic_a0102,Hindi,SVBI,0.0,0.0
arctic_a0102,Hindi,SVBI,0.25,0.0
arctic_a0102,Hindi,SVBI,0.5,0.2
arctic_a0102,Hindi,SVBI,0.75,0.0
arctic_a0102,Hindi,SVBI,0.9,0.0
arctic_a0102,Hindi,SVBI,1.0,0.0
arctic_a0102,Arabic,ZHAA,0.0,0.0
arctic_a0102,Arabic,ZHAA,0.25,0.0
arctic_a0102,Arabic,ZHAA,0.5,0.0
arctic_a0102,Arabic,ZHAA,0.75,0.0
arctic_a0102,Arabic,ZHAA,0.9,0.0
arctic_a0102,Arabic,ZHAA,1.0,0.0
arctic_a0291,Chinese,BWC,0.0,0.3333333333333333
arctic_a0291,Chinese,BWC,0.25,0.4166666666666667
arctic_a0291,Chinese,BWC,0.5,0.5833333333333334
arctic_a0291,Chinese,BWC,0.75,0.16666666666666666
arctic_a0291,Chinese,BWC,0.9,0.0
arctic_a0291,Chinese,BWC,1.0,0.08333333333333333
arctic_a0291,Spanish,EBVS,0.0,0.08333333333333333
arctic_a0291,Spanish,EBVS,0.25,0.25
arctic_a0291,Spanish,EBVS,0.5,0.4166666666666667
arctic_a0291,Spanish,EBVS,0.75,0.08333333333333333
arctic_a0291,Spanish,EBVS,0.9,0.0
arctic_a0291,Spanish,EBVS,1.0,0.08333333333333333
arctic_a0291,Korean,HJK,0.0,0.0
arctic_a0291,Korean,HJK,0.25,0.0
arctic_a0291,Korean,HJK,0.5,0.16666666666666666
arctic_a0291,Korean,HJK,0.75,0.0
arctic_a0291,Korean,HJK,0.9,0.0
arctic_a0291,Korean,HJK,1.0,0.16666666666666666
arctic_a0291,Vietnamese,HQTV,0.0,0.08333333333333333
arctic_a0291,Vietnamese,HQTV,0.25,0.08333333333333333
arctic_a0291,Vietnamese,HQTV,0.5,0.25
arctic_a0291,Vietnamese,HQTV,0.75,0.08333333333333333
arctic_a0291,Vietnamese,HQTV,0.9,0.0
arctic_a0291,Vietnamese,HQTV,1.0,0.0
arctic_a0291,Hindi,SVBI,0.0,0.0
arctic_a0291,Hindi,SVBI,0.25,0.08333333333333333
arctic_a0291,Hindi,SVBI,0.5,0.25
arctic_a0291,Hindi,SVBI,0.75,0.0
arctic_a0291,Hindi,SVBI,0.9,0.0
arctic_a0291,Hindi,SVBI,1.0,0.08333333333333333
arctic_a0291,Arabic,ZHAA,0.0,0.0
arctic_a0291,Arabic,ZHAA,0.25,0.0
arctic_a0291,Arabic,ZHAA,0.5,0.08333333333333333
arctic_a0291,Arabic,ZHAA,0.75,0.0
arctic_a0291,Arabic,ZHAA,0.9,0.0
arctic_a0291,Arabic,ZHAA,1.0,0.08333333333333333
arctic_b0439,Chinese,BWC,0.0,0.0
arctic_b0439,Chinese,BWC,0.25,0.23076923076923078
arctic_b0439,Chinese,BWC,0.5,0.46153846153846156
arctic_b0439,Chinese,BWC,0.75,0.23076923076923078
arctic_b0439,Chinese,BWC,0.9,0.07692307692307693
arctic_b0439,Chinese,BWC,1.0,0.0
arctic_b0439,Korean,HJK,0.0,0.07692307692307693
arctic_b0439,Korean,HJK,0.25,0.15384615384615385
arctic_b0439,Korean,HJK,0.5,0.3076923076923077
arctic_b0439,Korean,HJK,0.75,0.3076923076923077
arctic_b0439,Korean,HJK,0.9,0.07692307692307693
arctic_b0439,Korean,HJK,1.0,0.0
arctic_b0439,Vietnamese,HQTV,0.0,0.38461538461538464
arctic_b0439,Vietnamese,HQTV,0.25,0.5384615384615384
arctic_b0439,Vietnamese,HQTV,0.5,0.5384615384615384
arctic_b0439,Vietnamese,HQTV,0.75,0.23076923076923078
arctic_b0439,Vietnamese,HQTV,0.9,0.07692307692307693
arctic_b0439,Vietnamese,HQTV,1.0,0.0
arctic_b0439,Hindi,SVBI,0.0,0.07692307692307693
arctic_b0439,Hindi,SVBI,0.25,0.15384615384615385
arctic_b0439,Hindi,SVBI,0.5,0.15384615384615385
arctic_b0439,Hindi,SVBI,0.75,0.3076923076923077
arctic_b0439,Hindi,SVBI,0.9,0.15384615384615385
arctic_b0439,Hindi,SVBI,1.0,0.0
arctic_b0439,Arabic,ZHAA,0.0,0.07692307692307693
arctic_b0439,Arabic,ZHAA,0.25,0.3076923076923077
arctic_b0439,Arabic,ZHAA,0.5,0.46153846153846156
arctic_b0439,Arabic,ZHAA,0.75,0.15384615384615385
arctic_b0439,Arabic,ZHAA,0.9,0.07692307692307693
arctic_b0439,Arabic,ZHAA,1.0,0.0
arctic_a0157,Chinese,BWC,0.0,0.0
arctic_a0157,Chinese,BWC,0.25,0.1
arctic_a0157,Chinese,BWC,0.5,0.5
arctic_a0157,Chinese,BWC,0.75,0.2
arctic_a0157,Chinese,BWC,0.9,0.0
arctic_a0157,Chinese,BWC,1.0,0.0
arctic_a0157,Spanish,EBVS,0.0,0.2
arctic_a0157,Spanish,EBVS,0.25,0.6
arctic_a0157,Spanish,EBVS,0.5,0.5
arctic_a0157,Spanish,EBVS,0.75,0.1
arctic_a0157,Spanish,EBVS,0.9,0.0
arctic_a0157,Spanish,EBVS,1.0,0.0
arctic_a0157,Korean,HJK,0.0,0.2
arctic_a0157,Korean,HJK,0.25,0.2
arctic_a0157,Korean,HJK,0.5,0.1
arctic_a0157,Korean,HJK,0.75,0.1
arctic_a0157,Korean,HJK,0.9,0.1
arctic_a0157,Korean,HJK,1.0,0.0
arctic_a0157,Vietnamese,HQTV,0.0,0.5
arctic_a0157,Vietnamese,HQTV,0.25,0.5
arctic_a0157,Vietnamese,HQTV,0.5,0.3
arctic_a0157,Vietnamese,HQTV,0.75,0.1
arctic_a0157,Vietnamese,HQTV,0.9,0.1
arctic_a0157,Vietnamese,HQTV,1.0,0.0
arctic_a0157,Hindi,SVBI,0.0,0.0
arctic_a0157,Hindi,SVBI,0.25,0.0
arctic_a0157,Hindi,SVBI,0.5,0.1
arctic_a0157,Hindi,SVBI,0.75,0.1
arctic_a0157,Hindi,SVBI,0.9,0.0
arctic_a0157,Hindi,SVBI,1.0,0.1
arctic_a0157,Arabic,ZHAA,0.0,0.0
arctic_a0157,Arabic,ZHAA,0.25,0.2
arctic_a0157,Arabic,ZHAA,0.5,0.5
arctic_a0157,Arabic,ZHAA,0.75,0.1
arctic_a0157,Arabic,ZHAA,0.9,0.1
arctic_a0157,Arabic,ZHAA,1.0,0.0
arctic_a0159,Chinese,BWC,0.0,0.0
arctic_a0159,Chinese,BWC,0.25,0.3076923076923077
arctic_a0159,Chinese,BWC,0.5,0.5384615384615384
arctic_a0159,Chinese,BWC,0.75,0.23076923076923078
arctic_a0159,Chinese,BWC,0.9,0.07692307692307693
arctic_a0159,Chinese,BWC,1.0,0.0
arctic_a0159,Spanish,EBVS,0.0,0.0
arctic_a0159,Spanish,EBVS,0.25,0.46153846153846156
arctic_a0159,Spanish,EBVS,0.5,0.5384615384615384
arctic_a0159,Spanish,EBVS,0.75,0.15384615384615385
arctic_a0159,Spanish,EBVS,0.9,0.07692307692307693
arctic_a0159,Spanish,EBVS,1.0,0.0
arctic_a0159,Korean,HJK,0.0,0.0
arctic_a0159,Korean,HJK,0.25,0.07692307692307693
arctic_a0159,Korean,HJK,0.5,0.07692307692307693
arctic_a0159,Korean,HJK,0.75,0.07692307692307693
arctic_a0159,Korean,HJK,0.9,0.07692307692307693
arctic_a0159,Korean,HJK,1.0,0.0
arctic_a0159,Vietnamese,HQTV,0.0,0.23076923076923078
arctic_a0159,Vietnamese,HQTV,0.25,0.23076923076923078
arctic_a0159,Vietnamese,HQTV,0.5,0.23076923076923078
arctic_a0159,Vietnamese,HQTV,0.75,0.07692307692307693
arctic_a0159,Vietnamese,HQTV,0.9,0.07692307692307693
arctic_a0159,Vietnamese,HQTV,1.0,0.0
arctic_a0159,Hindi,SVBI,0.0,0.07692307692307693
arctic_a0159,Hindi,SVBI,0.25,0.07692307692307693
arctic_a0159,Hindi,SVBI,0.5,0.23076923076923078
arctic_a0159,Hindi,SVBI,0.75,0.07692307692307693
arctic_a0159,Hindi,SVBI,0.9,0.07692307692307693
arctic_a0159,Hindi,SVBI,1.0,0.0
arctic_a0159,Arabic,ZHAA,0.0,0.0
arctic_a0159,Arabic,ZHAA,0.25,0.15384615384615385
arctic_a0159,Arabic,ZHAA,0.5,0.3076923076923077
arctic_a0159,Arabic,ZHAA,0.75,0.07692307692307693
arctic_a0159,Arabic,ZHAA,0.9,0.07692307692307693
arctic_a0159,Arabic,ZHAA,1.0,0.0
arctic_a0045,Chinese,BWC,0.0,0.1111111111111111
arctic_a0045,Chinese,BWC,0.25,0.2222222222222222
arctic_a0045,Chinese,BWC,0.5,0.0
arctic_a0045,Chinese,BWC,0.75,0.0
arctic_a0045,Chinese,BWC,0.9,0.0
arctic_a0045,Chinese,BWC,1.0,0.0
arctic_a0045,Spanish,EBVS,0.0,0.1111111111111111
arctic_a0045,Spanish,EBVS,0.25,0.1111111111111111
arctic_a0045,Spanish,EBVS,0.5,0.2222222222222222
arctic_a0045,Spanish,EBVS,0.75,0.1111111111111111
arctic_a0045,Spanish,EBVS,0.9,0.1111111111111111
arctic_a0045,Spanish,EBVS,1.0,0.1111111111111111
arctic_a0045,Korean,HJK,0.0,0.0
arctic_a0045,Korean,HJK,0.25,0.0
arctic_a0045,Korean,HJK,0.5,0.0
arctic_a0045,Korean,HJK,0.75,0.0
arctic_a0045,Korean,HJK,0.9,0.0
arctic_a0045,Korean,HJK,1.0,0.0
arctic_a0045,Vietnamese,HQTV,0.0,0.0
arctic_a0045,Vietnamese,HQTV,0.25,0.0
arctic_a0045,Vietnamese,HQTV,0.5,0.1111111111111111
arctic_a0045,Vietnamese,HQTV,0.75,0.1111111111111111
arctic_a0045,Vietnamese,HQTV,0.9,0.0
arctic_a0045,Vietnamese,HQTV,1.0,0.0
arctic_a0045,Hindi,SVBI,0.0,0.0
arctic_a0045,Hindi,SVBI,0.25,0.0
arctic_a0045,Hindi,SVBI,0.5,0.2222222222222222
arctic_a0045,Hindi,SVBI,0.75,0.0
arctic_a0045,Hindi,SVBI,0.9,0.0
arctic_a0045,Hindi,SVBI,1.0,0.0
arctic_a0045,Arabic,ZHAA,0.0,0.0
arctic_a0045,Arabic,ZHAA,0.25,0.2222222222222222
arctic_a0045,Arabic,ZHAA,0.5,0.1111111111111111
arctic_a0045,Arabic,ZHAA,0.75,0.0
arctic_a0045,Arabic,ZHAA,0.9,0.0
arctic_a0045,Arabic,ZHAA,1.0,0.0
arctic_a0266,Chinese,BWC,0.0,0.125
arctic_a0266,Chinese,BWC,0.25,0.125
arctic_a0266,Chinese,BWC,0.5,0.25
arctic_a0266,Chinese,BWC,0.75,0.125
arctic_a0266,Chinese,BWC,0.9,0.25
arctic_a0266,Chinese,BWC,1.0,0.25
arctic_a0266,Spanish,EBVS,0.0,0.125
arctic_a0266,Spanish,EBVS,0.25,0.125
arctic_a0266,Spanish,EBVS,0.5,0.25
arctic_a0266,Spanish,EBVS,0.75,0.375
arctic_a0266,Spanish,EBVS,0.9,0.25
arctic_a0266,Spanish,EBVS,1.0,0.25
arctic_a0266,Korean,HJK,0.0,0.0
arctic_a0266,Korean,HJK,0.25,0.0
arctic_a0266,Korean,HJK,0.5,0.0
arctic_a0266,Korean,HJK,0.75,0.25
arctic_a0266,Korean,HJK,0.9,0.25
arctic_a0266,Korean,HJK,1.0,0.25
arctic_a0266,Vietnamese,HQTV,0.0,0.0
arctic_a0266,Vietnamese,HQTV,0.25,0.0
arctic_a0266,Vietnamese,HQTV,0.5,0.0
arctic_a0266,Vietnamese,HQTV,0.75,0.25
arctic_a0266,Vietnamese,HQTV,0.9,0.25
arctic_a0266,Vietnamese,HQTV,1.0,0.25
arctic_a0266,Hindi,SVBI,0.0,0.0
arctic_a0266,Hindi,SVBI,0.25,0.0
arctic_a0266,Hindi,SVBI,0.5,0.125
arctic_a0266,Hindi,SVBI,0.75,0.25
arctic_a0266,Hindi,SVBI,0.9,0.375
arctic_a0266,Hindi,SVBI,1.0,0.25
arctic_a0266,Arabic,ZHAA,0.0,0.25
arctic_a0266,Arabic,ZHAA,0.25,0.25
arctic_a0266,Arabic,ZHAA,0.5,0.125
arctic_a0266,Arabic,ZHAA,0.75,0.25
arctic_a0266,Arabic,ZHAA,0.9,0.25
arctic_a0266,Arabic,ZHAA,1.0,0.25
arctic_a0290,Chinese,BWC,0.0,0.0
arctic_a0290,Chinese,BWC,0.25,0.0
arctic_a0290,Chinese,BWC,0.5,0.14285714285714285
arctic_a0290,Chinese,BWC,0.75,0.0
arctic_a0290,Chinese,BWC,0.9,0.0
arctic_a0290,Chinese,BWC,1.0,0.0
arctic_a0290,Spanish,EBVS,0.0,0.2857142857142857
arctic_a0290,Spanish,EBVS,0.25,0.42857142857142855
arctic_a0290,Spanish,EBVS,0.5,0.5714285714285714
arctic_a0290,Spanish,EBVS,0.75,0.14285714285714285
arctic_a0290,Spanish,EBVS,0.9,0.0
arctic_a0290,Spanish,EBVS,1.0,0.0
arctic_a0290,Korean,HJK,0.0,0.0
arctic_a0290,Korean,HJK,0.25,0.0
arctic_a0290,Korean,HJK,0.5,0.0
arctic_a0290,Korean,HJK,0.75,0.0
arctic_a0290,Korean,HJK,0.9,0.0
arctic_a0290,Korean,HJK,1.0,0.0
arctic_a0290,Vietnamese,HQTV,0.0,0.0
arctic_a0290,Vietnamese,HQTV,0.25,0.0
arctic_a0290,Vietnamese,HQTV,0.5,0.0
arctic_a0290,Vietnamese,HQTV,0.75,0.0
arctic_a0290,Vietnamese,HQTV,0.9,0.0
arctic_a0290,Vietnamese,HQTV,1.0,0.0
arctic_a0290,Hindi,SVBI,0.0,0.14285714285714285
arctic_a0290,Hindi,SVBI,0.25,0.14285714285714285
arctic_a0290,Hindi,SVBI,0.5,0.14285714285714285
arctic_a0290,Hindi,SVBI,0.75,0.0
arctic_a0290,Hindi,SVBI,0.9,0.0
arctic_a0290,Hindi,SVBI,1.0,0.0
arctic_a0290,Arabic,ZHAA,0.0,0.0
arctic_a0290,Arabic,ZHAA,0.25,0.0
arctic_a0290,Arabic,ZHAA,0.5,0.0
arctic_a0290,Arabic,ZHAA,0.75,0.0
arctic_a0290,Arabic,ZHAA,0.9,0.0
arctic_a0290,Arabic,ZHAA,1.0,0.0
arctic_a0275,Chinese,BWC,0.0,0.1
arctic_a0275,Chinese,BWC,0.25,0.3
arctic_a0275,Chinese,BWC,0.5,0.4
arctic_a0275,Chinese,BWC,0.75,0.1
arctic_a0275,Chinese,BWC,0.9,0.1
arctic_a0275,Chinese,BWC,1.0,0.0
arctic_a0275,Spanish,EBVS,0.0,0.3
arctic_a0275,Spanish,EBVS,0.25,0.2
arctic_a0275,Spanish,EBVS,0.5,0.5
arctic_a0275,Spanish,EBVS,0.75,0.2
arctic_a0275,Spanish,EBVS,0.9,0.1
arctic_a0275,Spanish,EBVS,1.0,0.0
arctic_a0275,Korean,HJK,0.0,0.0
arctic_a0275,Korean,HJK,0.25,0.1
arctic_a0275,Korean,HJK,0.5,0.4
arctic_a0275,Korean,HJK,0.75,0.1
arctic_a0275,Korean,HJK,0.9,0.1
arctic_a0275,Korean,HJK,1.0,0.0
arctic_a0275,Vietnamese,HQTV,0.0,0.0
arctic_a0275,Vietnamese,HQTV,0.25,0.1
arctic_a0275,Vietnamese,HQTV,0.5,0.3
arctic_a0275,Vietnamese,HQTV,0.75,0.2
arctic_a0275,Vietnamese,HQTV,0.9,0.1
arctic_a0275,Vietnamese,HQTV,1.0,0.0
arctic_a0275,Hindi,SVBI,0.0,0.0
arctic_a0275,Hindi,SVBI,0.25,0.1
arctic_a0275,Hindi,SVBI,0.5,0.1
arctic_a0275,Hindi,SVBI,0.75,0.0
arctic_a0275,Hindi,SVBI,0.9,0.0
arctic_a0275,Hindi,SVBI,1.0,0.1
arctic_a0275,Arabic,ZHAA,0.0,0.0
arctic_a0275,Arabic,ZHAA,0.25,0.3
arctic_a0275,Arabic,ZHAA,0.5,0.4
arctic_a0275,Arabic,ZHAA,0.75,0.1
arctic_a0275,Arabic,ZHAA,0.9,0.2
arctic_a0275,Arabic,ZHAA,1.0,0.0
arctic_a0097,Chinese,BWC,0.0,0.0
arctic_a0097,Chinese,BWC,0.25,0.25
arctic_a0097,Chinese,BWC,0.5,0.3333333333333333
arctic_a0097,Chinese,BWC,0.75,0.16666666666666666
arctic_a0097,Chinese,BWC,0.9,0.0
arctic_a0097,Chinese,BWC,1.0,0.0
arctic_a0097,Spanish,EBVS,0.0,0.16666666666666666
arctic_a0097,Spanish,EBVS,0.25,0.3333333333333333
arctic_a0097,Spanish,EBVS,0.5,0.5
arctic_a0097,Spanish,EBVS,0.75,0.16666666666666666
arctic_a0097,Spanish,EBVS,0.9,0.08333333333333333
arctic_a0097,Spanish,EBVS,1.0,0.0
arctic_a0097,Korean,HJK,0.0,0.0
arctic_a0097,Korean,HJK,0.25,0.08333333333333333
arctic_a0097,Korean,HJK,0.5,0.16666666666666666
arctic_a0097,Korean,HJK,0.75,0.16666666666666666
arctic_a0097,Korean,HJK,0.9,0.08333333333333333
arctic_a0097,Korean,HJK,1.0,0.0
arctic_a0097,Vietnamese,HQTV,0.0,0.08333333333333333
arctic_a0097,Vietnamese,HQTV,0.25,0.08333333333333333
arctic_a0097,Vietnamese,HQTV,0.5,0.4166666666666667
arctic_a0097,Vietnamese,HQTV,0.75,0.16666666666666666
arctic_a0097,Vietnamese,HQTV,0.9,0.0
arctic_a0097,Vietnamese,HQTV,1.0,0.0
arctic_a0097,Hindi,SVBI,0.0,0.0
arctic_a0097,Hindi,SVBI,0.25,0.16666666666666666
arctic_a0097,Hindi,SVBI,0.5,0.3333333333333333
arctic_a0097,Hindi,SVBI,0.75,0.08333333333333333
arctic_a0097,Hindi,SVBI,0.9,0.0
arctic_a0097,Hindi,SVBI,1.0,0.0
arctic_a0097,Arabic,ZHAA,0.0,0.0
arctic_a0097,Arabic,ZHAA,0.25,0.08333333333333333
arctic_a0097,Arabic,ZHAA,0.5,0.5
arctic_a0097,Arabic,ZHAA,0.75,0.16666666666666666
arctic_a0097,Arabic,ZHAA,0.9,0.08333333333333333
arctic_a0097,Arabic,ZHAA,1.0,0.0
arctic_a0114,Chinese,BWC,0.0,0.0
arctic_a0114,Chinese,BWC,0.25,0.0
arctic_a0114,Chinese,BWC,0.5,0.25
arctic_a0114,Chinese,BWC,0.75,0.0
arctic_a0114,Chinese,BWC,0.9,0.0
arctic_a0114,Chinese,BWC,1.0,0.0
arctic_a0114,Spanish,EBVS,0.0,0.25
arctic_a0114,Spanish,EBVS,0.25,0.0
arctic_a0114,Spanish,EBVS,0.5,0.0
arctic_a0114,Spanish,EBVS,0.75,0.0
arctic_a0114,Spanish,EBVS,0.9,0.0
arctic_a0114,Spanish,EBVS,1.0,0.0
arctic_a0114,Korean,HJK,0.0,0.0
arctic_a0114,Korean,HJK,0.25,0.125
arctic_a0114,Korean,HJK,0.5,0.125
arctic_a0114,Korean,HJK,0.75,0.0
arctic_a0114,Korean,HJK,0.9,0.0
arctic_a0114,Korean,HJK,1.0,0.0
arctic_a0114,Vietnamese,HQTV,0.0,0.25
arctic_a0114,Vietnamese,HQTV,0.25,0.375
arctic_a0114,Vietnamese,HQTV,0.5,0.25
arctic_a0114,Vietnamese,HQTV,0.75,0.0
arctic_a0114,Vietnamese,HQTV,0.9,0.0
arctic_a0114,Vietnamese,HQTV,1.0,0.0
arctic_a0114,Hindi,SVBI,0.0,0.0
arctic_a0114,Hindi,SVBI,0.25,0.0
arctic_a0114,Hindi,SVBI,0.5,0.125
arctic_a0114,Hindi,SVBI,0.75,0.0
arctic_a0114,Hindi,SVBI,0.9,0.0
arctic_a0114,Hindi,SVBI,1.0,0.0
arctic_a0114,Arabic,ZHAA,0.0,0.0
arctic_a0114,Arabic,ZHAA,0.25,0.0
arctic_a0114,Arabic,ZHAA,0.5,0.0
arctic_a0114,Arabic,ZHAA,0.75,0.0
arctic_a0114,Arabic,ZHAA,0.9,0.125
arctic_a0114,Arabic,ZHAA,1.0,0.0
arctic_a0449,Chinese,BWC,0.0,0.0
arctic_a0449,Chinese,BWC,0.25,0.1
arctic_a0449,Chinese,BWC,0.5,0.3
arctic_a0449,Chinese,BWC,0.75,0.1
arctic_a0449,Chinese,BWC,0.9,0.0
arctic_a0449,Chinese,BWC,1.0,0.0
arctic_a0449,Spanish,EBVS,0.0,0.3
arctic_a0449,Spanish,EBVS,0.25,0.1
arctic_a0449,Spanish,EBVS,0.5,0.1
arctic_a0449,Spanish,EBVS,0.75,0.0
arctic_a0449,Spanish,EBVS,0.9,0.0
arctic_a0449,Spanish,EBVS,1.0,0.1
arctic_a0449,Korean,HJK,0.0,0.0
arctic_a0449,Korean,HJK,0.25,0.3
arctic_a0449,Korean,HJK,0.5,0.1
arctic_a0449,Korean,HJK,0.75,0.0
arctic_a0449,Korean,HJK,0.9,0.2
arctic_a0449,Korean,HJK,1.0,0.0
arctic_a0449,Vietnamese,HQTV,0.0,0.2
arctic_a0449,Vietnamese,HQTV,0.25,0.2
arctic_a0449,Vietnamese,HQTV,0.5,0.6
arctic_a0449,Vietnamese,HQTV,0.75,0.2
arctic_a0449,Vietnamese,HQTV,0.9,0.0
arctic_a0449,Vietnamese,HQTV,1.0,0.0
arctic_a0449,Hindi,SVBI,0.0,0.0
arctic_a0449,Hindi,SVBI,0.25,0.1
arctic_a0449,Hindi,SVBI,0.5,0.2
arctic_a0449,Hindi,SVBI,0.75,0.2
arctic_a0449,Hindi,SVBI,0.9,0.2
arctic_a0449,Hindi,SVBI,1.0,0.0
arctic_a0449,Arabic,ZHAA,0.0,0.0
arctic_a0449,Arabic,ZHAA,0.25,0.1
arctic_a0449,Arabic,ZHAA,0.5,0.3
arctic_a0449,Arabic,ZHAA,0.75,0.2
arctic_a0449,Arabic,ZHAA,0.9,0.1
arctic_a0449,Arabic,ZHAA,1.0,0.0
arctic_b0276,Chinese,BWC,0.0,0.2
arctic_b0276,Chinese,BWC,0.25,0.2
arctic_b0276,Chinese,BWC,0.5,0.2
arctic_b0276,Chinese,BWC,0.75,0.0
arctic_b0276,Chinese,BWC,0.9,0.0
arctic_b0276,Chinese,BWC,1.0,0.0
arctic_b0276,Spanish,EBVS,0.0,0.0
arctic_b0276,Spanish,EBVS,0.25,0.0
arctic_b0276,Spanish,EBVS,0.5,0.2
arctic_b0276,Spanish,EBVS,0.75,0.0
arctic_b0276,Spanish,EBVS,0.9,0.0
arctic_b0276,Spanish,EBVS,1.0,0.0
arctic_b0276,Korean,HJK,0.0,0.0
arctic_b0276,Korean,HJK,0.25,0.0
arctic_b0276,Korean,HJK,0.5,0.0
arctic_b0276,Korean,HJK,0.75,0.0
arctic_b0276,Korean,HJK,0.9,0.0
arctic_b0276,Korean,HJK,1.0,0.0
arctic_b0276,Vietnamese,HQTV,0.0,0.0
arctic_b0276,Vietnamese,HQTV,0.25,0.0
arctic_b0276,Vietnamese,HQTV,0.5,0.0
arctic_b0276,Vietnamese,HQTV,0.75,0.0
arctic_b0276,Vietnamese,HQTV,0.9,0.0
arctic_b0276,Vietnamese,HQTV,1.0,0.0
arctic_b0276,Hindi,SVBI,0.0,0.0
arctic_b0276,Hindi,SVBI,0.25,0.0
arctic_b0276,Hindi,SVBI,0.5,0.0
arctic_b0276,Hindi,SVBI,0.75,0.0
arctic_b0276,Hindi,SVBI,0.9,0.0
arctic_b0276,Hindi,SVBI,1.0,0.0
arctic_b0276,Arabic,ZHAA,0.0,0.0
arctic_b0276,Arabic,ZHAA,0.25,0.2
arctic_b0276,Arabic,ZHAA,0.5,0.2
arctic_b0276,Arabic,ZHAA,0.75,0.0
arctic_b0276,Arabic,ZHAA,0.9,0.0
arctic_b0276,Arabic,ZHAA,1.0,0.0
arctic_a0531,Chinese,BWC,0.0,0.15384615384615385
arctic_a0531,Chinese,BWC,0.25,0.3076923076923077
arctic_a0531,Chinese,BWC,0.5,0.6153846153846154
arctic_a0531,Chinese,BWC,0.75,0.23076923076923078
arctic_a0531,Chinese,BWC,0.9,0.07692307692307693
arctic_a0531,Chinese,BWC,1.0,0.0
arctic_a0531,Spanish,EBVS,0.0,0.38461538461538464
arctic_a0531,Spanish,EBVS,0.25,0.46153846153846156
arctic_a0531,Spanish,EBVS,0.5,0.8461538461538461
arctic_a0531,Spanish,EBVS,0.75,0.15384615384615385
arctic_a0531,Spanish,EBVS,0.9,0.07692307692307693
arctic_a0531,Spanish,EBVS,1.0,0.0
arctic_a0531,Korean,HJK,0.0,0.0
arctic_a0531,Korean,HJK,0.25,0.07692307692307693
arctic_a0531,Korean,HJK,0.5,0.23076923076923078
arctic_a0531,Korean,HJK,0.75,0.23076923076923078
arctic_a0531,Korean,HJK,0.9,0.07692307692307693
arctic_a0531,Korean,HJK,1.0,0.0
arctic_a0531,Vietnamese,HQTV,0.0,0.23076923076923078
arctic_a0531,Vietnamese,HQTV,0.25,0.3076923076923077
arctic_a0531,Vietnamese,HQTV,0.5,0.46153846153846156
arctic_a0531,Vietnamese,HQTV,0.75,0.07692307692307693
arctic_a0531,Vietnamese,HQTV,0.9,0.07692307692307693
arctic_a0531,Vietnamese,HQTV,1.0,0.0
arctic_a0531,Hindi,SVBI,0.0,0.0
arctic_a0531,Hindi,SVBI,0.25,0.07692307692307693
arctic_a0531,Hindi,SVBI,0.5,0.23076923076923078
arctic_a0531,Hindi,SVBI,0.75,0.23076923076923078
arctic_a0531,Hindi,SVBI,0.9,0.15384615384615385
arctic_a0531,Hindi,SVBI,1.0,0.07692307692307693
arctic_a0531,Arabic,ZHAA,0.0,0.07692307692307693
arctic_a0531,Arabic,ZHAA,0.25,0.23076923076923078
arctic_a0531,Arabic,ZHAA,0.5,0.6153846153846154
arctic_a0531,Arabic,ZHAA,0.75,0.15384615384615385
arctic_a0531,Arabic,ZHAA,0.9,0.07692307692307693
arctic_a0531,Arabic,ZHAA,1.0,0.0
arctic_b0243,Chinese,BWC,0.0,0.1111111111111111
arctic_b0243,Chinese,BWC,0.25,0.1111111111111111
arctic_b0243,Chinese,BWC,0.5,0.1111111111111111
arctic_b0243,Chinese,BWC,0.75,0.1111111111111111
arctic_b0243,Chinese,BWC,0.9,0.1111111111111111
arctic_b0243,Chinese,BWC,1.0,0.1111111111111111
arctic_b0243,Spanish,EBVS,0.0,0.0
arctic_b0243,Spanish,EBVS,0.25,0.0
arctic_b0243,Spanish,EBVS,0.5,0.2222222222222222
arctic_b0243,Spanish,EBVS,0.75,0.2222222222222222
arctic_b0243,Spanish,EBVS,0.9,0.1111111111111111
arctic_b0243,Spanish,EBVS,1.0,0.1111111111111111
arctic_b0243,Korean,HJK,0.0,0.0
arctic_b0243,Korean,HJK,0.25,0.1111111111111111
arctic_b0243,Korean,HJK,0.5,0.1111111111111111
arctic_b0243,Korean,HJK,0.75,0.1111111111111111
arctic_b0243,Korean,HJK,0.9,0.2222222222222222
arctic_b0243,Korean,HJK,1.0,0.1111111111111111
arctic_b0243,Vietnamese,HQTV,0.0,0.2222222222222222
arctic_b0243,Vietnamese,HQTV,0.25,0.2222222222222222
arctic_b0243,Vietnamese,HQTV,0.5,0.1111111111111111
arctic_b0243,Vietnamese,HQTV,0.75,0.1111111111111111
arctic_b0243,Vietnamese,HQTV,0.9,0.1111111111111111
arctic_b0243,Vietnamese,HQTV,1.0,0.1111111111111111
arctic_b0243,Hindi,SVBI,0.0,0.0
arctic_b0243,Hindi,SVBI,0.25,0.1111111111111111
arctic_b0243,Hindi,SVBI,0.5,0.1111111111111111
arctic_b0243,Hindi,SVBI,0.75,0.1111111111111111
arctic_b0243,Hindi,SVBI,0.9,0.1111111111111111
arctic_b0243,Hindi,SVBI,1.0,0.1111111111111111
arctic_b0243,Arabic,ZHAA,0.0,0.1111111111111111
arctic_b0243,Arabic,ZHAA,0.25,0.1111111111111111
arctic_b0243,Arabic,ZHAA,0.5,0.1111111111111111
arctic_b0243,Arabic,ZHAA,0.75,0.1111111111111111
arctic_b0243,Arabic,ZHAA,0.9,0.1111111111111111
arctic_b0243,Arabic,ZHAA,1.0,0.1111111111111111
arctic_a0024,Chinese,BWC,0.0,0.0
arctic_a0024,Chinese,BWC,0.25,0.15384615384615385
arctic_a0024,Chinese,BWC,0.5,0.38461538461538464
arctic_a0024,Chinese,BWC,0.75,0.0
arctic_a0024,Chinese,BWC,0.9,0.0
arctic_a0024,Chinese,BWC,1.0,0.0
arctic_a0024,Spanish,EBVS,0.0,0.0
arctic_a0024,Spanish,EBVS,0.25,0.07692307692307693
arctic_a0024,Spanish,EBVS,0.5,0.3076923076923077
arctic_a0024,Spanish,EBVS,0.75,0.0
arctic_a0024,Spanish,EBVS,0.9,0.0
arctic_a0024,Spanish,EBVS,1.0,0.0
arctic_a0024,Korean,HJK,0.0,0.0
arctic_a0024,Korean,HJK,0.25,0.0
arctic_a0024,Korean,HJK,0.5,0.07692307692307693
arctic_a0024,Korean,HJK,0.75,0.0
arctic_a0024,Korean,HJK,0.9,0.0
arctic_a0024,Korean,HJK,1.0,0.07692307692307693
arctic_a0024,Vietnamese,HQTV,0.0,0.0
arctic_a0024,Vietnamese,HQTV,0.25,0.23076923076923078
arctic_a0024,Vietnamese,HQTV,0.5,0.38461538461538464
arctic_a0024,Vietnamese,HQTV,0.75,0.07692307692307693
arctic_a0024,Vietnamese,HQTV,0.9,0.0
arctic_a0024,Vietnamese,HQTV,1.0,0.0
arctic_a0024,Hindi,SVBI,0.0,0.0
arctic_a0024,Hindi,SVBI,0.25,0.07692307692307693
arctic_a0024,Hindi,SVBI,0.5,0.15384615384615385
arctic_a0024,Hindi,SVBI,0.75,0.0
arctic_a0024,Hindi,SVBI,0.9,0.0
arctic_a0024,Hindi,SVBI,1.0,0.0
arctic_a0024,Arabic,ZHAA,0.0,0.0
arctic_a0024,Arabic,ZHAA,0.25,0.15384615384615385
arctic_a0024,Arabic,ZHAA,0.5,0.23076923076923078
arctic_a0024,Arabic,ZHAA,0.75,0.0
arctic_a0024,Arabic,ZHAA,0.9,0.0
arctic_a0024,Arabic,ZHAA,1.0,0.0
arctic_b0380,Chinese,BWC,0.0,0.0
arctic_b0380,Chinese,BWC,0.25,0.36363636363636365
arctic_b0380,Chinese,BWC,0.5,0.45454545454545453
arctic_b0380,Chinese,BWC,0.75,0.36363636363636365
arctic_b0380,Chinese,BWC,0.9,0.09090909090909091
arctic_b0380,Chinese,BWC,1.0,0.0
arctic_b0380,Spanish,EBVS,0.0,0.0
arctic_b0380,Spanish,EBVS,0.25,0.2727272727272727
arctic_b0380,Spanish,EBVS,0.5,0.5454545454545454
arctic_b0380,Spanish,EBVS,0.75,0.36363636363636365
arctic_b0380,Spanish,EBVS,0.9,0.09090909090909091
arctic_b0380,Spanish,EBVS,1.0,0.0
arctic_b0380,Korean,HJK,0.0,0.0
arctic_b0380,Korean,HJK,0.25,0.18181818181818182
arctic_b0380,Korean,HJK,0.5,0.18181818181818182
arctic_b0380,Korean,HJK,0.75,0.2727272727272727
arctic_b0380,Korean,HJK,0.9,0.09090909090909091
arctic_b0380,Korean,HJK,1.0,0.0
arctic_b0380,Vietnamese,HQTV,0.0,0.45454545454545453
arctic_b0380,Vietnamese,HQTV,0.25,0.2727272727272727
arctic_b0380,Vietnamese,HQTV,0.5,0.5454545454545454
arctic_b0380,Vietnamese,HQTV,0.75,0.36363636363636365
arctic_b0380,Vietnamese,HQTV,0.9,0.09090909090909091
arctic_b0380,Vietnamese,HQTV,1.0,0.0
arctic_b0380,Hindi,SVBI,0.0,0.09090909090909091
arctic_b0380,Hindi,SVBI,0.25,0.2727272727272727
arctic_b0380,Hindi,SVBI,0.5,0.2727272727272727
arctic_b0380,Hindi,SVBI,0.75,0.18181818181818182
arctic_b0380,Hindi,SVBI,0.9,0.09090909090909091
arctic_b0380,Hindi,SVBI,1.0,0.0
arctic_b0380,Arabic,ZHAA,0.0,0.0
arctic_b0380,Arabic,ZHAA,0.25,0.2727272727272727
arctic_b0380,Arabic,ZHAA,0.5,0.2727272727272727
arctic_b0380,Arabic,ZHAA,0.75,0.2727272727272727
arctic_b0380,Arabic,ZHAA,0.9,0.09090909090909091
arctic_b0380,Arabic,ZHAA,1.0,0.0
arctic_b0457,Chinese,BWC,0.0,0.0
arctic_b0457,Chinese,BWC,0.25,0.2
arctic_b0457,Chinese,BWC,0.5,0.4
arctic_b0457,Chinese,BWC,0.75,0.4
arctic_b0457,Chinese,BWC,0.9,0.0
arctic_b0457,Chinese,BWC,1.0,0.0
arctic_b0457,Korean,HJK,0.0,0.0
arctic_b0457,Korean,HJK,0.25,0.0
arctic_b0457,Korean,HJK,0.5,0.4
arctic_b0457,Korean,HJK,0.75,0.4
arctic_b0457,Korean,HJK,0.9,0.0
arctic_b0457,Korean,HJK,1.0,0.0
arctic_b0457,Vietnamese,HQTV,0.0,0.4
arctic_b0457,Vietnamese,HQTV,0.25,0.2
arctic_b0457,Vietnamese,HQTV,0.5,0.4
arctic_b0457,Vietnamese,HQTV,0.75,0.4
arctic_b0457,Vietnamese,HQTV,0.9,0.2
arctic_b0457,Vietnamese,HQTV,1.0,0.0
arctic_b0457,Hindi,SVBI,0.0,0.0
arctic_b0457,Hindi,SVBI,0.25,0.0
arctic_b0457,Hindi,SVBI,0.5,0.0
arctic_b0457,Hindi,SVBI,0.75,0.0
arctic_b0457,Hindi,SVBI,0.9,0.0
arctic_b0457,Hindi,SVBI,1.0,0.0
arctic_b0457,Arabic,ZHAA,0.0,0.0
arctic_b0457,Arabic,ZHAA,0.25,0.6
arctic_b0457,Arabic,ZHAA,0.5,0.4
arctic_b0457,Arabic,ZHAA,0.75,0.2
arctic_b0457,Arabic,ZHAA,0.9,0.0
arctic_b0457,Arabic,ZHAA,1.0,0.0
arctic_a0458,Chinese,BWC,0.0,0.125
arctic_a0458,Chinese,BWC,0.25,0.125
arctic_a0458,Chinese,BWC,0.5,0.5
arctic_a0458,Chinese,BWC,0.75,0.375
arctic_a0458,Chinese,BWC,0.9,0.25
arctic_a0458,Chinese,BWC,1.0,0.0
arctic_a0458,Spanish,EBVS,0.0,0.0
arctic_a0458,Spanish,EBVS,0.25,0.25
arctic_a0458,Spanish,EBVS,0.5,0.25
arctic_a0458,Spanish,EBVS,0.75,0.375
arctic_a0458,Spanish,EBVS,0.9,0.125
arctic_a0458,Spanish,EBVS,1.0,0.0
arctic_a0458,Korean,HJK,0.0,0.0
arctic_a0458,Korean,HJK,0.25,0.125
arctic_a0458,Korean,HJK,0.5,0.375
arctic_a0458,Korean,HJK,0.75,0.25
arctic_a0458,Korean,HJK,0.9,0.125
arctic_a0458,Korean,HJK,1.0,0.0
arctic_a0458,Vietnamese,HQTV,0.0,0.125
arctic_a0458,Vietnamese,HQTV,0.25,0.375
arctic_a0458,Vietnamese,HQTV,0.5,0.5
arctic_a0458,Vietnamese,HQTV,0.75,0.5
arctic_a0458,Vietnamese,HQTV,0.9,0.125
arctic_a0458,Vietnamese,HQTV,1.0,0.0
arctic_a0458,Hindi,SVBI,0.0,0.0
arctic_a0458,Hindi,SVBI,0.25,0.125
arctic_a0458,Hindi,SVBI,0.5,0.125
arctic_a0458,Hindi,SVBI,0.75,0.125
arctic_a0458,Hindi,SVBI,0.9,0.0
arctic_a0458,Hindi,SVBI,1.0,0.0
arctic_a0458,Arabic,ZHAA,0.0,0.25
arctic_a0458,Arabic,ZHAA,0.25,0.125
arctic_a0458,Arabic,ZHAA,0.5,0.25
arctic_a0458,Arabic,ZHAA,0.75,0.375
arctic_a0458,Arabic,ZHAA,0.9,0.125
arctic_a0458,Arabic,ZHAA,1.0,0.0
arctic_b0026,Chinese,BWC,0.0,0.0
arctic_b0026,Chinese,BWC,0.25,0.375
arctic_b0026,Chinese,BWC,0.5,0.5
arctic_b0026,Chinese,BWC,0.75,0.125
arctic_b0026,Chinese,BWC,0.9,0.0
arctic_b0026,Chinese,BWC,1.0,0.0
arctic_b0026,Spanish,EBVS,0.0,0.0
arctic_b0026,Spanish,EBVS,0.25,0.375
arctic_b0026,Spanish,EBVS,0.5,0.625
arctic_b0026,Spanish,EBVS,0.75,0.125
arctic_b0026,Spanish,EBVS,0.9,0.0
arctic_b0026,Spanish,EBVS,1.0,0.0
arctic_b0026,Korean,HJK,0.0,0.125
arctic_b0026,Korean,HJK,0.25,0.0
arctic_b0026,Korean,HJK,0.5,0.625
arctic_b0026,Korean,HJK,0.75,0.0
arctic_b0026,Korean,HJK,0.9,0.0
arctic_b0026,Korean,HJK,1.0,0.0
arctic_b0026,Vietnamese,HQTV,0.0,0.0
arctic_b0026,Vietnamese,HQTV,0.25,0.375
arctic_b0026,Vietnamese,HQTV,0.5,0.625
arctic_b0026,Vietnamese,HQTV,0.75,0.0
arctic_b0026,Vietnamese,HQTV,0.9,0.0
arctic_b0026,Vietnamese,HQTV,1.0,0.0
arctic_b0026,Hindi,SVBI,0.0,0.0
arctic_b0026,Hindi,SVBI,0.25,0.0
arctic_b0026,Hindi,SVBI,0.5,0.0
arctic_b0026,Hindi,SVBI,0.75,0.0
arctic_b0026,Hindi,SVBI,0.9,0.0
arctic_b0026,Hindi,SVBI,1.0,0.0
arctic_b0026,Arabic,ZHAA,0.0,0.125
arctic_b0026,Arabic,ZHAA,0.25,0.0
arctic_b0026,Arabic,ZHAA,0.5,0.0
arctic_b0026,Arabic,ZHAA,0.75,0.0
arctic_b0026,Arabic,ZHAA,0.9,0.0
arctic_b0026,Arabic,ZHAA,1.0,0.0
arctic_a0276,Chinese,BWC,0.0,0.1
arctic_a0276,Chinese,BWC,0.25,0.1
arctic_a0276,Chinese,BWC,0.5,0.6
arctic_a0276,Chinese,BWC,0.75,0.1
arctic_a0276,Chinese,BWC,0.9,0.0
arctic_a0276,Chinese,BWC,1.0,0.0
arctic_a0276,Spanish,EBVS,0.0,0.3333333333333333
arctic_a0276,Spanish,EBVS,0.25,0.3333333333333333
arctic_a0276,Spanish,EBVS,0.5,0.4444444444444444
arctic_a0276,Spanish,EBVS,0.75,0.3333333333333333
arctic_a0276,Spanish,EBVS,0.9,0.2222222222222222
arctic_a0276,Spanish,EBVS,1.0,0.1111111111111111
arctic_a0276,Korean,HJK,0.0,0.0
arctic_a0276,Korean,HJK,0.25,0.0
arctic_a0276,Korean,HJK,0.5,0.0
arctic_a0276,Korean,HJK,0.75,0.0
arctic_a0276,Korean,HJK,0.9,0.0
arctic_a0276,Korean,HJK,1.0,0.0
arctic_a0276,Vietnamese,HQTV,0.0,0.0
arctic_a0276,Vietnamese,HQTV,0.25,0.2
arctic_a0276,Vietnamese,HQTV,0.5,0.5
arctic_a0276,Vietnamese,HQTV,0.75,0.3
arctic_a0276,Vietnamese,HQTV,0.9,0.1
arctic_a0276,Vietnamese,HQTV,1.0,0.0
arctic_a0276,Hindi,SVBI,0.0,0.0
arctic_a0276,Hindi,SVBI,0.25,0.1
arctic_a0276,Hindi,SVBI,0.5,0.2
arctic_a0276,Hindi,SVBI,0.75,0.1
arctic_a0276,Hindi,SVBI,0.9,0.0
arctic_a0276,Hindi,SVBI,1.0,0.0
arctic_a0276,Arabic,ZHAA,0.0,0.0
arctic_a0276,Arabic,ZHAA,0.25,0.1
arctic_a0276,Arabic,ZHAA,0.5,0.2
arctic_a0276,Arabic,ZHAA,0.75,0.0
arctic_a0276,Arabic,ZHAA,0.9,0.0
arctic_a0276,Arabic,ZHAA,1.0,0.0
arctic_a0395,Chinese,BWC,0.0,0.0
arctic_a0395,Chinese,BWC,0.25,0.3
arctic_a0395,Chinese,BWC,0.5,0.6
arctic_a0395,Chinese,BWC,0.75,0.2
arctic_a0395,Chinese,BWC,0.9,0.2
arctic_a0395,Chinese,BWC,1.0,0.2
arctic_a0395,Spanish,EBVS,0.0,0.5
arctic_a0395,Spanish,EBVS,0.25,0.6
arctic_a0395,Spanish,EBVS,0.5,0.6
arctic_a0395,Spanish,EBVS,0.75,0.2
arctic_a0395,Spanish,EBVS,0.9,0.0
arctic_a0395,Spanish,EBVS,1.0,0.2
arctic_a0395,Korean,HJK,0.0,0.0
arctic_a0395,Korean,HJK,0.25,0.1
arctic_a0395,Korean,HJK,0.5,0.2
arctic_a0395,Korean,HJK,0.75,0.2
arctic_a0395,Korean,HJK,0.9,0.1
arctic_a0395,Korean,HJK,1.0,0.0
arctic_a0395,Vietnamese,HQTV,0.0,0.1
arctic_a0395,Vietnamese,HQTV,0.25,0.3
arctic_a0395,Vietnamese,HQTV,0.5,0.6
arctic_a0395,Vietnamese,HQTV,0.75,0.0
arctic_a0395,Vietnamese,HQTV,0.9,0.0
arctic_a0395,Vietnamese,HQTV,1.0,0.2
arctic_a0395,Hindi,SVBI,0.0,0.2
arctic_a0395,Hindi,SVBI,0.25,0.1
arctic_a0395,Hindi,SVBI,0.5,0.3
arctic_a0395,Hindi,SVBI,0.75,0.1
arctic_a0395,Hindi,SVBI,0.9,0.0
arctic_a0395,Hindi,SVBI,1.0,0.2
arctic_a0395,Arabic,ZHAA,0.0,0.0
arctic_a0395,Arabic,ZHAA,0.25,0.3
arctic_a0395,Arabic,ZHAA,0.5,0.3
arctic_a0395,Arabic,ZHAA,0.75,0.1
arctic_a0395,Arabic,ZHAA,0.9,0.0
arctic_a0395,Arabic,ZHAA,1.0,0.2
arctic_b0296,Chinese,BWC,0.0,0.2
arctic_b0296,Chinese,BWC,0.25,0.2
arctic_b0296,Chinese,BWC,0.5,0.3
arctic_b0296,Chinese,BWC,0.75,0.1
arctic_b0296,Chinese,BWC,0.9,0.1
arctic_b0296,Chinese,BWC,1.0,0.0
arctic_b0296,Spanish,EBVS,0.0,0.2
arctic_b0296,Spanish,EBVS,0.25,0.4
arctic_b0296,Spanish,EBVS,0.5,0.6
arctic_b0296,Spanish,EBVS,0.75,0.2
arctic_b0296,Spanish,EBVS,0.9,0.1
arctic_b0296,Spanish,EBVS,1.0,0.0
arctic_b0296,Korean,HJK,0.0,0.0
arctic_b0296,Korean,HJK,0.25,0.1
arctic_b0296,Korean,HJK,0.5,0.2
arctic_b0296,Korean,HJK,0.75,0.2
arctic_b0296,Korean,HJK,0.9,0.2
arctic_b0296,Korean,HJK,1.0,0.0
arctic_b0296,Vietnamese,HQTV,0.0,0.1
arctic_b0296,Vietnamese,HQTV,0.25,0.2
arctic_b0296,Vietnamese,HQTV,0.5,0.5
arctic_b0296,Vietnamese,HQTV,0.75,0.2
arctic_b0296,Vietnamese,HQTV,0.9,0.1
arctic_b0296,Vietnamese,HQTV,1.0,0.0
arctic_b0296,Hindi,SVBI,0.0,0.1
arctic_b0296,Hindi,SVBI,0.25,0.1
arctic_b0296,Hindi,SVBI,0.5,0.5
arctic_b0296,Hindi,SVBI,0.75,0.1
arctic_b0296,Hindi,SVBI,0.9,0.1
arctic_b0296,Hindi,SVBI,1.0,0.0
arctic_b0296,Arabic,ZHAA,0.0,0.1
arctic_b0296,Arabic,ZHAA,0.25,0.2
arctic_b0296,Arabic,ZHAA,0.5,0.7
arctic_b0296,Arabic,ZHAA,0.75,0.1
arctic_b0296,Arabic,ZHAA,0.9,0.1
arctic_b0296,Arabic,ZHAA,1.0,0.0
arctic_a0179,Chinese,BWC,0.0,0.125
arctic_a0179,Chinese,BWC,0.25,0.0
arctic_a0179,Chinese,BWC,0.5,0.25
arctic_a0179,Chinese,BWC,0.75,0.125
arctic_a0179,Chinese,BWC,0.9,0.125
arctic_a0179,Chinese,BWC,1.0,0.0
arctic_a0179,Spanish,EBVS,0.0,0.0
arctic_a0179,Spanish,EBVS,0.25,0.0
arctic_a0179,Spanish,EBVS,0.5,0.125
arctic_a0179,Spanish,EBVS,0.75,0.125
arctic_a0179,Spanish,EBVS,0.9,0.0
arctic_a0179,Spanish,EBVS,1.0,0.0
arctic_a0179,Korean,HJK,0.0,0.125
arctic_a0179,Korean,HJK,0.25,0.125
arctic_a0179,Korean,HJK,0.5,0.0
arctic_a0179,Korean,HJK,0.75,0.0
arctic_a0179,Korean,HJK,0.9,0.0
arctic_a0179,Korean,HJK,1.0,0.125
arctic_a0179,Vietnamese,HQTV,0.0,0.0
arctic_a0179,Vietnamese,HQTV,0.25,0.0
arctic_a0179,Vietnamese,HQTV,0.5,0.0
arctic_a0179,Vietnamese,HQTV,0.75,0.0
arctic_a0179,Vietnamese,HQTV,0.9,0.0
arctic_a0179,Vietnamese,HQTV,1.0,0.0
arctic_a0179,Hindi,SVBI,0.0,0.125
arctic_a0179,Hindi,SVBI,0.25,0.125
arctic_a0179,Hindi,SVBI,0.5,0.125
arctic_a0179,Hindi,SVBI,0.75,0.125
arctic_a0179,Hindi,SVBI,0.9,0.0
arctic_a0179,Hindi,SVBI,1.0,0.0
arctic_a0179,Arabic,ZHAA,0.0,0.125
arctic_a0179,Arabic,ZHAA,0.25,0.0
arctic_a0179,Arabic,ZHAA,0.5,0.125
arctic_a0179,Arabic,ZHAA,0.75,0.125
arctic_a0179,Arabic,ZHAA,0.9,0.0
arctic_a0179,Arabic,ZHAA,1.0,0.0
arctic_b0274,Chinese,BWC,0.0,0.1111111111111111
arctic_b0274,Chinese,BWC,0.25,0.3333333333333333
arctic_b0274,Chinese,BWC,0.5,0.6666666666666666
arctic_b0274,Chinese,BWC,0.75,0.3333333333333333
arctic_b0274,Chinese,BWC,0.9,0.1111111111111111
arctic_b0274,Chinese,BWC,1.0,0.0
arctic_b0274,Spanish,EBVS,0.0,0.3333333333333333
arctic_b0274,Spanish,EBVS,0.25,0.1111111111111111
arctic_b0274,Spanish,EBVS,0.5,0.2222222222222222
arctic_b0274,Spanish,EBVS,0.75,0.1111111111111111
arctic_b0274,Spanish,EBVS,0.9,0.0
arctic_b0274,Spanish,EBVS,1.0,0.0
arctic_b0274,Korean,HJK,0.0,0.2222222222222222
arctic_b0274,Korean,HJK,0.25,0.0
arctic_b0274,Korean,HJK,0.5,0.1111111111111111
arctic_b0274,Korean,HJK,0.75,0.1111111111111111
arctic_b0274,Korean,HJK,0.9,0.1111111111111111
arctic_b0274,Korean,HJK,1.0,0.2222222222222222
arctic_b0274,Vietnamese,HQTV,0.0,0.0
arctic_b0274,Vietnamese,HQTV,0.25,0.1111111111111111
arctic_b0274,Vietnamese,HQTV,0.5,0.5555555555555556
arctic_b0274,Vietnamese,HQTV,0.75,0.3333333333333333
arctic_b0274,Vietnamese,HQTV,0.9,0.1111111111111111
arctic_b0274,Vietnamese,HQTV,1.0,0.0
arctic_b0274,Hindi,SVBI,0.0,0.0
arctic_b0274,Hindi,SVBI,0.25,0.1111111111111111
arctic_b0274,Hindi,SVBI,0.5,0.1111111111111111
arctic_b0274,Hindi,SVBI,0.75,0.1111111111111111
arctic_b0274,Hindi,SVBI,0.9,0.1111111111111111
arctic_b0274,Hindi,SVBI,1.0,0.0
arctic_b0274,Arabic,ZHAA,0.0,0.1111111111111111
arctic_b0274,Arabic,ZHAA,0.25,0.1111111111111111
arctic_b0274,Arabic,ZHAA,0.5,0.1111111111111111
arctic_b0274,Arabic,ZHAA,0.75,0.1111111111111111
arctic_b0274,Arabic,ZHAA,0.9,0.0
arctic_b0274,Arabic,ZHAA,1.0,0.1111111111111111
arctic_b0526,Chinese,BWC,0.0,0.14285714285714285
arctic_b0526,Chinese,BWC,0.25,0.14285714285714285
arctic_b0526,Chinese,BWC,0.5,0.14285714285714285
arctic_b0526,Chinese,BWC,0.75,0.0
arctic_b0526,Chinese,BWC,0.9,0.14285714285714285
arctic_b0526,Chinese,BWC,1.0,0.14285714285714285
arctic_b0526,Korean,HJK,0.0,0.2857142857142857
arctic_b0526,Korean,HJK,0.25,0.0
arctic_b0526,Korean,HJK,0.5,0.14285714285714285
arctic_b0526,Korean,HJK,0.75,0.14285714285714285
arctic_b0526,Korean,HJK,0.9,0.14285714285714285
arctic_b0526,Korean,HJK,1.0,0.0
arctic_b0526,Vietnamese,HQTV,0.0,0.0
arctic_b0526,Vietnamese,HQTV,0.25,0.14285714285714285
arctic_b0526,Vietnamese,HQTV,0.5,0.5714285714285714
arctic_b0526,Vietnamese,HQTV,0.75,0.14285714285714285
arctic_b0526,Vietnamese,HQTV,0.9,0.14285714285714285
arctic_b0526,Vietnamese,HQTV,1.0,0.14285714285714285
arctic_b0526,Hindi,SVBI,0.0,0.0
arctic_b0526,Hindi,SVBI,0.25,0.0
arctic_b0526,Hindi,SVBI,0.5,0.14285714285714285
arctic_b0526,Hindi,SVBI,0.75,0.14285714285714285
arctic_b0526,Hindi,SVBI,0.9,0.14285714285714285
arctic_b0526,Hindi,SVBI,1.0,0.0
arctic_b0526,Arabic,ZHAA,0.0,0.0
arctic_b0526,Arabic,ZHAA,0.25,0.0
arctic_b0526,Arabic,ZHAA,0.5,0.14285714285714285
arctic_b0526,Arabic,ZHAA,0.75,0.0
arctic_b0526,Arabic,ZHAA,0.9,0.14285714285714285
arctic_b0526,Arabic,ZHAA,1.0,0.0
arctic_a0089,Chinese,BWC,0.0,0.25
arctic_a0089,Chinese,BWC,0.25,0.375
arctic_a0089,Chinese,BWC,0.5,0.375
arctic_a0089,Chinese,BWC,0.75,0.25
arctic_a0089,Chinese,BWC,0.9,0.25
arctic_a0089,Chinese,BWC,1.0,0.25
arctic_a0089,Spanish,EBVS,0.0,0.125
arctic_a0089,Spanish,EBVS,0.25,0.25
arctic_a0089,Spanish,EBVS,0.5,0.5
arctic_a0089,Spanish,EBVS,0.75,0.5
arctic_a0089,Spanish,EBVS,0.9,0.375
arctic_a0089,Spanish,EBVS,1.0,0.25
arctic_a0089,Korean,HJK,0.0,0.0
arctic_a0089,Korean,HJK,0.25,0.125
arctic_a0089,Korean,HJK,0.5,0.375
arctic_a0089,Korean,HJK,0.75,0.375
arctic_a0089,Korean,HJK,0.9,0.375
arctic_a0089,Korean,HJK,1.0,0.25
arctic_a0089,Vietnamese,HQTV,0.0,0.375
arctic_a0089,Vietnamese,HQTV,0.25,0.5
arctic_a0089,Vietnamese,HQTV,0.5,0.375
arctic_a0089,Vietnamese,HQTV,0.75,0.375
arctic_a0089,Vietnamese,HQTV,0.9,0.375
arctic_a0089,Vietnamese,HQTV,1.0,0.25
arctic_a0089,Hindi,SVBI,0.0,0.125
arctic_a0089,Hindi,SVBI,0.25,0.125
arctic_a0089,Hindi,SVBI,0.5,0.25
arctic_a0089,Hindi,SVBI,0.75,0.375
arctic_a0089,Hindi,SVBI,0.9,0.375
arctic_a0089,Hindi,SVBI,1.0,0.25
arctic_a0089,Arabic,ZHAA,0.0,0.125
arctic_a0089,Arabic,ZHAA,0.25,0.25
arctic_a0089,Arabic,ZHAA,0.5,0.75
arctic_a0089,Arabic,ZHAA,0.75,0.5
arctic_a0089,Arabic,ZHAA,0.9,0.375
arctic_a0089,Arabic,ZHAA,1.0,0.25
arctic_a0554,Chinese,BWC,0.0,0.16666666666666666
arctic_a0554,Chinese,BWC,0.25,0.16666666666666666
arctic_a0554,Chinese,BWC,0.5,0.3333333333333333
arctic_a0554,Chinese,BWC,0.75,0.16666666666666666
arctic_a0554,Chinese,BWC,0.9,0.3333333333333333
arctic_a0554,Chinese,BWC,1.0,0.16666666666666666
arctic_a0554,Spanish,EBVS,0.0,0.0
arctic_a0554,Spanish,EBVS,0.25,0.0
arctic_a0554,Spanish,EBVS,0.5,0.3333333333333333
arctic_a0554,Spanish,EBVS,0.75,0.16666666666666666
arctic_a0554,Spanish,EBVS,0.9,0.16666666666666666
arctic_a0554,Spanish,EBVS,1.0,0.0
arctic_a0554,Korean,HJK,0.0,0.0
arctic_a0554,Korean,HJK,0.25,0.0
arctic_a0554,Korean,HJK,0.5,0.3333333333333333
arctic_a0554,Korean,HJK,0.75,0.16666666666666666
arctic_a0554,Korean,HJK,0.9,0.0
arctic_a0554,Korean,HJK,1.0,0.16666666666666666
arctic_a0554,Vietnamese,HQTV,0.0,0.0
arctic_a0554,Vietnamese,HQTV,0.25,0.3333333333333333
arctic_a0554,Vietnamese,HQTV,0.5,0.0
arctic_a0554,Vietnamese,HQTV,0.75,0.3333333333333333
arctic_a0554,Vietnamese,HQTV,0.9,0.0
arctic_a0554,Vietnamese,HQTV,1.0,0.0
arctic_a0554,Hindi,SVBI,0.0,0.0
arctic_a0554,Hindi,SVBI,0.25,0.0
arctic_a0554,Hindi,SVBI,0.5,0.0
arctic_a0554,Hindi,SVBI,0.75,0.3333333333333333
arctic_a0554,Hindi,SVBI,0.9,0.16666666666666666
arctic_a0554,Hindi,SVBI,1.0,0.16666666666666666
arctic_a0554,Arabic,ZHAA,0.0,0.16666666666666666
arctic_a0554,Arabic,ZHAA,0.25,0.0
arctic_a0554,Arabic,ZHAA,0.5,0.16666666666666666
arctic_a0554,Arabic,ZHAA,0.75,0.16666666666666666
arctic_a0554,Arabic,ZHAA,0.9,0.16666666666666666
arctic_a0554,Arabic,ZHAA,1.0,0.0
arctic_b0212,Chinese,BWC,0.0,0.0
arctic_b0212,Chinese,BWC,0.25,0.3
arctic_b0212,Chinese,BWC,0.5,0.4
arctic_b0212,Chinese,BWC,0.75,0.1
arctic_b0212,Chinese,BWC,0.9,0.2
arctic_b0212,Chinese,BWC,1.0,0.2
arctic_b0212,Spanish,EBVS,0.0,0.5555555555555556
arctic_b0212,Spanish,EBVS,0.25,0.3333333333333333
arctic_b0212,Spanish,EBVS,0.5,0.5555555555555556
arctic_b0212,Spanish,EBVS,0.75,0.2222222222222222
arctic_b0212,Spanish,EBVS,0.9,0.2222222222222222
arctic_b0212,Spanish,EBVS,1.0,0.3333333333333333
arctic_b0212,Korean,HJK,0.0,0.0
arctic_b0212,Korean,HJK,0.25,0.1
arctic_b0212,Korean,HJK,0.5,0.3
arctic_b0212,Korean,HJK,0.75,0.2
arctic_b0212,Korean,HJK,0.9,0.2
arctic_b0212,Korean,HJK,1.0,0.1
arctic_b0212,Vietnamese,HQTV,0.0,0.2
arctic_b0212,Vietnamese,HQTV,0.25,0.4
arctic_b0212,Vietnamese,HQTV,0.5,0.6
arctic_b0212,Vietnamese,HQTV,0.75,0.1
arctic_b0212,Vietnamese,HQTV,0.9,0.2
arctic_b0212,Vietnamese,HQTV,1.0,0.1
arctic_b0212,Hindi,SVBI,0.0,0.0
arctic_b0212,Hindi,SVBI,0.25,0.1
arctic_b0212,Hindi,SVBI,0.5,0.3
arctic_b0212,Hindi,SVBI,0.75,0.2
arctic_b0212,Hindi,SVBI,0.9,0.1
arctic_b0212,Hindi,SVBI,1.0,0.2
arctic_b0212,Arabic,ZHAA,0.0,0.0
arctic_b0212,Arabic,ZHAA,0.25,0.1
arctic_b0212,Arabic,ZHAA,0.5,0.4
arctic_b0212,Arabic,ZHAA,0.75,0.2
arctic_b0212,Arabic,ZHAA,0.9,0.1
arctic_b0212,Arabic,ZHAA,1.0,0.1
arctic_b0130,Chinese,BWC,0.0,0.0
arctic_b0130,Chinese,BWC,0.25,0.0
arctic_b0130,Chinese,BWC,0.5,0.14285714285714285
arctic_b0130,Chinese,BWC,0.75,0.14285714285714285
arctic_b0130,Chinese,BWC,0.9,0.14285714285714285
arctic_b0130,Chinese,BWC,1.0,0.14285714285714285
arctic_b0130,Spanish,EBVS,0.0,0.0
arctic_b0130,Spanish,EBVS,0.25,0.0
arctic_b0130,Spanish,EBVS,0.5,0.7142857142857143
arctic_b0130,Spanish,EBVS,0.75,0.14285714285714285
arctic_b0130,Spanish,EBVS,0.9,0.14285714285714285
arctic_b0130,Spanish,EBVS,1.0,0.0
arctic_b0130,Korean,HJK,0.0,0.0
arctic_b0130,Korean,HJK,0.25,0.0
arctic_b0130,Korean,HJK,0.5,0.0
arctic_b0130,Korean,HJK,0.75,0.0
arctic_b0130,Korean,HJK,0.9,0.0
arctic_b0130,Korean,HJK,1.0,0.0
arctic_b0130,Vietnamese,HQTV,0.0,0.0
arctic_b0130,Vietnamese,HQTV,0.25,0.0
arctic_b0130,Vietnamese,HQTV,0.5,0.14285714285714285
arctic_b0130,Vietnamese,HQTV,0.75,0.0
arctic_b0130,Vietnamese,HQTV,0.9,0.0
arctic_b0130,Vietnamese,HQTV,1.0,0.0
arctic_b0130,Hindi,SVBI,0.0,0.0
arctic_b0130,Hindi,SVBI,0.25,0.0
arctic_b0130,Hindi,SVBI,0.5,0.0
arctic_b0130,Hindi,SVBI,0.75,0.0
arctic_b0130,Hindi,SVBI,0.9,0.0
arctic_b0130,Hindi,SVBI,1.0,0.0
arctic_b0130,Arabic,ZHAA,0.0,0.0
arctic_b0130,Arabic,ZHAA,0.25,0.0
arctic_b0130,Arabic,ZHAA,0.5,0.14285714285714285
arctic_b0130,Arabic,ZHAA,0.75,0.0
arctic_b0130,Arabic,ZHAA,0.9,0.0
arctic_b0130,Arabic,ZHAA,1.0,0.0
arctic_a0356,Chinese,BWC,0.0,0.25
arctic_a0356,Chinese,BWC,0.25,0.125
arctic_a0356,Chinese,BWC,0.5,0.625
arctic_a0356,Chinese,BWC,0.75,0.375
arctic_a0356,Chinese,BWC,0.9,0.25
arctic_a0356,Chinese,BWC,1.0,0.125
arctic_a0356,Spanish,EBVS,0.0,0.0
arctic_a0356,Spanish,EBVS,0.25,0.125
arctic_a0356,Spanish,EBVS,0.5,0.25
arctic_a0356,Spanish,EBVS,0.75,0.125
arctic_a0356,Spanish,EBVS,0.9,0.125
arctic_a0356,Spanish,EBVS,1.0,0.25
arctic_a0356,Korean,HJK,0.0,0.0
arctic_a0356,Korean,HJK,0.25,0.0
arctic_a0356,Korean,HJK,0.5,0.125
arctic_a0356,Korean,HJK,0.75,0.125
arctic_a0356,Korean,HJK,0.9,0.125
arctic_a0356,Korean,HJK,1.0,0.25
arctic_a0356,Vietnamese,HQTV,0.0,0.0
arctic_a0356,Vietnamese,HQTV,0.25,0.375
arctic_a0356,Vietnamese,HQTV,0.5,0.625
arctic_a0356,Vietnamese,HQTV,0.75,0.25
arctic_a0356,Vietnamese,HQTV,0.9,0.125
arctic_a0356,Vietnamese,HQTV,1.0,0.25
arctic_a0356,Hindi,SVBI,0.0,0.0
arctic_a0356,Hindi,SVBI,0.25,0.125
arctic_a0356,Hindi,SVBI,0.5,0.25
arctic_a0356,Hindi,SVBI,0.75,0.125
arctic_a0356,Hindi,SVBI,0.9,0.125
arctic_a0356,Hindi,SVBI,1.0,0.0
arctic_a0356,Arabic,ZHAA,0.0,0.0
arctic_a0356,Arabic,ZHAA,0.25,0.125
arctic_a0356,Arabic,ZHAA,0.5,0.25
arctic_a0356,Arabic,ZHAA,0.75,0.125
arctic_a0356,Arabic,ZHAA,0.9,0.125
arctic_a0356,Arabic,ZHAA,1.0,0.0
arctic_a0491,Chinese,BWC,0.0,0.18181818181818182
arctic_a0491,Chinese,BWC,0.25,0.36363636363636365
arctic_a0491,Chinese,BWC,0.5,0.7272727272727273
arctic_a0491,Chinese,BWC,0.75,0.2727272727272727
arctic_a0491,Chinese,BWC,0.9,0.36363636363636365
arctic_a0491,Chinese,BWC,1.0,0.18181818181818182
arctic_a0491,Spanish,EBVS,0.0,0.09090909090909091
arctic_a0491,Spanish,EBVS,0.25,0.45454545454545453
arctic_a0491,Spanish,EBVS,0.5,0.6363636363636364
arctic_a0491,Spanish,EBVS,0.75,0.45454545454545453
arctic_a0491,Spanish,EBVS,0.9,0.36363636363636365
arctic_a0491,Spanish,EBVS,1.0,0.2727272727272727
arctic_a0491,Korean,HJK,0.0,0.18181818181818182
arctic_a0491,Korean,HJK,0.25,0.2727272727272727
arctic_a0491,Korean,HJK,0.5,0.36363636363636365
arctic_a0491,Korean,HJK,0.75,0.36363636363636365
arctic_a0491,Korean,HJK,0.9,0.36363636363636365
arctic_a0491,Korean,HJK,1.0,0.18181818181818182
arctic_a0491,Vietnamese,HQTV,0.0,0.09090909090909091
arctic_a0491,Vietnamese,HQTV,0.25,0.2727272727272727
arctic_a0491,Vietnamese,HQTV,0.5,0.45454545454545453
arctic_a0491,Vietnamese,HQTV,0.75,0.2727272727272727
arctic_a0491,Vietnamese,HQTV,0.9,0.36363636363636365
arctic_a0491,Vietnamese,HQTV,1.0,0.09090909090909091
arctic_a0491,Hindi,SVBI,0.0,0.0
arctic_a0491,Hindi,SVBI,0.25,0.18181818181818182
arctic_a0491,Hindi,SVBI,0.5,0.36363636363636365
arctic_a0491,Hindi,SVBI,0.75,0.2727272727272727
arctic_a0491,Hindi,SVBI,0.9,0.18181818181818182
arctic_a0491,Hindi,SVBI,1.0,0.2727272727272727
arctic_a0491,Arabic,ZHAA,0.0,0.0
arctic_a0491,Arabic,ZHAA,0.25,0.2727272727272727
arctic_a0491,Arabic,ZHAA,0.5,0.45454545454545453
arctic_a0491,Arabic,ZHAA,0.75,0.36363636363636365
arctic_a0491,Arabic,ZHAA,0.9,0.36363636363636365
arctic_a0491,Arabic,ZHAA,1.0,0.18181818181818182
arctic_a0193,Chinese,BWC,0.0,0.0
arctic_a0193,Chinese,BWC,0.25,0.2
arctic_a0193,Chinese,BWC,0.5,0.2
arctic_a0193,Chinese,BWC,0.75,0.2
arctic_a0193,Chinese,BWC,0.9,0.0
arctic_a0193,Chinese,BWC,1.0,0.0
arctic_a0193,Spanish,EBVS,0.0,0.4
arctic_a0193,Spanish,EBVS,0.25,0.4
arctic_a0193,Spanish,EBVS,0.5,0.2
arctic_a0193,Spanish,EBVS,0.75,0.0
arctic_a0193,Spanish,EBVS,0.9,0.0
arctic_a0193,Spanish,EBVS,1.0,0.0
arctic_a0193,Korean,HJK,0.0,0.0
arctic_a0193,Korean,HJK,0.25,0.0
arctic_a0193,Korean,HJK,0.5,0.2
arctic_a0193,Korean,HJK,0.75,0.0
arctic_a0193,Korean,HJK,0.9,0.0
arctic_a0193,Korean,HJK,1.0,0.0
arctic_a0193,Vietnamese,HQTV,0.0,0.0
arctic_a0193,Vietnamese,HQTV,0.25,0.2
arctic_a0193,Vietnamese,HQTV,0.5,0.2
arctic_a0193,Vietnamese,HQTV,0.75,0.0
arctic_a0193,Vietnamese,HQTV,0.9,0.0
arctic_a0193,Vietnamese,HQTV,1.0,0.0
arctic_a0193,Hindi,SVBI,0.0,0.0
arctic_a0193,Hindi,SVBI,0.25,0.0
arctic_a0193,Hindi,SVBI,0.5,0.0
arctic_a0193,Hindi,SVBI,0.75,0.0
arctic_a0193,Hindi,SVBI,0.9,0.0
arctic_a0193,Hindi,SVBI,1.0,0.0
arctic_a0193,Arabic,ZHAA,0.0,0.0
arctic_a0193,Arabic,ZHAA,0.25,0.0
arctic_a0193,Arabic,ZHAA,0.5,0.0
arctic_a0193,Arabic,ZHAA,0.75,0.0
arctic_a0193,Arabic,ZHAA,0.9,0.0
arctic_a0193,Arabic,ZHAA,1.0,0.0
arctic_a0360,Chinese,BWC,0.0,0.0
arctic_a0360,Chinese,BWC,0.25,0.3076923076923077
arctic_a0360,Chinese,BWC,0.5,0.6153846153846154
arctic_a0360,Chinese,BWC,0.75,0.23076923076923078
arctic_a0360,Chinese,BWC,0.9,0.15384615384615385
arctic_a0360,Chinese,BWC,1.0,0.0
arctic_a0360,Spanish,EBVS,0.0,0.07692307692307693
arctic_a0360,Spanish,EBVS,0.25,0.07692307692307693
arctic_a0360,Spanish,EBVS,0.5,0.46153846153846156
arctic_a0360,Spanish,EBVS,0.75,0.15384615384615385
arctic_a0360,Spanish,EBVS,0.9,0.07692307692307693
arctic_a0360,Spanish,EBVS,1.0,0.0
arctic_a0360,Korean,HJK,0.0,0.0
arctic_a0360,Korean,HJK,0.25,0.07692307692307693
arctic_a0360,Korean,HJK,0.5,0.3076923076923077
arctic_a0360,Korean,HJK,0.75,0.15384615384615385
arctic_a0360,Korean,HJK,0.9,0.15384615384615385
arctic_a0360,Korean,HJK,1.0,0.0
arctic_a0360,Vietnamese,HQTV,0.0,0.0
arctic_a0360,Vietnamese,HQTV,0.25,0.3076923076923077
arctic_a0360,Vietnamese,HQTV,0.5,0.38461538461538464
arctic_a0360,Vietnamese,HQTV,0.75,0.15384615384615385
arctic_a0360,Vietnamese,HQTV,0.9,0.07692307692307693
arctic_a0360,Vietnamese,HQTV,1.0,0.0
arctic_a0360,Hindi,SVBI,0.0,0.0
arctic_a0360,Hindi,SVBI,0.25,0.15384615384615385
arctic_a0360,Hindi,SVBI,0.5,0.15384615384615385
arctic_a0360,Hindi,SVBI,0.75,0.07692307692307693
arctic_a0360,Hindi,SVBI,0.9,0.07692307692307693
arctic_a0360,Hindi,SVBI,1.0,0.0
arctic_a0360,Arabic,ZHAA,0.0,0.0
arctic_a0360,Arabic,ZHAA,0.25,0.07692307692307693
arctic_a0360,Arabic,ZHAA,0.5,0.3076923076923077
arctic_a0360,Arabic,ZHAA,0.75,0.07692307692307693
arctic_a0360,Arabic,ZHAA,0.9,0.15384615384615385
arctic_a0360,Arabic,ZHAA,1.0,0.0
arctic_b0209,Chinese,BWC,0.0,0.09090909090909091
arctic_b0209,Chinese,BWC,0.25,0.2727272727272727
arctic_b0209,Chinese,BWC,0.5,0.6363636363636364
arctic_b0209,Chinese,BWC,0.75,0.36363636363636365
arctic_b0209,Chinese,BWC,0.9,0.18181818181818182
arctic_b0209,Chinese,BWC,1.0,0.09090909090909091
arctic_b0209,Spanish,EBVS,0.0,0.0
arctic_b0209,Spanish,EBVS,0.25,0.2727272727272727
arctic_b0209,Spanish,EBVS,0.5,0.5454545454545454
arctic_b0209,Spanish,EBVS,0.75,0.36363636363636365
arctic_b0209,Spanish,EBVS,0.9,0.18181818181818182
arctic_b0209,Spanish,EBVS,1.0,0.09090909090909091
arctic_b0209,Korean,HJK,0.0,0.0
arctic_b0209,Korean,HJK,0.25,0.09090909090909091
arctic_b0209,Korean,HJK,0.5,0.36363636363636365
arctic_b0209,Korean,HJK,0.75,0.18181818181818182
arctic_b0209,Korean,HJK,0.9,0.0
arctic_b0209,Korean,HJK,1.0,0.09090909090909091
arctic_b0209,Vietnamese,HQTV,0.0,0.2727272727272727
arctic_b0209,Vietnamese,HQTV,0.25,0.6363636363636364
arctic_b0209,Vietnamese,HQTV,0.5,0.8181818181818182
arctic_b0209,Vietnamese,HQTV,0.75,0.18181818181818182
arctic_b0209,Vietnamese,HQTV,0.9,0.2727272727272727
arctic_b0209,Vietnamese,HQTV,1.0,0.0
arctic_b0209,Hindi,SVBI,0.0,0.0
arctic_b0209,Hindi,SVBI,0.25,0.18181818181818182
arctic_b0209,Hindi,SVBI,0.5,0.18181818181818182
arctic_b0209,Hindi,SVBI,0.75,0.2727272727272727
arctic_b0209,Hindi,SVBI,0.9,0.0
arctic_b0209,Hindi,SVBI,1.0,0.0
arctic_b0209,Arabic,ZHAA,0.0,0.09090909090909091
arctic_b0209,Arabic,ZHAA,0.25,0.45454545454545453
arctic_b0209,Arabic,ZHAA,0.5,0.45454545454545453
arctic_b0209,Arabic,ZHAA,0.75,0.09090909090909091
arctic_b0209,Arabic,ZHAA,0.9,0.0
arctic_b0209,Arabic,ZHAA,1.0,0.09090909090909091
arctic_a0071,Chinese,BWC,0.0,0.0
arctic_a0071,Chinese,BWC,0.25,0.0
arctic_a0071,Chinese,BWC,0.5,0.125
arctic_a0071,Chinese,BWC,0.75,0.0
arctic_a0071,Chinese,BWC,0.9,0.0
arctic_a0071,Chinese,BWC,1.0,0.0
arctic_a0071,Spanish,EBVS,0.0,0.0
arctic_a0071,Spanish,EBVS,0.25,0.375
arctic_a0071,Spanish,EBVS,0.5,0.5
arctic_a0071,Spanish,EBVS,0.75,0.125
arctic_a0071,Spanish,EBVS,0.9,0.0
arctic_a0071,Spanish,EBVS,1.0,0.0
arctic_a0071,Korean,HJK,0.0,0.0
arctic_a0071,Korean,HJK,0.25,0.125
arctic_a0071,Korean,HJK,0.5,0.125
arctic_a0071,Korean,HJK,0.75,0.125
arctic_a0071,Korean,HJK,0.9,0.0
arctic_a0071,Korean,HJK,1.0,0.0
arctic_a0071,Vietnamese,HQTV,0.0,0.0
arctic_a0071,Vietnamese,HQTV,0.25,0.0
arctic_a0071,Vietnamese,HQTV,0.5,0.125
arctic_a0071,Vietnamese,HQTV,0.75,0.125
arctic_a0071,Vietnamese,HQTV,0.9,0.0
arctic_a0071,Vietnamese,HQTV,1.0,0.0
arctic_a0071,Hindi,SVBI,0.0,0.0
arctic_a0071,Hindi,SVBI,0.25,0.0
arctic_a0071,Hindi,SVBI,0.5,0.0
arctic_a0071,Hindi,SVBI,0.75,0.0
arctic_a0071,Hindi,SVBI,0.9,0.0
arctic_a0071,Hindi,SVBI,1.0,0.0
arctic_a0071,Arabic,ZHAA,0.0,0.0
arctic_a0071,Arabic,ZHAA,0.25,0.125
arctic_a0071,Arabic,ZHAA,0.5,0.125
arctic_a0071,Arabic,ZHAA,0.75,0.0
arctic_a0071,Arabic,ZHAA,0.9,0.0
arctic_a0071,Arabic,ZHAA,1.0,0.0
arctic_b0399,Chinese,BWC,0.0,0.25
arctic_b0399,Chinese,BWC,0.25,0.125
arctic_b0399,Chinese,BWC,0.5,0.5
arctic_b0399,Chinese,BWC,0.75,0.25
arctic_b0399,Chinese,BWC,0.9,0.25
arctic_b0399,Chinese,BWC,1.0,0.0
arctic_b0399,Spanish,EBVS,0.0,0.0
arctic_b0399,Spanish,EBVS,0.25,0.25
arctic_b0399,Spanish,EBVS,0.5,0.5
arctic_b0399,Spanish,EBVS,0.75,0.125
arctic_b0399,Spanish,EBVS,0.9,0.0
arctic_b0399,Spanish,EBVS,1.0,0.0
arctic_b0399,Korean,HJK,0.0,0.0
arctic_b0399,Korean,HJK,0.25,0.125
arctic_b0399,Korean,HJK,0.5,0.25
arctic_b0399,Korean,HJK,0.75,0.25
arctic_b0399,Korean,HJK,0.9,0.0
arctic_b0399,Korean,HJK,1.0,0.0
arctic_b0399,Vietnamese,HQTV,0.0,0.0
arctic_b0399,Vietnamese,HQTV,0.25,0.25
arctic_b0399,Vietnamese,HQTV,0.5,0.75
arctic_b0399,Vietnamese,HQTV,0.75,0.125
arctic_b0399,Vietnamese,HQTV,0.9,0.25
arctic_b0399,Vietnamese,HQTV,1.0,0.0
arctic_b0399,Hindi,SVBI,0.0,0.0
arctic_b0399,Hindi,SVBI,0.25,0.125
arctic_b0399,Hindi,SVBI,0.5,0.125
arctic_b0399,Hindi,SVBI,0.75,0.0
arctic_b0399,Hindi,SVBI,0.9,0.0
arctic_b0399,Hindi,SVBI,1.0,0.0
arctic_b0399,Arabic,ZHAA,0.0,0.125
arctic_b0399,Arabic,ZHAA,0.25,0.0
arctic_b0399,Arabic,ZHAA,0.5,0.375
arctic_b0399,Arabic,ZHAA,0.75,0.125
arctic_b0399,Arabic,ZHAA,0.9,0.25
arctic_b0399,Arabic,ZHAA,1.0,0.0
arctic_b0472,Chinese,BWC,0.0,0.0
arctic_b0472,Chinese,BWC,0.25,0.2222222222222222
arctic_b0472,Chinese,BWC,0.5,0.4444444444444444
arctic_b0472,Chinese,BWC,0.75,0.1111111111111111
arctic_b0472,Chinese,BWC,0.9,0.0
arctic_b0472,Chinese,BWC,1.0,0.0
arctic_b0472,Korean,HJK,0.0,0.0
arctic_b0472,Korean,HJK,0.25,0.2222222222222222
arctic_b0472,Korean,HJK,0.5,0.2222222222222222
arctic_b0472,Korean,HJK,0.75,0.2222222222222222
arctic_b0472,Korean,HJK,0.9,0.0
arctic_b0472,Korean,HJK,1.0,0.0
arctic_b0472,Vietnamese,HQTV,0.0,0.1111111111111111
arctic_b0472,Vietnamese,HQTV,0.25,0.4444444444444444
arctic_b0472,Vietnamese,HQTV,0.5,0.6666666666666666
arctic_b0472,Vietnamese,HQTV,0.75,0.2222222222222222
arctic_b0472,Vietnamese,HQTV,0.9,0.2222222222222222
arctic_b0472,Vietnamese,HQTV,1.0,0.0
arctic_b0472,Hindi,SVBI,0.0,0.1111111111111111
arctic_b0472,Hindi,SVBI,0.25,0.1111111111111111
arctic_b0472,Hindi,SVBI,0.5,0.0
arctic_b0472,Hindi,SVBI,0.75,0.0
arctic_b0472,Hindi,SVBI,0.9,0.0
arctic_b0472,Hindi,SVBI,1.0,0.0
arctic_b0472,Arabic,ZHAA,0.0,0.2222222222222222
arctic_b0472,Arabic,ZHAA,0.25,0.4444444444444444
arctic_b0472,Arabic,ZHAA,0.5,0.5555555555555556
arctic_b0472,Arabic,ZHAA,0.75,0.3333333333333333
arctic_b0472,Arabic,ZHAA,0.9,0.0
arctic_b0472,Arabic,ZHAA,1.0,0.0
arctic_a0200,Chinese,BWC,0.0,0.1
arctic_a0200,Chinese,BWC,0.25,0.4
arctic_a0200,Chinese,BWC,0.5,0.7
arctic_a0200,Chinese,BWC,0.75,0.3
arctic_a0200,Chinese,BWC,0.9,0.1
arctic_a0200,Chinese,BWC,1.0,0.0
arctic_a0200,Spanish,EBVS,0.0,0.1
arctic_a0200,Spanish,EBVS,0.25,0.1
arctic_a0200,Spanish,EBVS,0.5,0.6
arctic_a0200,Spanish,EBVS,0.75,0.0
arctic_a0200,Spanish,EBVS,0.9,0.0
arctic_a0200,Spanish,EBVS,1.0,0.0
arctic_a0200,Korean,HJK,0.0,0.1
arctic_a0200,Korean,HJK,0.25,0.2
arctic_a0200,Korean,HJK,0.5,0.4
arctic_a0200,Korean,HJK,0.75,0.1
arctic_a0200,Korean,HJK,0.9,0.1
arctic_a0200,Korean,HJK,1.0,0.0
arctic_a0200,Vietnamese,HQTV,0.0,0.0
arctic_a0200,Vietnamese,HQTV,0.25,0.3
arctic_a0200,Vietnamese,HQTV,0.5,0.7
arctic_a0200,Vietnamese,HQTV,0.75,0.1
arctic_a0200,Vietnamese,HQTV,0.9,0.1
arctic_a0200,Vietnamese,HQTV,1.0,0.0
arctic_a0200,Hindi,SVBI,0.0,0.0
arctic_a0200,Hindi,SVBI,0.25,0.0
arctic_a0200,Hindi,SVBI,0.5,0.0
arctic_a0200,Hindi,SVBI,0.75,0.1
arctic_a0200,Hindi,SVBI,0.9,0.0
arctic_a0200,Hindi,SVBI,1.0,0.0
arctic_a0200,Arabic,ZHAA,0.0,0.3
arctic_a0200,Arabic,ZHAA,0.25,0.2
arctic_a0200,Arabic,ZHAA,0.5,0.1
arctic_a0200,Arabic,ZHAA,0.75,0.0
arctic_a0200,Arabic,ZHAA,0.9,0.2
arctic_a0200,Arabic,ZHAA,1.0,0.0
arctic_a0543,Chinese,BWC,0.0,0.0
arctic_a0543,Chinese,BWC,0.25,0.18181818181818182
arctic_a0543,Chinese,BWC,0.5,0.2727272727272727
arctic_a0543,Chinese,BWC,0.75,0.0
arctic_a0543,Chinese,BWC,0.9,0.0
arctic_a0543,Chinese,BWC,1.0,0.09090909090909091
arctic_a0543,Spanish,EBVS,0.0,0.18181818181818182
arctic_a0543,Spanish,EBVS,0.25,0.6363636363636364
arctic_a0543,Spanish,EBVS,0.5,0.36363636363636365
arctic_a0543,Spanish,EBVS,0.75,0.09090909090909091
arctic_a0543,Spanish,EBVS,0.9,0.0
arctic_a0543,Spanish,EBVS,1.0,0.0
arctic_a0543,Korean,HJK,0.0,0.0
arctic_a0543,Korean,HJK,0.25,0.09090909090909091
arctic_a0543,Korean,HJK,0.5,0.2727272727272727
arctic_a0543,Korean,HJK,0.75,0.18181818181818182
arctic_a0543,Korean,HJK,0.9,0.09090909090909091
arctic_a0543,Korean,HJK,1.0,0.09090909090909091
arctic_a0543,Vietnamese,HQTV,0.0,0.2727272727272727
arctic_a0543,Vietnamese,HQTV,0.25,0.2727272727272727
arctic_a0543,Vietnamese,HQTV,0.5,0.2727272727272727
arctic_a0543,Vietnamese,HQTV,0.75,0.09090909090909091
arctic_a0543,Vietnamese,HQTV,0.9,0.09090909090909091
arctic_a0543,Vietnamese,HQTV,1.0,0.09090909090909091
arctic_a0543,Hindi,SVBI,0.0,0.09090909090909091
arctic_a0543,Hindi,SVBI,0.25,0.09090909090909091
arctic_a0543,Hindi,SVBI,0.5,0.18181818181818182
arctic_a0543,Hindi,SVBI,0.75,0.2727272727272727
arctic_a0543,Hindi,SVBI,0.9,0.0
arctic_a0543,Hindi,SVBI,1.0,0.09090909090909091
arctic_a0543,Arabic,ZHAA,0.0,0.09090909090909091
arctic_a0543,Arabic,ZHAA,0.25,0.2727272727272727
arctic_a0543,Arabic,ZHAA,0.5,0.09090909090909091
arctic_a0543,Arabic,ZHAA,0.75,0.09090909090909091
arctic_a0543,Arabic,ZHAA,0.9,0.0
arctic_a0543,Arabic,ZHAA,1.0,0.09090909090909091
arctic_b0295,Chinese,BWC,0.0,0.25
arctic_b0295,Chinese,BWC,0.25,0.0
arctic_b0295,Chinese,BWC,0.5,0.25
arctic_b0295,Chinese,BWC,0.75,0.125
arctic_b0295,Chinese,BWC,0.9,0.125
arctic_b0295,Chinese,BWC,1.0,0.0
arctic_b0295,Spanish,EBVS,0.0,0.25
arctic_b0295,Spanish,EBVS,0.25,0.25
arctic_b0295,Spanish,EBVS,0.5,0.625
arctic_b0295,Spanish,EBVS,0.75,0.25
arctic_b0295,Spanish,EBVS,0.9,0.125
arctic_b0295,Spanish,EBVS,1.0,0.125
arctic_b0295,Korean,HJK,0.0,0.0
arctic_b0295,Korean,HJK,0.25,0.0
arctic_b0295,Korean,HJK,0.5,0.25
arctic_b0295,Korean,HJK,0.75,0.125
arctic_b0295,Korean,HJK,0.9,0.125
arctic_b0295,Korean,HJK,1.0,0.0
arctic_b0295,Vietnamese,HQTV,0.0,0.125
arctic_b0295,Vietnamese,HQTV,0.25,0.25
arctic_b0295,Vietnamese,HQTV,0.5,0.625
arctic_b0295,Vietnamese,HQTV,0.75,0.125
arctic_b0295,Vietnamese,HQTV,0.9,0.125
arctic_b0295,Vietnamese,HQTV,1.0,0.125
arctic_b0295,Hindi,SVBI,0.0,0.0
arctic_b0295,Hindi,SVBI,0.25,0.25
arctic_b0295,Hindi,SVBI,0.5,0.375
arctic_b0295,Hindi,SVBI,0.75,0.25
arctic_b0295,Hindi,SVBI,0.9,0.125
arctic_b0295,Hindi,SVBI,1.0,0.125
arctic_b0295,Arabic,ZHAA,0.0,0.0
arctic_b0295,Arabic,ZHAA,0.25,0.0
arctic_b0295,Arabic,ZHAA,0.5,0.0
arctic_b0295,Arabic,ZHAA,0.75,0.125
arctic_b0295,Arabic,ZHAA,0.9,0.125
arctic_b0295,Arabic,ZHAA,1.0,0.0
arctic_b0421,Chinese,BWC,0.0,0.08333333333333333
arctic_b0421,Chinese,BWC,0.25,0.16666666666666666
arctic_b0421,Chinese,BWC,0.5,0.16666666666666666
arctic_b0421,Chinese,BWC,0.75,0.0
arctic_b0421,Chinese,BWC,0.9,0.08333333333333333
arctic_b0421,Chinese,BWC,1.0,0.08333333333333333
arctic_b0421,Korean,HJK,0.0,0.0
arctic_b0421,Korean,HJK,0.25,0.0
arctic_b0421,Korean,HJK,0.5,0.25
arctic_b0421,Korean,HJK,0.75,0.08333333333333333
arctic_b0421,Korean,HJK,0.9,0.08333333333333333
arctic_b0421,Korean,HJK,1.0,0.3333333333333333
arctic_b0421,Vietnamese,HQTV,0.0,0.0
arctic_b0421,Vietnamese,HQTV,0.25,0.3333333333333333
arctic_b0421,Vietnamese,HQTV,0.5,0.5833333333333334
arctic_b0421,Vietnamese,HQTV,0.75,0.3333333333333333
arctic_b0421,Vietnamese,HQTV,0.9,0.3333333333333333
arctic_b0421,Vietnamese,HQTV,1.0,0.25
arctic_b0421,Hindi,SVBI,0.0,0.0
arctic_b0421,Hindi,SVBI,0.25,0.0
arctic_b0421,Hindi,SVBI,0.5,0.0
arctic_b0421,Hindi,SVBI,0.75,0.0
arctic_b0421,Hindi,SVBI,0.9,0.08333333333333333
arctic_b0421,Hindi,SVBI,1.0,0.3333333333333333
arctic_b0421,Arabic,ZHAA,0.0,0.0
arctic_b0421,Arabic,ZHAA,0.25,0.0
arctic_b0421,Arabic,ZHAA,0.5,0.16666666666666666
arctic_b0421,Arabic,ZHAA,0.75,0.0
arctic_b0421,Arabic,ZHAA,0.9,0.16666666666666666
arctic_b0421,Arabic,ZHAA,1.0,0.25
arctic_a0052,Chinese,BWC,0.0,0.0
arctic_a0052,Chinese,BWC,0.25,0.0
arctic_a0052,Chinese,BWC,0.5,0.2
arctic_a0052,Chinese,BWC,0.75,0.2
arctic_a0052,Chinese,BWC,0.9,0.0
arctic_a0052,Chinese,BWC,1.0,0.0
arctic_a0052,Spanish,EBVS,0.0,0.6
arctic_a0052,Spanish,EBVS,0.25,0.2
arctic_a0052,Spanish,EBVS,0.5,0.0
arctic_a0052,Spanish,EBVS,0.75,0.0
arctic_a0052,Spanish,EBVS,0.9,0.0
arctic_a0052,Spanish,EBVS,1.0,0.0
arctic_a0052,Korean,HJK,0.0,0.0
arctic_a0052,Korean,HJK,0.25,0.0
arctic_a0052,Korean,HJK,0.5,0.2
arctic_a0052,Korean,HJK,0.75,0.0
arctic_a0052,Korean,HJK,0.9,0.0
arctic_a0052,Korean,HJK,1.0,0.0
arctic_a0052,Vietnamese,HQTV,0.0,0.6
arctic_a0052,Vietnamese,HQTV,0.25,0.6
arctic_a0052,Vietnamese,HQTV,0.5,0.4
arctic_a0052,Vietnamese,HQTV,0.75,0.2
arctic_a0052,Vietnamese,HQTV,0.9,0.0
arctic_a0052,Vietnamese,HQTV,1.0,0.0
arctic_a0052,Hindi,SVBI,0.0,0.0
arctic_a0052,Hindi,SVBI,0.25,0.0
arctic_a0052,Hindi,SVBI,0.5,0.0
arctic_a0052,Hindi,SVBI,0.75,0.0
arctic_a0052,Hindi,SVBI,0.9,0.0
arctic_a0052,Hindi,SVBI,1.0,0.0
arctic_a0052,Arabic,ZHAA,0.0,0.2
arctic_a0052,Arabic,ZHAA,0.25,0.0
arctic_a0052,Arabic,ZHAA,0.5,0.0
arctic_a0052,Arabic,ZHAA,0.75,0.0
arctic_a0052,Arabic,ZHAA,0.9,0.0
arctic_a0052,Arabic,ZHAA,1.0,0.0
arctic_a0433,Chinese,BWC,0.0,0.08333333333333333
arctic_a0433,Chinese,BWC,0.25,0.25
arctic_a0433,Chinese,BWC,0.5,0.4166666666666667
arctic_a0433,Chinese,BWC,0.75,0.08333333333333333
arctic_a0433,Chinese,BWC,0.9,0.0
arctic_a0433,Chinese,BWC,1.0,0.08333333333333333
arctic_a0433,Spanish,EBVS,0.0,0.0
arctic_a0433,Spanish,EBVS,0.25,0.08333333333333333
arctic_a0433,Spanish,EBVS,0.5,0.4166666666666667
arctic_a0433,Spanish,EBVS,0.75,0.08333333333333333
arctic_a0433,Spanish,EBVS,0.9,0.0
arctic_a0433,Spanish,EBVS,1.0,0.0
arctic_a0433,Korean,HJK,0.0,0.08333333333333333
arctic_a0433,Korean,HJK,0.25,0.16666666666666666
arctic_a0433,Korean,HJK,0.5,0.16666666666666666
arctic_a0433,Korean,HJK,0.75,0.08333333333333333
arctic_a0433,Korean,HJK,0.9,0.0
arctic_a0433,Korean,HJK,1.0,0.08333333333333333
arctic_a0433,Vietnamese,HQTV,0.0,0.0
arctic_a0433,Vietnamese,HQTV,0.25,0.25
arctic_a0433,Vietnamese,HQTV,0.5,0.3333333333333333
arctic_a0433,Vietnamese,HQTV,0.75,0.16666666666666666
arctic_a0433,Vietnamese,HQTV,0.9,0.08333333333333333
arctic_a0433,Vietnamese,HQTV,1.0,0.08333333333333333
arctic_a0433,Hindi,SVBI,0.0,0.0
arctic_a0433,Hindi,SVBI,0.25,0.16666666666666666
arctic_a0433,Hindi,SVBI,0.5,0.25
arctic_a0433,Hindi,SVBI,0.75,0.16666666666666666
arctic_a0433,Hindi,SVBI,0.9,0.08333333333333333
arctic_a0433,Hindi,SVBI,1.0,0.16666666666666666
arctic_a0433,Arabic,ZHAA,0.0,0.0
arctic_a0433,Arabic,ZHAA,0.25,0.16666666666666666
arctic_a0433,Arabic,ZHAA,0.5,0.25
arctic_a0433,Arabic,ZHAA,0.75,0.16666666666666666
arctic_a0433,Arabic,ZHAA,0.9,0.08333333333333333
arctic_a0433,Arabic,ZHAA,1.0,0.08333333333333333
arctic_b0530,Chinese,BWC,0.0,0.0
arctic_b0530,Chinese,BWC,0.25,0.1111111111111111
arctic_b0530,Chinese,BWC,0.5,0.2222222222222222
arctic_b0530,Chinese,BWC,0.75,0.2222222222222222
arctic_b0530,Chinese,BWC,0.9,0.1111111111111111
arctic_b0530,Chinese,BWC,1.0,0.0
arctic_b0530,Korean,HJK,0.0,0.0
arctic_b0530,Korean,HJK,0.25,0.1111111111111111
arctic_b0530,Korean,HJK,0.5,0.3333333333333333
arctic_b0530,Korean,HJK,0.75,0.3333333333333333
arctic_b0530,Korean,HJK,0.9,0.1111111111111111
arctic_b0530,Korean,HJK,1.0,0.0
arctic_b0530,Vietnamese,HQTV,0.0,0.4444444444444444
arctic_b0530,Vietnamese,HQTV,0.25,0.1111111111111111
arctic_b0530,Vietnamese,HQTV,0.5,0.2222222222222222
arctic_b0530,Vietnamese,HQTV,0.75,0.1111111111111111
arctic_b0530,Vietnamese,HQTV,0.9,0.1111111111111111
arctic_b0530,Vietnamese,HQTV,1.0,0.0
arctic_b0530,Hindi,SVBI,0.0,0.0
arctic_b0530,Hindi,SVBI,0.25,0.1111111111111111
arctic_b0530,Hindi,SVBI,0.5,0.1111111111111111
arctic_b0530,Hindi,SVBI,0.75,0.1111111111111111
arctic_b0530,Hindi,SVBI,0.9,0.0
arctic_b0530,Hindi,SVBI,1.0,0.0
arctic_b0530,Arabic,ZHAA,0.0,0.0
arctic_b0530,Arabic,ZHAA,0.25,0.2222222222222222
arctic_b0530,Arabic,ZHAA,0.5,0.3333333333333333
arctic_b0530,Arabic,ZHAA,0.75,0.3333333333333333
arctic_b0530,Arabic,ZHAA,0.9,0.1111111111111111
arctic_b0530,Arabic,ZHAA,1.0,0.0
arctic_b0407,Chinese,BWC,0.0,0.25
arctic_b0407,Chinese,BWC,0.25,0.3333333333333333
arctic_b0407,Chinese,BWC,0.5,0.5
arctic_b0407,Chinese,BWC,0.75,0.08333333333333333
arctic_b0407,Chinese,BWC,0.9,0.0
arctic_b0407,Chinese,BWC,1.0,0.08333333333333333
arctic_b0407,Spanish,EBVS,0.0,0.08333333333333333
arctic_b0407,Spanish,EBVS,0.25,0.4166666666666667
arctic_b0407,Spanish,EBVS,0.5,0.5
arctic_b0407,Spanish,EBVS,0.75,0.25
arctic_b0407,Spanish,EBVS,0.9,0.0
arctic_b0407,Spanish,EBVS,1.0,0.08333333333333333
arctic_b0407,Korean,HJK,0.0,0.0
arctic_b0407,Korean,HJK,0.25,0.3333333333333333
arctic_b0407,Korean,HJK,0.5,0.16666666666666666
arctic_b0407,Korean,HJK,0.75,0.16666666666666666
arctic_b0407,Korean,HJK,0.9,0.08333333333333333
arctic_b0407,Korean,HJK,1.0,0.25
arctic_b0407,Vietnamese,HQTV,0.0,0.25
arctic_b0407,Vietnamese,HQTV,0.25,0.25
arctic_b0407,Vietnamese,HQTV,0.5,0.4166666666666667
arctic_b0407,Vietnamese,HQTV,0.75,0.16666666666666666
arctic_b0407,Vietnamese,HQTV,0.9,0.08333333333333333
arctic_b0407,Vietnamese,HQTV,1.0,0.08333333333333333
arctic_b0407,Hindi,SVBI,0.0,0.08333333333333333
arctic_b0407,Hindi,SVBI,0.25,0.08333333333333333
arctic_b0407,Hindi,SVBI,0.5,0.16666666666666666
arctic_b0407,Hindi,SVBI,0.75,0.25
arctic_b0407,Hindi,SVBI,0.9,0.08333333333333333
arctic_b0407,Hindi,SVBI,1.0,0.16666666666666666
arctic_b0407,Arabic,ZHAA,0.0,0.08333333333333333
arctic_b0407,Arabic,ZHAA,0.25,0.25
arctic_b0407,Arabic,ZHAA,0.5,0.5833333333333334
arctic_b0407,Arabic,ZHAA,0.75,0.16666666666666666
arctic_b0407,Arabic,ZHAA,0.9,0.0
arctic_b0407,Arabic,ZHAA,1.0,0.08333333333333333
arctic_a0324,Chinese,BWC,0.0,0.18181818181818182
arctic_a0324,Chinese,BWC,0.25,0.5454545454545454
arctic_a0324,Chinese,BWC,0.5,0.5454545454545454
arctic_a0324,Chinese,BWC,0.75,0.36363636363636365
arctic_a0324,Chinese,BWC,0.9,0.2727272727272727
arctic_a0324,Chinese,BWC,1.0,0.45454545454545453
arctic_a0324,Spanish,EBVS,0.0,0.09090909090909091
arctic_a0324,Spanish,EBVS,0.25,0.45454545454545453
arctic_a0324,Spanish,EBVS,0.5,0.6363636363636364
arctic_a0324,Spanish,EBVS,0.75,0.36363636363636365
arctic_a0324,Spanish,EBVS,0.9,0.36363636363636365
arctic_a0324,Spanish,EBVS,1.0,0.36363636363636365
arctic_a0324,Korean,HJK,0.0,0.0
arctic_a0324,Korean,HJK,0.25,0.2727272727272727
arctic_a0324,Korean,HJK,0.5,0.36363636363636365
arctic_a0324,Korean,HJK,0.75,0.2727272727272727
arctic_a0324,Korean,HJK,0.9,0.18181818181818182
arctic_a0324,Korean,HJK,1.0,0.2727272727272727
arctic_a0324,Vietnamese,HQTV,0.0,0.0
arctic_a0324,Vietnamese,HQTV,0.25,0.2727272727272727
arctic_a0324,Vietnamese,HQTV,0.5,0.36363636363636365
arctic_a0324,Vietnamese,HQTV,0.75,0.2727272727272727
arctic_a0324,Vietnamese,HQTV,0.9,0.36363636363636365
arctic_a0324,Vietnamese,HQTV,1.0,0.2727272727272727
arctic_a0324,Hindi,SVBI,0.0,0.18181818181818182
arctic_a0324,Hindi,SVBI,0.25,0.18181818181818182
arctic_a0324,Hindi,SVBI,0.5,0.45454545454545453
arctic_a0324,Hindi,SVBI,0.75,0.09090909090909091
arctic_a0324,Hindi,SVBI,0.9,0.2727272727272727
arctic_a0324,Hindi,SVBI,1.0,0.2727272727272727
arctic_a0324,Arabic,ZHAA,0.0,0.0
arctic_a0324,Arabic,ZHAA,0.25,0.2727272727272727
arctic_a0324,Arabic,ZHAA,0.5,0.2727272727272727
arctic_a0324,Arabic,ZHAA,0.75,0.2727272727272727
arctic_a0324,Arabic,ZHAA,0.9,0.18181818181818182
arctic_a0324,Arabic,ZHAA,1.0,0.2727272727272727
arctic_a0560,Chinese,BWC,0.0,0.2222222222222222
arctic_a0560,Chinese,BWC,0.25,0.2222222222222222
arctic_a0560,Chinese,BWC,0.5,0.4444444444444444
arctic_a0560,Chinese,BWC,0.75,0.2222222222222222
arctic_a0560,Chinese,BWC,0.9,0.1111111111111111
arctic_a0560,Chinese,BWC,1.0,0.2222222222222222
arctic_a0560,Spanish,EBVS,0.0,0.3333333333333333
arctic_a0560,Spanish,EBVS,0.25,0.3333333333333333
arctic_a0560,Spanish,EBVS,0.5,0.5555555555555556
arctic_a0560,Spanish,EBVS,0.75,0.1111111111111111
arctic_a0560,Spanish,EBVS,0.9,0.1111111111111111
arctic_a0560,Spanish,EBVS,1.0,0.1111111111111111
arctic_a0560,Korean,HJK,0.0,0.0
arctic_a0560,Korean,HJK,0.25,0.0
arctic_a0560,Korean,HJK,0.5,0.1111111111111111
arctic_a0560,Korean,HJK,0.75,0.1111111111111111
arctic_a0560,Korean,HJK,0.9,0.1111111111111111
arctic_a0560,Korean,HJK,1.0,0.2222222222222222
arctic_a0560,Vietnamese,HQTV,0.0,0.2222222222222222
arctic_a0560,Vietnamese,HQTV,0.25,0.1111111111111111
arctic_a0560,Vietnamese,HQTV,0.5,0.2222222222222222
arctic_a0560,Vietnamese,HQTV,0.75,0.2222222222222222
arctic_a0560,Vietnamese,HQTV,0.9,0.1111111111111111
arctic_a0560,Vietnamese,HQTV,1.0,0.3333333333333333
arctic_a0560,Hindi,SVBI,0.0,0.0
arctic_a0560,Hindi,SVBI,0.25,0.1111111111111111
arctic_a0560,Hindi,SVBI,0.5,0.1111111111111111
arctic_a0560,Hindi,SVBI,0.75,0.2222222222222222
arctic_a0560,Hindi,SVBI,0.9,0.1111111111111111
arctic_a0560,Hindi,SVBI,1.0,0.2222222222222222
arctic_a0560,Arabic,ZHAA,0.0,0.0
arctic_a0560,Arabic,ZHAA,0.25,0.3333333333333333
arctic_a0560,Arabic,ZHAA,0.5,0.3333333333333333
arctic_a0560,Arabic,ZHAA,0.75,0.2222222222222222
arctic_a0560,Arabic,ZHAA,0.9,0.1111111111111111
arctic_a0560,Arabic,ZHAA,1.0,0.0
arctic_a0448,Chinese,BWC,0.0,0.3333333333333333
arctic_a0448,Chinese,BWC,0.25,0.3333333333333333
arctic_a0448,Chinese,BWC,0.5,0.5555555555555556
arctic_a0448,Chinese,BWC,0.75,0.1111111111111111
arctic_a0448,Chinese,BWC,0.9,0.1111111111111111
arctic_a0448,Chinese,BWC,1.0,0.0
arctic_a0448,Spanish,EBVS,0.0,0.2222222222222222
arctic_a0448,Spanish,EBVS,0.25,0.1111111111111111
arctic_a0448,Spanish,EBVS,0.5,0.1111111111111111
arctic_a0448,Spanish,EBVS,0.75,0.0
arctic_a0448,Spanish,EBVS,0.9,0.0
arctic_a0448,Spanish,EBVS,1.0,0.0
arctic_a0448,Korean,HJK,0.0,0.0
arctic_a0448,Korean,HJK,0.25,0.1111111111111111
arctic_a0448,Korean,HJK,0.5,0.2222222222222222
arctic_a0448,Korean,HJK,0.75,0.0
arctic_a0448,Korean,HJK,0.9,0.1111111111111111
arctic_a0448,Korean,HJK,1.0,0.0
arctic_a0448,Vietnamese,HQTV,0.0,0.1111111111111111
arctic_a0448,Vietnamese,HQTV,0.25,0.2222222222222222
arctic_a0448,Vietnamese,HQTV,0.5,0.2222222222222222
arctic_a0448,Vietnamese,HQTV,0.75,0.1111111111111111
arctic_a0448,Vietnamese,HQTV,0.9,0.0
arctic_a0448,Vietnamese,HQTV,1.0,0.0
arctic_a0448,Hindi,SVBI,0.0,0.0
arctic_a0448,Hindi,SVBI,0.25,0.1111111111111111
arctic_a0448,Hindi,SVBI,0.5,0.1111111111111111
arctic_a0448,Hindi,SVBI,0.75,0.1111111111111111
arctic_a0448,Hindi,SVBI,0.9,0.2222222222222222
arctic_a0448,Hindi,SVBI,1.0,0.0
arctic_a0448,Arabic,ZHAA,0.0,0.3333333333333333
arctic_a0448,Arabic,ZHAA,0.25,0.3333333333333333
arctic_a0448,Arabic,ZHAA,0.5,0.0
arctic_a0448,Arabic,ZHAA,0.75,0.0
arctic_a0448,Arabic,ZHAA,0.9,0.2222222222222222
arctic_a0448,Arabic,ZHAA,1.0,0.0
arctic_b0005,Chinese,BWC,0.0,0.0
arctic_b0005,Chinese,BWC,0.25,0.375
arctic_b0005,Chinese,BWC,0.5,0.375
arctic_b0005,Chinese,BWC,0.75,0.0
arctic_b0005,Chinese,BWC,0.9,0.0
arctic_b0005,Chinese,BWC,1.0,0.0
arctic_b0005,Spanish,EBVS,0.0,0.0
arctic_b0005,Spanish,EBVS,0.25,0.0
arctic_b0005,Spanish,EBVS,0.5,0.0
arctic_b0005,Spanish,EBVS,0.75,0.0
arctic_b0005,Spanish,EBVS,0.9,0.0
arctic_b0005,Spanish,EBVS,1.0,0.0
arctic_b0005,Korean,HJK,0.0,0.0
arctic_b0005,Korean,HJK,0.25,0.0
arctic_b0005,Korean,HJK,0.5,0.125
arctic_b0005,Korean,HJK,0.75,0.0
arctic_b0005,Korean,HJK,0.9,0.0
arctic_b0005,Korean,HJK,1.0,0.0
arctic_b0005,Vietnamese,HQTV,0.0,0.25
arctic_b0005,Vietnamese,HQTV,0.25,0.25
arctic_b0005,Vietnamese,HQTV,0.5,0.375
arctic_b0005,Vietnamese,HQTV,0.75,0.125
arctic_b0005,Vietnamese,HQTV,0.9,0.0
arctic_b0005,Vietnamese,HQTV,1.0,0.0
arctic_b0005,Hindi,SVBI,0.0,0.0
arctic_b0005,Hindi,SVBI,0.25,0.0
arctic_b0005,Hindi,SVBI,0.5,0.125
arctic_b0005,Hindi,SVBI,0.75,0.0
arctic_b0005,Hindi,SVBI,0.9,0.0
arctic_b0005,Hindi,SVBI,1.0,0.0
arctic_b0005,Arabic,ZHAA,0.0,0.25
arctic_b0005,Arabic,ZHAA,0.25,0.0
arctic_b0005,Arabic,ZHAA,0.5,0.0
arctic_b0005,Arabic,ZHAA,0.75,0.0
arctic_b0005,Arabic,ZHAA,0.9,0.0
arctic_b0005,Arabic,ZHAA,1.0,0.0
arctic_a0525,Chinese,BWC,0.0,0.08333333333333333
arctic_a0525,Chinese,BWC,0.25,0.3333333333333333
arctic_a0525,Chinese,BWC,0.5,0.16666666666666666
arctic_a0525,Chinese,BWC,0.75,0.08333333333333333
arctic_a0525,Chinese,BWC,0.9,0.25
arctic_a0525,Chinese,BWC,1.0,0.25
arctic_a0525,Spanish,EBVS,0.0,0.3333333333333333
arctic_a0525,Spanish,EBVS,0.25,0.25
arctic_a0525,Spanish,EBVS,0.5,0.5
arctic_a0525,Spanish,EBVS,0.75,0.08333333333333333
arctic_a0525,Spanish,EBVS,0.9,0.08333333333333333
arctic_a0525,Spanish,EBVS,1.0,0.08333333333333333
arctic_a0525,Korean,HJK,0.0,0.0
arctic_a0525,Korean,HJK,0.25,0.25
arctic_a0525,Korean,HJK,0.5,0.16666666666666666
arctic_a0525,Korean,HJK,0.75,0.08333333333333333
arctic_a0525,Korean,HJK,0.9,0.08333333333333333
arctic_a0525,Korean,HJK,1.0,0.25
arctic_a0525,Vietnamese,HQTV,0.0,0.08333333333333333
arctic_a0525,Vietnamese,HQTV,0.25,0.25
arctic_a0525,Vietnamese,HQTV,0.5,0.25
arctic_a0525,Vietnamese,HQTV,0.75,0.16666666666666666
arctic_a0525,Vietnamese,HQTV,0.9,0.08333333333333333
arctic_a0525,Vietnamese,HQTV,1.0,0.08333333333333333
arctic_a0525,Hindi,SVBI,0.0,0.0
arctic_a0525,Hindi,SVBI,0.25,0.0
arctic_a0525,Hindi,SVBI,0.5,0.16666666666666666
arctic_a0525,Hindi,SVBI,0.75,0.08333333333333333
arctic_a0525,Hindi,SVBI,0.9,0.08333333333333333
arctic_a0525,Hindi,SVBI,1.0,0.16666666666666666
arctic_a0525,Arabic,ZHAA,0.0,0.08333333333333333
arctic_a0525,Arabic,ZHAA,0.25,0.16666666666666666
arctic_a0525,Arabic,ZHAA,0.5,0.16666666666666666
arctic_a0525,Arabic,ZHAA,0.75,0.08333333333333333
arctic_a0525,Arabic,ZHAA,0.9,0.08333333333333333
arctic_a0525,Arabic,ZHAA,1.0,0.08333333333333333
arctic_a0329,Chinese,BWC,0.0,0.0
arctic_a0329,Chinese,BWC,0.25,0.0
arctic_a0329,Chinese,BWC,0.5,0.5
arctic_a0329,Chinese,BWC,0.75,0.5
arctic_a0329,Chinese,BWC,0.9,0.0
arctic_a0329,Chinese,BWC,1.0,0.0
arctic_a0329,Spanish,EBVS,0.0,0.0
arctic_a0329,Spanish,EBVS,0.25,0.0
arctic_a0329,Spanish,EBVS,0.5,0.0
arctic_a0329,Spanish,EBVS,0.75,0.0
arctic_a0329,Spanish,EBVS,0.9,0.0
arctic_a0329,Spanish,EBVS,1.0,0.0
arctic_a0329,Korean,HJK,0.0,0.0
arctic_a0329,Korean,HJK,0.25,0.0
arctic_a0329,Korean,HJK,0.5,0.0
arctic_a0329,Korean,HJK,0.75,0.0
arctic_a0329,Korean,HJK,0.9,0.0
arctic_a0329,Korean,HJK,1.0,0.0
arctic_a0329,Vietnamese,HQTV,0.0,0.0
arctic_a0329,Vietnamese,HQTV,0.25,0.0
arctic_a0329,Vietnamese,HQTV,0.5,0.0
arctic_a0329,Vietnamese,HQTV,0.75,0.5
arctic_a0329,Vietnamese,HQTV,0.9,0.0
arctic_a0329,Vietnamese,HQTV,1.0,0.0
arctic_a0329,Hindi,SVBI,0.0,0.0
arctic_a0329,Hindi,SVBI,0.25,0.0
arctic_a0329,Hindi,SVBI,0.5,0.5
arctic_a0329,Hindi,SVBI,0.75,0.5
arctic_a0329,Hindi,SVBI,0.9,0.0
arctic_a0329,Hindi,SVBI,1.0,0.0
arctic_a0329,Arabic,ZHAA,0.0,0.0
arctic_a0329,Arabic,ZHAA,0.25,0.0
arctic_a0329,Arabic,ZHAA,0.5,0.5
arctic_a0329,Arabic,ZHAA,0.75,0.5
arctic_a0329,Arabic,ZHAA,0.9,0.0
arctic_a0329,Arabic,ZHAA,1.0,0.0
arctic_a0320,Chinese,BWC,0.0,0.18181818181818182
arctic_a0320,Chinese,BWC,0.25,0.36363636363636365
arctic_a0320,Chinese,BWC,0.5,0.36363636363636365
arctic_a0320,Chinese,BWC,0.75,0.18181818181818182
arctic_a0320,Chinese,BWC,0.9,0.18181818181818182
arctic_a0320,Chinese,BWC,1.0,0.18181818181818182
arctic_a0320,Spanish,EBVS,0.0,0.18181818181818182
arctic_a0320,Spanish,EBVS,0.25,0.18181818181818182
arctic_a0320,Spanish,EBVS,0.5,0.45454545454545453
arctic_a0320,Spanish,EBVS,0.75,0.2727272727272727
arctic_a0320,Spanish,EBVS,0.9,0.0
arctic_a0320,Spanish,EBVS,1.0,0.18181818181818182
arctic_a0320,Korean,HJK,0.0,0.09090909090909091
arctic_a0320,Korean,HJK,0.25,0.36363636363636365
arctic_a0320,Korean,HJK,0.5,0.2727272727272727
arctic_a0320,Korean,HJK,0.75,0.2727272727272727
arctic_a0320,Korean,HJK,0.9,0.18181818181818182
arctic_a0320,Korean,HJK,1.0,0.18181818181818182
arctic_a0320,Vietnamese,HQTV,0.0,0.2727272727272727
arctic_a0320,Vietnamese,HQTV,0.25,0.18181818181818182
arctic_a0320,Vietnamese,HQTV,0.5,0.6363636363636364
arctic_a0320,Vietnamese,HQTV,0.75,0.36363636363636365
arctic_a0320,Vietnamese,HQTV,0.9,0.18181818181818182
arctic_a0320,Vietnamese,HQTV,1.0,0.18181818181818182
arctic_a0320,Hindi,SVBI,0.0,0.18181818181818182
arctic_a0320,Hindi,SVBI,0.25,0.18181818181818182
arctic_a0320,Hindi,SVBI,0.5,0.2727272727272727
arctic_a0320,Hindi,SVBI,0.75,0.0
arctic_a0320,Hindi,SVBI,0.9,0.18181818181818182
arctic_a0320,Hindi,SVBI,1.0,0.18181818181818182
arctic_a0320,Arabic,ZHAA,0.0,0.0
arctic_a0320,Arabic,ZHAA,0.25,0.18181818181818182
arctic_a0320,Arabic,ZHAA,0.5,0.36363636363636365
arctic_a0320,Arabic,ZHAA,0.75,0.18181818181818182
arctic_a0320,Arabic,ZHAA,0.9,0.0
arctic_a0320,Arabic,ZHAA,1.0,0.18181818181818182
arctic_a0399,Chinese,BWC,0.0,0.0
arctic_a0399,Chinese,BWC,0.25,0.0
arctic_a0399,Chinese,BWC,0.5,0.25
arctic_a0399,Chinese,BWC,0.75,0.0
arctic_a0399,Chinese,BWC,0.9,0.0
arctic_a0399,Chinese,BWC,1.0,0.0
arctic_a0399,Spanish,EBVS,0.0,0.0
arctic_a0399,Spanish,EBVS,0.25,0.5
arctic_a0399,Spanish,EBVS,0.5,0.25
arctic_a0399,Spanish,EBVS,0.75,0.0
arctic_a0399,Spanish,EBVS,0.9,0.0
arctic_a0399,Spanish,EBVS,1.0,0.0
arctic_a0399,Korean,HJK,0.0,0.0
arctic_a0399,Korean,HJK,0.25,0.0
arctic_a0399,Korean,HJK,0.5,0.0
arctic_a0399,Korean,HJK,0.75,0.0
arctic_a0399,Korean,HJK,0.9,0.0
arctic_a0399,Korean,HJK,1.0,0.0
arctic_a0399,Vietnamese,HQTV,0.0,0.0
arctic_a0399,Vietnamese,HQTV,0.25,0.0
arctic_a0399,Vietnamese,HQTV,0.5,0.25
arctic_a0399,Vietnamese,HQTV,0.75,0.0
arctic_a0399,Vietnamese,HQTV,0.9,0.0
arctic_a0399,Vietnamese,HQTV,1.0,0.0
arctic_a0399,Hindi,SVBI,0.0,0.0
arctic_a0399,Hindi,SVBI,0.25,0.0
arctic_a0399,Hindi,SVBI,0.5,0.25
arctic_a0399,Hindi,SVBI,0.75,0.0
arctic_a0399,Hindi,SVBI,0.9,0.0
arctic_a0399,Hindi,SVBI,1.0,0.0
arctic_a0399,Arabic,ZHAA,0.0,0.5
arctic_a0399,Arabic,ZHAA,0.25,0.25
arctic_a0399,Arabic,ZHAA,0.5,0.25
arctic_a0399,Arabic,ZHAA,0.75,0.0
arctic_a0399,Arabic,ZHAA,0.9,0.0
arctic_a0399,Arabic,ZHAA,1.0,0.0
arctic_b0039,Chinese,BWC,0.0,0.09090909090909091
arctic_b0039,Chinese,BWC,0.25,0.2727272727272727
arctic_b0039,Chinese,BWC,0.5,0.6363636363636364
arctic_b0039,Chinese,BWC,0.75,0.18181818181818182
arctic_b0039,Chinese,BWC,0.9,0.0
arctic_b0039,Chinese,BWC,1.0,0.09090909090909091
arctic_b0039,Spanish,EBVS,0.0,0.36363636363636365
arctic_b0039,Spanish,EBVS,0.25,0.2727272727272727
arctic_b0039,Spanish,EBVS,0.5,0.45454545454545453
arctic_b0039,Spanish,EBVS,0.75,0.0
arctic_b0039,Spanish,EBVS,0.9,0.0
arctic_b0039,Spanish,EBVS,1.0,0.09090909090909091
arctic_b0039,Korean,HJK,0.0,0.09090909090909091
arctic_b0039,Korean,HJK,0.25,0.09090909090909091
arctic_b0039,Korean,HJK,0.5,0.2727272727272727
arctic_b0039,Korean,HJK,0.75,0.0
arctic_b0039,Korean,HJK,0.9,0.09090909090909091
arctic_b0039,Korean,HJK,1.0,0.18181818181818182
arctic_b0039,Vietnamese,HQTV,0.0,0.0
arctic_b0039,Vietnamese,HQTV,0.25,0.2727272727272727
arctic_b0039,Vietnamese,HQTV,0.5,0.36363636363636365
arctic_b0039,Vietnamese,HQTV,0.75,0.0
arctic_b0039,Vietnamese,HQTV,0.9,0.18181818181818182
arctic_b0039,Vietnamese,HQTV,1.0,0.18181818181818182
arctic_b0039,Hindi,SVBI,0.0,0.0
arctic_b0039,Hindi,SVBI,0.25,0.09090909090909091
arctic_b0039,Hindi,SVBI,0.5,0.18181818181818182
arctic_b0039,Hindi,SVBI,0.75,0.09090909090909091
arctic_b0039,Hindi,SVBI,0.9,0.09090909090909091
arctic_b0039,Hindi,SVBI,1.0,0.18181818181818182
arctic_b0039,Arabic,ZHAA,0.0,0.0
arctic_b0039,Arabic,ZHAA,0.25,0.18181818181818182
arctic_b0039,Arabic,ZHAA,0.5,0.5454545454545454
arctic_b0039,Arabic,ZHAA,0.75,0.18181818181818182
arctic_b0039,Arabic,ZHAA,0.9,0.18181818181818182
arctic_b0039,Arabic,ZHAA,1.0,0.2727272727272727
arctic_a0343,Chinese,BWC,0.0,0.0
arctic_a0343,Chinese,BWC,0.25,0.14285714285714285
arctic_a0343,Chinese,BWC,0.5,0.2857142857142857
arctic_a0343,Chinese,BWC,0.75,0.14285714285714285
arctic_a0343,Chinese,BWC,0.9,0.0
arctic_a0343,Chinese,BWC,1.0,0.0
arctic_a0343,Spanish,EBVS,0.0,0.0
arctic_a0343,Spanish,EBVS,0.25,0.14285714285714285
arctic_a0343,Spanish,EBVS,0.5,0.14285714285714285
arctic_a0343,Spanish,EBVS,0.75,0.0
arctic_a0343,Spanish,EBVS,0.9,0.0
arctic_a0343,Spanish,EBVS,1.0,0.0
arctic_a0343,Korean,HJK,0.0,0.2857142857142857
arctic_a0343,Korean,HJK,0.25,0.14285714285714285
arctic_a0343,Korean,HJK,0.5,0.0
arctic_a0343,Korean,HJK,0.75,0.14285714285714285
arctic_a0343,Korean,HJK,0.9,0.14285714285714285
arctic_a0343,Korean,HJK,1.0,0.0
arctic_a0343,Vietnamese,HQTV,0.0,0.2857142857142857
arctic_a0343,Vietnamese,HQTV,0.25,0.0
arctic_a0343,Vietnamese,HQTV,0.5,0.14285714285714285
arctic_a0343,Vietnamese,HQTV,0.75,0.14285714285714285
arctic_a0343,Vietnamese,HQTV,0.9,0.14285714285714285
arctic_a0343,Vietnamese,HQTV,1.0,0.0
arctic_a0343,Hindi,SVBI,0.0,0.14285714285714285
arctic_a0343,Hindi,SVBI,0.25,0.0
arctic_a0343,Hindi,SVBI,0.5,0.0
arctic_a0343,Hindi,SVBI,0.75,0.0
arctic_a0343,Hindi,SVBI,0.9,0.14285714285714285
arctic_a0343,Hindi,SVBI,1.0,0.0
arctic_a0343,Arabic,ZHAA,0.0,0.0
arctic_a0343,Arabic,ZHAA,0.25,0.0
arctic_a0343,Arabic,ZHAA,0.5,0.0
arctic_a0343,Arabic,ZHAA,0.75,0.0
arctic_a0343,Arabic,ZHAA,0.9,0.0
arctic_a0343,Arabic,ZHAA,1.0,0.0
arctic_a0245,Chinese,BWC,0.0,0.16666666666666666
arctic_a0245,Chinese,BWC,0.25,0.25
arctic_a0245,Chinese,BWC,0.5,0.5833333333333334
arctic_a0245,Chinese,BWC,0.75,0.25
arctic_a0245,Chinese,BWC,0.9,0.16666666666666666
arctic_a0245,Chinese,BWC,1.0,0.08333333333333333
arctic_a0245,Spanish,EBVS,0.0,0.0
arctic_a0245,Spanish,EBVS,0.25,0.25
arctic_a0245,Spanish,EBVS,0.5,0.3333333333333333
arctic_a0245,Spanish,EBVS,0.75,0.25
arctic_a0245,Spanish,EBVS,0.9,0.0
arctic_a0245,Spanish,EBVS,1.0,0.0
arctic_a0245,Korean,HJK,0.0,0.08333333333333333
arctic_a0245,Korean,HJK,0.25,0.08333333333333333
arctic_a0245,Korean,HJK,0.5,0.16666666666666666
arctic_a0245,Korean,HJK,0.75,0.08333333333333333
arctic_a0245,Korean,HJK,0.9,0.0
arctic_a0245,Korean,HJK,1.0,0.08333333333333333
arctic_a0245,Vietnamese,HQTV,0.0,0.16666666666666666
arctic_a0245,Vietnamese,HQTV,0.25,0.25
arctic_a0245,Vietnamese,HQTV,0.5,0.4166666666666667
arctic_a0245,Vietnamese,HQTV,0.75,0.16666666666666666
arctic_a0245,Vietnamese,HQTV,0.9,0.0
arctic_a0245,Vietnamese,HQTV,1.0,0.0
arctic_a0245,Hindi,SVBI,0.0,0.0
arctic_a0245,Hindi,SVBI,0.25,0.16666666666666666
arctic_a0245,Hindi,SVBI,0.5,0.25
arctic_a0245,Hindi,SVBI,0.75,0.08333333333333333
arctic_a0245,Hindi,SVBI,0.9,0.0
arctic_a0245,Hindi,SVBI,1.0,0.25
arctic_a0245,Arabic,ZHAA,0.0,0.08333333333333333
arctic_a0245,Arabic,ZHAA,0.25,0.25
arctic_a0245,Arabic,ZHAA,0.5,0.16666666666666666
arctic_a0245,Arabic,ZHAA,0.75,0.0
arctic_a0245,Arabic,ZHAA,0.9,0.0
arctic_a0245,Arabic,ZHAA,1.0,0.0
arctic_b0092,Chinese,BWC,0.0,0.0
arctic_b0092,Chinese,BWC,0.25,0.0
arctic_b0092,Chinese,BWC,0.5,0.16666666666666666
arctic_b0092,Chinese,BWC,0.75,0.0
arctic_b0092,Chinese,BWC,0.9,0.0
arctic_b0092,Chinese,BWC,1.0,0.0
arctic_b0092,Spanish,EBVS,0.0,0.5
arctic_b0092,Spanish,EBVS,0.25,0.5
arctic_b0092,Spanish,EBVS,0.5,0.5
arctic_b0092,Spanish,EBVS,0.75,0.0
arctic_b0092,Spanish,EBVS,0.9,0.0
arctic_b0092,Spanish,EBVS,1.0,0.0
arctic_b0092,Korean,HJK,0.0,0.0
arctic_b0092,Korean,HJK,0.25,0.0
arctic_b0092,Korean,HJK,0.5,0.0
arctic_b0092,Korean,HJK,0.75,0.0
arctic_b0092,Korean,HJK,0.9,0.0
arctic_b0092,Korean,HJK,1.0,0.0
arctic_b0092,Vietnamese,HQTV,0.0,0.3333333333333333
arctic_b0092,Vietnamese,HQTV,0.25,0.3333333333333333
arctic_b0092,Vietnamese,HQTV,0.5,0.16666666666666666
arctic_b0092,Vietnamese,HQTV,0.75,0.0
arctic_b0092,Vietnamese,HQTV,0.9,0.0
arctic_b0092,Vietnamese,HQTV,1.0,0.0
arctic_b0092,Hindi,SVBI,0.0,0.0
arctic_b0092,Hindi,SVBI,0.25,0.0
arctic_b0092,Hindi,SVBI,0.5,0.0
arctic_b0092,Hindi,SVBI,0.75,0.0
arctic_b0092,Hindi,SVBI,0.9,0.0
arctic_b0092,Hindi,SVBI,1.0,0.0
arctic_b0092,Arabic,ZHAA,0.0,0.0
arctic_b0092,Arabic,ZHAA,0.25,0.0
arctic_b0092,Arabic,ZHAA,0.5,0.0
arctic_b0092,Arabic,ZHAA,0.75,0.0
arctic_b0092,Arabic,ZHAA,0.9,0.0
arctic_b0092,Arabic,ZHAA,1.0,0.0
arctic_b0142,Chinese,BWC,0.0,0.0
arctic_b0142,Chinese,BWC,0.25,0.3333333333333333
arctic_b0142,Chinese,BWC,0.5,0.5555555555555556
arctic_b0142,Chinese,BWC,0.75,0.1111111111111111
arctic_b0142,Chinese,BWC,0.9,0.1111111111111111
arctic_b0142,Chinese,BWC,1.0,0.0
arctic_b0142,Spanish,EBVS,0.0,0.0
arctic_b0142,Spanish,EBVS,0.25,0.2222222222222222
arctic_b0142,Spanish,EBVS,0.5,0.5555555555555556
arctic_b0142,Spanish,EBVS,0.75,0.1111111111111111
arctic_b0142,Spanish,EBVS,0.9,0.0
arctic_b0142,Spanish,EBVS,1.0,0.0
arctic_b0142,Korean,HJK,0.0,0.0
arctic_b0142,Korean,HJK,0.25,0.0
arctic_b0142,Korean,HJK,0.5,0.2222222222222222
arctic_b0142,Korean,HJK,0.75,0.0
arctic_b0142,Korean,HJK,0.9,0.0
arctic_b0142,Korean,HJK,1.0,0.0
arctic_b0142,Vietnamese,HQTV,0.0,0.1111111111111111
arctic_b0142,Vietnamese,HQTV,0.25,0.2222222222222222
arctic_b0142,Vietnamese,HQTV,0.5,0.4444444444444444
arctic_b0142,Vietnamese,HQTV,0.75,0.1111111111111111
arctic_b0142,Vietnamese,HQTV,0.9,0.0
arctic_b0142,Vietnamese,HQTV,1.0,0.0
arctic_b0142,Hindi,SVBI,0.0,0.0
arctic_b0142,Hindi,SVBI,0.25,0.0
arctic_b0142,Hindi,SVBI,0.5,0.0
arctic_b0142,Hindi,SVBI,0.75,0.0
arctic_b0142,Hindi,SVBI,0.9,0.0
arctic_b0142,Hindi,SVBI,1.0,0.0
arctic_b0142,Arabic,ZHAA,0.0,0.0
arctic_b0142,Arabic,ZHAA,0.25,0.2222222222222222
arctic_b0142,Arabic,ZHAA,0.5,0.3333333333333333
arctic_b0142,Arabic,ZHAA,0.75,0.1111111111111111
arctic_b0142,Arabic,ZHAA,0.9,0.1111111111111111
arctic_b0142,Arabic,ZHAA,1.0,0.0
arctic_a0129,Chinese,BWC,0.0,0.0
arctic_a0129,Chinese,BWC,0.25,0.0
arctic_a0129,Chinese,BWC,0.5,0.16666666666666666
arctic_a0129,Chinese,BWC,0.75,0.0
arctic_a0129,Chinese,BWC,0.9,0.0
arctic_a0129,Chinese,BWC,1.0,0.0
arctic_a0129,Spanish,EBVS,0.0,0.16666666666666666
arctic_a0129,Spanish,EBVS,0.25,0.16666666666666666
arctic_a0129,Spanish,EBVS,0.5,0.0
arctic_a0129,Spanish,EBVS,0.75,0.0
arctic_a0129,Spanish,EBVS,0.9,0.0
arctic_a0129,Spanish,EBVS,1.0,0.0
arctic_a0129,Korean,HJK,0.0,0.0
arctic_a0129,Korean,HJK,0.25,0.0
arctic_a0129,Korean,HJK,0.5,0.0
arctic_a0129,Korean,HJK,0.75,0.0
arctic_a0129,Korean,HJK,0.9,0.0
arctic_a0129,Korean,HJK,1.0,0.0
arctic_a0129,Vietnamese,HQTV,0.0,0.0
arctic_a0129,Vietnamese,HQTV,0.25,0.0
arctic_a0129,Vietnamese,HQTV,0.5,0.0
arctic_a0129,Vietnamese,HQTV,0.75,0.0
arctic_a0129,Vietnamese,HQTV,0.9,0.0
arctic_a0129,Vietnamese,HQTV,1.0,0.0
arctic_a0129,Hindi,SVBI,0.0,0.0
arctic_a0129,Hindi,SVBI,0.25,0.0
arctic_a0129,Hindi,SVBI,0.5,0.0
arctic_a0129,Hindi,SVBI,0.75,0.0
arctic_a0129,Hindi,SVBI,0.9,0.0
arctic_a0129,Hindi,SVBI,1.0,0.0
arctic_a0129,Arabic,ZHAA,0.0,0.0
arctic_a0129,Arabic,ZHAA,0.25,0.0
arctic_a0129,Arabic,ZHAA,0.5,0.0
arctic_a0129,Arabic,ZHAA,0.75,0.0
arctic_a0129,Arabic,ZHAA,0.9,0.0
arctic_a0129,Arabic,ZHAA,1.0,0.0
arctic_a0299,Chinese,BWC,0.0,0.4166666666666667
arctic_a0299,Chinese,BWC,0.25,0.6666666666666666
arctic_a0299,Chinese,BWC,0.5,0.6666666666666666
arctic_a0299,Chinese,BWC,0.75,0.3333333333333333
arctic_a0299,Chinese,BWC,0.9,0.16666666666666666
arctic_a0299,Chinese,BWC,1.0,0.16666666666666666
arctic_a0299,Spanish,EBVS,0.0,0.08333333333333333
arctic_a0299,Spanish,EBVS,0.25,0.25
arctic_a0299,Spanish,EBVS,0.5,0.3333333333333333
arctic_a0299,Spanish,EBVS,0.75,0.16666666666666666
arctic_a0299,Spanish,EBVS,0.9,0.16666666666666666
arctic_a0299,Spanish,EBVS,1.0,0.08333333333333333
arctic_a0299,Korean,HJK,0.0,0.08333333333333333
arctic_a0299,Korean,HJK,0.25,0.16666666666666666
arctic_a0299,Korean,HJK,0.5,0.25
arctic_a0299,Korean,HJK,0.75,0.16666666666666666
arctic_a0299,Korean,HJK,0.9,0.16666666666666666
arctic_a0299,Korean,HJK,1.0,0.25
arctic_a0299,Vietnamese,HQTV,0.0,0.0
arctic_a0299,Vietnamese,HQTV,0.25,0.16666666666666666
arctic_a0299,Vietnamese,HQTV,0.5,0.3333333333333333
arctic_a0299,Vietnamese,HQTV,0.75,0.4166666666666667
arctic_a0299,Vietnamese,HQTV,0.9,0.08333333333333333
arctic_a0299,Vietnamese,HQTV,1.0,0.08333333333333333
arctic_a0299,Hindi,SVBI,0.0,0.16666666666666666
arctic_a0299,Hindi,SVBI,0.25,0.4166666666666667
arctic_a0299,Hindi,SVBI,0.5,0.3333333333333333
arctic_a0299,Hindi,SVBI,0.75,0.25
arctic_a0299,Hindi,SVBI,0.9,0.08333333333333333
arctic_a0299,Hindi,SVBI,1.0,0.08333333333333333
arctic_a0299,Arabic,ZHAA,0.0,0.08333333333333333
arctic_a0299,Arabic,ZHAA,0.25,0.16666666666666666
arctic_a0299,Arabic,ZHAA,0.5,0.25
arctic_a0299,Arabic,ZHAA,0.75,0.16666666666666666
arctic_a0299,Arabic,ZHAA,0.9,0.08333333333333333
arctic_a0299,Arabic,ZHAA,1.0,0.0
arctic_a0032,Chinese,BWC,0.0,0.16666666666666666
arctic_a0032,Chinese,BWC,0.25,0.25
arctic_a0032,Chinese,BWC,0.5,0.4166666666666667
arctic_a0032,Chinese,BWC,0.75,0.08333333333333333
arctic_a0032,Chinese,BWC,0.9,0.0
arctic_a0032,Chinese,BWC,1.0,0.0
arctic_a0032,Spanish,EBVS,0.0,0.0
arctic_a0032,Spanish,EBVS,0.25,0.16666666666666666
arctic_a0032,Spanish,EBVS,0.5,0.3333333333333333
arctic_a0032,Spanish,EBVS,0.75,0.08333333333333333
arctic_a0032,Spanish,EBVS,0.9,0.0
arctic_a0032,Spanish,EBVS,1.0,0.0
arctic_a0032,Korean,HJK,0.0,0.08333333333333333
arctic_a0032,Korean,HJK,0.25,0.0
arctic_a0032,Korean,HJK,0.5,0.0
arctic_a0032,Korean,HJK,0.75,0.0
arctic_a0032,Korean,HJK,0.9,0.0
arctic_a0032,Korean,HJK,1.0,0.0
arctic_a0032,Vietnamese,HQTV,0.0,0.08333333333333333
arctic_a0032,Vietnamese,HQTV,0.25,0.25
arctic_a0032,Vietnamese,HQTV,0.5,0.6666666666666666
arctic_a0032,Vietnamese,HQTV,0.75,0.08333333333333333
arctic_a0032,Vietnamese,HQTV,0.9,0.0
arctic_a0032,Vietnamese,HQTV,1.0,0.0
arctic_a0032,Hindi,SVBI,0.0,0.0
arctic_a0032,Hindi,SVBI,0.25,0.0
arctic_a0032,Hindi,SVBI,0.5,0.08333333333333333
arctic_a0032,Hindi,SVBI,0.75,0.0
arctic_a0032,Hindi,SVBI,0.9,0.0
arctic_a0032,Hindi,SVBI,1.0,0.0
arctic_a0032,Arabic,ZHAA,0.0,0.0
arctic_a0032,Arabic,ZHAA,0.25,0.0
arctic_a0032,Arabic,ZHAA,0.5,0.3333333333333333
arctic_a0032,Arabic,ZHAA,0.75,0.16666666666666666
arctic_a0032,Arabic,ZHAA,0.9,0.0
arctic_a0032,Arabic,ZHAA,1.0,0.0
arctic_a0221,Chinese,BWC,0.0,0.0
arctic_a0221,Chinese,BWC,0.25,0.0
arctic_a0221,Chinese,BWC,0.5,0.25
arctic_a0221,Chinese,BWC,0.75,0.25
arctic_a0221,Chinese,BWC,0.9,0.0
arctic_a0221,Chinese,BWC,1.0,0.0
arctic_a0221,Spanish,EBVS,0.0,0.0
arctic_a0221,Spanish,EBVS,0.25,0.25
arctic_a0221,Spanish,EBVS,0.5,0.375
arctic_a0221,Spanish,EBVS,0.75,0.25
arctic_a0221,Spanish,EBVS,0.9,0.125
arctic_a0221,Spanish,EBVS,1.0,0.0
arctic_a0221,Korean,HJK,0.0,0.0
arctic_a0221,Korean,HJK,0.25,0.25
arctic_a0221,Korean,HJK,0.5,0.25
arctic_a0221,Korean,HJK,0.75,0.125
arctic_a0221,Korean,HJK,0.9,0.0
arctic_a0221,Korean,HJK,1.0,0.0
arctic_a0221,Vietnamese,HQTV,0.0,0.125
arctic_a0221,Vietnamese,HQTV,0.25,0.25
arctic_a0221,Vietnamese,HQTV,0.5,0.25
arctic_a0221,Vietnamese,HQTV,0.75,0.125
arctic_a0221,Vietnamese,HQTV,0.9,0.0
arctic_a0221,Vietnamese,HQTV,1.0,0.0
arctic_a0221,Hindi,SVBI,0.0,0.0
arctic_a0221,Hindi,SVBI,0.25,0.125
arctic_a0221,Hindi,SVBI,0.5,0.375
arctic_a0221,Hindi,SVBI,0.75,0.125
arctic_a0221,Hindi,SVBI,0.9,0.0
arctic_a0221,Hindi,SVBI,1.0,0.0
arctic_a0221,Arabic,ZHAA,0.0,0.0
arctic_a0221,Arabic,ZHAA,0.25,0.125
arctic_a0221,Arabic,ZHAA,0.5,0.25
arctic_a0221,Arabic,ZHAA,0.75,0.125
arctic_a0221,Arabic,ZHAA,0.9,0.125
arctic_a0221,Arabic,ZHAA,1.0,0.0
arctic_b0476,Chinese,BWC,0.0,0.0
arctic_b0476,Chinese,BWC,0.25,0.1
arctic_b0476,Chinese,BWC,0.5,0.2
arctic_b0476,Chinese,BWC,0.75,0.2
arctic_b0476,Chinese,BWC,0.9,0.0
arctic_b0476,Chinese,BWC,1.0,0.0
arctic_b0476,Korean,HJK,0.0,0.0
arctic_b0476,Korean,HJK,0.25,0.1
arctic_b0476,Korean,HJK,0.5,0.4
arctic_b0476,Korean,HJK,0.75,0.1
arctic_b0476,Korean,HJK,0.9,0.0
arctic_b0476,Korean,HJK,1.0,0.0
arctic_b0476,Vietnamese,HQTV,0.0,0.1
arctic_b0476,Vietnamese,HQTV,0.25,0.3
arctic_b0476,Vietnamese,HQTV,0.5,0.4
arctic_b0476,Vietnamese,HQTV,0.75,0.1
arctic_b0476,Vietnamese,HQTV,0.9,0.0
arctic_b0476,Vietnamese,HQTV,1.0,0.0
arctic_b0476,Hindi,SVBI,0.0,0.0
arctic_b0476,Hindi,SVBI,0.25,0.1
arctic_b0476,Hindi,SVBI,0.5,0.1
arctic_b0476,Hindi,SVBI,0.75,0.1
arctic_b0476,Hindi,SVBI,0.9,0.0
arctic_b0476,Hindi,SVBI,1.0,0.0
arctic_b0476,Arabic,ZHAA,0.0,0.0
arctic_b0476,Arabic,ZHAA,0.25,0.0
arctic_b0476,Arabic,ZHAA,0.5,0.4
arctic_b0476,Arabic,ZHAA,0.75,0.1
arctic_b0476,Arabic,ZHAA,0.9,0.0
arctic_b0476,Arabic,ZHAA,1.0,0.0
arctic_b0099,Chinese,BWC,0.0,0.0
arctic_b0099,Chinese,BWC,0.25,0.2727272727272727
arctic_b0099,Chinese,BWC,0.5,0.6363636363636364
arctic_b0099,Chinese,BWC,0.75,0.18181818181818182
arctic_b0099,Chinese,BWC,0.9,0.09090909090909091
arctic_b0099,Chinese,BWC,1.0,0.09090909090909091
arctic_b0099,Spanish,EBVS,0.0,0.0
arctic_b0099,Spanish,EBVS,0.25,0.09090909090909091
arctic_b0099,Spanish,EBVS,0.5,0.45454545454545453
arctic_b0099,Spanish,EBVS,0.75,0.09090909090909091
arctic_b0099,Spanish,EBVS,0.9,0.09090909090909091
arctic_b0099,Spanish,EBVS,1.0,0.09090909090909091
arctic_b0099,Korean,HJK,0.0,0.0
arctic_b0099,Korean,HJK,0.25,0.09090909090909091
arctic_b0099,Korean,HJK,0.5,0.2727272727272727
arctic_b0099,Korean,HJK,0.75,0.09090909090909091
arctic_b0099,Korean,HJK,0.9,0.09090909090909091
arctic_b0099,Korean,HJK,1.0,0.09090909090909091
arctic_b0099,Vietnamese,HQTV,0.0,0.36363636363636365
arctic_b0099,Vietnamese,HQTV,0.25,0.45454545454545453
arctic_b0099,Vietnamese,HQTV,0.5,0.6363636363636364
arctic_b0099,Vietnamese,HQTV,0.75,0.2727272727272727
arctic_b0099,Vietnamese,HQTV,0.9,0.09090909090909091
arctic_b0099,Vietnamese,HQTV,1.0,0.0
arctic_b0099,Hindi,SVBI,0.0,0.0
arctic_b0099,Hindi,SVBI,0.25,0.09090909090909091
arctic_b0099,Hindi,SVBI,0.5,0.45454545454545453
arctic_b0099,Hindi,SVBI,0.75,0.18181818181818182
arctic_b0099,Hindi,SVBI,0.9,0.09090909090909091
arctic_b0099,Hindi,SVBI,1.0,0.09090909090909091
arctic_b0099,Arabic,ZHAA,0.0,0.0
arctic_b0099,Arabic,ZHAA,0.25,0.09090909090909091
arctic_b0099,Arabic,ZHAA,0.5,0.5454545454545454
arctic_b0099,Arabic,ZHAA,0.75,0.09090909090909091
arctic_b0099,Arabic,ZHAA,0.9,0.09090909090909091
arctic_b0099,Arabic,ZHAA,1.0,0.09090909090909091
arctic_b0325,Chinese,BWC,0.0,0.0
arctic_b0325,Chinese,BWC,0.25,0.2
arctic_b0325,Chinese,BWC,0.5,0.2
arctic_b0325,Chinese,BWC,0.75,0.2
arctic_b0325,Chinese,BWC,0.9,0.2
arctic_b0325,Chinese,BWC,1.0,0.0
arctic_b0325,Spanish,EBVS,0.0,0.4
arctic_b0325,Spanish,EBVS,0.25,0.8
arctic_b0325,Spanish,EBVS,0.5,0.2
arctic_b0325,Spanish,EBVS,0.75,0.2
arctic_b0325,Spanish,EBVS,0.9,0.2
arctic_b0325,Spanish,EBVS,1.0,0.0
arctic_b0325,Korean,HJK,0.0,0.0
arctic_b0325,Korean,HJK,0.25,0.2
arctic_b0325,Korean,HJK,0.5,0.2
arctic_b0325,Korean,HJK,0.75,0.2
arctic_b0325,Korean,HJK,0.9,0.2
arctic_b0325,Korean,HJK,1.0,0.0
arctic_b0325,Vietnamese,HQTV,0.0,0.4
arctic_b0325,Vietnamese,HQTV,0.25,0.2
arctic_b0325,Vietnamese,HQTV,0.5,0.2
arctic_b0325,Vietnamese,HQTV,0.75,0.2
arctic_b0325,Vietnamese,HQTV,0.9,0.2
arctic_b0325,Vietnamese,HQTV,1.0,0.0
arctic_b0325,Hindi,SVBI,0.0,0.2
arctic_b0325,Hindi,SVBI,0.25,0.2
arctic_b0325,Hindi,SVBI,0.5,0.4
arctic_b0325,Hindi,SVBI,0.75,0.2
arctic_b0325,Hindi,SVBI,0.9,0.0
arctic_b0325,Hindi,SVBI,1.0,0.0
arctic_b0325,Arabic,ZHAA,0.0,0.0
arctic_b0325,Arabic,ZHAA,0.25,0.2
arctic_b0325,Arabic,ZHAA,0.5,0.2
arctic_b0325,Arabic,ZHAA,0.75,0.2
arctic_b0325,Arabic,ZHAA,0.9,0.2
arctic_b0325,Arabic,ZHAA,1.0,0.0
arctic_b0141,Chinese,BWC,0.0,0.16666666666666666
arctic_b0141,Chinese,BWC,0.25,0.16666666666666666
arctic_b0141,Chinese,BWC,0.5,0.4166666666666667
arctic_b0141,Chinese,BWC,0.75,0.16666666666666666
arctic_b0141,Chinese,BWC,0.9,0.3333333333333333
arctic_b0141,Chinese,BWC,1.0,0.16666666666666666
arctic_b0141,Spanish,EBVS,0.0,0.0
arctic_b0141,Spanish,EBVS,0.25,0.08333333333333333
arctic_b0141,Spanish,EBVS,0.5,0.5833333333333334
arctic_b0141,Spanish,EBVS,0.75,0.3333333333333333
arctic_b0141,Spanish,EBVS,0.9,0.3333333333333333
arctic_b0141,Spanish,EBVS,1.0,0.16666666666666666
arctic_b0141,Korean,HJK,0.0,0.0
arctic_b0141,Korean,HJK,0.25,0.16666666666666666
arctic_b0141,Korean,HJK,0.5,0.25
arctic_b0141,Korean,HJK,0.75,0.3333333333333333
arctic_b0141,Korean,HJK,0.9,0.16666666666666666
arctic_b0141,Korean,HJK,1.0,0.16666666666666666
arctic_b0141,Vietnamese,HQTV,0.0,0.0
arctic_b0141,Vietnamese,HQTV,0.25,0.16666666666666666
arctic_b0141,Vietnamese,HQTV,0.5,0.3333333333333333
arctic_b0141,Vietnamese,HQTV,0.75,0.3333333333333333
arctic_b0141,Vietnamese,HQTV,0.9,0.3333333333333333
arctic_b0141,Vietnamese,HQTV,1.0,0.16666666666666666
arctic_b0141,Hindi,SVBI,0.0,0.0
arctic_b0141,Hindi,SVBI,0.25,0.08333333333333333
arctic_b0141,Hindi,SVBI,0.5,0.3333333333333333
arctic_b0141,Hindi,SVBI,0.75,0.3333333333333333
arctic_b0141,Hindi,SVBI,0.9,0.16666666666666666
arctic_b0141,Hindi,SVBI,1.0,0.16666666666666666
arctic_b0141,Arabic,ZHAA,0.0,0.0
arctic_b0141,Arabic,ZHAA,0.25,0.16666666666666666
arctic_b0141,Arabic,ZHAA,0.5,0.4166666666666667
arctic_b0141,Arabic,ZHAA,0.75,0.3333333333333333
arctic_b0141,Arabic,ZHAA,0.9,0.16666666666666666
arctic_b0141,Arabic,ZHAA,1.0,0.16666666666666666
arctic_a0211,Chinese,BWC,0.0,0.16666666666666666
arctic_a0211,Chinese,BWC,0.25,0.4166666666666667
arctic_a0211,Chinese,BWC,0.5,0.8333333333333334
arctic_a0211,Chinese,BWC,0.75,0.5
arctic_a0211,Chinese,BWC,0.9,0.08333333333333333
arctic_a0211,Chinese,BWC,1.0,0.0
arctic_a0211,Spanish,EBVS,0.0,0.0
arctic_a0211,Spanish,EBVS,0.25,0.3333333333333333
arctic_a0211,Spanish,EBVS,0.5,0.5833333333333334
arctic_a0211,Spanish,EBVS,0.75,0.16666666666666666
arctic_a0211,Spanish,EBVS,0.9,0.08333333333333333
arctic_a0211,Spanish,EBVS,1.0,0.0
arctic_a0211,Korean,HJK,0.0,0.0
arctic_a0211,Korean,HJK,0.25,0.08333333333333333
arctic_a0211,Korean,HJK,0.5,0.25
arctic_a0211,Korean,HJK,0.75,0.16666666666666666
arctic_a0211,Korean,HJK,0.9,0.0
arctic_a0211,Korean,HJK,1.0,0.0
arctic_a0211,Vietnamese,HQTV,0.0,0.3333333333333333
arctic_a0211,Vietnamese,HQTV,0.25,0.5
arctic_a0211,Vietnamese,HQTV,0.5,0.6666666666666666
arctic_a0211,Vietnamese,HQTV,0.75,0.16666666666666666
arctic_a0211,Vietnamese,HQTV,0.9,0.16666666666666666
arctic_a0211,Vietnamese,HQTV,1.0,0.0
arctic_a0211,Hindi,SVBI,0.0,0.08333333333333333
arctic_a0211,Hindi,SVBI,0.25,0.3333333333333333
arctic_a0211,Hindi,SVBI,0.5,0.4166666666666667
arctic_a0211,Hindi,SVBI,0.75,0.25
arctic_a0211,Hindi,SVBI,0.9,0.0
arctic_a0211,Hindi,SVBI,1.0,0.0
arctic_a0211,Arabic,ZHAA,0.0,0.0
arctic_a0211,Arabic,ZHAA,0.25,0.16666666666666666
arctic_a0211,Arabic,ZHAA,0.5,0.5
arctic_a0211,Arabic,ZHAA,0.75,0.25
arctic_a0211,Arabic,ZHAA,0.9,0.16666666666666666
arctic_a0211,Arabic,ZHAA,1.0,0.0
arctic_a0175,Chinese,BWC,0.0,0.0
arctic_a0175,Chinese,BWC,0.25,0.2222222222222222
arctic_a0175,Chinese,BWC,0.5,0.4444444444444444
arctic_a0175,Chinese,BWC,0.75,0.1111111111111111
arctic_a0175,Chinese,BWC,0.9,0.0
arctic_a0175,Chinese,BWC,1.0,0.0
arctic_a0175,Spanish,EBVS,0.0,0.0
arctic_a0175,Spanish,EBVS,0.25,0.3333333333333333
arctic_a0175,Spanish,EBVS,0.5,0.3333333333333333
arctic_a0175,Spanish,EBVS,0.75,0.1111111111111111
arctic_a0175,Spanish,EBVS,0.9,0.0
arctic_a0175,Spanish,EBVS,1.0,0.0
arctic_a0175,Korean,HJK,0.0,0.0
arctic_a0175,Korean,HJK,0.25,0.0
arctic_a0175,Korean,HJK,0.5,0.0
arctic_a0175,Korean,HJK,0.75,0.0
arctic_a0175,Korean,HJK,0.9,0.0
arctic_a0175,Korean,HJK,1.0,0.0
arctic_a0175,Vietnamese,HQTV,0.0,0.1111111111111111
arctic_a0175,Vietnamese,HQTV,0.25,0.1111111111111111
arctic_a0175,Vietnamese,HQTV,0.5,0.1111111111111111
arctic_a0175,Vietnamese,HQTV,0.75,0.0
arctic_a0175,Vietnamese,HQTV,0.9,0.0
arctic_a0175,Vietnamese,HQTV,1.0,0.0
arctic_a0175,Hindi,SVBI,0.0,0.0
arctic_a0175,Hindi,SVBI,0.25,0.2222222222222222
arctic_a0175,Hindi,SVBI,0.5,0.2222222222222222
arctic_a0175,Hindi,SVBI,0.75,0.0
arctic_a0175,Hindi,SVBI,0.9,0.0
arctic_a0175,Hindi,SVBI,1.0,0.0
arctic_a0175,Arabic,ZHAA,0.0,0.0
arctic_a0175,Arabic,ZHAA,0.25,0.0
arctic_a0175,Arabic,ZHAA,0.5,0.0
arctic_a0175,Arabic,ZHAA,0.75,0.0
arctic_a0175,Arabic,ZHAA,0.9,0.0
arctic_a0175,Arabic,ZHAA,1.0,0.0
arctic_a0300,Chinese,BWC,0.0,0.09090909090909091
arctic_a0300,Chinese,BWC,0.25,0.09090909090909091
arctic_a0300,Chinese,BWC,0.5,0.45454545454545453
arctic_a0300,Chinese,BWC,0.75,0.0
arctic_a0300,Chinese,BWC,0.9,0.0
arctic_a0300,Chinese,BWC,1.0,0.0
arctic_a0300,Spanish,EBVS,0.0,0.09090909090909091
arctic_a0300,Spanish,EBVS,0.25,0.36363636363636365
arctic_a0300,Spanish,EBVS,0.5,0.5454545454545454
arctic_a0300,Spanish,EBVS,0.75,0.09090909090909091
arctic_a0300,Spanish,EBVS,0.9,0.09090909090909091
arctic_a0300,Spanish,EBVS,1.0,0.0
arctic_a0300,Korean,HJK,0.0,0.2727272727272727
arctic_a0300,Korean,HJK,0.25,0.09090909090909091
arctic_a0300,Korean,HJK,0.5,0.09090909090909091
arctic_a0300,Korean,HJK,0.75,0.0
arctic_a0300,Korean,HJK,0.9,0.0
arctic_a0300,Korean,HJK,1.0,0.0
arctic_a0300,Vietnamese,HQTV,0.0,0.09090909090909091
arctic_a0300,Vietnamese,HQTV,0.25,0.36363636363636365
arctic_a0300,Vietnamese,HQTV,0.5,0.36363636363636365
arctic_a0300,Vietnamese,HQTV,0.75,0.09090909090909091
arctic_a0300,Vietnamese,HQTV,0.9,0.09090909090909091
arctic_a0300,Vietnamese,HQTV,1.0,0.0
arctic_a0300,Hindi,SVBI,0.0,0.0
arctic_a0300,Hindi,SVBI,0.25,0.0
arctic_a0300,Hindi,SVBI,0.5,0.09090909090909091
arctic_a0300,Hindi,SVBI,0.75,0.0
arctic_a0300,Hindi,SVBI,0.9,0.0
arctic_a0300,Hindi,SVBI,1.0,0.0
arctic_a0300,Arabic,ZHAA,0.0,0.0
arctic_a0300,Arabic,ZHAA,0.25,0.09090909090909091
arctic_a0300,Arabic,ZHAA,0.5,0.2727272727272727
arctic_a0300,Arabic,ZHAA,0.75,0.09090909090909091
arctic_a0300,Arabic,ZHAA,0.9,0.0
arctic_a0300,Arabic,ZHAA,1.0,0.0
arctic_a0334,Chinese,BWC,0.0,0.18181818181818182
arctic_a0334,Chinese,BWC,0.25,0.2727272727272727
arctic_a0334,Chinese,BWC,0.5,0.7272727272727273
arctic_a0334,Chinese,BWC,0.75,0.36363636363636365
arctic_a0334,Chinese,BWC,0.9,0.2727272727272727
arctic_a0334,Chinese,BWC,1.0,0.18181818181818182
arctic_a0334,Spanish,EBVS,0.0,0.6
arctic_a0334,Spanish,EBVS,0.25,0.4
arctic_a0334,Spanish,EBVS,0.5,0.3
arctic_a0334,Spanish,EBVS,0.75,0.1
arctic_a0334,Spanish,EBVS,0.9,0.0
arctic_a0334,Spanish,EBVS,1.0,0.0
arctic_a0334,Korean,HJK,0.0,0.1
arctic_a0334,Korean,HJK,0.25,0.1
arctic_a0334,Korean,HJK,0.5,0.2
arctic_a0334,Korean,HJK,0.75,0.1
arctic_a0334,Korean,HJK,0.9,0.0
arctic_a0334,Korean,HJK,1.0,0.0
arctic_a0334,Vietnamese,HQTV,0.0,0.3
arctic_a0334,Vietnamese,HQTV,0.25,0.3
arctic_a0334,Vietnamese,HQTV,0.5,0.2
arctic_a0334,Vietnamese,HQTV,0.75,0.1
arctic_a0334,Vietnamese,HQTV,0.9,0.1
arctic_a0334,Vietnamese,HQTV,1.0,0.0
arctic_a0334,Hindi,SVBI,0.0,0.1
arctic_a0334,Hindi,SVBI,0.25,0.3
arctic_a0334,Hindi,SVBI,0.5,0.2
arctic_a0334,Hindi,SVBI,0.75,0.1
arctic_a0334,Hindi,SVBI,0.9,0.0
arctic_a0334,Hindi,SVBI,1.0,0.0
arctic_a0334,Arabic,ZHAA,0.0,0.0
arctic_a0334,Arabic,ZHAA,0.25,0.2
arctic_a0334,Arabic,ZHAA,0.5,0.2
arctic_a0334,Arabic,ZHAA,0.75,0.1
arctic_a0334,Arabic,ZHAA,0.9,0.0
arctic_a0334,Arabic,ZHAA,1.0,0.0
arctic_b0174,Chinese,BWC,0.0,0.2727272727272727
arctic_b0174,Chinese,BWC,0.25,0.45454545454545453
arctic_b0174,Chinese,BWC,0.5,0.6363636363636364
arctic_b0174,Chinese,BWC,0.75,0.2727272727272727
arctic_b0174,Chinese,BWC,0.9,0.2727272727272727
arctic_b0174,Chinese,BWC,1.0,0.0
arctic_b0174,Spanish,EBVS,0.0,0.0
arctic_b0174,Spanish,EBVS,0.25,0.18181818181818182
arctic_b0174,Spanish,EBVS,0.5,0.5454545454545454
arctic_b0174,Spanish,EBVS,0.75,0.09090909090909091
arctic_b0174,Spanish,EBVS,0.9,0.09090909090909091
arctic_b0174,Spanish,EBVS,1.0,0.0
arctic_b0174,Korean,HJK,0.0,0.18181818181818182
arctic_b0174,Korean,HJK,0.25,0.09090909090909091
arctic_b0174,Korean,HJK,0.5,0.45454545454545453
arctic_b0174,Korean,HJK,0.75,0.09090909090909091
arctic_b0174,Korean,HJK,0.9,0.0
arctic_b0174,Korean,HJK,1.0,0.0
arctic_b0174,Vietnamese,HQTV,0.0,0.18181818181818182
arctic_b0174,Vietnamese,HQTV,0.25,0.18181818181818182
arctic_b0174,Vietnamese,HQTV,0.5,0.5454545454545454
arctic_b0174,Vietnamese,HQTV,0.75,0.09090909090909091
arctic_b0174,Vietnamese,HQTV,0.9,0.09090909090909091
arctic_b0174,Vietnamese,HQTV,1.0,0.0
arctic_b0174,Hindi,SVBI,0.0,0.18181818181818182
arctic_b0174,Hindi,SVBI,0.25,0.09090909090909091
arctic_b0174,Hindi,SVBI,0.5,0.09090909090909091
arctic_b0174,Hindi,SVBI,0.75,0.09090909090909091
arctic_b0174,Hindi,SVBI,0.9,0.0
arctic_b0174,Hindi,SVBI,1.0,0.0
arctic_b0174,Arabic,ZHAA,0.0,0.18181818181818182
arctic_b0174,Arabic,ZHAA,0.25,0.18181818181818182
arctic_b0174,Arabic,ZHAA,0.5,0.8181818181818182
arctic_b0174,Arabic,ZHAA,0.75,0.2727272727272727
arctic_b0174,Arabic,ZHAA,0.9,0.18181818181818182
arctic_b0174,Arabic,ZHAA,1.0,0.0
arctic_a0332,Chinese,BWC,0.0,0.2222222222222222
arctic_a0332,Chinese,BWC,0.25,0.2222222222222222
arctic_a0332,Chinese,BWC,0.5,0.5555555555555556
arctic_a0332,Chinese,BWC,0.75,0.2222222222222222
arctic_a0332,Chinese,BWC,0.9,0.2222222222222222
arctic_a0332,Chinese,BWC,1.0,0.0
arctic_a0332,Spanish,EBVS,0.0,0.3333333333333333
arctic_a0332,Spanish,EBVS,0.25,0.3333333333333333
arctic_a0332,Spanish,EBVS,0.5,0.4444444444444444
arctic_a0332,Spanish,EBVS,0.75,0.4444444444444444
arctic_a0332,Spanish,EBVS,0.9,0.1111111111111111
arctic_a0332,Spanish,EBVS,1.0,0.2222222222222222
arctic_a0332,Korean,HJK,0.0,0.0
arctic_a0332,Korean,HJK,0.25,0.1111111111111111
arctic_a0332,Korean,HJK,0.5,0.3333333333333333
arctic_a0332,Korean,HJK,0.75,0.3333333333333333
arctic_a0332,Korean,HJK,0.9,0.1111111111111111
arctic_a0332,Korean,HJK,1.0,0.0
arctic_a0332,Vietnamese,HQTV,0.0,0.2222222222222222
arctic_a0332,Vietnamese,HQTV,0.25,0.2222222222222222
arctic_a0332,Vietnamese,HQTV,0.5,0.3333333333333333
arctic_a0332,Vietnamese,HQTV,0.75,0.2222222222222222
arctic_a0332,Vietnamese,HQTV,0.9,0.1111111111111111
arctic_a0332,Vietnamese,HQTV,1.0,0.1111111111111111
arctic_a0332,Hindi,SVBI,0.0,0.4444444444444444
arctic_a0332,Hindi,SVBI,0.25,0.4444444444444444
arctic_a0332,Hindi,SVBI,0.5,0.3333333333333333
arctic_a0332,Hindi,SVBI,0.75,0.1111111111111111
arctic_a0332,Hindi,SVBI,0.9,0.1111111111111111
arctic_a0332,Hindi,SVBI,1.0,0.0
arctic_a0332,Arabic,ZHAA,0.0,0.6666666666666666
arctic_a0332,Arabic,ZHAA,0.25,0.3333333333333333
arctic_a0332,Arabic,ZHAA,0.5,0.2222222222222222
arctic_a0332,Arabic,ZHAA,0.75,0.1111111111111111
arctic_a0332,Arabic,ZHAA,0.9,0.1111111111111111
arctic_a0332,Arabic,ZHAA,1.0,0.0
arctic_a0141,Chinese,BWC,0.0,0.0
arctic_a0141,Chinese,BWC,0.25,0.2727272727272727
arctic_a0141,Chinese,BWC,0.5,0.09090909090909091
arctic_a0141,Chinese,BWC,0.75,0.09090909090909091
arctic_a0141,Chinese,BWC,0.9,0.0
arctic_a0141,Chinese,BWC,1.0,0.0
arctic_a0141,Spanish,EBVS,0.0,0.0
arctic_a0141,Spanish,EBVS,0.25,0.0
arctic_a0141,Spanish,EBVS,0.5,0.2727272727272727
arctic_a0141,Spanish,EBVS,0.75,0.09090909090909091
arctic_a0141,Spanish,EBVS,0.9,0.0
arctic_a0141,Spanish,EBVS,1.0,0.0
arctic_a0141,Korean,HJK,0.0,0.0
arctic_a0141,Korean,HJK,0.25,0.0
arctic_a0141,Korean,HJK,0.5,0.09090909090909091
arctic_a0141,Korean,HJK,0.75,0.0
arctic_a0141,Korean,HJK,0.9,0.0
arctic_a0141,Korean,HJK,1.0,0.0
arctic_a0141,Vietnamese,HQTV,0.0,0.18181818181818182
arctic_a0141,Vietnamese,HQTV,0.25,0.36363636363636365
arctic_a0141,Vietnamese,HQTV,0.5,0.45454545454545453
arctic_a0141,Vietnamese,HQTV,0.75,0.09090909090909091
arctic_a0141,Vietnamese,HQTV,0.9,0.09090909090909091
arctic_a0141,Vietnamese,HQTV,1.0,0.0
arctic_a0141,Hindi,SVBI,0.0,0.0
arctic_a0141,Hindi,SVBI,0.25,0.0
arctic_a0141,Hindi,SVBI,0.5,0.09090909090909091
arctic_a0141,Hindi,SVBI,0.75,0.0
arctic_a0141,Hindi,SVBI,0.9,0.0
arctic_a0141,Hindi,SVBI,1.0,0.0
arctic_a0141,Arabic,ZHAA,0.0,0.18181818181818182
arctic_a0141,Arabic,ZHAA,0.25,0.0
arctic_a0141,Arabic,ZHAA,0.5,0.0
arctic_a0141,Arabic,ZHAA,0.75,0.0
arctic_a0141,Arabic,ZHAA,0.9,0.0
arctic_a0141,Arabic,ZHAA,1.0,0.0
arctic_a0553,Chinese,BWC,0.0,0.2857142857142857
arctic_a0553,Chinese,BWC,0.25,0.2857142857142857
arctic_a0553,Chinese,BWC,0.5,0.2857142857142857
arctic_a0553,Chinese,BWC,0.75,0.2857142857142857
arctic_a0553,Chinese,BWC,0.9,0.2857142857142857
arctic_a0553,Chinese,BWC,1.0,0.2857142857142857
arctic_a0553,Spanish,EBVS,0.0,0.5714285714285714
arctic_a0553,Spanish,EBVS,0.25,0.5714285714285714
arctic_a0553,Spanish,EBVS,0.5,0.42857142857142855
arctic_a0553,Spanish,EBVS,0.75,0.2857142857142857
arctic_a0553,Spanish,EBVS,0.9,0.42857142857142855
arctic_a0553,Spanish,EBVS,1.0,0.2857142857142857
arctic_a0553,Korean,HJK,0.0,0.0
arctic_a0553,Korean,HJK,0.25,0.0
arctic_a0553,Korean,HJK,0.5,0.0
arctic_a0553,Korean,HJK,0.75,0.0
arctic_a0553,Korean,HJK,0.9,0.0
arctic_a0553,Korean,HJK,1.0,0.0
arctic_a0553,Vietnamese,HQTV,0.0,0.375
arctic_a0553,Vietnamese,HQTV,0.25,0.0
arctic_a0553,Vietnamese,HQTV,0.5,0.0
arctic_a0553,Vietnamese,HQTV,0.75,0.0
arctic_a0553,Vietnamese,HQTV,0.9,0.125
arctic_a0553,Vietnamese,HQTV,1.0,0.0
arctic_a0553,Hindi,SVBI,0.0,0.0
arctic_a0553,Hindi,SVBI,0.25,0.0
arctic_a0553,Hindi,SVBI,0.5,0.125
arctic_a0553,Hindi,SVBI,0.75,0.0
arctic_a0553,Hindi,SVBI,0.9,0.0
arctic_a0553,Hindi,SVBI,1.0,0.0
arctic_a0553,Arabic,ZHAA,0.0,0.0
arctic_a0553,Arabic,ZHAA,0.25,0.125
arctic_a0553,Arabic,ZHAA,0.5,0.125
arctic_a0553,Arabic,ZHAA,0.75,0.0
arctic_a0553,Arabic,ZHAA,0.9,0.0
arctic_a0553,Arabic,ZHAA,1.0,0.0
arctic_a0381,Chinese,BWC,0.0,0.3333333333333333
arctic_a0381,Chinese,BWC,0.25,0.0
arctic_a0381,Chinese,BWC,0.5,0.0
arctic_a0381,Chinese,BWC,0.75,0.0
arctic_a0381,Chinese,BWC,0.9,0.0
arctic_a0381,Chinese,BWC,1.0,0.0
arctic_a0381,Spanish,EBVS,0.0,0.3333333333333333
arctic_a0381,Spanish,EBVS,0.25,0.3333333333333333
arctic_a0381,Spanish,EBVS,0.5,0.3333333333333333
arctic_a0381,Spanish,EBVS,0.75,0.3333333333333333
arctic_a0381,Spanish,EBVS,0.9,0.0
arctic_a0381,Spanish,EBVS,1.0,0.0
arctic_a0381,Korean,HJK,0.0,0.0
arctic_a0381,Korean,HJK,0.25,0.0
arctic_a0381,Korean,HJK,0.5,0.3333333333333333
arctic_a0381,Korean,HJK,0.75,0.0
arctic_a0381,Korean,HJK,0.9,0.0
arctic_a0381,Korean,HJK,1.0,0.0
arctic_a0381,Vietnamese,HQTV,0.0,0.0
arctic_a0381,Vietnamese,HQTV,0.25,0.3333333333333333
arctic_a0381,Vietnamese,HQTV,0.5,0.3333333333333333
arctic_a0381,Vietnamese,HQTV,0.75,0.6666666666666666
arctic_a0381,Vietnamese,HQTV,0.9,0.6666666666666666
arctic_a0381,Vietnamese,HQTV,1.0,0.0
arctic_a0381,Hindi,SVBI,0.0,0.0
arctic_a0381,Hindi,SVBI,0.25,0.0
arctic_a0381,Hindi,SVBI,0.5,0.0
arctic_a0381,Hindi,SVBI,0.75,0.0
arctic_a0381,Hindi,SVBI,0.9,0.0
arctic_a0381,Hindi,SVBI,1.0,0.0
arctic_a0381,Arabic,ZHAA,0.0,0.6666666666666666
arctic_a0381,Arabic,ZHAA,0.25,0.3333333333333333
arctic_a0381,Arabic,ZHAA,0.5,0.6666666666666666
arctic_a0381,Arabic,ZHAA,0.75,0.0
arctic_a0381,Arabic,ZHAA,0.9,0.0
arctic_a0381,Arabic,ZHAA,1.0,0.0
arctic_a0261,Chinese,BWC,0.0,0.2
arctic_a0261,Chinese,BWC,0.25,0.2
arctic_a0261,Chinese,BWC,0.5,0.2
arctic_a0261,Chinese,BWC,0.75,0.0
arctic_a0261,Chinese,BWC,0.9,0.0
arctic_a0261,Chinese,BWC,1.0,0.0
arctic_a0261,Spanish,EBVS,0.0,0.0
arctic_a0261,Spanish,EBVS,0.25,0.0
arctic_a0261,Spanish,EBVS,0.5,0.0
arctic_a0261,Spanish,EBVS,0.75,0.0
arctic_a0261,Spanish,EBVS,0.9,0.0
arctic_a0261,Spanish,EBVS,1.0,0.2
arctic_a0261,Korean,HJK,0.0,0.0
arctic_a0261,Korean,HJK,0.25,0.0
arctic_a0261,Korean,HJK,0.5,0.0
arctic_a0261,Korean,HJK,0.75,0.0
arctic_a0261,Korean,HJK,0.9,0.0
arctic_a0261,Korean,HJK,1.0,0.0
arctic_a0261,Vietnamese,HQTV,0.0,0.2
arctic_a0261,Vietnamese,HQTV,0.25,0.0
arctic_a0261,Vietnamese,HQTV,0.5,0.2
arctic_a0261,Vietnamese,HQTV,0.75,0.0
arctic_a0261,Vietnamese,HQTV,0.9,0.0
arctic_a0261,Vietnamese,HQTV,1.0,0.0
arctic_a0261,Hindi,SVBI,0.0,0.2
arctic_a0261,Hindi,SVBI,0.25,0.0
arctic_a0261,Hindi,SVBI,0.5,0.0
arctic_a0261,Hindi,SVBI,0.75,0.0
arctic_a0261,Hindi,SVBI,0.9,0.0
arctic_a0261,Hindi,SVBI,1.0,0.0
arctic_a0261,Arabic,ZHAA,0.0,0.0
arctic_a0261,Arabic,ZHAA,0.25,0.0
arctic_a0261,Arabic,ZHAA,0.5,0.0
arctic_a0261,Arabic,ZHAA,0.75,0.0
arctic_a0261,Arabic,ZHAA,0.9,0.0
arctic_a0261,Arabic,ZHAA,1.0,0.0
arctic_a0333,Chinese,BWC,0.0,0.0
arctic_a0333,Chinese,BWC,0.25,0.0
arctic_a0333,Chinese,BWC,0.5,0.0
arctic_a0333,Chinese,BWC,0.75,0.0
arctic_a0333,Chinese,BWC,0.9,0.0
arctic_a0333,Chinese,BWC,1.0,0.0
arctic_a0333,Spanish,EBVS,0.0,0.0
arctic_a0333,Spanish,EBVS,0.25,0.3333333333333333
arctic_a0333,Spanish,EBVS,0.5,0.16666666666666666
arctic_a0333,Spanish,EBVS,0.75,0.0
arctic_a0333,Spanish,EBVS,0.9,0.0
arctic_a0333,Spanish,EBVS,1.0,0.0
arctic_a0333,Korean,HJK,0.0,0.0
arctic_a0333,Korean,HJK,0.25,0.0
arctic_a0333,Korean,HJK,0.5,0.0
arctic_a0333,Korean,HJK,0.75,0.0
arctic_a0333,Korean,HJK,0.9,0.0
arctic_a0333,Korean,HJK,1.0,0.0
arctic_a0333,Vietnamese,HQTV,0.0,0.0
arctic_a0333,Vietnamese,HQTV,0.25,0.0
arctic_a0333,Vietnamese,HQTV,0.5,0.0
arctic_a0333,Vietnamese,HQTV,0.75,0.0
arctic_a0333,Vietnamese,HQTV,0.9,0.0
arctic_a0333,Vietnamese,HQTV,1.0,0.0
arctic_a0333,Hindi,SVBI,0.0,0.0
arctic_a0333,Hindi,SVBI,0.25,0.0
arctic_a0333,Hindi,SVBI,0.5,0.0
arctic_a0333,Hindi,SVBI,0.75,0.0
arctic_a0333,Hindi,SVBI,0.9,0.0
arctic_a0333,Hindi,SVBI,1.0,0.0
arctic_a0333,Arabic,ZHAA,0.0,0.0
arctic_a0333,Arabic,ZHAA,0.25,0.0
arctic_a0333,Arabic,ZHAA,0.5,0.16666666666666666
arctic_a0333,Arabic,ZHAA,0.75,0.0
arctic_a0333,Arabic,ZHAA,0.9,0.0
arctic_a0333,Arabic,ZHAA,1.0,0.0
arctic_b0396,Chinese,BWC,0.0,0.25
arctic_b0396,Chinese,BWC,0.25,0.375
arctic_b0396,Chinese,BWC,0.5,0.375
arctic_b0396,Chinese,BWC,0.75,0.25
arctic_b0396,Chinese,BWC,0.9,0.125
arctic_b0396,Chinese,BWC,1.0,0.125
arctic_b0396,Spanish,EBVS,0.0,0.0
arctic_b0396,Spanish,EBVS,0.25,0.25
arctic_b0396,Spanish,EBVS,0.5,0.375
arctic_b0396,Spanish,EBVS,0.75,0.375
arctic_b0396,Spanish,EBVS,0.9,0.125
arctic_b0396,Spanish,EBVS,1.0,0.125
arctic_b0396,Korean,HJK,0.0,0.0
arctic_b0396,Korean,HJK,0.25,0.125
arctic_b0396,Korean,HJK,0.5,0.375
arctic_b0396,Korean,HJK,0.75,0.25
arctic_b0396,Korean,HJK,0.9,0.125
arctic_b0396,Korean,HJK,1.0,0.125
arctic_b0396,Vietnamese,HQTV,0.0,0.375
arctic_b0396,Vietnamese,HQTV,0.25,0.125
arctic_b0396,Vietnamese,HQTV,0.5,0.125
arctic_b0396,Vietnamese,HQTV,0.75,0.125
arctic_b0396,Vietnamese,HQTV,0.9,0.125
arctic_b0396,Vietnamese,HQTV,1.0,0.125
arctic_b0396,Hindi,SVBI,0.0,0.0
arctic_b0396,Hindi,SVBI,0.25,0.25
arctic_b0396,Hindi,SVBI,0.5,0.375
arctic_b0396,Hindi,SVBI,0.75,0.25
arctic_b0396,Hindi,SVBI,0.9,0.125
arctic_b0396,Hindi,SVBI,1.0,0.125
arctic_b0396,Arabic,ZHAA,0.0,0.0
arctic_b0396,Arabic,ZHAA,0.25,0.25
arctic_b0396,Arabic,ZHAA,0.5,0.375
arctic_b0396,Arabic,ZHAA,0.75,0.25
arctic_b0396,Arabic,ZHAA,0.9,0.125
arctic_b0396,Arabic,ZHAA,1.0,0.125
arctic_a0362,Chinese,BWC,0.0,0.0
arctic_a0362,Chinese,BWC,0.25,0.0
arctic_a0362,Chinese,BWC,0.5,0.2
arctic_a0362,Chinese,BWC,0.75,0.0
arctic_a0362,Chinese,BWC,0.9,0.0
arctic_a0362,Chinese,BWC,1.0,0.0
arctic_a0362,Spanish,EBVS,0.0,0.0
arctic_a0362,Spanish,EBVS,0.25,0.2
arctic_a0362,Spanish,EBVS,0.5,0.6
arctic_a0362,Spanish,EBVS,0.75,0.2
arctic_a0362,Spanish,EBVS,0.9,0.2
arctic_a0362,Spanish,EBVS,1.0,0.0
arctic_a0362,Korean,HJK,0.0,0.0
arctic_a0362,Korean,HJK,0.25,0.0
arctic_a0362,Korean,HJK,0.5,0.0
arctic_a0362,Korean,HJK,0.75,0.0
arctic_a0362,Korean,HJK,0.9,0.0
arctic_a0362,Korean,HJK,1.0,0.0
arctic_a0362,Vietnamese,HQTV,0.0,0.0
arctic_a0362,Vietnamese,HQTV,0.25,0.2
arctic_a0362,Vietnamese,HQTV,0.5,0.2
arctic_a0362,Vietnamese,HQTV,0.75,0.0
arctic_a0362,Vietnamese,HQTV,0.9,0.0
arctic_a0362,Vietnamese,HQTV,1.0,0.0
arctic_a0362,Hindi,SVBI,0.0,0.0
arctic_a0362,Hindi,SVBI,0.25,0.2
arctic_a0362,Hindi,SVBI,0.5,0.2
arctic_a0362,Hindi,SVBI,0.75,0.0
arctic_a0362,Hindi,SVBI,0.9,0.2
arctic_a0362,Hindi,SVBI,1.0,0.0
arctic_a0362,Arabic,ZHAA,0.0,0.0
arctic_a0362,Arabic,ZHAA,0.25,0.0
arctic_a0362,Arabic,ZHAA,0.5,0.2
arctic_a0362,Arabic,ZHAA,0.75,0.0
arctic_a0362,Arabic,ZHAA,0.9,0.2
arctic_a0362,Arabic,ZHAA,1.0,0.0
