{
  "0": {
    "accuracy": 0.3374333333333333,
    "macro_f1": 0.32718034343414626,
    "per_phone_f1": {
      "AA": 0.2677165354330709,
      "AE": 0.3549848942598187,
      "AH": 0.21650247707989295,
      "AO": 0.3769633507853403,
      "AW": 0.12244897959183673,
      "AY": 0.4013663535439795,
      "B": 0.23045267489711935,
      "CH": 0.22012578616352202,
      "D": 0.2815734989648033,
      "DH": 0.40262172284644193,
      "EH": 0.2555205047318612,
      "ER": 0.20534943917169973,
      "EY": 0.2864651773981603,
      "F": 0.6863189720332578,
      "G": 0.1381692573402418,
      "HH": 0.5652173913043478,
      "IH": 0.32476319350473615,
      "IY": 0.46920821114369504,
      "JH": 0.1262135922330097,
      "K": 0.36805011746280347,
      "L": 0.316023080337328,
      "M": 0.37482319660537483,
      "N": 0.5160879260911119,
      "NG": 0.2318840579710145,
      "OW": 0.20123203285420946,
      "OY": 0.0,
      "P": 0.3386046511627907,
      "R": 0.3697794462693571,
      "S": 0.6967803940413263,
      "SH": 0.6070038910505836,
      "T": 0.4027491408934708,
      "TH": 0.0,
      "UH": 0.11940298507462686,
      "UW": 0.29985855728429983,
      "V": 0.28426395939086296,
      "W": 0.4580812445980985,
      "Y": 0.19607843137254902,
      "Z": 0.3929875821767714,
      "ZH": 0.0
    },
    "n_samples": 30000,
    "n_folds": 5
  },
  "1": {
    "accuracy": 0.5489666666666667,
    "macro_f1": 0.5197670631555478,
    "per_phone_f1": {
      "AA": 0.3745583038869258,
      "AE": 0.5639972621492129,
      "AH": 0.3989421218594243,
      "AO": 0.5257032007759457,
      "AW": 0.2711864406779661,
      "AY": 0.6072555205047319,
      "B": 0.463768115942029,
      "CH": 0.5823389021479713,
      "D": 0.49420231907237105,
      "DH": 0.5725368502715283,
      "EH": 0.3905579399141631,
      "ER": 0.3457792207792208,
      "EY": 0.41379310344827586,
      "F": 0.8450331125827815,
      "G": 0.35704323570432356,
      "HH": 0.7631055076310551,
      "IH": 0.5307925987296327,
      "IY": 0.6342397548831865,
      "JH": 0.3107569721115538,
      "K": 0.5955786736020806,
      "L": 0.5355396765701391,
      "M": 0.6086956521739131,
      "N": 0.7048786990135963,
      "NG": 0.39591836734693875,
      "OW": 0.3173431734317343,
      "OY": 0.0,
      "P": 0.5723076923076923,
      "R": 0.5684560965459842,
      "S": 0.7722174288179465,
      "SH": 0.7849829351535836,
      "T": 0.5709451293207638,
      "TH": 0.16363636363636364,
      "UH": 0.3025830258302583,
      "UW": 0.4910025706940874,
      "V": 0.5260196905766527,
      "W": 0.7266134880348079,
      "Y": 0.46153846153846156,
      "Z": 0.6875337290879655,
      "ZH": 0.0
    },
    "n_samples": 30000,
    "n_folds": 5
  },
  "2": {
    "accuracy": 0.6236333333333334,
    "macro_f1": 0.5880487713030598,
    "per_phone_f1": {
      "AA": 0.42328042328042326,
      "AE": 0.5884718498659517,
      "AH": 0.5103950103950103,
      "AO": 0.5591603053435115,
      "AW": 0.3765432098765432,
      "AY": 0.6798534798534799,
      "B": 0.5714285714285714,
      "CH": 0.6161369193154034,
      "D": 0.5285820341499629,
      "DH": 0.5940438871473355,
      "EH": 0.45529573590096284,
      "ER": 0.42401215805471126,
      "EY": 0.4921968787515006,
      "F": 0.8760655737704918,
      "G": 0.4888888888888889,
      "HH": 0.8323773103887827,
      "IH": 0.5709908069458631,
      "IY": 0.6721842389348687,
      "JH": 0.4523809523809524,
      "K": 0.7030759573132455,
      "L": 0.6462882096069869,
      "M": 0.7465909090909091,
      "N": 0.7876588021778584,
      "NG": 0.5411764705882353,
      "OW": 0.35,
      "OY": 0.0,
      "P": 0.6469344608879493,
      "R": 0.619815668202765,
      "S": 0.7926148561614427,
      "SH": 0.8211920529801324,
      "T": 0.6248799231508165,
      "TH": 0.2,
      "UH": 0.3193916349809886,
      "UW": 0.5635220125786163,
      "V": 0.6214099216710183,
      "W": 0.7872791519434629,
      "Y": 0.5407407407407407,
      "Z": 0.7329455314648334,
      "ZH": 0.0
    },
    "n_samples": 30000,
    "n_folds": 5
  },
  "3": {
    "accuracy": 0.6830666666666667,
    "macro_f1": 0.6524587200029435,
    "per_phone_f1": {
      "AA": 0.4699828473413379,
      "AE": 0.634857521537442,
      "AH": 0.5692329585883023,
      "AO": 0.617059891107078,
      "AW": 0.4551282051282051,
      "AY": 0.7470383275261324,
      "B": 0.6680497925311203,
      "CH": 0.6893203883495146,
      "D": 0.5655070318282753,
      "DH": 0.6793313069908815,
      "EH": 0.5199468085106383,
      "ER": 0.4896142433234421,
      "EY": 0.5839909808342728,
      "F": 0.9007832898172323,
      "G": 0.6112469437652812,
      "HH": 0.8790931989924433,
      "IH": 0.6186868686868687,
      "IY": 0.7135493372606775,
      "JH": 0.5725190839694656,
      "K": 0.7837338262476895,
      "L": 0.7318101933216169,
      "M": 0.8393665158371041,
      "N": 0.8428025477707006,
      "NG": 0.6339622641509434,
      "OW": 0.4061433447098976,
      "OY": 0.0,
      "P": 0.7205673758865249,
      "R": 0.6820590461771385,
      "S": 0.8211977595863852,
      "SH": 0.8599348534201955,
      "T": 0.6848381601362862,
      "TH": 0.2892561983471074,
      "UH": 0.35507246376811596,
      "UW": 0.6520681265206812,
      "V": 0.664886515353805,
      "W": 0.8220338983050848,
      "Y": 0.6102941176470589,
      "Z": 0.7560064068339563,
      "ZH": 0.0
    },
    "n_samples": 30000,
    "n_folds": 5
  },
  "4": {
    "accuracy": 0.7229666666666666,
    "macro_f1": 0.701883997037585,
    "per_phone_f1": {
      "AA": 0.4712041884816754,
      "AE": 0.6717557251908397,
      "AH": 0.6040548598688134,
      "AO": 0.6337522441651705,
      "AW": 0.5587301587301587,
      "AY": 0.7741487143849896,
      "B": 0.7289719626168224,
      "CH": 0.7619047619047619,
      "D": 0.5982449446776039,
      "DH": 0.7204301075268817,
      "EH": 0.5686402081977879,
      "ER": 0.5338129496402878,
      "EY": 0.6173120728929385,
      "F": 0.9348109517601043,
      "G": 0.7061611374407583,
      "HH": 0.9123028391167193,
      "IH": 0.6381795195954488,
      "IY": 0.7298474945533769,
      "JH": 0.6346863468634686,
      "K": 0.8552472858866104,
      "L": 0.7846649946255823,
      "M": 0.8755656108597285,
      "N": 0.8758499118609921,
      "NG": 0.6988847583643123,
      "OW": 0.48903878583473864,
      "OY": 0.0,
      "P": 0.7942973523421588,
      "R": 0.7036072889550019,
      "S": 0.8408510638297872,
      "SH": 0.8823529411764706,
      "T": 0.7396376272027798,
      "TH": 0.3861003861003861,
      "UH": 0.46,
      "UW": 0.7163120567375887,
      "V": 0.7291399229781772,
      "W": 0.8581411600279525,
      "Y": 0.7063197026022305,
      "Z": 0.7747458533975388,
      "ZH": 0.0
    },
    "n_samples": 30000,
    "n_folds": 5
  },
  "5": {
    "accuracy": 0.7573333333333333,
    "macro_f1": 0.7411690654008705,
    "per_phone_f1": {
      "AA": 0.5141903171953256,
      "AE": 0.6931818181818182,
      "AH": 0.6436305732484077,
      "AO": 0.672566371681416,
      "AW": 0.6417445482866043,
      "AY": 0.8351648351648352,
      "B": 0.7695431472081218,
      "CH": 0.7868852459016393,
      "D": 0.6397562833206397,
      "DH": 0.7519142419601837,
      "EH": 0.6040868454661558,
      "ER": 0.586628324946082,
      "EY": 0.6784530386740332,
      "F": 0.9441891004596191,
      "G": 0.784037558685446,
      "HH": 0.929471032745592,
      "IH": 0.6714675937422399,
      "IY": 0.7588192944564435,
      "JH": 0.6911764705882353,
      "K": 0.8824593128390597,
      "L": 0.8306480486931614,
      "M": 0.9117647058823529,
      "N": 0.893467336683417,
      "NG": 0.7116788321167883,
      "OW": 0.5819935691318328,
      "OY": 0.0,
      "P": 0.8159675236806495,
      "R": 0.7527432333577176,
      "S": 0.85066324347454,
      "SH": 0.8986928104575164,
      "T": 0.7594304271796153,
      "TH": 0.4280155642023346,
      "UH": 0.5418060200668896,
      "UW": 0.7548906789413119,
      "V": 0.7587939698492462,
      "W": 0.8901098901098901,
      "Y": 0.7670250896057348,