{
  "0": {
    "accuracy": 0.3374333333333333,
    "macro_f1": 0.32718034343414626,
    "per_phone_f1": {
      "AA": 0.2677165354330709,
      "AE": 0.3549848942598187,
      "AH": 0.21650247707989295,
      "AO": 0.3769633507853403,
      "AW": 0.12244897959183673,
      "AY": 0.4013663535439795,
      "B": 0.23045267489711935,
      "CH": 0.22012578616352202,
      "D": 0.2815734989648033,
      "DH": 0.40262172284644193,
      "EH": 0.2555205047318612,
      "ER": 0.20534943917169973,
      "EY": 0.2864651773981603,
      "F": 0.6863189720332578,
      "G": 0.1381692573402418,
      "HH": 0.5652173913043478,
      "IH": 0.32476319350473615,
      "IY": 0.46920821114369504,
      "JH": 0.1262135922330097,
      "K": 0.36805011746280347,
      "L": 0.316023080337328,
      "M": 0.37482319660537483,
      "N": 0.5160879260911119,
      "NG": 0.2318840579710145,
      "OW": 0.20123203285420946,
      "OY": 0.0,
      "P": 0.3386046511627907,
      "R": 0.3697794462693571,
      "S": 0.6967803940413263,
      "SH": 0.6070038910505836,
      "T": 0.4027491408934708,
      "TH": 0.0,
      "UH": 0.11940298507462686,
      "UW": 0.29985855728429983,
      "V": 0.28426395939086296,
      "W": 0.4580812445980985,
      "Y": 0.19607843137254902,
      "Z": 0.3929875821767714,
      "ZH": 0.0
    },
    "n_samples": 30000,
    "n_folds": 5
  },
  "1": {
    "accuracy": 0.5675666666666667,
    "macro_f1": 0.5357609542713977,
    "per_phone_f1": {
      "AA": 0.37865748709122204,
      "AE": 0.563573883161512,
      "AH": 0.4340999557717824,
      "AO": 0.5442307692307692,
      "AW": 0.31125827814569534,
      "AY": 0.6273006134969326,
      "B": 0.4662983425414365,
      "CH": 0.5933014354066986,
      "D": 0.5085139318885449,
      "DH": 0.5871271585557299,
      "EH": 0.42745930644019814,
      "ER": 0.3553784860557769,
      "EY": 0.4470868014268728,
      "F": 0.8554455445544554,
      "G": 0.3768506056527591,
      "HH": 0.7830618892508143,
      "IH": 0.5325379609544468,
      "IY": 0.6334332833583208,
      "JH": 0.38333333333333336,
      "K": 0.6192893401015228,
      "L": 0.5429527705466716,
      "M": 0.6437768240343348,
      "N": 0.7259879612666841,
      "NG": 0.416,
      "OW": 0.3057553956834532,
      "OY": 0.0,
      "P": 0.5751334858886347,
      "R": 0.5868945868945868,
      "S": 0.7705882352941177,
      "SH": 0.806070826306914,
      "T": 0.5808153477218225,
      "TH": 0.12727272727272726,
      "UH": 0.30996309963099633,
      "UW": 0.533498759305211,
      "V": 0.5392953929539296,
      "W": 0.7317425885755604,
      "Y": 0.5019011406844106,
      "Z": 0.6972677595628415,
      "ZH": 0.0
    },
    "n_samples": 30000,
    "n_folds": 5
  },
  "2": {
    "accuracy": 0.6411333333333333,
    "macro_f1": 0.6059066037117194,
    "per_phone_f1": {
      "AA": 0.41043478260869565,
      "AE": 0.6049966239027684,
      "AH": 0.530968695418514,
      "AO": 0.5701021355617456,
      "AW": 0.3803680981595092,
      "AY": 0.6918604651162791,
      "B": 0.5851172273190621,
      "CH": 0.6437346437346437,
      "D": 0.5471627207816611,
      "DH": 0.6335403726708074,
      "EH": 0.476,
      "ER": 0.44329132690882134,
      "EY": 0.49939686369119424,
      "F": 0.8796356538711776,
      "G": 0.5287958115183246,
      "HH": 0.8355899419729207,
      "IH": 0.5820025348542459,
      "IY": 0.6822262118491921,
      "JH": 0.46153846153846156,
      "K": 0.7383120825743776,
      "L": 0.6683399067766225,
      "M": 0.7870894677236693,
      "N": 0.8060934675961787,
      "NG": 0.5860113421550095,
      "OW": 0.3602058319039451,
      "OY": 0.0,
      "P": 0.6632578524470416,
      "R": 0.6415094339622641,
      "S": 0.7967409948542024,
      "SH": 0.8246753246753247,
      "T": 0.6424271610883698,
      "TH": 0.2,
      "UH": 0.3295880149812734,
      "UW": 0.6050632911392405,
      "V": 0.6586666666666666,
      "W": 0.7962962962962963,
      "Y": 0.5992779783393501,
      "Z": 0.7282266526757608,
      "ZH": 0.0
    },
    "n_samples": 30000,
    "n_folds": 5
  },
  "3": {
    "accuracy": 0.6986666666666667,
    "macro_f1": 0.6705650293548211,
    "per_phone_f1": {
      "AA": 0.4560810810810811,
      "AE": 0.6735483870967742,
      "AH": 0.5874945087128423,
      "AO": 0.6233062330623306,
      "AW": 0.5185185185185185,
      "AY": 0.7678321678321678,
      "B": 0.6819085487077535,
      "CH": 0.7107843137254902,
      "D": 0.5832095096582467,
      "DH": 0.7089381207028266,
      "EH": 0.5302325581395348,
      "ER": 0.5128960943257185,
      "EY": 0.5785876993166287,
      "F": 0.9117069980379333,
      "G": 0.6277372262773723,
      "HH": 0.899873257287706,
      "IH": 0.626267623052189,
      "IY": 0.7230150018294914,
      "JH": 0.5799256505576208,
      "K": 0.8240963855421687,
      "L": 0.7530597552195825,
      "M": 0.8539576365663322,
      "N": 0.8512040557667934,
      "NG": 0.653211009174312,
      "OW": 0.4500846023688663,
      "OY": 0.0,
      "P": 0.7328136073706591,
      "R": 0.693263078660143,
      "S": 0.820446735395189,
      "SH": 0.8651315789473685,
      "T": 0.7021489255372314,
      "TH": 0.2821576763485477,
      "UH": 0.4261168384879725,
      "UW": 0.6795180722891566,
      "V": 0.6869220607661823,
      "W": 0.8353188507358094,
      "Y": 0.6474820143884892,
      "Z": 0.7521097046413502,
      "ZH": 0.0
    },
    "n_samples": 30000,
    "n_folds": 5
  },
  "4": {
    "accuracy": 0.7352,
    "macro_f1": 0.7158772847819526,
    "per_phone_f1": {
      "AA": 0.5034722222222222,
      "AE": 0.6860759493670886,
      "AH": 0.6195234435049961,
      "AO": 0.6441881100266194,
      "AW": 0.6060606060606061,
      "AY": 0.7964113181504486,
      "B": 0.7420998980632009,
      "CH": 0.7506053268765133,
      "D": 0.6182509505703422,
      "DH": 0.737490377213241,
      "EH": 0.58656330749354,
      "ER": 0.5629838142153413,
      "EY": 0.6118192352259559,
      "F": 0.9387755102040817,
      "G": 0.7340301974448316,
      "HH": 0.922397476340694,
      "IH": 0.6531319633572666,
      "IY": 0.737983375496928,
      "JH": 0.6451612903225806,
      "K": 0.8621736490588949,
      "L": 0.8066020810907786,
      "M": 0.8903878583473862,
      "N": 0.883463377800151,
      "NG": 0.7074074074074074,
      "OW": 0.5042301184433164,
      "OY": 0.0,
      "P": 0.8013605442176871,
      "R": 0.7094619666048237,
      "S": 0.8426918131161595,
      "SH": 0.8874388254486134,
      "T": 0.7430849738350361,
      "TH": 0.37547892720306514,
      "UH": 0.5119453924914675,
      "UW": 0.7323943661971831,
      "V": 0.7284427284427284,
      "W": 0.864561403508772,
      "Y": 0.7578947368421053,
      "Z": 0.781414994720169,
      "ZH": 0.0
    },
    "n_samples": 30000,
    "n_folds": 5
  },
  "5": {
    "accuracy": 0.7667666666666667,
    "macro_f1": 0.7509442409809455,
    "per_phone_f1": {
      "AA": 0.5196581196581197,
      "AE": 0.7198038013488657,
      "AH": 0.6577705451586656,
      "AO": 0.6649168853893264,
      "AW": 0.6871165644171779,
      "AY": 0.8593208593208593,
      "B": 0.7758793969849246,
      "CH": 0.7764705882352941,
      "D": 0.6470588235294118,
      "DH": 0.7693463561232157,
      "EH": 0.61198738170347,
      "ER": 0.5980392156862745,
      "EY": 0.6828729281767956,
      "F": 0.9450261780104712,
      "G": 0.798154555940023,
      "HH": 0.9414726242920075,
      "IH": 0.6793572311495674,
      "IY": 0.7569692637598284,
      "JH": 0.7003610108303249,
      "K": 0.8941318814277072,
      "L": 0.8350626118067979,
      "M": 0.920045045045045,
      "N": 0.8997985901309165,
      "NG": 0.7240143369175627,
      "OW": 0.5934065934065934,
      "OY": 0.0,
      "P": 0.8287671232876712,
      "R": 0.7594564818215204,
      "S": 0.8646808510638297,
      "SH": 0.9011345218800648,
      "T": 0.7739984882842026,
      "TH": 0.4541832669322709,
      "UH": 0.5592105263157895,
      "UW": 0.774712643678161,
      "V": 0.7667493796526055,
      "W": 0.8899521531100478,
      "Y": 0.7591240875912408,