{
  "baseline": {
    "0": {
      "accuracy": 0.3374333333333333,
      "macro_f1": 0.32718034343414626,
      "per_phone_f1": {
        "AA": 0.2677165354330709,
        "AE": 0.3549848942598187,
        "AH": 0.21650247707989295,
        "AO": 0.3769633507853403,
        "AW": 0.12244897959183673,
        "AY": 0.4013663535439795,
        "B": 0.23045267489711935,
        "CH": 0.22012578616352202,
        "D": 0.2815734989648033,
        "DH": 0.40262172284644193,
        "EH": 0.2555205047318612,
        "ER": 0.20534943917169973,
        "EY": 0.2864651773981603,
        "F": 0.6863189720332578,
        "G": 0.1381692573402418,
        "HH": 0.5652173913043478,
        "IH": 0.32476319350473615,
        "IY": 0.46920821114369504,
        "JH": 0.1262135922330097,
        "K": 0.36805011746280347,
        "L": 0.316023080337328,
        "M": 0.37482319660537483,
        "N": 0.5160879260911119,
        "NG": 0.2318840579710145,
        "OW": 0.20123203285420946,
        "OY": 0.0,
        "P": 0.3386046511627907,
        "R": 0.3697794462693571,
        "S": 0.6967803940413263,
        "SH": 0.6070038910505836,
        "T": 0.4027491408934708,
        "TH": 0.0,
        "UH": 0.11940298507462686,
        "UW": 0.29985855728429983,
        "V": 0.28426395939086296,
        "W": 0.4580812445980985,
        "Y": 0.19607843137254902,
        "Z": 0.3929875821767714,
        "ZH": 0.0
      },
      "n_samples": 30000,
      "n_folds": 5
    },
    "1": {
      "accuracy": 0.5734666666666667,
      "macro_f1": 0.5400438837658582,
      "per_phone_f1": {
        "AA": 0.3917525773195876,
        "AE": 0.5720108695652174,
        "AH": 0.4455139223100722,
        "AO": 0.5465004793863855,
        "AW": 0.32362459546925565,
        "AY": 0.6300533943554538,
        "B": 0.48,
        "CH": 0.5755395683453237,
        "D": 0.5081458494957332,
        "DH": 0.5817610062893082,
        "EH": 0.4336842105263158,
        "ER": 0.36961628817541115,
        "EY": 0.4470868014268728,
        "F": 0.8528252299605782,
        "G": 0.3941018766756032,
        "HH": 0.7987012987012987,
        "IH": 0.5439198100764969,
        "IY": 0.6337817638266069,
        "JH": 0.379746835443038,
        "K": 0.6212980466288595,
        "L": 0.5533162330524002,
        "M": 0.6523076923076923,
        "N": 0.7259337190952131,
        "NG": 0.42292490118577075,
        "OW": 0.31521739130434784,
        "OY": 0.0,
        "P": 0.5799086757990868,
        "R": 0.5910931174089069,
        "S": 0.7700170357751278,
        "SH": 0.8121827411167513,
        "T": 0.5801742406404521,
        "TH": 0.09523809523809523,
        "UH": 0.29927007299270075,
        "UW": 0.5326633165829145,
        "V": 0.5527369826435247,
        "W": 0.7368421052631579,
        "Y": 0.5303030303030303,
        "Z": 0.7018299246501615,
        "ZH": 0.0
      },
      "n_samples": 30000,
      "n_folds": 5
    },
    "2": {
      "accuracy": 0.6447,
      "macro_f1": 0.6091732974743381,
      "per_phone_f1": {
        "AA": 0.42662116040955633,
        "AE": 0.6239259748843358,
        "AH": 0.5420638209697473,
        "AO": 0.5830258302583026,
        "AW": 0.3772455089820359,
        "AY": 0.7091172214182344,
        "B": 0.5867768595041323,
        "CH": 0.6341463414634146,
        "D": 0.53562103692652,
        "DH": 0.6374314800313234,
        "EH": 0.47556142668428003,
        "ER": 0.44778362133734034,
        "EY": 0.5102286401925391,
        "F": 0.881245944192083,
        "G": 0.5305591677503251,
        "HH": 0.8457583547557841,
        "IH": 0.5828313253012049,
        "IY": 0.6833631484794276,
        "JH": 0.47619047619047616,
        "K": 0.7360097323600974,
        "L": 0.6707142857142857,
        "M": 0.7925591882750845,
        "N": 0.8066013408973698,
        "NG": 0.576271186440678,
        "OW": 0.37282229965156793,
        "OY": 0.0,
        "P": 0.6676238334529792,
        "R": 0.6491228070175439,
        "S": 0.7975986277873071,
        "SH": 0.8273615635179153,
        "T": 0.6407113674597452,
        "TH": 0.19658119658119658,
        "UH": 0.35036496350364965,
        "UW": 0.5989974937343359,
        "V": 0.6522911051212938,
        "W": 0.7974504249291785,
        "Y": 0.592057761732852,
        "Z": 0.7247754886423666,
        "ZH": 0.0
      },
      "n_samples": 30000,
      "n_folds": 5
    },
    "3": {
      "accuracy": 0.7015333333333333,
      "macro_f1": 0.6741298210224753,
      "per_phone_f1": {
        "AA": 0.46153846153846156,
        "AE": 0.6812339331619537,
        "AH": 0.5918608080212326,
        "AO": 0.6332116788321168,
        "AW": 0.5203761755485894,
        "AY": 0.7671994440583739,
        "B": 0.6766467065868264,
        "CH": 0.7111111111111111,
        "D": 0.5823068309070548,
        "DH": 0.7065134099616859,
        "EH": 0.5384615384615384,
        "ER": 0.5171658144631117,
        "EY": 0.592255125284738,
        "F": 0.9109947643979057,
        "G": 0.6235011990407674,
        "HH": 0.8994307400379506,
        "IH": 0.6264524103831891,
        "IY": 0.7269426289034132,
        "JH": 0.5830258302583026,
        "K": 0.8218181818181818,
        "L": 0.7613554434030281,
        "M": 0.8587319243604005,
        "N": 0.8570700636942675,
        "NG": 0.6618444846292948,
        "OW": 0.4574290484140234,
        "OY": 0.0,
        "P": 0.7348377997179125,
        "R": 0.6970954356846473,
        "S": 0.8195164075993091,
        "SH": 0.8743882544861338,
        "T": 0.7002982107355865,
        "TH": 0.27983539094650206,
        "UH": 0.44368600682593856,
        "UW": 0.6827503015681544,
        "V": 0.6876640419947506,
        "W": 0.8396094839609484,
        "Y": 0.6617647058823529,
        "Z": 0.7528795811518325,
        "ZH": 0.0
      },
      "n_samples": 30000,
      "n_folds": 5
    },
    "4": {
      "accuracy": 0.7384,
      "macro_f1": 0.7197660222435747,
      "per_phone_f1": {
        "AA": 0.5017301038062284,
        "AE": 0.6974099810486418,
        "AH": 0.6276579233276424,
        "AO": 0.647636039250669,
        "AW": 0.6238532110091743,
        "AY": 0.7986206896551724,
        "B": 0.7389969293756398,
        "CH": 0.7536231884057971,
        "D": 0.6129889859475883,
        "DH": 0.7404580152671756,
        "EH": 0.5890675241157556,
        "ER": 0.5654008438818565,
        "EY": 0.6073059360730594,
        "F": 0.9367588932806324,
        "G": 0.7439724454649828,
        "HH": 0.9210360075805433,
        "IH": 0.655656889327089,
        "IY": 0.7418889689978371,
        "JH": 0.6476868327402135,
        "K": 0.8710462287104623,
        "L": 0.8091657715717866,
        "M": 0.8947963800904978,
        "N": 0.8847508807247106,
        "NG": 0.7153284671532847,
        "OW": 0.5406301824212272,
        "OY": 0.0,
        "P": 0.7991886409736308,
        "R": 0.7216035634743875,
        "S": 0.8412090251170711,
        "SH": 0.8852459016393442,
        "T": 0.7434292866082604,
        "TH": 0.40458015267175573,
        "UH": 0.5152542372881356,
        "UW": 0.7388235294117647,
        "V": 0.7373868046571799,
        "W": 0.8607242339832869,
        "Y": 0.7364620938628159,
        "Z": 0.7799680340969632,
        "ZH": 0.0
      },
      "n_samples": 30000,
      "n_folds": 5
    },
    "5": {
      "accuracy": 0.7705666666666666,
      "macro_f1": 0.7550703292569623,
      "per_phone_f1": {
        "AA": 0.5533333333333333,
        "AE": 0.7093596059113301,
        "AH": 0.6691815647039527,
        "AO": 0.6660808435852372,
        "AW": 0.6987951807228916,
        "AY": 0.8603042876901799,
        "B": 0.773938795656466,
        "CH": 0.7885985748218527,
        "D": 0.6483558994197292,
        "DH": 0.7679516250944822,
        "EH": 0.6152866242038216,
        "ER": 0.6032417195207893,
        "EY": 0.6937431394072447,
        "F": 0.94750656167979,
        "G": 0.8060046189376443,
        "HH": 0.9405878674171357,
        "IH": 0.6856154226396441,
        "IY": 0.7631296891747053,
        "JH": 0.7050359712230215,