{
  "baseline": {
    "0": {
      "accuracy": 0.32703333333333334,
      "macro_f1": 0.26812519975220706,
      "per_phone_f1": {
        "AA": 0.17771084337349397,
        "AE": 0.2967651195499297,
        "AH": 0.27219721012620857,
        "AO": 0.2373300370828183,
        "AW": 0.11235955056179775,
        "AY": 0.2799188640973631,
        "B": 0.23767383059418457,
        "CH": 0.10714285714285714,
        "D": 0.2571662571662572,
        "DH": 0.3764367816091954,
        "EH": 0.12417685794920037,
        "ER": 0.14615384615384616,
        "EY": 0.30209481808158767,
        "F": 0.6327160493827161,
        "G": 0.06960556844547564,
        "HH": 0.6136054421768707,
        "IH": 0.3178849144634526,
        "IY": 0.39818089944416374,
        "JH": 0.11956521739130435,
        "K": 0.42618570474281897,
        "L": 0.28078817733990147,
        "M": 0.33675564681724846,
        "N": 0.42738205365402404,
        "NG": 0.15625,
        "OW": 0.12032520325203253,
        "OY": 0.0,
        "P": 0.25863991081382387,
        "R": 0.2991409802930773,
        "S": 0.6568181818181819,
        "SH": 0.5177865612648221,
        "T": 0.3783783783783784,
        "TH": 0.02572347266881029,
        "UH": 0.09615384615384616,
        "UW": 0.17158671586715868,
        "V": 0.23684210526315788,
        "W": 0.4364508393285372,
        "Y": 0.16613418530351437,
        "Z": 0.38685586258401794,
        "ZH": 0.0
      },
      "n_samples": 30000,
      "n_folds": 5
    },
    "1": {
      "accuracy": 0.48736666666666667,
      "macro_f1": 0.41274721849399626,
      "per_phone_f1": {
        "AA": 0.2649350649350649,
        "AE": 0.4505978602894902,
        "AH": 0.46694476046011885,
        "AO": 0.3552479815455594,
        "AW": 0.27507163323782235,
        "AY": 0.5258126195028681,
        "B": 0.3854389721627409,
        "CH": 0.20754716981132076,
        "D": 0.4059065934065934,
        "DH": 0.42183288409703507,
        "EH": 0.2868654311039484,
        "ER": 0.2988847583643123,
        "EY": 0.3983315954118874,
        "F": 0.7564422277639236,
        "G": 0.25735294117647056,
        "HH": 0.7744020685197156,
        "IH": 0.5141463414634146,
        "IY": 0.5391605365642579,
        "JH": 0.205607476635514,
        "K": 0.6066104990278678,
        "L": 0.47102649006622516,
        "M": 0.5605966438781852,
        "N": 0.6689241990101589,
        "NG": 0.42980935875216636,
        "OW": 0.25069637883008355,
        "OY": 0.042105263157894736,
        "P": 0.37294685990338167,
        "R": 0.44415011037527596,
        "S": 0.7126760563380282,
        "SH": 0.6145038167938931,
        "T": 0.4451345755693582,
        "TH": 0.12871287128712872,
        "UH": 0.17316017316017315,
        "UW": 0.36875,
        "V": 0.41975308641975306,
        "W": 0.6921985815602837,
        "Y": 0.4126984126984127,
        "Z": 0.49215922798552475,
        "ZH": 0.0
      },
      "n_samples": 30000,
      "n_folds": 5
    },
    "2": {
      "accuracy": 0.5443,
      "macro_f1": 0.47199477780226967,
      "per_phone_f1": {
        "AA": 0.2890932982917214,
        "AE": 0.4721862871927555,
        "AH": 0.5216811207471648,
        "AO": 0.3741496598639456,
        "AW": 0.2825112107623318,
        "AY": 0.5569852941176471,
        "B": 0.49287169042769857,
        "CH": 0.2727272727272727,
        "D": 0.4402730375426621,
        "DH": 0.4896597731821214,
        "EH": 0.30634920634920637,
        "ER": 0.3918824352694192,
        "EY": 0.4428424304840371,
        "F": 0.808130081300813,
        "G": 0.366412213740458,
        "HH": 0.8406909788867563,
        "IH": 0.5355850422195416,
        "IY": 0.5429434613724644,
        "JH": 0.27586206896551724,
        "K": 0.7049808429118773,
        "L": 0.5783760312635693,
        "M": 0.7510300176574456,
        "N": 0.7510204081632653,
        "NG": 0.5652892561983471,
        "OW": 0.3263009845288326,
        "OY": 0.15384615384615385,
        "P": 0.471976401179941,
        "R": 0.5304054054054054,
        "S": 0.7509659290481209,
        "SH": 0.6790352504638218,
        "T": 0.46752154719360944,
        "TH": 0.12406947890818859,
        "UH": 0.18584070796460178,
        "UW": 0.4692387904066736,
        "V": 0.4726027397260274,
        "W": 0.7355021216407355,
        "Y": 0.4777777777777778,
        "Z": 0.5091799265605875,
        "ZH": 0.0
      },
      "n_samples": 30000,
      "n_folds": 5
    },
    "3": {
      "accuracy": 0.5926333333333333,
      "macro_f1": 0.5230089586158362,
      "per_phone_f1": {
        "AA": 0.29973474801061006,
        "AE": 0.5280199252801993,
        "AH": 0.5508463100880162,
        "AO": 0.4552486187845304,
        "AW": 0.31607629427792916,
        "AY": 0.6223055295220243,
        "B": 0.5358255451713395,
        "CH": 0.3536977491961415,
        "D": 0.4781987133666905,
        "DH": 0.5755395683453237,
        "EH": 0.3448275862068966,
        "ER": 0.3986013986013986,
        "EY": 0.5124481327800829,
        "F": 0.8239095315024233,
        "G": 0.4677137870855148,
        "HH": 0.8771021992238034,
        "IH": 0.5843911612599906,
        "IY": 0.6000883782589483,
        "JH": 0.4012738853503185,
        "K": 0.770012706480305,
        "L": 0.6684491978609626,
        "M": 0.8194607268464243,
        "N": 0.7958271236959762,
        "NG": 0.6348684210526315,
        "OW": 0.3560500695410292,
        "OY": 0.16161616161616163,
        "P": 0.5656759348034516,
        "R": 0.587288817377313,
        "S": 0.7581607581607581,
        "SH": 0.7124773960216998,
        "T": 0.5198869810910671,
        "TH": 0.18095238095238095,
        "UH": 0.18269230769230768,
        "UW": 0.5341488277268094,
        "V": 0.5210643015521065,
        "W": 0.7960057061340942,
        "Y": 0.5866666666666667,
        "Z": 0.5201958384332925,
        "ZH": 0.0
      },
      "n_samples": 30000,
      "n_folds": 5
    },
    "4": {
      "accuracy": 0.6277,
      "macro_f1": 0.5674965612011844,
      "per_phone_f1": {
        "AA": 0.352059925093633,
        "AE": 0.5276913503422527,
        "AH": 0.557386051619989,
        "AO": 0.4506104328523862,
        "AW": 0.38746438746438744,
        "AY": 0.644674835061263,
        "B": 0.6278381046396841,
        "CH": 0.3925233644859813,
        "D": 0.49691569568197397,
        "DH": 0.5917001338688086,
        "EH": 0.39511823035850496,
        "ER": 0.4388586956521739,
        "EY": 0.5670103092783505,
        "F": 0.8659305993690851,
        "G": 0.6068965517241379,
        "HH": 0.8988326848249028,
        "IH": 0.5953577410863843,
        "IY": 0.6077156480277417,
        "JH": 0.5306122448979592,
        "K": 0.8363171355498721,
        "L": 0.7209920283436669,
        "M": 0.8601521357519017,
        "N": 0.814595660749507,
        "NG": 0.67,
        "OW": 0.39106145251396646,
        "OY": 0.2,
        "P": 0.6544454628780935,
        "R": 0.6188898094449047,
        "S": 0.7869308307264512,
        "SH": 0.776386404293381,
        "T": 0.6061874854617353,
        "TH": 0.22580645161290322,
        "UH": 0.2583732057416268,
        "UW": 0.6060019361084221,
        "V": 0.5606060606060606,
        "W": 0.8089080459770115,
        "Y": 0.6236559139784946,
        "Z": 0.5778588807785888,
        "ZH": 0.0
      },
      "n_samples": 30000,
      "n_folds": 5
    },
    "5": {
      "accuracy": 0.6623666666666667,
      "macro_f1": 0.6114939577179521,
      "per_phone_f1": {
        "AA": 0.3688118811881188,
        "AE": 0.5590881823635273,
        "AH": 0.5920956686597637,
        "AO": 0.4962243797195254,
        "AW": 0.46745562130177515,
        "AY": 0.7314487632508834,
        "B": 0.7114093959731543,
        "CH": 0.4773413897280967,
        "D": 0.5139966273187184,
        "DH": 0.603257328990228,
        "EH": 0.40217391304347827,
        "ER": 0.5072010018785222,
        "EY": 0.5768025078369906,
        "F": 0.8892405063291139,
        "G": 0.6819672131147541,
        "HH": 0.9143230869849575,
        "IH": 0.6328400281888654,