prompt_id,L1,speaker,alpha,wer,method
arctic_a0006,Chinese,BWC,0.0,0.4166666666666667,dtw_aligned
arctic_a0006,Chinese,BWC,0.25,0.3333333333333333,dtw_aligned
arctic_a0006,Chinese,BWC,0.5,0.4166666666666667,dtw_aligned
arctic_a0006,Chinese,BWC,0.75,0.25,dtw_aligned
arctic_a0006,Chinese,BWC,0.9,0.25,dtw_aligned
arctic_a0006,Chinese,BWC,1.0,0.25,dtw_aligned
arctic_a0006,Spanish,EBVS,0.0,0.36363636363636365,dtw_aligned
arctic_a0006,Spanish,EBVS,0.25,0.36363636363636365,dtw_aligned
arctic_a0006,Spanish,EBVS,0.5,0.09090909090909091,dtw_aligned
arctic_a0006,Spanish,EBVS,0.75,0.09090909090909091,dtw_aligned
arctic_a0006,Spanish,EBVS,0.9,0.09090909090909091,dtw_aligned
arctic_a0006,Spanish,EBVS,1.0,0.09090909090909091,dtw_aligned
arctic_a0006,Korean,HJK,0.0,0.0,dtw_aligned
arctic_a0006,Korean,HJK,0.25,0.0,dtw_aligned
arctic_a0006,Korean,HJK,0.5,0.09090909090909091,dtw_aligned
arctic_a0006,Korean,HJK,0.75,0.18181818181818182,dtw_aligned
arctic_a0006,Korean,HJK,0.9,0.09090909090909091,dtw_aligned
arctic_a0006,Korean,HJK,1.0,0.18181818181818182,dtw_aligned
arctic_a0006,Vietnamese,HQTV,0.0,0.45454545454545453,dtw_aligned
arctic_a0006,Vietnamese,HQTV,0.25,0.09090909090909091,dtw_aligned
arctic_a0006,Vietnamese,HQTV,0.5,0.18181818181818182,dtw_aligned
arctic_a0006,Vietnamese,HQTV,0.75,0.09090909090909091,dtw_aligned
arctic_a0006,Vietnamese,HQTV,0.9,0.09090909090909091,dtw_aligned
arctic_a0006,Vietnamese,HQTV,1.0,0.09090909090909091,dtw_aligned
arctic_a0006,Hindi,SVBI,0.0,0.0,dtw_aligned
arctic_a0006,Hindi,SVBI,0.25,0.18181818181818182,dtw_aligned
arctic_a0006,Hindi,SVBI,0.5,0.18181818181818182,dtw_aligned
arctic_a0006,Hindi,SVBI,0.75,0.09090909090909091,dtw_aligned
arctic_a0006,Hindi,SVBI,0.9,0.18181818181818182,dtw_aligned
arctic_a0006,Hindi,SVBI,1.0,0.09090909090909091,dtw_aligned
arctic_a0006,Arabic,ZHAA,0.0,0.18181818181818182,dtw_aligned
arctic_a0006,Arabic,ZHAA,0.25,0.0,dtw_aligned
arctic_a0006,Arabic,ZHAA,0.5,0.18181818181818182,dtw_aligned
arctic_a0006,Arabic,ZHAA,0.75,0.09090909090909091,dtw_aligned
arctic_a0006,Arabic,ZHAA,0.9,0.09090909090909091,dtw_aligned
arctic_a0006,Arabic,ZHAA,1.0,0.09090909090909091,dtw_aligned
arctic_a0012,Chinese,BWC,0.0,0.3333333333333333,dtw_aligned
arctic_a0012,Chinese,BWC,0.25,0.3333333333333333,dtw_aligned
arctic_a0012,Chinese,BWC,0.5,0.1111111111111111,dtw_aligned
arctic_a0012,Chinese,BWC,0.75,0.2222222222222222,dtw_aligned
arctic_a0012,Chinese,BWC,0.9,0.1111111111111111,dtw_aligned
arctic_a0012,Chinese,BWC,1.0,0.1111111111111111,dtw_aligned
arctic_a0012,Spanish,EBVS,0.0,0.1,dtw_aligned
arctic_a0012,Spanish,EBVS,0.25,0.1,dtw_aligned
arctic_a0012,Spanish,EBVS,0.5,0.1,dtw_aligned
arctic_a0012,Spanish,EBVS,0.75,0.1,dtw_aligned
arctic_a0012,Spanish,EBVS,0.9,0.0,dtw_aligned
arctic_a0012,Spanish,EBVS,1.0,0.0,dtw_aligned
arctic_a0012,Korean,HJK,0.0,0.0,dtw_aligned
arctic_a0012,Korean,HJK,0.25,0.0,dtw_aligned
arctic_a0012,Korean,HJK,0.5,0.0,dtw_aligned
arctic_a0012,Korean,HJK,0.75,0.0,dtw_aligned
arctic_a0012,Korean,HJK,0.9,0.0,dtw_aligned
arctic_a0012,Korean,HJK,1.0,0.0,dtw_aligned
arctic_a0012,Vietnamese,HQTV,0.0,0.6,dtw_aligned
arctic_a0012,Vietnamese,HQTV,0.25,0.4,dtw_aligned
arctic_a0012,Vietnamese,HQTV,0.5,0.1,dtw_aligned
arctic_a0012,Vietnamese,HQTV,0.75,0.1,dtw_aligned
arctic_a0012,Vietnamese,HQTV,0.9,0.0,dtw_aligned
arctic_a0012,Vietnamese,HQTV,1.0,0.0,dtw_aligned
arctic_a0012,Hindi,SVBI,0.0,0.2,dtw_aligned
arctic_a0012,Hindi,SVBI,0.25,0.0,dtw_aligned
arctic_a0012,Hindi,SVBI,0.5,0.0,dtw_aligned
arctic_a0012,Hindi,SVBI,0.75,0.0,dtw_aligned
arctic_a0012,Hindi,SVBI,0.9,0.0,dtw_aligned
arctic_a0012,Hindi,SVBI,1.0,0.0,dtw_aligned
arctic_a0012,Arabic,ZHAA,0.0,0.0,dtw_aligned
arctic_a0012,Arabic,ZHAA,0.25,0.0,dtw_aligned
arctic_a0012,Arabic,ZHAA,0.5,0.1,dtw_aligned
arctic_a0012,Arabic,ZHAA,0.75,0.0,dtw_aligned
arctic_a0012,Arabic,ZHAA,0.9,0.0,dtw_aligned
arctic_a0012,Arabic,ZHAA,1.0,0.0,dtw_aligned
arctic_a0013,Chinese,BWC,0.0,0.0,dtw_aligned
arctic_a0013,Chinese,BWC,0.25,0.0,dtw_aligned
arctic_a0013,Chinese,BWC,0.5,0.0,dtw_aligned
arctic_a0013,Chinese,BWC,0.75,0.0,dtw_aligned
arctic_a0013,Chinese,BWC,0.9,0.16666666666666666,dtw_aligned
arctic_a0013,Chinese,BWC,1.0,0.0,dtw_aligned
arctic_a0013,Spanish,EBVS,0.0,0.0,dtw_aligned
arctic_a0013,Spanish,EBVS,0.25,0.0,dtw_aligned
arctic_a0013,Spanish,EBVS,0.5,0.0,dtw_aligned
arctic_a0013,Spanish,EBVS,0.75,0.0,dtw_aligned
arctic_a0013,Spanish,EBVS,0.9,0.16666666666666666,dtw_aligned
arctic_a0013,Spanish,EBVS,1.0,0.0,dtw_aligned
arctic_a0013,Korean,HJK,0.0,0.0,dtw_aligned
arctic_a0013,Korean,HJK,0.25,0.0,dtw_aligned
arctic_a0013,Korean,HJK,0.5,0.0,dtw_aligned
arctic_a0013,Korean,HJK,0.75,0.16666666666666666,dtw_aligned
arctic_a0013,Korean,HJK,0.9,0.16666666666666666,dtw_aligned
arctic_a0013,Korean,HJK,1.0,0.0,dtw_aligned
arctic_a0013,Vietnamese,HQTV,0.0,0.08333333333333333,dtw_aligned
arctic_a0013,Vietnamese,HQTV,0.25,0.08333333333333333,dtw_aligned
arctic_a0013,Vietnamese,HQTV,0.5,0.08333333333333333,dtw_aligned
arctic_a0013,Vietnamese,HQTV,0.75,0.0,dtw_aligned
arctic_a0013,Vietnamese,HQTV,0.9,0.08333333333333333,dtw_aligned
arctic_a0013,Vietnamese,HQTV,1.0,0.0,dtw_aligned
arctic_a0013,Hindi,SVBI,0.0,0.0,dtw_aligned
arctic_a0013,Hindi,SVBI,0.25,0.0,dtw_aligned
arctic_a0013,Hindi,SVBI,0.5,0.0,dtw_aligned
arctic_a0013,Hindi,SVBI,0.75,0.16666666666666666,dtw_aligned
arctic_a0013,Hindi,SVBI,0.9,0.16666666666666666,dtw_aligned
arctic_a0013,Hindi,SVBI,1.0,0.0,dtw_aligned
arctic_a0013,Arabic,ZHAA,0.0,0.0,dtw_aligned
arctic_a0013,Arabic,ZHAA,0.25,0.0,dtw_aligned
arctic_a0013,Arabic,ZHAA,0.5,0.0,dtw_aligned
arctic_a0013,Arabic,ZHAA,0.75,0.16666666666666666,dtw_aligned
arctic_a0013,Arabic,ZHAA,0.9,0.0,dtw_aligned
arctic_a0013,Arabic,ZHAA,1.0,0.16666666666666666,dtw_aligned
arctic_a0019,Chinese,BWC,0.0,0.2727272727272727,dtw_aligned
arctic_a0019,Chinese,BWC,0.25,0.09090909090909091,dtw_aligned
arctic_a0019,Chinese,BWC,0.5,0.09090909090909091,dtw_aligned
arctic_a0019,Chinese,BWC,0.75,0.0,dtw_aligned
arctic_a0019,Chinese,BWC,0.9,0.0,dtw_aligned
arctic_a0019,Chinese,BWC,1.0,0.0,dtw_aligned
arctic_a0019,Spanish,EBVS,0.0,0.36363636363636365,dtw_aligned
arctic_a0019,Spanish,EBVS,0.25,0.0,dtw_aligned
arctic_a0019,Spanish,EBVS,0.5,0.0,dtw_aligned
arctic_a0019,Spanish,EBVS,0.75,0.0,dtw_aligned
arctic_a0019,Spanish,EBVS,0.9,0.0,dtw_aligned
arctic_a0019,Spanish,EBVS,1.0,0.0,dtw_aligned
arctic_a0019,Korean,HJK,0.0,0.09090909090909091,dtw_aligned
arctic_a0019,Korean,HJK,0.25,0.09090909090909091,dtw_aligned
arctic_a0019,Korean,HJK,0.5,0.09090909090909091,dtw_aligned
arctic_a0019,Korean,HJK,0.75,0.0,dtw_aligned
arctic_a0019,Korean,HJK,0.9,0.0,dtw_aligned
arctic_a0019,Korean,HJK,1.0,0.0,dtw_aligned
arctic_a0019,Vietnamese,HQTV,0.0,0.18181818181818182,dtw_aligned
arctic_a0019,Vietnamese,HQTV,0.25,0.0,dtw_aligned
arctic_a0019,Vietnamese,HQTV,0.5,0.0,dtw_aligned
arctic_a0019,Vietnamese,HQTV,0.75,0.0,dtw_aligned
arctic_a0019,Vietnamese,HQTV,0.9,0.09090909090909091,dtw_aligned
arctic_a0019,Vietnamese,HQTV,1.0,0.0,dtw_aligned
arctic_a0019,Hindi,SVBI,0.0,0.18181818181818182,dtw_aligned
arctic_a0019,Hindi,SVBI,0.25,0.09090909090909091,dtw_aligned
arctic_a0019,Hindi,SVBI,0.5,0.09090909090909091,dtw_aligned
arctic_a0019,Hindi,SVBI,0.75,0.0,dtw_aligned
arctic_a0019,Hindi,SVBI,0.9,0.0,dtw_aligned
arctic_a0019,Hindi,SVBI,1.0,0.0,dtw_aligned
arctic_a0019,Arabic,ZHAA,0.0,0.0,dtw_aligned
arctic_a0019,Arabic,ZHAA,0.25,0.0,dtw_aligned
arctic_a0019,Arabic,ZHAA,0.5,0.0,dtw_aligned
arctic_a0019,Arabic,ZHAA,0.75,0.0,dtw_aligned
arctic_a0019,Arabic,ZHAA,0.9,0.0,dtw_aligned
arctic_a0019,Arabic,ZHAA,1.0,0.0,dtw_aligned
arctic_a0021,Chinese,BWC,0.0,0.14285714285714285,dtw_aligned
arctic_a0021,Chinese,BWC,0.25,0.0,dtw_aligned
arctic_a0021,Chinese,BWC,0.5,0.0,dtw_aligned
arctic_a0021,Chinese,BWC,0.75,0.0,dtw_aligned
arctic_a0021,Chinese,BWC,0.9,0.0,dtw_aligned
arctic_a0021,Chinese,BWC,1.0,0.0,dtw_aligned
arctic_a0021,Spanish,EBVS,0.0,0.42857142857142855,dtw_aligned
arctic_a0021,Spanish,EBVS,0.25,0.2857142857142857,dtw_aligned
arctic_a0021,Spanish,EBVS,0.5,0.0,dtw_aligned
arctic_a0021,Spanish,EBVS,0.75,0.0,dtw_aligned
arctic_a0021,Spanish,EBVS,0.9,0.0,dtw_aligned
arctic_a0021,Spanish,EBVS,1.0,0.0,dtw_aligned
arctic_a0021,Korean,HJK,0.0,0.14285714285714285,dtw_aligned
arctic_a0021,Korean,HJK,0.25,0.0,dtw_aligned
arctic_a0021,Korean,HJK,0.5,0.0,dtw_aligned
arctic_a0021,Korean,HJK,0.75,0.0,dtw_aligned
arctic_a0021,Korean,HJK,0.9,0.0,dtw_aligned
arctic_a0021,Korean,HJK,1.0,0.0,dtw_aligned
arctic_a0021,Vietnamese,HQTV,0.0,0.14285714285714285,dtw_aligned
arctic_a0021,Vietnamese,HQTV,0.25,0.0,dtw_aligned
arctic_a0021,Vietnamese,HQTV,0.5,0.0,dtw_aligned
arctic_a0021,Vietnamese,HQTV,0.75,0.0,dtw_aligned
arctic_a0021,Vietnamese,HQTV,0.9,0.0,dtw_aligned
arctic_a0021,Vietnamese,HQTV,1.0,0.0,dtw_aligned
arctic_a0021,Hindi,SVBI,0.0,0.14285714285714285,dtw_aligned
arctic_a0021,Hindi,SVBI,0.25,0.0,dtw_aligned
arctic_a0021,Hindi,SVBI,0.5,0.0,dtw_aligned
arctic_a0021,Hindi,SVBI,0.75,0.0,dtw_aligned
arctic_a0021,Hindi,SVBI,0.9,0.0,dtw_aligned
arctic_a0021,Hindi,SVBI,1.0,0.0,dtw_aligned
arctic_a0021,Arabic,ZHAA,0.0,0.0,dtw_aligned
arctic_a0021,Arabic,ZHAA,0.25,0.0,dtw_aligned
arctic_a0021,Arabic,ZHAA,0.5,0.0,dtw_aligned
arctic_a0021,Arabic,ZHAA,0.75,0.0,dtw_aligned
arctic_a0021,Arabic,ZHAA,0.9,0.0,dtw_aligned
arctic_a0021,Arabic,ZHAA,1.0,0.0,dtw_aligned
arctic_a0028,Chinese,BWC,0.0,0.0,dtw_aligned
arctic_a0028,Chinese,BWC,0.25,0.0,dtw_aligned
arctic_a0028,Chinese,BWC,0.5,0.0,dtw_aligned
arctic_a0028,Chinese,BWC,0.75,0.0,dtw_aligned
arctic_a0028,Chinese,BWC,0.9,0.3333333333333333,dtw_aligned
arctic_a0028,Chinese,BWC,1.0,0.3333333333333333,dtw_aligned
arctic_a0028,Spanish,EBVS,0.0,0.3333333333333333,dtw_aligned
arctic_a0028,Spanish,EBVS,0.25,0.3333333333333333,dtw_aligned
arctic_a0028,Spanish,EBVS,0.5,0.3333333333333333,dtw_aligned
arctic_a0028,Spanish,EBVS,0.75,0.0,dtw_aligned
arctic_a0028,Spanish,EBVS,0.9,0.3333333333333333,dtw_aligned
arctic_a0028,Spanish,EBVS,1.0,0.3333333333333333,dtw_aligned
arctic_a0028,Korean,HJK,0.0,0.3333333333333333,dtw_aligned
arctic_a0028,Korean,HJK,0.25,0.0,dtw_aligned
arctic_a0028,Korean,HJK,0.5,0.6666666666666666,dtw_aligned
arctic_a0028,Korean,HJK,0.75,0.0,dtw_aligned
arctic_a0028,Korean,HJK,0.9,0.3333333333333333,dtw_aligned
arctic_a0028,Korean,HJK,1.0,0.0,dtw_aligned
arctic_a0028,Vietnamese,HQTV,0.0,0.0,dtw_aligned
arctic_a0028,Vietnamese,HQTV,0.25,0.3333333333333333,dtw_aligned
arctic_a0028,Vietnamese,HQTV,0.5,0.3333333333333333,dtw_aligned
arctic_a0028,Vietnamese,HQTV,0.75,0.0,dtw_aligned
arctic_a0028,Vietnamese,HQTV,0.9,0.3333333333333333,dtw_aligned
arctic_a0028,Vietnamese,HQTV,1.0,0.0,dtw_aligned
arctic_a0028,Hindi,SVBI,0.0,0.3333333333333333,dtw_aligned
arctic_a0028,Hindi,SVBI,0.25,1.0,dtw_aligned
arctic_a0028,Hindi,SVBI,0.5,0.6666666666666666,dtw_aligned
arctic_a0028,Hindi,SVBI,0.75,0.3333333333333333,dtw_aligned
arctic_a0028,Hindi,SVBI,0.9,0.3333333333333333,dtw_aligned
arctic_a0028,Hindi,SVBI,1.0,0.3333333333333333,dtw_aligned
arctic_a0028,Arabic,ZHAA,0.0,0.6666666666666666,dtw_aligned
arctic_a0028,Arabic,ZHAA,0.25,0.6666666666666666,dtw_aligned
arctic_a0028,Arabic,ZHAA,0.5,0.3333333333333333,dtw_aligned
arctic_a0028,Arabic,ZHAA,0.75,0.0,dtw_aligned
arctic_a0028,Arabic,ZHAA,0.9,0.0,dtw_aligned
arctic_a0028,Arabic,ZHAA,1.0,0.0,dtw_aligned
arctic_a0030,Chinese,BWC,0.0,0.0,dtw_aligned
arctic_a0030,Chinese,BWC,0.25,0.0,dtw_aligned
arctic_a0030,Chinese,BWC,0.5,0.0,dtw_aligned
arctic_a0030,Chinese,BWC,0.75,0.0,dtw_aligned
arctic_a0030,Chinese,BWC,0.9,0.0,dtw_aligned
arctic_a0030,Chinese,BWC,1.0,0.0,dtw_aligned
arctic_a0030,Spanish,EBVS,0.0,0.0,dtw_aligned
arctic_a0030,Spanish,EBVS,0.25,0.0,dtw_aligned
arctic_a0030,Spanish,EBVS,0.5,0.0,dtw_aligned
arctic_a0030,Spanish,EBVS,0.75,0.0,dtw_aligned
arctic_a0030,Spanish,EBVS,0.9,0.0,dtw_aligned
arctic_a0030,Spanish,EBVS,1.0,0.0,dtw_aligned
arctic_a0030,Korean,HJK,0.0,0.0,dtw_aligned
arctic_a0030,Korean,HJK,0.25,0.0,dtw_aligned
arctic_a0030,Korean,HJK,0.5,0.0,dtw_aligned
arctic_a0030,Korean,HJK,0.75,0.0,dtw_aligned
arctic_a0030,Korean,HJK,0.9,0.0,dtw_aligned
arctic_a0030,Korean,HJK,1.0,0.0,dtw_aligned
arctic_a0030,Vietnamese,HQTV,0.0,0.0,dtw_aligned
arctic_a0030,Vietnamese,HQTV,0.25,0.0,dtw_aligned
arctic_a0030,Vietnamese,HQTV,0.5,0.0,dtw_aligned
arctic_a0030,Vietnamese,HQTV,0.75,0.0,dtw_aligned
arctic_a0030,Vietnamese,HQTV,0.9,0.0,dtw_aligned
arctic_a0030,Vietnamese,HQTV,1.0,0.0,dtw_aligned
arctic_a0030,Hindi,SVBI,0.0,0.0,dtw_aligned
arctic_a0030,Hindi,SVBI,0.25,0.0,dtw_aligned
arctic_a0030,Hindi,SVBI,0.5,0.0,dtw_aligned
arctic_a0030,Hindi,SVBI,0.75,0.0,dtw_aligned
arctic_a0030,Hindi,SVBI,0.9,0.0,dtw_aligned
arctic_a0030,Hindi,SVBI,1.0,0.0,dtw_aligned
arctic_a0030,Arabic,ZHAA,0.0,0.0,dtw_aligned
arctic_a0030,Arabic,ZHAA,0.25,0.0,dtw_aligned
arctic_a0030,Arabic,ZHAA,0.5,0.0,dtw_aligned
arctic_a0030,Arabic,ZHAA,0.75,0.0,dtw_aligned
arctic_a0030,Arabic,ZHAA,0.9,0.0,dtw_aligned
arctic_a0030,Arabic,ZHAA,1.0,0.0,dtw_aligned
arctic_a0040,Chinese,BWC,0.0,0.1,dtw_aligned
arctic_a0040,Chinese,BWC,0.25,0.1,dtw_aligned
arctic_a0040,Chinese,BWC,0.5,0.1,dtw_aligned
arctic_a0040,Chinese,BWC,0.75,0.0,dtw_aligned
arctic_a0040,Chinese,BWC,0.9,0.0,dtw_aligned
arctic_a0040,Chinese,BWC,1.0,0.0,dtw_aligned
arctic_a0040,Spanish,EBVS,0.0,0.1,dtw_aligned
arctic_a0040,Spanish,EBVS,0.25,0.2,dtw_aligned
arctic_a0040,Spanish,EBVS,0.5,0.1,dtw_aligned
arctic_a0040,Spanish,EBVS,0.75,0.1,dtw_aligned
arctic_a0040,Spanish,EBVS,0.9,0.0,dtw_aligned
arctic_a0040,Spanish,EBVS,1.0,0.0,dtw_aligned
arctic_a0040,Korean,HJK,0.0,0.1,dtw_aligned
arctic_a0040,Korean,HJK,0.25,0.1,dtw_aligned
arctic_a0040,Korean,HJK,0.5,0.0,dtw_aligned
arctic_a0040,Korean,HJK,0.75,0.0,dtw_aligned
arctic_a0040,Korean,HJK,0.9,0.0,dtw_aligned
arctic_a0040,Korean,HJK,1.0,0.0,dtw_aligned
arctic_a0040,Vietnamese,HQTV,0.0,0.2,dtw_aligned
arctic_a0040,Vietnamese,HQTV,0.25,0.2,dtw_aligned
arctic_a0040,Vietnamese,HQTV,0.5,0.1,dtw_aligned
arctic_a0040,Vietnamese,HQTV,0.75,0.1,dtw_aligned
arctic_a0040,Vietnamese,HQTV,0.9,0.0,dtw_aligned
arctic_a0040,Vietnamese,HQTV,1.0,0.0,dtw_aligned
arctic_a0040,Hindi,SVBI,0.0,0.2,dtw_aligned
arctic_a0040,Hindi,SVBI,0.25,0.0,dtw_aligned
arctic_a0040,Hindi,SVBI,0.5,0.0,dtw_aligned
arctic_a0040,Hindi,SVBI,0.75,0.0,dtw_aligned
arctic_a0040,Hindi,SVBI,0.9,0.0,dtw_aligned
arctic_a0040,Hindi,SVBI,1.0,0.0,dtw_aligned
arctic_a0040,Arabic,ZHAA,0.0,0.0,dtw_aligned
arctic_a0040,Arabic,ZHAA,0.25,0.0,dtw_aligned
arctic_a0040,Arabic,ZHAA,0.5,0.0,dtw_aligned
arctic_a0040,Arabic,ZHAA,0.75,0.0,dtw_aligned
arctic_a0040,Arabic,ZHAA,0.9,0.0,dtw_aligned
arctic_a0040,Arabic,ZHAA,1.0,0.0,dtw_aligned
arctic_a0044,Chinese,BWC,0.0,0.1,dtw_aligned
arctic_a0044,Chinese,BWC,0.25,0.2,dtw_aligned
arctic_a0044,Chinese,BWC,0.5,0.1,dtw_aligned
arctic_a0044,Chinese,BWC,0.75,0.1,dtw_aligned
arctic_a0044,Chinese,BWC,0.9,0.0,dtw_aligned
arctic_a0044,Chinese,BWC,1.0,0.0,dtw_aligned
arctic_a0044,Spanish,EBVS,0.0,0.0,dtw_aligned
arctic_a0044,Spanish,EBVS,0.25,0.1,dtw_aligned
arctic_a0044,Spanish,EBVS,0.5,0.1,dtw_aligned
arctic_a0044,Spanish,EBVS,0.75,0.1,dtw_aligned
arctic_a0044,Spanish,EBVS,0.9,0.0,dtw_aligned
arctic_a0044,Spanish,EBVS,1.0,0.0,dtw_aligned
arctic_a0044,Korean,HJK,0.0,0.0,dtw_aligned
arctic_a0044,Korean,HJK,0.25,0.0,dtw_aligned
arctic_a0044,Korean,HJK,0.5,0.0,dtw_aligned
arctic_a0044,Korean,HJK,0.75,0.0,dtw_aligned
arctic_a0044,Korean,HJK,0.9,0.0,dtw_aligned
arctic_a0044,Korean,HJK,1.0,0.0,dtw_aligned
arctic_a0044,Vietnamese,HQTV,0.0,0.5,dtw_aligned
arctic_a0044,Vietnamese,HQTV,0.25,0.3,dtw_aligned
arctic_a0044,Vietnamese,HQTV,0.5,0.2,dtw_aligned
arctic_a0044,Vietnamese,HQTV,0.75,0.0,dtw_aligned
arctic_a0044,Vietnamese,HQTV,0.9,0.0,dtw_aligned
arctic_a0044,Vietnamese,HQTV,1.0,0.0,dtw_aligned
arctic_a0044,Hindi,SVBI,0.0,0.0,dtw_aligned
arctic_a0044,Hindi,SVBI,0.25,0.0,dtw_aligned
arctic_a0044,Hindi,SVBI,0.5,0.0,dtw_aligned
arctic_a0044,Hindi,SVBI,0.75,0.0,dtw_aligned
arctic_a0044,Hindi,SVBI,0.9,0.0,dtw_aligned
arctic_a0044,Hindi,SVBI,1.0,0.0,dtw_aligned
arctic_a0044,Arabic,ZHAA,0.0,0.0,dtw_aligned
arctic_a0044,Arabic,ZHAA,0.25,0.0,dtw_aligned
arctic_a0044,Arabic,ZHAA,0.5,0.0,dtw_aligned
arctic_a0044,Arabic,ZHAA,0.75,0.0,dtw_aligned
arctic_a0044,Arabic,ZHAA,0.9,0.0,dtw_aligned
arctic_a0044,Arabic,ZHAA,1.0,0.0,dtw_aligned
arctic_a0055,Chinese,BWC,0.0,0.36363636363636365,dtw_aligned
arctic_a0055,Chinese,BWC,0.25,0.09090909090909091,dtw_aligned
arctic_a0055,Chinese,BWC,0.5,0.09090909090909091,dtw_aligned
arctic_a0055,Chinese,BWC,0.75,0.0,dtw_aligned
arctic_a0055,Chinese,BWC,0.9,0.0,dtw_aligned
arctic_a0055,Chinese,BWC,1.0,0.09090909090909091,dtw_aligned
arctic_a0055,Spanish,EBVS,0.0,0.0,dtw_aligned
arctic_a0055,Spanish,EBVS,0.25,0.0,dtw_aligned
arctic_a0055,Spanish,EBVS,0.5,0.0,dtw_aligned
arctic_a0055,Spanish,EBVS,0.75,0.0,dtw_aligned
arctic_a0055,Spanish,EBVS,0.9,0.09090909090909091,dtw_aligned
arctic_a0055,Spanish,EBVS,1.0,0.18181818181818182,dtw_aligned
arctic_a0055,Korean,HJK,0.0,0.0,dtw_aligned
arctic_a0055,Korean,HJK,0.25,0.0,dtw_aligned
arctic_a0055,Korean,HJK,0.5,0.2727272727272727,dtw_aligned
arctic_a0055,Korean,HJK,0.75,0.0,dtw_aligned
arctic_a0055,Korean,HJK,0.9,0.18181818181818182,dtw_aligned
arctic_a0055,Korean,HJK,1.0,0.18181818181818182,dtw_aligned
arctic_a0055,Vietnamese,HQTV,0.0,0.2727272727272727,dtw_aligned
arctic_a0055,Vietnamese,HQTV,0.25,0.18181818181818182,dtw_aligned
arctic_a0055,Vietnamese,HQTV,0.5,0.0,dtw_aligned
arctic_a0055,Vietnamese,HQTV,0.75,0.0,dtw_aligned
arctic_a0055,Vietnamese,HQTV,0.9,0.0,dtw_aligned
arctic_a0055,Vietnamese,HQTV,1.0,0.09090909090909091,dtw_aligned
arctic_a0055,Hindi,SVBI,0.0,0.09090909090909091,dtw_aligned
arctic_a0055,Hindi,SVBI,0.25,0.09090909090909091,dtw_aligned
arctic_a0055,Hindi,SVBI,0.5,0.2727272727272727,dtw_aligned
arctic_a0055,Hindi,SVBI,0.75,0.18181818181818182,dtw_aligned
arctic_a0055,Hindi,SVBI,0.9,0.2727272727272727,dtw_aligned
arctic_a0055,Hindi,SVBI,1.0,0.18181818181818182,dtw_aligned
arctic_a0055,Arabic,ZHAA,0.0,0.18181818181818182,dtw_aligned
arctic_a0055,Arabic,ZHAA,0.25,0.18181818181818182,dtw_aligned
arctic_a0055,Arabic,ZHAA,0.5,0.0,dtw_aligned
arctic_a0055,Arabic,ZHAA,0.75,0.0,dtw_aligned
arctic_a0055,Arabic,ZHAA,0.9,0.0,dtw_aligned
arctic_a0055,Arabic,ZHAA,1.0,0.09090909090909091,dtw_aligned
arctic_a0062,Chinese,BWC,0.0,0.2857142857142857,dtw_aligned
arctic_a0062,Chinese,BWC,0.25,0.14285714285714285,dtw_aligned
arctic_a0062,Chinese,BWC,0.5,0.0,dtw_aligned
arctic_a0062,Chinese,BWC,0.75,0.0,dtw_aligned
arctic_a0062,Chinese,BWC,0.9,0.0,dtw_aligned
arctic_a0062,Chinese,BWC,1.0,0.0,dtw_aligned
arctic_a0062,Spanish,EBVS,0.0,0.0,dtw_aligned
arctic_a0062,Spanish,EBVS,0.25,0.0,dtw_aligned
arctic_a0062,Spanish,EBVS,0.5,0.0,dtw_aligned
arctic_a0062,Spanish,EBVS,0.75,0.0,dtw_aligned
arctic_a0062,Spanish,EBVS,0.9,0.0,dtw_aligned
arctic_a0062,Spanish,EBVS,1.0,0.0,dtw_aligned
arctic_a0062,Korean,HJK,0.0,0.0,dtw_aligned
arctic_a0062,Korean,HJK,0.25,0.0,dtw_aligned
arctic_a0062,Korean,HJK,0.5,0.0,dtw_aligned
arctic_a0062,Korean,HJK,0.75,0.0,dtw_aligned
arctic_a0062,Korean,HJK,0.9,0.0,dtw_aligned
arctic_a0062,Korean,HJK,1.0,0.0,dtw_aligned
arctic_a0062,Vietnamese,HQTV,0.0,0.2857142857142857,dtw_aligned
arctic_a0062,Vietnamese,HQTV,0.25,0.14285714285714285,dtw_aligned
arctic_a0062,Vietnamese,HQTV,0.5,0.0,dtw_aligned
arctic_a0062,Vietnamese,HQTV,0.75,0.0,dtw_aligned
arctic_a0062,Vietnamese,HQTV,0.9,0.0,dtw_aligned
arctic_a0062,Vietnamese,HQTV,1.0,0.0,dtw_aligned
arctic_a0062,Hindi,SVBI,0.0,0.0,dtw_aligned
arctic_a0062,Hindi,SVBI,0.25,0.0,dtw_aligned
arctic_a0062,Hindi,SVBI,0.5,0.0,dtw_aligned
arctic_a0062,Hindi,SVBI,0.75,0.0,dtw_aligned
arctic_a0062,Hindi,SVBI,0.9,0.0,dtw_aligned
arctic_a0062,Hindi,SVBI,1.0,0.0,dtw_aligned
arctic_a0062,Arabic,ZHAA,0.0,0.0,dtw_aligned
arctic_a0062,Arabic,ZHAA,0.25,0.0,dtw_aligned
arctic_a0062,Arabic,ZHAA,0.5,0.0,dtw_aligned
arctic_a0062,Arabic,ZHAA,0.75,0.0,dtw_aligned
arctic_a0062,Arabic,ZHAA,0.9,0.0,dtw_aligned
arctic_a0062,Arabic,ZHAA,1.0,0.0,dtw_aligned
arctic_a0065,Chinese,BWC,0.0,0.18181818181818182,dtw_aligned
arctic_a0065,Chinese,BWC,0.25,0.09090909090909091,dtw_aligned
arctic_a0065,Chinese,BWC,0.5,0.09090909090909091,dtw_aligned
arctic_a0065,Chinese,BWC,0.75,0.0,dtw_aligned
arctic_a0065,Chinese,BWC,0.9,0.0,dtw_aligned
arctic_a0065,Chinese,BWC,1.0,0.0,dtw_aligned
arctic_a0065,Spanish,EBVS,0.0,0.18181818181818182,dtw_aligned
arctic_a0065,Spanish,EBVS,0.25,0.09090909090909091,dtw_aligned
arctic_a0065,Spanish,EBVS,0.5,0.18181818181818182,dtw_aligned
arctic_a0065,Spanish,EBVS,0.75,0.0,dtw_aligned
arctic_a0065,Spanish,EBVS,0.9,0.0,dtw_aligned
arctic_a0065,Spanish,EBVS,1.0,0.0,dtw_aligned
arctic_a0065,Korean,HJK,0.0,0.0,dtw_aligned
arctic_a0065,Korean,HJK,0.25,0.0,dtw_aligned
arctic_a0065,Korean,HJK,0.5,0.0,dtw_aligned
arctic_a0065,Korean,HJK,0.75,0.0,dtw_aligned
arctic_a0065,Korean,HJK,0.9,0.0,dtw_aligned
arctic_a0065,Korean,HJK,1.0,0.0,dtw_aligned
arctic_a0065,Vietnamese,HQTV,0.0,0.0,dtw_aligned
arctic_a0065,Vietnamese,HQTV,0.25,0.2727272727272727,dtw_aligned
arctic_a0065,Vietnamese,HQTV,0.5,0.0,dtw_aligned
arctic_a0065,Vietnamese,HQTV,0.75,0.0,dtw_aligned
arctic_a0065,Vietnamese,HQTV,0.9,0.0,dtw_aligned
arctic_a0065,Vietnamese,HQTV,1.0,0.0,dtw_aligned
arctic_a0065,Hindi,SVBI,0.0,0.0,dtw_aligned
arctic_a0065,Hindi,SVBI,0.25,0.0,dtw_aligned
arctic_a0065,Hindi,SVBI,0.5,0.0,dtw_aligned
arctic_a0065,Hindi,SVBI,0.75,0.0,dtw_aligned
arctic_a0065,Hindi,SVBI,0.9,0.0,dtw_aligned
arctic_a0065,Hindi,SVBI,1.0,0.0,dtw_aligned
arctic_a0065,Arabic,ZHAA,0.0,0.0,dtw_aligned
arctic_a0065,Arabic,ZHAA,0.25,0.0,dtw_aligned
arctic_a0065,Arabic,ZHAA,0.5,0.0,dtw_aligned
arctic_a0065,Arabic,ZHAA,0.75,0.0,dtw_aligned
arctic_a0065,Arabic,ZHAA,0.9,0.0,dtw_aligned
arctic_a0065,Arabic,ZHAA,1.0,0.0,dtw_aligned
arctic_a0080,Chinese,BWC,0.0,0.0,dtw_aligned
arctic_a0080,Chinese,BWC,0.25,0.0,dtw_aligned
arctic_a0080,Chinese,BWC,0.5,0.0,dtw_aligned
arctic_a0080,Chinese,BWC,0.75,0.0,dtw_aligned
arctic_a0080,Chinese,BWC,0.9,0.0,dtw_aligned
arctic_a0080,Chinese,BWC,1.0,0.0,dtw_aligned
arctic_a0080,Spanish,EBVS,0.0,0.2,dtw_aligned
arctic_a0080,Spanish,EBVS,0.25,0.2,dtw_aligned
arctic_a0080,Spanish,EBVS,0.5,0.0,dtw_aligned
arctic_a0080,Spanish,EBVS,0.75,0.0,dtw_aligned
arctic_a0080,Spanish,EBVS,0.9,0.0,dtw_aligned
arctic_a0080,Spanish,EBVS,1.0,0.0,dtw_aligned
arctic_a0080,Korean,HJK,0.0,0.0,dtw_aligned
arctic_a0080,Korean,HJK,0.25,0.0,dtw_aligned
arctic_a0080,Korean,HJK,0.5,0.0,dtw_aligned
arctic_a0080,Korean,HJK,0.75,0.0,dtw_aligned
arctic_a0080,Korean,HJK,0.9,0.0,dtw_aligned
arctic_a0080,Korean,HJK,1.0,0.0,dtw_aligned
arctic_a0080,Vietnamese,HQTV,0.0,0.4,dtw_aligned
arctic_a0080,Vietnamese,HQTV,0.25,0.0,dtw_aligned
arctic_a0080,Vietnamese,HQTV,0.5,0.0,dtw_aligned
arctic_a0080,Vietnamese,HQTV,0.75,0.0,dtw_aligned
arctic_a0080,Vietnamese,HQTV,0.9,0.0,dtw_aligned
arctic_a0080,Vietnamese,HQTV,1.0,0.0,dtw_aligned
arctic_a0080,Hindi,SVBI,0.0,0.0,dtw_aligned
arctic_a0080,Hindi,SVBI,0.25,0.0,dtw_aligned
arctic_a0080,Hindi,SVBI,0.5,0.0,dtw_aligned
arctic_a0080,Hindi,SVBI,0.75,0.0,dtw_aligned
arctic_a0080,Hindi,SVBI,0.9,0.0,dtw_aligned
arctic_a0080,Hindi,SVBI,1.0,0.0,dtw_aligned
arctic_a0080,Arabic,ZHAA,0.0,0.0,dtw_aligned
arctic_a0080,Arabic,ZHAA,0.25,0.0,dtw_aligned
arctic_a0080,Arabic,ZHAA,0.5,0.0,dtw_aligned
arctic_a0080,Arabic,ZHAA,0.75,0.0,dtw_aligned
arctic_a0080,Arabic,ZHAA,0.9,0.0,dtw_aligned
arctic_a0080,Arabic,ZHAA,1.0,0.0,dtw_aligned
arctic_a0099,Chinese,BWC,0.0,0.14285714285714285,dtw_aligned
arctic_a0099,Chinese,BWC,0.25,0.0,dtw_aligned
arctic_a0099,Chinese,BWC,0.5,0.0,dtw_aligned
arctic_a0099,Chinese,BWC,0.75,0.0,dtw_aligned
arctic_a0099,Chinese,BWC,0.9,0.0,dtw_aligned
arctic_a0099,Chinese,BWC,1.0,0.0,dtw_aligned
arctic_a0099,Spanish,EBVS,0.0,0.5714285714285714,dtw_aligned
arctic_a0099,Spanish,EBVS,0.25,0.14285714285714285,dtw_aligned
arctic_a0099,Spanish,EBVS,0.5,0.2857142857142857,dtw_aligned
arctic_a0099,Spanish,EBVS,0.75,0.0,dtw_aligned
arctic_a0099,Spanish,EBVS,0.9,0.0,dtw_aligned
arctic_a0099,Spanish,EBVS,1.0,0.0,dtw_aligned
arctic_a0099,Korean,HJK,0.0,0.0,dtw_aligned
arctic_a0099,Korean,HJK,0.25,0.0,dtw_aligned
arctic_a0099,Korean,HJK,0.5,0.0,dtw_aligned
arctic_a0099,Korean,HJK,0.75,0.0,dtw_aligned
arctic_a0099,Korean,HJK,0.9,0.0,dtw_aligned
arctic_a0099,Korean,HJK,1.0,0.0,dtw_aligned
arctic_a0099,Vietnamese,HQTV,0.0,0.0,dtw_aligned
arctic_a0099,Vietnamese,HQTV,0.25,0.0,dtw_aligned
arctic_a0099,Vietnamese,HQTV,0.5,0.0,dtw_aligned
arctic_a0099,Vietnamese,HQTV,0.75,0.0,dtw_aligned
arctic_a0099,Vietnamese,HQTV,0.9,0.0,dtw_aligned
arctic_a0099,Vietnamese,HQTV,1.0,0.0,dtw_aligned
arctic_a0099,Hindi,SVBI,0.0,0.14285714285714285,dtw_aligned
arctic_a0099,Hindi,SVBI,0.25,0.14285714285714285,dtw_aligned
arctic_a0099,Hindi,SVBI,0.5,0.0,dtw_aligned
arctic_a0099,Hindi,SVBI,0.75,0.0,dtw_aligned
arctic_a0099,Hindi,SVBI,0.9,0.0,dtw_aligned
arctic_a0099,Hindi,SVBI,1.0,0.0,dtw_aligned
arctic_a0099,Arabic,ZHAA,0.0,0.5714285714285714,dtw_aligned
arctic_a0099,Arabic,ZHAA,0.25,0.14285714285714285,dtw_aligned
arctic_a0099,Arabic,ZHAA,0.5,0.0,dtw_aligned
arctic_a0099,Arabic,ZHAA,0.75,0.0,dtw_aligned
arctic_a0099,Arabic,ZHAA,0.9,0.0,dtw_aligned
arctic_a0099,Arabic,ZHAA,1.0,0.0,dtw_aligned
arctic_a0110,Chinese,BWC,0.0,0.4,dtw_aligned
arctic_a0110,Chinese,BWC,0.25,0.4,dtw_aligned
arctic_a0110,Chinese,BWC,0.5,0.4,dtw_aligned
arctic_a0110,Chinese,BWC,0.75,0.2,dtw_aligned
arctic_a0110,Chinese,BWC,0.9,0.2,dtw_aligned
arctic_a0110,Chinese,BWC,1.0,0.2,dtw_aligned
arctic_a0110,Spanish,EBVS,0.0,0.6,dtw_aligned
arctic_a0110,Spanish,EBVS,0.25,0.0,dtw_aligned
arctic_a0110,Spanish,EBVS,0.5,0.0,dtw_aligned
arctic_a0110,Spanish,EBVS,0.75,0.0,dtw_aligned
arctic_a0110,Spanish,EBVS,0.9,0.2,dtw_aligned
arctic_a0110,Spanish,EBVS,1.0,0.2,dtw_aligned
arctic_a0110,Korean,HJK,0.0,0.4,dtw_aligned
arctic_a0110,Korean,HJK,0.25,0.2,dtw_aligned
arctic_a0110,Korean,HJK,0.5,0.0,dtw_aligned
arctic_a0110,Korean,HJK,0.75,0.2,dtw_aligned
arctic_a0110,Korean,HJK,0.9,0.2,dtw_aligned
arctic_a0110,Korean,HJK,1.0,0.2,dtw_aligned
arctic_a0110,Vietnamese,HQTV,0.0,0.0,dtw_aligned
arctic_a0110,Vietnamese,HQTV,0.25,0.0,dtw_aligned
arctic_a0110,Vietnamese,HQTV,0.5,0.0,dtw_aligned
arctic_a0110,Vietnamese,HQTV,0.75,0.0,dtw_aligned
arctic_a0110,Vietnamese,HQTV,0.9,0.2,dtw_aligned
arctic_a0110,Vietnamese,HQTV,1.0,0.2,dtw_aligned
arctic_a0110,Hindi,SVBI,0.0,0.2,dtw_aligned
arctic_a0110,Hindi,SVBI,0.25,0.2,dtw_aligned
arctic_a0110,Hindi,SVBI,0.5,0.2,dtw_aligned
arctic_a0110,Hindi,SVBI,0.75,0.2,dtw_aligned
arctic_a0110,Hindi,SVBI,0.9,0.2,dtw_aligned
arctic_a0110,Hindi,SVBI,1.0,0.2,dtw_aligned
arctic_a0110,Arabic,ZHAA,0.0,0.0,dtw_aligned
arctic_a0110,Arabic,ZHAA,0.25,0.0,dtw_aligned
arctic_a0110,Arabic,ZHAA,0.5,0.0,dtw_aligned
arctic_a0110,Arabic,ZHAA,0.75,0.2,dtw_aligned
arctic_a0110,Arabic,ZHAA,0.9,0.2,dtw_aligned
arctic_a0110,Arabic,ZHAA,1.0,0.2,dtw_aligned
arctic_a0136,Chinese,BWC,0.0,0.2727272727272727,dtw_aligned
arctic_a0136,Chinese,BWC,0.25,0.2727272727272727,dtw_aligned
arctic_a0136,Chinese,BWC,0.5,0.18181818181818182,dtw_aligned
arctic_a0136,Chinese,BWC,0.75,0.18181818181818182,dtw_aligned
arctic_a0136,Chinese,BWC,0.9,0.09090909090909091,dtw_aligned
arctic_a0136,Chinese,BWC,1.0,0.09090909090909091,dtw_aligned
arctic_a0136,Spanish,EBVS,0.0,0.18181818181818182,dtw_aligned
arctic_a0136,Spanish,EBVS,0.25,0.18181818181818182,dtw_aligned
arctic_a0136,Spanish,EBVS,0.5,0.18181818181818182,dtw_aligned
arctic_a0136,Spanish,EBVS,0.75,0.09090909090909091,dtw_aligned
arctic_a0136,Spanish,EBVS,0.9,0.09090909090909091,dtw_aligned
arctic_a0136,Spanish,EBVS,1.0,0.09090909090909091,dtw_aligned
arctic_a0136,Korean,HJK,0.0,0.09090909090909091,dtw_aligned
arctic_a0136,Korean,HJK,0.25,0.09090909090909091,dtw_aligned
arctic_a0136,Korean,HJK,0.5,0.09090909090909091,dtw_aligned
arctic_a0136,Korean,HJK,0.75,0.09090909090909091,dtw_aligned
arctic_a0136,Korean,HJK,0.9,0.09090909090909091,dtw_aligned
arctic_a0136,Korean,HJK,1.0,0.09090909090909091,dtw_aligned
arctic_a0136,Vietnamese,HQTV,0.0,0.5454545454545454,dtw_aligned
arctic_a0136,Vietnamese,HQTV,0.25,0.36363636363636365,dtw_aligned
arctic_a0136,Vietnamese,HQTV,0.5,0.18181818181818182,dtw_aligned
arctic_a0136,Vietnamese,HQTV,0.75,0.18181818181818182,dtw_aligned
arctic_a0136,Vietnamese,HQTV,0.9,0.09090909090909091,dtw_aligned
arctic_a0136,Vietnamese,HQTV,1.0,0.09090909090909091,dtw_aligned
arctic_a0136,Hindi,SVBI,0.0,0.09090909090909091,dtw_aligned
arctic_a0136,Hindi,SVBI,0.25,0.09090909090909091,dtw_aligned
arctic_a0136,Hindi,SVBI,0.5,0.09090909090909091,dtw_aligned
arctic_a0136,Hindi,SVBI,0.75,0.09090909090909091,dtw_aligned
arctic_a0136,Hindi,SVBI,0.9,0.09090909090909091,dtw_aligned
arctic_a0136,Hindi,SVBI,1.0,0.09090909090909091,dtw_aligned
arctic_a0136,Arabic,ZHAA,0.0,0.09090909090909091,dtw_aligned
arctic_a0136,Arabic,ZHAA,0.25,0.09090909090909091,dtw_aligned
arctic_a0136,Arabic,ZHAA,0.5,0.09090909090909091,dtw_aligned
arctic_a0136,Arabic,ZHAA,0.75,0.09090909090909091,dtw_aligned
arctic_a0136,Arabic,ZHAA,0.9,0.09090909090909091,dtw_aligned
arctic_a0136,Arabic,ZHAA,1.0,0.09090909090909091,dtw_aligned
arctic_a0155,Chinese,BWC,0.0,0.4,dtw_aligned
arctic_a0155,Chinese,BWC,0.25,0.4,dtw_aligned
arctic_a0155,Chinese,BWC,0.5,0.0,dtw_aligned
arctic_a0155,Chinese,BWC,0.75,0.0,dtw_aligned
arctic_a0155,Chinese,BWC,0.9,0.0,dtw_aligned
arctic_a0155,Chinese,BWC,1.0,0.0,dtw_aligned
arctic_a0155,Spanish,EBVS,0.0,0.2,dtw_aligned
arctic_a0155,Spanish,EBVS,0.25,0.2,dtw_aligned
arctic_a0155,Spanish,EBVS,0.5,0.2,dtw_aligned
arctic_a0155,Spanish,EBVS,0.75,0.2,dtw_aligned
arctic_a0155,Spanish,EBVS,0.9,0.2,dtw_aligned
arctic_a0155,Spanish,EBVS,1.0,0.0,dtw_aligned
arctic_a0155,Korean,HJK,0.0,0.0,dtw_aligned
arctic_a0155,Korean,HJK,0.25,0.0,dtw_aligned
arctic_a0155,Korean,HJK,0.5,0.0,dtw_aligned
arctic_a0155,Korean,HJK,0.75,0.0,dtw_aligned
arctic_a0155,Korean,HJK,0.9,0.0,dtw_aligned
arctic_a0155,Korean,HJK,1.0,0.0,dtw_aligned
arctic_a0155,Vietnamese,HQTV,0.0,0.6,dtw_aligned
arctic_a0155,Vietnamese,HQTV,0.25,0.2,dtw_aligned
arctic_a0155,Vietnamese,HQTV,0.5,0.2,dtw_aligned
arctic_a0155,Vietnamese,HQTV,0.75,0.2,dtw_aligned
arctic_a0155,Vietnamese,HQTV,0.9,0.0,dtw_aligned
arctic_a0155,Vietnamese,HQTV,1.0,0.0,dtw_aligned
arctic_a0155,Hindi,SVBI,0.0,0.0,dtw_aligned
arctic_a0155,Hindi,SVBI,0.25,0.0,dtw_aligned
arctic_a0155,Hindi,SVBI,0.5,0.0,dtw_aligned
arctic_a0155,Hindi,SVBI,0.75,0.0,dtw_aligned
arctic_a0155,Hindi,SVBI,0.9,0.0,dtw_aligned
arctic_a0155,Hindi,SVBI,1.0,0.0,dtw_aligned
arctic_a0155,Arabic,ZHAA,0.0,0.2,dtw_aligned
arctic_a0155,Arabic,ZHAA,0.25,0.0,dtw_aligned
arctic_a0155,Arabic,ZHAA,0.5,0.0,dtw_aligned
arctic_a0155,Arabic,ZHAA,0.75,0.0,dtw_aligned
arctic_a0155,Arabic,ZHAA,0.9,0.0,dtw_aligned
arctic_a0155,Arabic,ZHAA,1.0,0.0,dtw_aligned
arctic_a0186,Chinese,BWC,0.0,0.5384615384615384,dtw_aligned
arctic_a0186,Chinese,BWC,0.25,0.3076923076923077,dtw_aligned
arctic_a0186,Chinese,BWC,0.5,0.15384615384615385,dtw_aligned
arctic_a0186,Chinese,BWC,0.75,0.07692307692307693,dtw_aligned
arctic_a0186,Chinese,BWC,0.9,0.07692307692307693,dtw_aligned
arctic_a0186,Chinese,BWC,1.0,0.0,dtw_aligned
arctic_a0186,Spanish,EBVS,0.0,0.15384615384615385,dtw_aligned
arctic_a0186,Spanish,EBVS,0.25,0.0,dtw_aligned
arctic_a0186,Spanish,EBVS,0.5,0.0,dtw_aligned
arctic_a0186,Spanish,EBVS,0.75,0.0,dtw_aligned
arctic_a0186,Spanish,EBVS,0.9,0.0,dtw_aligned
arctic_a0186,Spanish,EBVS,1.0,0.0,dtw_aligned
arctic_a0186,Korean,HJK,0.0,0.0,dtw_aligned
arctic_a0186,Korean,HJK,0.25,0.0,dtw_aligned
arctic_a0186,Korean,HJK,0.5,0.0,dtw_aligned
arctic_a0186,Korean,HJK,0.75,0.0,dtw_aligned
arctic_a0186,Korean,HJK,0.9,0.0,dtw_aligned
arctic_a0186,Korean,HJK,1.0,0.0,dtw_aligned
arctic_a0186,Vietnamese,HQTV,0.0,0.23076923076923078,dtw_aligned
arctic_a0186,Vietnamese,HQTV,0.25,0.23076923076923078,dtw_aligned
arctic_a0186,Vietnamese,HQTV,0.5,0.07692307692307693,dtw_aligned
arctic_a0186,Vietnamese,HQTV,0.75,0.07692307692307693,dtw_aligned
arctic_a0186,Vietnamese,HQTV,0.9,0.0,dtw_aligned
arctic_a0186,Vietnamese,HQTV,1.0,0.0,dtw_aligned
arctic_a0186,Hindi,SVBI,0.0,0.0,dtw_aligned
arctic_a0186,Hindi,SVBI,0.25,0.0,dtw_aligned
arctic_a0186,Hindi,SVBI,0.5,0.0,dtw_aligned
arctic_a0186,Hindi,SVBI,0.75,0.0,dtw_aligned
arctic_a0186,Hindi,SVBI,0.9,0.0,dtw_aligned
arctic_a0186,Hindi,SVBI,1.0,0.0,dtw_aligned
arctic_a0186,Arabic,ZHAA,0.0,0.07692307692307693,dtw_aligned
arctic_a0186,Arabic,ZHAA,0.25,0.07692307692307693,dtw_aligned
arctic_a0186,Arabic,ZHAA,0.5,0.07692307692307693,dtw_aligned
arctic_a0186,Arabic,ZHAA,0.75,0.0,dtw_aligned
arctic_a0186,Arabic,ZHAA,0.9,0.0,dtw_aligned
arctic_a0186,Arabic,ZHAA,1.0,0.0,dtw_aligned
arctic_a0187,Chinese,BWC,0.0,0.1111111111111111,dtw_aligned
arctic_a0187,Chinese,BWC,0.25,0.1111111111111111,dtw_aligned
arctic_a0187,Chinese,BWC,0.5,0.1111111111111111,dtw_aligned
arctic_a0187,Chinese,BWC,0.75,0.0,dtw_aligned
arctic_a0187,Chinese,BWC,0.9,0.0,dtw_aligned
arctic_a0187,Chinese,BWC,1.0,0.0,dtw_aligned
arctic_a0187,Spanish,EBVS,0.0,0.2222222222222222,dtw_aligned
arctic_a0187,Spanish,EBVS,0.25,0.2222222222222222,dtw_aligned
arctic_a0187,Spanish,EBVS,0.5,0.1111111111111111,dtw_aligned
arctic_a0187,Spanish,EBVS,0.75,0.0,dtw_aligned
arctic_a0187,Spanish,EBVS,0.9,0.0,dtw_aligned
arctic_a0187,Spanish,EBVS,1.0,0.0,dtw_aligned
arctic_a0187,Korean,HJK,0.0,0.0,dtw_aligned
arctic_a0187,Korean,HJK,0.25,0.0,dtw_aligned
arctic_a0187,Korean,HJK,0.5,0.0,dtw_aligned
arctic_a0187,Korean,HJK,0.75,0.0,dtw_aligned
arctic_a0187,Korean,HJK,0.9,0.0,dtw_aligned
arctic_a0187,Korean,HJK,1.0,0.0,dtw_aligned
arctic_a0187,Vietnamese,HQTV,0.0,0.5555555555555556,dtw_aligned
arctic_a0187,Vietnamese,HQTV,0.25,0.4444444444444444,dtw_aligned
arctic_a0187,Vietnamese,HQTV,0.5,0.2222222222222222,dtw_aligned
arctic_a0187,Vietnamese,HQTV,0.75,0.1111111111111111,dtw_aligned
arctic_a0187,Vietnamese,HQTV,0.9,0.0,dtw_aligned
arctic_a0187,Vietnamese,HQTV,1.0,0.0,dtw_aligned
arctic_a0187,Hindi,SVBI,0.0,0.1111111111111111,dtw_aligned
arctic_a0187,Hindi,SVBI,0.25,0.2222222222222222,dtw_aligned
arctic_a0187,Hindi,SVBI,0.5,0.0,dtw_aligned
arctic_a0187,Hindi,SVBI,0.75,0.0,dtw_aligned
arctic_a0187,Hindi,SVBI,0.9,0.0,dtw_aligned
arctic_a0187,Hindi,SVBI,1.0,0.0,dtw_aligned
arctic_a0187,Arabic,ZHAA,0.0,0.0,dtw_aligned
arctic_a0187,Arabic,ZHAA,0.25,0.0,dtw_aligned
arctic_a0187,Arabic,ZHAA,0.5,0.0,dtw_aligned
arctic_a0187,Arabic,ZHAA,0.75,0.0,dtw_aligned
arctic_a0187,Arabic,ZHAA,0.9,0.0,dtw_aligned
arctic_a0187,Arabic,ZHAA,1.0,0.0,dtw_aligned
arctic_a0202,Chinese,BWC,0.0,0.16666666666666666,dtw_aligned
arctic_a0202,Chinese,BWC,0.25,0.16666666666666666,dtw_aligned
arctic_a0202,Chinese,BWC,0.5,0.08333333333333333,dtw_aligned
arctic_a0202,Chinese,BWC,0.75,0.16666666666666666,dtw_aligned
arctic_a0202,Chinese,BWC,0.9,0.08333333333333333,dtw_aligned
arctic_a0202,Chinese,BWC,1.0,0.16666666666666666,dtw_aligned
arctic_a0202,Spanish,EBVS,0.0,0.25,dtw_aligned
arctic_a0202,Spanish,EBVS,0.25,0.16666666666666666,dtw_aligned
arctic_a0202,Spanish,EBVS,0.5,0.08333333333333333,dtw_aligned
arctic_a0202,Spanish,EBVS,0.75,0.16666666666666666,dtw_aligned
arctic_a0202,Spanish,EBVS,0.9,0.08333333333333333,dtw_aligned
arctic_a0202,Spanish,EBVS,1.0,0.16666666666666666,dtw_aligned
arctic_a0202,Korean,HJK,0.0,0.0,dtw_aligned
arctic_a0202,Korean,HJK,0.25,0.0,dtw_aligned
arctic_a0202,Korean,HJK,0.5,0.0,dtw_aligned
arctic_a0202,Korean,HJK,0.75,0.0,dtw_aligned
arctic_a0202,Korean,HJK,0.9,0.16666666666666666,dtw_aligned
arctic_a0202,Korean,HJK,1.0,0.16666666666666666,dtw_aligned
arctic_a0202,Vietnamese,HQTV,0.0,0.16666666666666666,dtw_aligned
arctic_a0202,Vietnamese,HQTV,0.25,0.3333333333333333,dtw_aligned
arctic_a0202,Vietnamese,HQTV,0.5,0.25,dtw_aligned
arctic_a0202,Vietnamese,HQTV,0.75,0.16666666666666666,dtw_aligned
arctic_a0202,Vietnamese,HQTV,0.9,0.16666666666666666,dtw_aligned
arctic_a0202,Vietnamese,HQTV,1.0,0.08333333333333333,dtw_aligned
arctic_a0202,Hindi,SVBI,0.0,0.0,dtw_aligned
arctic_a0202,Hindi,SVBI,0.25,0.0,dtw_aligned
arctic_a0202,Hindi,SVBI,0.5,0.0,dtw_aligned
arctic_a0202,Hindi,SVBI,0.75,0.0,dtw_aligned
arctic_a0202,Hindi,SVBI,0.9,0.16666666666666666,dtw_aligned
arctic_a0202,Hindi,SVBI,1.0,0.16666666666666666,dtw_aligned
arctic_a0202,Arabic,ZHAA,0.0,0.16666666666666666,dtw_aligned
arctic_a0202,Arabic,ZHAA,0.25,0.16666666666666666,dtw_aligned
arctic_a0202,Arabic,ZHAA,0.5,0.16666666666666666,dtw_aligned
arctic_a0202,Arabic,ZHAA,0.75,0.16666666666666666,dtw_aligned
arctic_a0202,Arabic,ZHAA,0.9,0.25,dtw_aligned
arctic_a0202,Arabic,ZHAA,1.0,0.08333333333333333,dtw_aligned
arctic_a0256,Chinese,BWC,0.0,0.1,dtw_aligned
arctic_a0256,Chinese,BWC,0.25,0.1,dtw_aligned
arctic_a0256,Chinese,BWC,0.5,0.1,dtw_aligned
arctic_a0256,Chinese,BWC,0.75,0.0,dtw_aligned
arctic_a0256,Chinese,BWC,0.9,0.0,dtw_aligned
arctic_a0256,Chinese,BWC,1.0,0.0,dtw_aligned
arctic_a0256,Spanish,EBVS,0.0,0.2,dtw_aligned
arctic_a0256,Spanish,EBVS,0.25,0.2,dtw_aligned
arctic_a0256,Spanish,EBVS,0.5,0.0,dtw_aligned
arctic_a0256,Spanish,EBVS,0.75,0.0,dtw_aligned
arctic_a0256,Spanish,EBVS,0.9,0.0,dtw_aligned
arctic_a0256,Spanish,EBVS,1.0,0.0,dtw_aligned
arctic_a0256,Korean,HJK,0.0,0.0,dtw_aligned
arctic_a0256,Korean,HJK,0.25,0.0,dtw_aligned
arctic_a0256,Korean,HJK,0.5,0.0,dtw_aligned
arctic_a0256,Korean,HJK,0.75,0.0,dtw_aligned
arctic_a0256,Korean,HJK,0.9,0.0,dtw_aligned
arctic_a0256,Korean,HJK,1.0,0.0,dtw_aligned
arctic_a0256,Vietnamese,HQTV,0.0,0.2,dtw_aligned
arctic_a0256,Vietnamese,HQTV,0.25,0.2,dtw_aligned
arctic_a0256,Vietnamese,HQTV,0.5,0.1,dtw_aligned
arctic_a0256,Vietnamese,HQTV,0.75,0.0,dtw_aligned
arctic_a0256,Vietnamese,HQTV,0.9,0.2,dtw_aligned
arctic_a0256,Vietnamese,HQTV,1.0,0.0,dtw_aligned
arctic_a0256,Hindi,SVBI,0.0,0.1,dtw_aligned
arctic_a0256,Hindi,SVBI,0.25,0.0,dtw_aligned
arctic_a0256,Hindi,SVBI,0.5,0.0,dtw_aligned
arctic_a0256,Hindi,SVBI,0.75,0.0,dtw_aligned
arctic_a0256,Hindi,SVBI,0.9,0.0,dtw_aligned
arctic_a0256,Hindi,SVBI,1.0,0.0,dtw_aligned
arctic_a0256,Arabic,ZHAA,0.0,0.0,dtw_aligned
arctic_a0256,Arabic,ZHAA,0.25,0.0,dtw_aligned
arctic_a0256,Arabic,ZHAA,0.5,0.0,dtw_aligned
arctic_a0256,Arabic,ZHAA,0.75,0.0,dtw_aligned
arctic_a0256,Arabic,ZHAA,0.9,0.0,dtw_aligned
arctic_a0256,Arabic,ZHAA,1.0,0.0,dtw_aligned
arctic_a0313,Chinese,BWC,0.0,0.0,dtw_aligned
arctic_a0313,Chinese,BWC,0.25,0.0,dtw_aligned
arctic_a0313,Chinese,BWC,0.5,0.0,dtw_aligned
arctic_a0313,Chinese,BWC,0.75,0.2857142857142857,dtw_aligned
arctic_a0313,Chinese,BWC,0.9,0.2857142857142857,dtw_aligned
arctic_a0313,Chinese,BWC,1.0,0.2857142857142857,dtw_aligned
arctic_a0313,Spanish,EBVS,0.0,0.2857142857142857,dtw_aligned
arctic_a0313,Spanish,EBVS,0.25,0.0,dtw_aligned
arctic_a0313,Spanish,EBVS,0.5,0.0,dtw_aligned
arctic_a0313,Spanish,EBVS,0.75,0.2857142857142857,dtw_aligned
arctic_a0313,Spanish,EBVS,0.9,0.2857142857142857,dtw_aligned
arctic_a0313,Spanish,EBVS,1.0,0.2857142857142857,dtw_aligned
arctic_a0313,Korean,HJK,0.0,0.0,dtw_aligned
arctic_a0313,Korean,HJK,0.25,0.0,dtw_aligned
arctic_a0313,Korean,HJK,0.5,0.0,dtw_aligned
arctic_a0313,Korean,HJK,0.75,0.2857142857142857,dtw_aligned
arctic_a0313,Korean,HJK,0.9,0.2857142857142857,dtw_aligned
arctic_a0313,Korean,HJK,1.0,0.2857142857142857,dtw_aligned
arctic_a0313,Vietnamese,HQTV,0.0,0.5714285714285714,dtw_aligned
arctic_a0313,Vietnamese,HQTV,0.25,0.14285714285714285,dtw_aligned
arctic_a0313,Vietnamese,HQTV,0.5,0.2857142857142857,dtw_aligned
arctic_a0313,Vietnamese,HQTV,0.75,0.42857142857142855,dtw_aligned
arctic_a0313,Vietnamese,HQTV,0.9,0.42857142857142855,dtw_aligned
arctic_a0313,Vietnamese,HQTV,1.0,0.2857142857142857,dtw_aligned
arctic_a0313,Hindi,SVBI,0.0,0.0,dtw_aligned
arctic_a0313,Hindi,SVBI,0.25,0.0,dtw_aligned
arctic_a0313,Hindi,SVBI,0.5,0.0,dtw_aligned
arctic_a0313,Hindi,SVBI,0.75,0.0,dtw_aligned
arctic_a0313,Hindi,SVBI,0.9,0.2857142857142857,dtw_aligned
arctic_a0313,Hindi,SVBI,1.0,0.2857142857142857,dtw_aligned
arctic_a0313,Arabic,ZHAA,0.0,0.2857142857142857,dtw_aligned
arctic_a0313,Arabic,ZHAA,0.25,0.0,dtw_aligned
arctic_a0313,Arabic,ZHAA,0.5,0.0,dtw_aligned
arctic_a0313,Arabic,ZHAA,0.75,0.0,dtw_aligned
arctic_a0313,Arabic,ZHAA,0.9,0.14285714285714285,dtw_aligned
arctic_a0313,Arabic,ZHAA,1.0,0.2857142857142857,dtw_aligned
arctic_a0316,Chinese,BWC,0.0,0.2,dtw_aligned
arctic_a0316,Chinese,BWC,0.25,0.1,dtw_aligned
arctic_a0316,Chinese,BWC,0.5,0.0,dtw_aligned
arctic_a0316,Chinese,BWC,0.75,0.0,dtw_aligned
arctic_a0316,Chinese,BWC,0.9,0.0,dtw_aligned
arctic_a0316,Chinese,BWC,1.0,0.0,dtw_aligned
arctic_a0316,Spanish,EBVS,0.0,0.3,dtw_aligned
arctic_a0316,Spanish,EBVS,0.25,0.4,dtw_aligned
arctic_a0316,Spanish,EBVS,0.5,0.4,dtw_aligned
arctic_a0316,Spanish,EBVS,0.75,0.1,dtw_aligned
arctic_a0316,Spanish,EBVS,0.9,0.0,dtw_aligned
arctic_a0316,Spanish,EBVS,1.0,0.0,dtw_aligned
arctic_a0316,Korean,HJK,0.0,0.2,dtw_aligned
arctic_a0316,Korean,HJK,0.25,0.1,dtw_aligned
arctic_a0316,Korean,HJK,0.5,0.0,dtw_aligned
arctic_a0316,Korean,HJK,0.75,0.0,dtw_aligned
arctic_a0316,Korean,HJK,0.9,0.0,dtw_aligned
arctic_a0316,Korean,HJK,1.0,0.0,dtw_aligned
arctic_a0316,Vietnamese,HQTV,0.0,0.0,dtw_aligned
arctic_a0316,Vietnamese,HQTV,0.25,0.0,dtw_aligned
arctic_a0316,Vietnamese,HQTV,0.5,0.0,dtw_aligned
arctic_a0316,Vietnamese,HQTV,0.75,0.0,dtw_aligned
arctic_a0316,Vietnamese,HQTV,0.9,0.0,dtw_aligned
arctic_a0316,Vietnamese,HQTV,1.0,0.0,dtw_aligned
arctic_a0316,Hindi,SVBI,0.0,0.0,dtw_aligned
arctic_a0316,Hindi,SVBI,0.25,0.0,dtw_aligned
arctic_a0316,Hindi,SVBI,0.5,0.0,dtw_aligned
arctic_a0316,Hindi,SVBI,0.75,0.0,dtw_aligned
arctic_a0316,Hindi,SVBI,0.9,0.0,dtw_aligned
arctic_a0316,Hindi,SVBI,1.0,0.0,dtw_aligned
arctic_a0316,Arabic,ZHAA,0.0,0.1,dtw_aligned
arctic_a0316,Arabic,ZHAA,0.25,0.1,dtw_aligned
arctic_a0316,Arabic,ZHAA,0.5,0.0,dtw_aligned
arctic_a0316,Arabic,ZHAA,0.75,0.0,dtw_aligned
arctic_a0316,Arabic,ZHAA,0.9,0.0,dtw_aligned
arctic_a0316,Arabic,ZHAA,1.0,0.0,dtw_aligned
arctic_a0337,Chinese,BWC,0.0,0.0,dtw_aligned
arctic_a0337,Chinese,BWC,0.25,0.0,dtw_aligned
arctic_a0337,Chinese,BWC,0.5,0.3,dtw_aligned
arctic_a0337,Chinese,BWC,0.75,0.0,dtw_aligned
arctic_a0337,Chinese,BWC,0.9,0.0,dtw_aligned
arctic_a0337,Chinese,BWC,1.0,0.3,dtw_aligned
arctic_a0337,Spanish,EBVS,0.0,0.3,dtw_aligned
arctic_a0337,Spanish,EBVS,0.25,0.3,dtw_aligned
arctic_a0337,Spanish,EBVS,0.5,0.1,dtw_aligned
arctic_a0337,Spanish,EBVS,0.75,0.0,dtw_aligned
arctic_a0337,Spanish,EBVS,0.9,0.1,dtw_aligned
arctic_a0337,Spanish,EBVS,1.0,0.3,dtw_aligned
arctic_a0337,Korean,HJK,0.0,0.1,dtw_aligned
arctic_a0337,Korean,HJK,0.25,0.1,dtw_aligned
arctic_a0337,Korean,HJK,0.5,0.3,dtw_aligned
arctic_a0337,Korean,HJK,0.75,0.0,dtw_aligned
arctic_a0337,Korean,HJK,0.9,0.0,dtw_aligned
arctic_a0337,Korean,HJK,1.0,0.2,dtw_aligned
arctic_a0337,Vietnamese,HQTV,0.0,0.1,dtw_aligned
arctic_a0337,Vietnamese,HQTV,0.25,0.0,dtw_aligned
arctic_a0337,Vietnamese,HQTV,0.5,0.1,dtw_aligned
arctic_a0337,Vietnamese,HQTV,0.75,0.1,dtw_aligned
arctic_a0337,Vietnamese,HQTV,0.9,0.0,dtw_aligned
arctic_a0337,Vietnamese,HQTV,1.0,0.4,dtw_aligned
arctic_a0337,Hindi,SVBI,0.0,0.1,dtw_aligned
arctic_a0337,Hindi,SVBI,0.25,0.1,dtw_aligned
arctic_a0337,Hindi,SVBI,0.5,0.1,dtw_aligned
arctic_a0337,Hindi,SVBI,0.75,0.1,dtw_aligned
arctic_a0337,Hindi,SVBI,0.9,0.0,dtw_aligned
arctic_a0337,Hindi,SVBI,1.0,0.0,dtw_aligned
arctic_a0337,Arabic,ZHAA,0.0,0.3,dtw_aligned
arctic_a0337,Arabic,ZHAA,0.25,0.2,dtw_aligned
arctic_a0337,Arabic,ZHAA,0.5,0.1,dtw_aligned
arctic_a0337,Arabic,ZHAA,0.75,0.1,dtw_aligned
arctic_a0337,Arabic,ZHAA,0.9,0.0,dtw_aligned
arctic_a0337,Arabic,ZHAA,1.0,0.2,dtw_aligned
arctic_a0345,Chinese,BWC,0.0,0.4,dtw_aligned
arctic_a0345,Chinese,BWC,0.25,0.4,dtw_aligned
arctic_a0345,Chinese,BWC,0.5,0.4,dtw_aligned
arctic_a0345,Chinese,BWC,0.75,0.3,dtw_aligned
arctic_a0345,Chinese,BWC,0.9,0.3,dtw_aligned
arctic_a0345,Chinese,BWC,1.0,0.2,dtw_aligned
arctic_a0345,Spanish,EBVS,0.0,0.3,dtw_aligned
arctic_a0345,Spanish,EBVS,0.25,0.3,dtw_aligned
arctic_a0345,Spanish,EBVS,0.5,0.0,dtw_aligned
arctic_a0345,Spanish,EBVS,0.75,0.0,dtw_aligned
arctic_a0345,Spanish,EBVS,0.9,0.0,dtw_aligned
arctic_a0345,Spanish,EBVS,1.0,0.0,dtw_aligned
arctic_a0345,Korean,HJK,0.0,0.0,dtw_aligned
arctic_a0345,Korean,HJK,0.25,0.0,dtw_aligned
arctic_a0345,Korean,HJK,0.5,0.0,dtw_aligned
arctic_a0345,Korean,HJK,0.75,0.0,dtw_aligned
arctic_a0345,Korean,HJK,0.9,0.0,dtw_aligned
arctic_a0345,Korean,HJK,1.0,0.0,dtw_aligned
arctic_a0345,Vietnamese,HQTV,0.0,0.1,dtw_aligned
arctic_a0345,Vietnamese,HQTV,0.25,0.1,dtw_aligned
arctic_a0345,Vietnamese,HQTV,0.5,0.1,dtw_aligned
arctic_a0345,Vietnamese,HQTV,0.75,0.1,dtw_aligned
arctic_a0345,Vietnamese,HQTV,0.9,0.0,dtw_aligned
arctic_a0345,Vietnamese,HQTV,1.0,0.0,dtw_aligned
arctic_a0345,Hindi,SVBI,0.0,0.1,dtw_aligned
arctic_a0345,Hindi,SVBI,0.25,0.0,dtw_aligned
arctic_a0345,Hindi,SVBI,0.5,0.0,dtw_aligned
arctic_a0345,Hindi,SVBI,0.75,0.0,dtw_aligned
arctic_a0345,Hindi,SVBI,0.9,0.0,dtw_aligned
arctic_a0345,Hindi,SVBI,1.0,0.0,dtw_aligned
arctic_a0345,Arabic,ZHAA,0.0,0.1,dtw_aligned
arctic_a0345,Arabic,ZHAA,0.25,0.1,dtw_aligned
arctic_a0345,Arabic,ZHAA,0.5,0.1,dtw_aligned
arctic_a0345,Arabic,ZHAA,0.75,0.0,dtw_aligned
arctic_a0345,Arabic,ZHAA,0.9,0.0,dtw_aligned
arctic_a0345,Arabic,ZHAA,1.0,0.0,dtw_aligned
arctic_a0346,Chinese,BWC,0.0,0.0,dtw_aligned
arctic_a0346,Chinese,BWC,0.25,0.0,dtw_aligned
arctic_a0346,Chinese,BWC,0.5,0.0,dtw_aligned
arctic_a0346,Chinese,BWC,0.75,0.0,dtw_aligned
arctic_a0346,Chinese,BWC,0.9,0.0,dtw_aligned
arctic_a0346,Chinese,BWC,1.0,0.0,dtw_aligned
arctic_a0346,Spanish,EBVS,0.0,0.6,dtw_aligned
arctic_a0346,Spanish,EBVS,0.25,0.0,dtw_aligned
arctic_a0346,Spanish,EBVS,0.5,0.0,dtw_aligned
arctic_a0346,Spanish,EBVS,0.75,0.0,dtw_aligned
arctic_a0346,Spanish,EBVS,0.9,0.0,dtw_aligned
arctic_a0346,Spanish,EBVS,1.0,0.0,dtw_aligned
arctic_a0346,Korean,HJK,0.0,0.2,dtw_aligned
arctic_a0346,Korean,HJK,0.25,0.0,dtw_aligned
arctic_a0346,Korean,HJK,0.5,0.0,dtw_aligned
arctic_a0346,Korean,HJK,0.75,0.0,dtw_aligned
arctic_a0346,Korean,HJK,0.9,0.0,dtw_aligned
arctic_a0346,Korean,HJK,1.0,0.0,dtw_aligned
arctic_a0346,Vietnamese,HQTV,0.0,0.6,dtw_aligned
arctic_a0346,Vietnamese,HQTV,0.25,0.0,dtw_aligned
arctic_a0346,Vietnamese,HQTV,0.5,0.0,dtw_aligned
arctic_a0346,Vietnamese,HQTV,0.75,0.0,dtw_aligned
arctic_a0346,Vietnamese,HQTV,0.9,0.0,dtw_aligned
arctic_a0346,Vietnamese,HQTV,1.0,0.0,dtw_aligned
arctic_a0346,Hindi,SVBI,0.0,0.2,dtw_aligned
arctic_a0346,Hindi,SVBI,0.25,0.2,dtw_aligned
arctic_a0346,Hindi,SVBI,0.5,0.2,dtw_aligned
arctic_a0346,Hindi,SVBI,0.75,0.2,dtw_aligned
arctic_a0346,Hindi,SVBI,0.9,0.0,dtw_aligned
arctic_a0346,Hindi,SVBI,1.0,0.0,dtw_aligned
arctic_a0346,Arabic,ZHAA,0.0,0.0,dtw_aligned
arctic_a0346,Arabic,ZHAA,0.25,0.0,dtw_aligned
arctic_a0346,Arabic,ZHAA,0.5,0.0,dtw_aligned
arctic_a0346,Arabic,ZHAA,0.75,0.0,dtw_aligned
arctic_a0346,Arabic,ZHAA,0.9,0.0,dtw_aligned
arctic_a0346,Arabic,ZHAA,1.0,0.0,dtw_aligned
arctic_a0352,Chinese,BWC,0.0,0.0,dtw_aligned
arctic_a0352,Chinese,BWC,0.25,0.0,dtw_aligned
arctic_a0352,Chinese,BWC,0.5,0.0,dtw_aligned
arctic_a0352,Chinese,BWC,0.75,0.0,dtw_aligned
arctic_a0352,Chinese,BWC,0.9,0.0,dtw_aligned
arctic_a0352,Chinese,BWC,1.0,0.0,dtw_aligned
arctic_a0352,Spanish,EBVS,0.0,0.375,dtw_aligned
arctic_a0352,Spanish,EBVS,0.25,0.5,dtw_aligned
arctic_a0352,Spanish,EBVS,0.5,0.75,dtw_aligned
arctic_a0352,Spanish,EBVS,0.75,0.375,dtw_aligned
arctic_a0352,Spanish,EBVS,0.9,0.125,dtw_aligned
arctic_a0352,Spanish,EBVS,1.0,0.0,dtw_aligned
arctic_a0352,Korean,HJK,0.0,0.0,dtw_aligned
arctic_a0352,Korean,HJK,0.25,0.0,dtw_aligned
arctic_a0352,Korean,HJK,0.5,0.125,dtw_aligned
arctic_a0352,Korean,HJK,0.75,0.0,dtw_aligned
arctic_a0352,Korean,HJK,0.9,0.0,dtw_aligned
arctic_a0352,Korean,HJK,1.0,0.0,dtw_aligned
arctic_a0352,Vietnamese,HQTV,0.0,0.25,dtw_aligned
arctic_a0352,Vietnamese,HQTV,0.25,0.125,dtw_aligned
arctic_a0352,Vietnamese,HQTV,0.5,0.0,dtw_aligned
arctic_a0352,Vietnamese,HQTV,0.75,0.0,dtw_aligned
arctic_a0352,Vietnamese,HQTV,0.9,0.0,dtw_aligned
arctic_a0352,Vietnamese,HQTV,1.0,0.0,dtw_aligned
arctic_a0352,Hindi,SVBI,0.0,0.0,dtw_aligned
arctic_a0352,Hindi,SVBI,0.25,0.0,dtw_aligned
arctic_a0352,Hindi,SVBI,0.5,0.0,dtw_aligned
arctic_a0352,Hindi,SVBI,0.75,0.125,dtw_aligned
arctic_a0352,Hindi,SVBI,0.9,0.0,dtw_aligned
arctic_a0352,Hindi,SVBI,1.0,0.0,dtw_aligned
arctic_a0352,Arabic,ZHAA,0.0,0.0,dtw_aligned
arctic_a0352,Arabic,ZHAA,0.25,0.125,dtw_aligned
arctic_a0352,Arabic,ZHAA,0.5,0.125,dtw_aligned
arctic_a0352,Arabic,ZHAA,0.75,0.0,dtw_aligned
arctic_a0352,Arabic,ZHAA,0.9,0.0,dtw_aligned
arctic_a0352,Arabic,ZHAA,1.0,0.0,dtw_aligned
arctic_a0383,Chinese,BWC,0.0,0.0,dtw_aligned
arctic_a0383,Chinese,BWC,0.25,0.0,dtw_aligned
arctic_a0383,Chinese,BWC,0.5,0.0,dtw_aligned
arctic_a0383,Chinese,BWC,0.75,0.0,dtw_aligned
arctic_a0383,Chinese,BWC,0.9,0.1111111111111111,dtw_aligned
arctic_a0383,Chinese,BWC,1.0,0.1111111111111111,dtw_aligned
arctic_a0383,Spanish,EBVS,0.0,0.3333333333333333,dtw_aligned
arctic_a0383,Spanish,EBVS,0.25,0.3333333333333333,dtw_aligned
arctic_a0383,Spanish,EBVS,0.5,0.3333333333333333,dtw_aligned
arctic_a0383,Spanish,EBVS,0.75,0.0,dtw_aligned
arctic_a0383,Spanish,EBVS,0.9,0.0,dtw_aligned
arctic_a0383,Spanish,EBVS,1.0,0.1111111111111111,dtw_aligned
arctic_a0383,Korean,HJK,0.0,0.1111111111111111,dtw_aligned
arctic_a0383,Korean,HJK,0.25,0.1111111111111111,dtw_aligned
arctic_a0383,Korean,HJK,0.5,0.1111111111111111,dtw_aligned
arctic_a0383,Korean,HJK,0.75,0.0,dtw_aligned
arctic_a0383,Korean,HJK,0.9,0.1111111111111111,dtw_aligned
arctic_a0383,Korean,HJK,1.0,0.2222222222222222,dtw_aligned
arctic_a0383,Vietnamese,HQTV,0.0,0.2222222222222222,dtw_aligned
arctic_a0383,Vietnamese,HQTV,0.25,0.2222222222222222,dtw_aligned
arctic_a0383,Vietnamese,HQTV,0.5,0.0,dtw_aligned
arctic_a0383,Vietnamese,HQTV,0.75,0.0,dtw_aligned
arctic_a0383,Vietnamese,HQTV,0.9,0.0,dtw_aligned
arctic_a0383,Vietnamese,HQTV,1.0,0.2222222222222222,dtw_aligned
arctic_a0383,Hindi,SVBI,0.0,0.1111111111111111,dtw_aligned
arctic_a0383,Hindi,SVBI,0.25,0.1111111111111111,dtw_aligned
arctic_a0383,Hindi,SVBI,0.5,0.1111111111111111,dtw_aligned
arctic_a0383,Hindi,SVBI,0.75,0.1111111111111111,dtw_aligned
arctic_a0383,Hindi,SVBI,0.9,0.1111111111111111,dtw_aligned
arctic_a0383,Hindi,SVBI,1.0,0.1111111111111111,dtw_aligned
arctic_a0383,Arabic,ZHAA,0.0,0.0,dtw_aligned
arctic_a0383,Arabic,ZHAA,0.25,0.0,dtw_aligned
arctic_a0383,Arabic,ZHAA,0.5,0.0,dtw_aligned
arctic_a0383,Arabic,ZHAA,0.75,0.1111111111111111,dtw_aligned
arctic_a0383,Arabic,ZHAA,0.9,0.0,dtw_aligned
arctic_a0383,Arabic,ZHAA,1.0,0.1111111111111111,dtw_aligned
arctic_a0388,Chinese,BWC,0.0,0.0,dtw_aligned
arctic_a0388,Chinese,BWC,0.25,0.0,dtw_aligned
arctic_a0388,Chinese,BWC,0.5,0.0,dtw_aligned
arctic_a0388,Chinese,BWC,0.75,0.0,dtw_aligned
arctic_a0388,Chinese,BWC,0.9,0.14285714285714285,dtw_aligned
arctic_a0388,Chinese,BWC,1.0,0.14285714285714285,dtw_aligned
arctic_a0388,Spanish,EBVS,0.0,0.14285714285714285,dtw_aligned
arctic_a0388,Spanish,EBVS,0.25,0.0,dtw_aligned
arctic_a0388,Spanish,EBVS,0.5,0.0,dtw_aligned
arctic_a0388,Spanish,EBVS,0.75,0.0,dtw_aligned
arctic_a0388,Spanish,EBVS,0.9,0.14285714285714285,dtw_aligned
arctic_a0388,Spanish,EBVS,1.0,0.14285714285714285,dtw_aligned
arctic_a0388,Korean,HJK,0.0,0.0,dtw_aligned
arctic_a0388,Korean,HJK,0.25,0.0,dtw_aligned
arctic_a0388,Korean,HJK,0.5,0.0,dtw_aligned
arctic_a0388,Korean,HJK,0.75,0.14285714285714285,dtw_aligned
arctic_a0388,Korean,HJK,0.9,0.14285714285714285,dtw_aligned
arctic_a0388,Korean,HJK,1.0,0.14285714285714285,dtw_aligned
arctic_a0388,Vietnamese,HQTV,0.0,0.0,dtw_aligned
arctic_a0388,Vietnamese,HQTV,0.25,0.0,dtw_aligned
arctic_a0388,Vietnamese,HQTV,0.5,0.0,dtw_aligned
arctic_a0388,Vietnamese,HQTV,0.75,0.0,dtw_aligned
arctic_a0388,Vietnamese,HQTV,0.9,0.14285714285714285,dtw_aligned
arctic_a0388,Vietnamese,HQTV,1.0,0.14285714285714285,dtw_aligned
arctic_a0388,Hindi,SVBI,0.0,0.0,dtw_aligned
arctic_a0388,Hindi,SVBI,0.25,0.0,dtw_aligned
arctic_a0388,Hindi,SVBI,0.5,0.0,dtw_aligned
arctic_a0388,Hindi,SVBI,0.75,0.14285714285714285,dtw_aligned
arctic_a0388,Hindi,SVBI,0.9,0.14285714285714285,dtw_aligned
arctic_a0388,Hindi,SVBI,1.0,0.14285714285714285,dtw_aligned
arctic_a0388,Arabic,ZHAA,0.0,0.0,dtw_aligned
arctic_a0388,Arabic,ZHAA,0.25,0.0,dtw_aligned
arctic_a0388,Arabic,ZHAA,0.5,0.0,dtw_aligned
arctic_a0388,Arabic,ZHAA,0.75,0.0,dtw_aligned
arctic_a0388,Arabic,ZHAA,0.9,0.14285714285714285,dtw_aligned
arctic_a0388,Arabic,ZHAA,1.0,0.14285714285714285,dtw_aligned
arctic_a0403,Chinese,BWC,0.0,0.25,dtw_aligned
arctic_a0403,Chinese,BWC,0.25,0.25,dtw_aligned
arctic_a0403,Chinese,BWC,0.5,0.125,dtw_aligned
arctic_a0403,Chinese,BWC,0.75,0.0,dtw_aligned
arctic_a0403,Chinese,BWC,0.9,0.0,dtw_aligned
arctic_a0403,Chinese,BWC,1.0,0.0,dtw_aligned
arctic_a0403,Spanish,EBVS,0.0,0.25,dtw_aligned
arctic_a0403,Spanish,EBVS,0.25,0.125,dtw_aligned
arctic_a0403,Spanish,EBVS,0.5,0.125,dtw_aligned
arctic_a0403,Spanish,EBVS,0.75,0.0,dtw_aligned
arctic_a0403,Spanish,EBVS,0.9,0.0,dtw_aligned
arctic_a0403,Spanish,EBVS,1.0,0.0,dtw_aligned
arctic_a0403,Korean,HJK,0.0,0.0,dtw_aligned
arctic_a0403,Korean,HJK,0.25,0.0,dtw_aligned
arctic_a0403,Korean,HJK,0.5,0.0,dtw_aligned
arctic_a0403,Korean,HJK,0.75,0.0,dtw_aligned
arctic_a0403,Korean,HJK,0.9,0.0,dtw_aligned
arctic_a0403,Korean,HJK,1.0,0.0,dtw_aligned
arctic_a0403,Vietnamese,HQTV,0.0,0.0,dtw_aligned
arctic_a0403,Vietnamese,HQTV,0.25,0.0,dtw_aligned
arctic_a0403,Vietnamese,HQTV,0.5,0.0,dtw_aligned
arctic_a0403,Vietnamese,HQTV,0.75,0.0,dtw_aligned
arctic_a0403,Vietnamese,HQTV,0.9,0.0,dtw_aligned
arctic_a0403,Vietnamese,HQTV,1.0,0.0,dtw_aligned
arctic_a0403,Hindi,SVBI,0.0,0.0,dtw_aligned
arctic_a0403,Hindi,SVBI,0.25,0.0,dtw_aligned
arctic_a0403,Hindi,SVBI,0.5,0.0,dtw_aligned
arctic_a0403,Hindi,SVBI,0.75,0.0,dtw_aligned
arctic_a0403,Hindi,SVBI,0.9,0.0,dtw_aligned
arctic_a0403,Hindi,SVBI,1.0,0.0,dtw_aligned
arctic_a0403,Arabic,ZHAA,0.0,0.375,dtw_aligned
arctic_a0403,Arabic,ZHAA,0.25,0.0,dtw_aligned
arctic_a0403,Arabic,ZHAA,0.5,0.0,dtw_aligned
arctic_a0403,Arabic,ZHAA,0.75,0.0,dtw_aligned
arctic_a0403,Arabic,ZHAA,0.9,0.0,dtw_aligned
arctic_a0403,Arabic,ZHAA,1.0,0.0,dtw_aligned
arctic_a0412,Chinese,BWC,0.0,0.14285714285714285,dtw_aligned
arctic_a0412,Chinese,BWC,0.25,0.14285714285714285,dtw_aligned
arctic_a0412,Chinese,BWC,0.5,0.14285714285714285,dtw_aligned
arctic_a0412,Chinese,BWC,0.75,0.0,dtw_aligned
arctic_a0412,Chinese,BWC,0.9,0.0,dtw_aligned
arctic_a0412,Chinese,BWC,1.0,0.0,dtw_aligned
arctic_a0412,Spanish,EBVS,0.0,0.2857142857142857,dtw_aligned
arctic_a0412,Spanish,EBVS,0.25,0.0,dtw_aligned
arctic_a0412,Spanish,EBVS,0.5,0.0,dtw_aligned
arctic_a0412,Spanish,EBVS,0.75,0.0,dtw_aligned
arctic_a0412,Spanish,EBVS,0.9,0.0,dtw_aligned
arctic_a0412,Spanish,EBVS,1.0,0.0,dtw_aligned
arctic_a0412,Korean,HJK,0.0,0.0,dtw_aligned
arctic_a0412,Korean,HJK,0.25,0.0,dtw_aligned
arctic_a0412,Korean,HJK,0.5,0.0,dtw_aligned
arctic_a0412,Korean,HJK,0.75,0.0,dtw_aligned
arctic_a0412,Korean,HJK,0.9,0.0,dtw_aligned
arctic_a0412,Korean,HJK,1.0,0.0,dtw_aligned
arctic_a0412,Vietnamese,HQTV,0.0,0.7142857142857143,dtw_aligned
arctic_a0412,Vietnamese,HQTV,0.25,0.42857142857142855,dtw_aligned
arctic_a0412,Vietnamese,HQTV,0.5,0.0,dtw_aligned
arctic_a0412,Vietnamese,HQTV,0.75,0.0,dtw_aligned
arctic_a0412,Vietnamese,HQTV,0.9,0.0,dtw_aligned
arctic_a0412,Vietnamese,HQTV,1.0,0.0,dtw_aligned
arctic_a0412,Hindi,SVBI,0.0,0.0,dtw_aligned
arctic_a0412,Hindi,SVBI,0.25,0.0,dtw_aligned
arctic_a0412,Hindi,SVBI,0.5,0.0,dtw_aligned
arctic_a0412,Hindi,SVBI,0.75,0.0,dtw_aligned
arctic_a0412,Hindi,SVBI,0.9,0.0,dtw_aligned
arctic_a0412,Hindi,SVBI,1.0,0.0,dtw_aligned
arctic_a0412,Arabic,ZHAA,0.0,0.14285714285714285,dtw_aligned
arctic_a0412,Arabic,ZHAA,0.25,0.2857142857142857,dtw_aligned
arctic_a0412,Arabic,ZHAA,0.5,0.0,dtw_aligned
arctic_a0412,Arabic,ZHAA,0.75,0.0,dtw_aligned
arctic_a0412,Arabic,ZHAA,0.9,0.0,dtw_aligned
arctic_a0412,Arabic,ZHAA,1.0,0.0,dtw_aligned
arctic_a0438,Chinese,BWC,0.0,0.25,dtw_aligned
arctic_a0438,Chinese,BWC,0.25,0.125,dtw_aligned
arctic_a0438,Chinese,BWC,0.5,0.25,dtw_aligned
arctic_a0438,Chinese,BWC,0.75,0.375,dtw_aligned
arctic_a0438,Chinese,BWC,0.9,0.625,dtw_aligned
arctic_a0438,Chinese,BWC,1.0,0.5,dtw_aligned
arctic_a0438,Spanish,EBVS,0.0,0.125,dtw_aligned
arctic_a0438,Spanish,EBVS,0.25,0.125,dtw_aligned
arctic_a0438,Spanish,EBVS,0.5,0.125,dtw_aligned
arctic_a0438,Spanish,EBVS,0.75,0.375,dtw_aligned
arctic_a0438,Spanish,EBVS,0.9,0.625,dtw_aligned
arctic_a0438,Spanish,EBVS,1.0,0.5,dtw_aligned
arctic_a0438,Korean,HJK,0.0,0.25,dtw_aligned
arctic_a0438,Korean,HJK,0.25,0.5,dtw_aligned
arctic_a0438,Korean,HJK,0.5,0.5,dtw_aligned
arctic_a0438,Korean,HJK,0.75,0.625,dtw_aligned
arctic_a0438,Korean,HJK,0.9,0.5,dtw_aligned
arctic_a0438,Korean,HJK,1.0,0.5,dtw_aligned
arctic_a0438,Vietnamese,HQTV,0.0,0.125,dtw_aligned
arctic_a0438,Vietnamese,HQTV,0.25,0.125,dtw_aligned
arctic_a0438,Vietnamese,HQTV,0.5,0.25,dtw_aligned
arctic_a0438,Vietnamese,HQTV,0.75,0.25,dtw_aligned
arctic_a0438,Vietnamese,HQTV,0.9,0.625,dtw_aligned
arctic_a0438,Vietnamese,HQTV,1.0,0.5,dtw_aligned
arctic_a0438,Hindi,SVBI,0.0,0.375,dtw_aligned
arctic_a0438,Hindi,SVBI,0.25,0.25,dtw_aligned
arctic_a0438,Hindi,SVBI,0.5,0.25,dtw_aligned
arctic_a0438,Hindi,SVBI,0.75,0.375,dtw_aligned
arctic_a0438,Hindi,SVBI,0.9,0.5,dtw_aligned
arctic_a0438,Hindi,SVBI,1.0,0.5,dtw_aligned
arctic_a0438,Arabic,ZHAA,0.0,0.25,dtw_aligned
arctic_a0438,Arabic,ZHAA,0.25,0.25,dtw_aligned
arctic_a0438,Arabic,ZHAA,0.5,0.375,dtw_aligned
arctic_a0438,Arabic,ZHAA,0.75,0.25,dtw_aligned
arctic_a0438,Arabic,ZHAA,0.9,0.625,dtw_aligned
arctic_a0438,Arabic,ZHAA,1.0,0.5,dtw_aligned
arctic_a0450,Chinese,BWC,0.0,0.1,dtw_aligned
arctic_a0450,Chinese,BWC,0.25,0.4,dtw_aligned
arctic_a0450,Chinese,BWC,0.5,0.1,dtw_aligned
arctic_a0450,Chinese,BWC,0.75,0.1,dtw_aligned
arctic_a0450,Chinese,BWC,0.9,0.0,dtw_aligned
arctic_a0450,Chinese,BWC,1.0,0.0,dtw_aligned
arctic_a0450,Spanish,EBVS,0.0,0.1,dtw_aligned
arctic_a0450,Spanish,EBVS,0.25,0.2,dtw_aligned
arctic_a0450,Spanish,EBVS,0.5,0.0,dtw_aligned
arctic_a0450,Spanish,EBVS,0.75,0.0,dtw_aligned
arctic_a0450,Spanish,EBVS,0.9,0.0,dtw_aligned
arctic_a0450,Spanish,EBVS,1.0,0.0,dtw_aligned
arctic_a0450,Korean,HJK,0.0,0.0,dtw_aligned
arctic_a0450,Korean,HJK,0.25,0.0,dtw_aligned
arctic_a0450,Korean,HJK,0.5,0.0,dtw_aligned
arctic_a0450,Korean,HJK,0.75,0.0,dtw_aligned
arctic_a0450,Korean,HJK,0.9,0.1,dtw_aligned
arctic_a0450,Korean,HJK,1.0,0.0,dtw_aligned
arctic_a0450,Vietnamese,HQTV,0.0,0.2,dtw_aligned
arctic_a0450,Vietnamese,HQTV,0.25,0.0,dtw_aligned
arctic_a0450,Vietnamese,HQTV,0.5,0.0,dtw_aligned
arctic_a0450,Vietnamese,HQTV,0.75,0.0,dtw_aligned
arctic_a0450,Vietnamese,HQTV,0.9,0.0,dtw_aligned
arctic_a0450,Vietnamese,HQTV,1.0,0.0,dtw_aligned
arctic_a0450,Hindi,SVBI,0.0,0.0,dtw_aligned
arctic_a0450,Hindi,SVBI,0.25,0.0,dtw_aligned
arctic_a0450,Hindi,SVBI,0.5,0.0,dtw_aligned
arctic_a0450,Hindi,SVBI,0.75,0.0,dtw_aligned
arctic_a0450,Hindi,SVBI,0.9,0.0,dtw_aligned
arctic_a0450,Hindi,SVBI,1.0,0.1,dtw_aligned
arctic_a0450,Arabic,ZHAA,0.0,0.0,dtw_aligned
arctic_a0450,Arabic,ZHAA,0.25,0.0,dtw_aligned
arctic_a0450,Arabic,ZHAA,0.5,0.0,dtw_aligned
arctic_a0450,Arabic,ZHAA,0.75,0.0,dtw_aligned
arctic_a0450,Arabic,ZHAA,0.9,0.0,dtw_aligned
arctic_a0450,Arabic,ZHAA,1.0,0.0,dtw_aligned
arctic_a0457,Chinese,BWC,0.0,0.1111111111111111,dtw_aligned
arctic_a0457,Chinese,BWC,0.25,0.0,dtw_aligned
arctic_a0457,Chinese,BWC,0.5,0.0,dtw_aligned
arctic_a0457,Chinese,BWC,0.75,0.0,dtw_aligned
arctic_a0457,Chinese,BWC,0.9,0.0,dtw_aligned
arctic_a0457,Chinese,BWC,1.0,0.0,dtw_aligned
arctic_a0457,Spanish,EBVS,0.0,0.0,dtw_aligned
arctic_a0457,Spanish,EBVS,0.25,0.0,dtw_aligned
arctic_a0457,Spanish,EBVS,0.5,0.0,dtw_aligned
arctic_a0457,Spanish,EBVS,0.75,0.0,dtw_aligned
arctic_a0457,Spanish,EBVS,0.9,0.0,dtw_aligned
arctic_a0457,Spanish,EBVS,1.0,0.0,dtw_aligned
arctic_a0457,Korean,HJK,0.0,0.0,dtw_aligned
arctic_a0457,Korean,HJK,0.25,0.0,dtw_aligned
arctic_a0457,Korean,HJK,0.5,0.0,dtw_aligned
arctic_a0457,Korean,HJK,0.75,0.0,dtw_aligned
arctic_a0457,Korean,HJK,0.9,0.0,dtw_aligned
arctic_a0457,Korean,HJK,1.0,0.0,dtw_aligned
arctic_a0457,Vietnamese,HQTV,0.0,0.0,dtw_aligned
arctic_a0457,Vietnamese,HQTV,0.25,0.0,dtw_aligned
arctic_a0457,Vietnamese,HQTV,0.5,0.0,dtw_aligned
arctic_a0457,Vietnamese,HQTV,0.75,0.0,dtw_aligned
arctic_a0457,Vietnamese,HQTV,0.9,0.0,dtw_aligned
arctic_a0457,Vietnamese,HQTV,1.0,0.0,dtw_aligned
arctic_a0457,Hindi,SVBI,0.0,0.2222222222222222,dtw_aligned
arctic_a0457,Hindi,SVBI,0.25,0.1111111111111111,dtw_aligned
arctic_a0457,Hindi,SVBI,0.5,0.0,dtw_aligned
arctic_a0457,Hindi,SVBI,0.75,0.0,dtw_aligned
arctic_a0457,Hindi,SVBI,0.9,0.0,dtw_aligned
arctic_a0457,Hindi,SVBI,1.0,0.0,dtw_aligned
arctic_a0457,Arabic,ZHAA,0.0,0.0,dtw_aligned
arctic_a0457,Arabic,ZHAA,0.25,0.0,dtw_aligned
arctic_a0457,Arabic,ZHAA,0.5,0.0,dtw_aligned
arctic_a0457,Arabic,ZHAA,0.75,0.0,dtw_aligned
arctic_a0457,Arabic,ZHAA,0.9,0.0,dtw_aligned
arctic_a0457,Arabic,ZHAA,1.0,0.0,dtw_aligned
arctic_a0468,Chinese,BWC,0.0,0.0,dtw_aligned
arctic_a0468,Chinese,BWC,0.25,0.0,dtw_aligned
arctic_a0468,Chinese,BWC,0.5,0.0,dtw_aligned
arctic_a0468,Chinese,BWC,0.75,0.0,dtw_aligned
arctic_a0468,Chinese,BWC,0.9,0.0,dtw_aligned
arctic_a0468,Chinese,BWC,1.0,0.0,dtw_aligned
arctic_a0468,Spanish,EBVS,0.0,0.1,dtw_aligned
arctic_a0468,Spanish,EBVS,0.25,0.1,dtw_aligned
arctic_a0468,Spanish,EBVS,0.5,0.1,dtw_aligned
arctic_a0468,Spanish,EBVS,0.75,0.1,dtw_aligned
arctic_a0468,Spanish,EBVS,0.9,0.0,dtw_aligned
arctic_a0468,Spanish,EBVS,1.0,0.0,dtw_aligned
arctic_a0468,Korean,HJK,0.0,0.1,dtw_aligned
arctic_a0468,Korean,HJK,0.25,0.1,dtw_aligned
arctic_a0468,Korean,HJK,0.5,0.1,dtw_aligned
arctic_a0468,Korean,HJK,0.75,0.0,dtw_aligned
arctic_a0468,Korean,HJK,0.9,0.0,dtw_aligned
arctic_a0468,Korean,HJK,1.0,0.0,dtw_aligned
arctic_a0468,Vietnamese,HQTV,0.0,0.6,dtw_aligned
arctic_a0468,Vietnamese,HQTV,0.25,0.2,dtw_aligned
arctic_a0468,Vietnamese,HQTV,0.5,0.1,dtw_aligned
arctic_a0468,Vietnamese,HQTV,0.75,0.0,dtw_aligned
arctic_a0468,Vietnamese,HQTV,0.9,0.0,dtw_aligned
arctic_a0468,Vietnamese,HQTV,1.0,0.1,dtw_aligned
arctic_a0468,Hindi,SVBI,0.0,0.0,dtw_aligned
arctic_a0468,Hindi,SVBI,0.25,0.0,dtw_aligned
arctic_a0468,Hindi,SVBI,0.5,0.0,dtw_aligned
arctic_a0468,Hindi,SVBI,0.75,0.0,dtw_aligned
arctic_a0468,Hindi,SVBI,0.9,0.0,dtw_aligned
arctic_a0468,Hindi,SVBI,1.0,0.0,dtw_aligned
arctic_a0468,Arabic,ZHAA,0.0,0.0,dtw_aligned
arctic_a0468,Arabic,ZHAA,0.25,0.0,dtw_aligned
arctic_a0468,Arabic,ZHAA,0.5,0.0,dtw_aligned
arctic_a0468,Arabic,ZHAA,0.75,0.2,dtw_aligned
arctic_a0468,Arabic,ZHAA,0.9,0.0,dtw_aligned
arctic_a0468,Arabic,ZHAA,1.0,0.0,dtw_aligned
arctic_a0472,Chinese,BWC,0.0,0.09090909090909091,dtw_aligned
arctic_a0472,Chinese,BWC,0.25,0.0,dtw_aligned
arctic_a0472,Chinese,BWC,0.5,0.09090909090909091,dtw_aligned
arctic_a0472,Chinese,BWC,0.75,0.0,dtw_aligned
arctic_a0472,Chinese,BWC,0.9,0.0,dtw_aligned
arctic_a0472,Chinese,BWC,1.0,0.18181818181818182,dtw_aligned
arctic_a0472,Spanish,EBVS,0.0,0.2727272727272727,dtw_aligned
arctic_a0472,Spanish,EBVS,0.25,0.18181818181818182,dtw_aligned
arctic_a0472,Spanish,EBVS,0.5,0.0,dtw_aligned
arctic_a0472,Spanish,EBVS,0.75,0.0,dtw_aligned
arctic_a0472,Spanish,EBVS,0.9,0.0,dtw_aligned
arctic_a0472,Spanish,EBVS,1.0,0.0,dtw_aligned
arctic_a0472,Korean,HJK,0.0,0.18181818181818182,dtw_aligned
arctic_a0472,Korean,HJK,0.25,0.09090909090909091,dtw_aligned
arctic_a0472,Korean,HJK,0.5,0.09090909090909091,dtw_aligned
arctic_a0472,Korean,HJK,0.75,0.09090909090909091,dtw_aligned
arctic_a0472,Korean,HJK,0.9,0.0,dtw_aligned
arctic_a0472,Korean,HJK,1.0,0.0,dtw_aligned
arctic_a0472,Vietnamese,HQTV,0.0,0.18181818181818182,dtw_aligned
arctic_a0472,Vietnamese,HQTV,0.25,0.09090909090909091,dtw_aligned
arctic_a0472,Vietnamese,HQTV,0.5,0.2727272727272727,dtw_aligned
arctic_a0472,Vietnamese,HQTV,0.75,0.09090909090909091,dtw_aligned
arctic_a0472,Vietnamese,HQTV,0.9,0.0,dtw_aligned
arctic_a0472,Vietnamese,HQTV,1.0,0.18181818181818182,dtw_aligned
arctic_a0472,Hindi,SVBI,0.0,0.09090909090909091,dtw_aligned
arctic_a0472,Hindi,SVBI,0.25,0.09090909090909091,dtw_aligned
arctic_a0472,Hindi,SVBI,0.5,0.09090909090909091,dtw_aligned
arctic_a0472,Hindi,SVBI,0.75,0.09090909090909091,dtw_aligned
arctic_a0472,Hindi,SVBI,0.9,0.0,dtw_aligned
arctic_a0472,Hindi,SVBI,1.0,0.0,dtw_aligned
arctic_a0472,Arabic,ZHAA,0.0,0.09090909090909091,dtw_aligned
arctic_a0472,Arabic,ZHAA,0.25,0.0,dtw_aligned
arctic_a0472,Arabic,ZHAA,0.5,0.2727272727272727,dtw_aligned
arctic_a0472,Arabic,ZHAA,0.75,0.09090909090909091,dtw_aligned
arctic_a0472,Arabic,ZHAA,0.9,0.09090909090909091,dtw_aligned
arctic_a0472,Arabic,ZHAA,1.0,0.0,dtw_aligned
arctic_a0491,Chinese,BWC,0.0,0.5454545454545454,dtw_aligned
arctic_a0491,Chinese,BWC,0.25,0.18181818181818182,dtw_aligned
arctic_a0491,Chinese,BWC,0.5,0.18181818181818182,dtw_aligned
arctic_a0491,Chinese,BWC,0.75,0.09090909090909091,dtw_aligned
arctic_a0491,Chinese,BWC,0.9,0.18181818181818182,dtw_aligned
arctic_a0491,Chinese,BWC,1.0,0.2727272727272727,dtw_aligned
arctic_a0491,Spanish,EBVS,0.0,0.18181818181818182,dtw_aligned
arctic_a0491,Spanish,EBVS,0.25,0.18181818181818182,dtw_aligned
arctic_a0491,Spanish,EBVS,0.5,0.36363636363636365,dtw_aligned
arctic_a0491,Spanish,EBVS,0.75,0.2727272727272727,dtw_aligned
arctic_a0491,Spanish,EBVS,0.9,0.18181818181818182,dtw_aligned
arctic_a0491,Spanish,EBVS,1.0,0.2727272727272727,dtw_aligned
arctic_a0491,Korean,HJK,0.0,0.0,dtw_aligned
arctic_a0491,Korean,HJK,0.25,0.18181818181818182,dtw_aligned
arctic_a0491,Korean,HJK,0.5,0.09090909090909091,dtw_aligned
arctic_a0491,Korean,HJK,0.75,0.18181818181818182,dtw_aligned
arctic_a0491,Korean,HJK,0.9,0.18181818181818182,dtw_aligned
arctic_a0491,Korean,HJK,1.0,0.2727272727272727,dtw_aligned
arctic_a0491,Vietnamese,HQTV,0.0,0.18181818181818182,dtw_aligned
arctic_a0491,Vietnamese,HQTV,0.25,0.09090909090909091,dtw_aligned
arctic_a0491,Vietnamese,HQTV,0.5,0.09090909090909091,dtw_aligned
arctic_a0491,Vietnamese,HQTV,0.75,0.09090909090909091,dtw_aligned
arctic_a0491,Vietnamese,HQTV,0.9,0.09090909090909091,dtw_aligned
arctic_a0491,Vietnamese,HQTV,1.0,0.18181818181818182,dtw_aligned
arctic_a0491,Hindi,SVBI,0.0,0.0,dtw_aligned
arctic_a0491,Hindi,SVBI,0.25,0.0,dtw_aligned
arctic_a0491,Hindi,SVBI,0.5,0.09090909090909091,dtw_aligned
arctic_a0491,Hindi,SVBI,0.75,0.18181818181818182,dtw_aligned
arctic_a0491,Hindi,SVBI,0.9,0.09090909090909091,dtw_aligned
arctic_a0491,Hindi,SVBI,1.0,0.18181818181818182,dtw_aligned
arctic_a0491,Arabic,ZHAA,0.0,0.0,dtw_aligned
arctic_a0491,Arabic,ZHAA,0.25,0.09090909090909091,dtw_aligned
arctic_a0491,Arabic,ZHAA,0.5,0.09090909090909091,dtw_aligned
arctic_a0491,Arabic,ZHAA,0.75,0.09090909090909091,dtw_aligned
arctic_a0491,Arabic,ZHAA,0.9,0.18181818181818182,dtw_aligned
arctic_a0491,Arabic,ZHAA,1.0,0.2727272727272727,dtw_aligned
arctic_a0509,Chinese,BWC,0.0,0.5,dtw_aligned
arctic_a0509,Chinese,BWC,0.25,0.3,dtw_aligned
arctic_a0509,Chinese,BWC,0.5,0.4,dtw_aligned
arctic_a0509,Chinese,BWC,0.75,0.0,dtw_aligned
arctic_a0509,Chinese,BWC,0.9,0.1,dtw_aligned
arctic_a0509,Chinese,BWC,1.0,0.0,dtw_aligned
arctic_a0509,Spanish,EBVS,0.0,0.5,dtw_aligned
arctic_a0509,Spanish,EBVS,0.25,0.5,dtw_aligned
arctic_a0509,Spanish,EBVS,0.5,0.4,dtw_aligned
arctic_a0509,Spanish,EBVS,0.75,0.2,dtw_aligned
arctic_a0509,Spanish,EBVS,0.9,0.1,dtw_aligned
arctic_a0509,Spanish,EBVS,1.0,0.2,dtw_aligned
arctic_a0509,Korean,HJK,0.0,0.0,dtw_aligned
arctic_a0509,Korean,HJK,0.25,0.0,dtw_aligned
arctic_a0509,Korean,HJK,0.5,0.0,dtw_aligned
arctic_a0509,Korean,HJK,0.75,0.0,dtw_aligned
arctic_a0509,Korean,HJK,0.9,0.1,dtw_aligned
arctic_a0509,Korean,HJK,1.0,0.1,dtw_aligned
arctic_a0509,Vietnamese,HQTV,0.0,0.5,dtw_aligned
arctic_a0509,Vietnamese,HQTV,0.25,0.0,dtw_aligned
arctic_a0509,Vietnamese,HQTV,0.5,0.0,dtw_aligned
arctic_a0509,Vietnamese,HQTV,0.75,0.0,dtw_aligned
arctic_a0509,Vietnamese,HQTV,0.9,0.1,dtw_aligned
arctic_a0509,Vietnamese,HQTV,1.0,0.1,dtw_aligned
arctic_a0509,Hindi,SVBI,0.0,0.1,dtw_aligned
arctic_a0509,Hindi,SVBI,0.25,0.1,dtw_aligned
arctic_a0509,Hindi,SVBI,0.5,0.0,dtw_aligned
arctic_a0509,Hindi,SVBI,0.75,0.1,dtw_aligned
arctic_a0509,Hindi,SVBI,0.9,0.2,dtw_aligned
arctic_a0509,Hindi,SVBI,1.0,0.0,dtw_aligned
arctic_a0509,Arabic,ZHAA,0.0,0.2,dtw_aligned
arctic_a0509,Arabic,ZHAA,0.25,0.1,dtw_aligned
arctic_a0509,Arabic,ZHAA,0.5,0.1,dtw_aligned
arctic_a0509,Arabic,ZHAA,0.75,0.1,dtw_aligned
arctic_a0509,Arabic,ZHAA,0.9,0.3,dtw_aligned
arctic_a0509,Arabic,ZHAA,1.0,0.1,dtw_aligned
arctic_a0514,Chinese,BWC,0.0,0.0,dtw_aligned
arctic_a0514,Chinese,BWC,0.25,0.0,dtw_aligned
arctic_a0514,Chinese,BWC,0.5,0.0,dtw_aligned
arctic_a0514,Chinese,BWC,0.75,0.0,dtw_aligned
arctic_a0514,Chinese,BWC,0.9,0.375,dtw_aligned
arctic_a0514,Chinese,BWC,1.0,0.25,dtw_aligned
arctic_a0514,Spanish,EBVS,0.0,0.25,dtw_aligned
arctic_a0514,Spanish,EBVS,0.25,0.25,dtw_aligned
arctic_a0514,Spanish,EBVS,0.5,0.375,dtw_aligned
arctic_a0514,Spanish,EBVS,0.75,0.0,dtw_aligned
arctic_a0514,Spanish,EBVS,0.9,0.0,dtw_aligned
arctic_a0514,Spanish,EBVS,1.0,0.25,dtw_aligned
arctic_a0514,Korean,HJK,0.0,0.0,dtw_aligned
arctic_a0514,Korean,HJK,0.25,0.0,dtw_aligned
arctic_a0514,Korean,HJK,0.5,0.0,dtw_aligned
arctic_a0514,Korean,HJK,0.75,0.0,dtw_aligned
arctic_a0514,Korean,HJK,0.9,0.25,dtw_aligned
arctic_a0514,Korean,HJK,1.0,0.25,dtw_aligned
arctic_a0514,Vietnamese,HQTV,0.0,0.125,dtw_aligned
arctic_a0514,Vietnamese,HQTV,0.25,0.125,dtw_aligned
arctic_a0514,Vietnamese,HQTV,0.5,0.125,dtw_aligned
arctic_a0514,Vietnamese,HQTV,0.75,0.0,dtw_aligned
arctic_a0514,Vietnamese,HQTV,0.9,0.0,dtw_aligned
arctic_a0514,Vietnamese,HQTV,1.0,0.25,dtw_aligned
arctic_a0514,Hindi,SVBI,0.0,0.0,dtw_aligned
arctic_a0514,Hindi,SVBI,0.25,0.0,dtw_aligned
arctic_a0514,Hindi,SVBI,0.5,0.0,dtw_aligned
arctic_a0514,Hindi,SVBI,0.75,0.0,dtw_aligned
arctic_a0514,Hindi,SVBI,0.9,0.0,dtw_aligned
arctic_a0514,Hindi,SVBI,1.0,0.25,dtw_aligned
arctic_a0514,Arabic,ZHAA,0.0,0.25,dtw_aligned
arctic_a0514,Arabic,ZHAA,0.25,0.0,dtw_aligned
arctic_a0514,Arabic,ZHAA,0.5,0.0,dtw_aligned
arctic_a0514,Arabic,ZHAA,0.75,0.0,dtw_aligned
arctic_a0514,Arabic,ZHAA,0.9,0.0,dtw_aligned
arctic_a0514,Arabic,ZHAA,1.0,0.25,dtw_aligned
arctic_a0536,Chinese,BWC,0.0,0.0,dtw_aligned
arctic_a0536,Chinese,BWC,0.25,0.0,dtw_aligned
arctic_a0536,Chinese,BWC,0.5,0.0,dtw_aligned
arctic_a0536,Chinese,BWC,0.75,0.0,dtw_aligned
arctic_a0536,Chinese,BWC,0.9,0.0,dtw_aligned
arctic_a0536,Chinese,BWC,1.0,0.0,dtw_aligned
arctic_a0536,Spanish,EBVS,0.0,0.125,dtw_aligned
arctic_a0536,Spanish,EBVS,0.25,0.125,dtw_aligned
arctic_a0536,Spanish,EBVS,0.5,0.0,dtw_aligned
arctic_a0536,Spanish,EBVS,0.75,0.0,dtw_aligned
arctic_a0536,Spanish,EBVS,0.9,0.0,dtw_aligned
arctic_a0536,Spanish,EBVS,1.0,0.0,dtw_aligned
arctic_a0536,Korean,HJK,0.0,0.0,dtw_aligned
arctic_a0536,Korean,HJK,0.25,0.0,dtw_aligned
arctic_a0536,Korean,HJK,0.5,0.0,dtw_aligned
arctic_a0536,Korean,HJK,0.75,0.0,dtw_aligned
arctic_a0536,Korean,HJK,0.9,0.0,dtw_aligned
arctic_a0536,Korean,HJK,1.0,0.0,dtw_aligned
arctic_a0536,Vietnamese,HQTV,0.0,0.125,dtw_aligned
arctic_a0536,Vietnamese,HQTV,0.25,0.0,dtw_aligned
arctic_a0536,Vietnamese,HQTV,0.5,0.125,dtw_aligned
arctic_a0536,Vietnamese,HQTV,0.75,0.0,dtw_aligned
arctic_a0536,Vietnamese,HQTV,0.9,0.0,dtw_aligned
arctic_a0536,Vietnamese,HQTV,1.0,0.0,dtw_aligned
arctic_a0536,Hindi,SVBI,0.0,0.0,dtw_aligned
arctic_a0536,Hindi,SVBI,0.25,0.0,dtw_aligned
arctic_a0536,Hindi,SVBI,0.5,0.0,dtw_aligned
arctic_a0536,Hindi,SVBI,0.75,0.0,dtw_aligned
arctic_a0536,Hindi,SVBI,0.9,0.0,dtw_aligned
arctic_a0536,Hindi,SVBI,1.0,0.0,dtw_aligned
arctic_a0536,Arabic,ZHAA,0.0,0.0,dtw_aligned
arctic_a0536,Arabic,ZHAA,0.25,0.0,dtw_aligned
arctic_a0536,Arabic,ZHAA,0.5,0.0,dtw_aligned
arctic_a0536,Arabic,ZHAA,0.75,0.0,dtw_aligned
arctic_a0536,Arabic,ZHAA,0.9,0.0,dtw_aligned
arctic_a0536,Arabic,ZHAA,1.0,0.0,dtw_aligned
arctic_a0545,Chinese,BWC,0.0,0.0,dtw_aligned
arctic_a0545,Chinese,BWC,0.25,0.0,dtw_aligned
arctic_a0545,Chinese,BWC,0.5,0.0,dtw_aligned
arctic_a0545,Chinese,BWC,0.75,0.0,dtw_aligned
arctic_a0545,Chinese,BWC,0.9,0.0,dtw_aligned
arctic_a0545,Chinese,BWC,1.0,0.0,dtw_aligned
arctic_a0545,Spanish,EBVS,0.0,0.14285714285714285,dtw_aligned
arctic_a0545,Spanish,EBVS,0.25,0.0,dtw_aligned
arctic_a0545,Spanish,EBVS,0.5,0.0,dtw_aligned
arctic_a0545,Spanish,EBVS,0.75,0.0,dtw_aligned
arctic_a0545,Spanish,EBVS,0.9,0.0,dtw_aligned
arctic_a0545,Spanish,EBVS,1.0,0.0,dtw_aligned
arctic_a0545,Korean,HJK,0.0,0.2857142857142857,dtw_aligned
arctic_a0545,Korean,HJK,0.25,0.0,dtw_aligned
arctic_a0545,Korean,HJK,0.5,0.0,dtw_aligned
arctic_a0545,Korean,HJK,0.75,0.0,dtw_aligned
arctic_a0545,Korean,HJK,0.9,0.0,dtw_aligned
arctic_a0545,Korean,HJK,1.0,0.0,dtw_aligned
arctic_a0545,Vietnamese,HQTV,0.0,0.42857142857142855,dtw_aligned
arctic_a0545,Vietnamese,HQTV,0.25,0.14285714285714285,dtw_aligned
arctic_a0545,Vietnamese,HQTV,0.5,0.0,dtw_aligned
arctic_a0545,Vietnamese,HQTV,0.75,0.0,dtw_aligned
arctic_a0545,Vietnamese,HQTV,0.9,0.0,dtw_aligned
arctic_a0545,Vietnamese,HQTV,1.0,0.0,dtw_aligned
arctic_a0545,Hindi,SVBI,0.0,0.0,dtw_aligned
arctic_a0545,Hindi,SVBI,0.25,0.0,dtw_aligned
arctic_a0545,Hindi,SVBI,0.5,0.0,dtw_aligned
arctic_a0545,Hindi,SVBI,0.75,0.0,dtw_aligned
arctic_a0545,Hindi,SVBI,0.9,0.0,dtw_aligned
arctic_a0545,Hindi,SVBI,1.0,0.0,dtw_aligned
arctic_a0545,Arabic,ZHAA,0.0,0.0,dtw_aligned
arctic_a0545,Arabic,ZHAA,0.25,0.0,dtw_aligned
arctic_a0545,Arabic,ZHAA,0.5,0.0,dtw_aligned
arctic_a0545,Arabic,ZHAA,0.75,0.0,dtw_aligned
arctic_a0545,Arabic,ZHAA,0.9,0.0,dtw_aligned
arctic_a0545,Arabic,ZHAA,1.0,0.0,dtw_aligned
arctic_a0572,Chinese,BWC,0.0,0.0,dtw_aligned
arctic_a0572,Chinese,BWC,0.25,0.0,dtw_aligned
arctic_a0572,Chinese,BWC,0.5,0.0,dtw_aligned
arctic_a0572,Chinese,BWC,0.75,0.0,dtw_aligned
arctic_a0572,Chinese,BWC,0.9,0.0,dtw_aligned
arctic_a0572,Chinese,BWC,1.0,0.0,dtw_aligned
arctic_a0572,Spanish,EBVS,0.0,0.0,dtw_aligned
arctic_a0572,Spanish,EBVS,0.25,0.0,dtw_aligned
arctic_a0572,Spanish,EBVS,0.5,0.0,dtw_aligned
arctic_a0572,Spanish,EBVS,0.75,0.0,dtw_aligned
arctic_a0572,Spanish,EBVS,0.9,0.0,dtw_aligned
arctic_a0572,Spanish,EBVS,1.0,0.0,dtw_aligned
arctic_a0572,Korean,HJK,0.0,0.0,dtw_aligned
arctic_a0572,Korean,HJK,0.25,0.1111111111111111,dtw_aligned
arctic_a0572,Korean,HJK,0.5,0.0,dtw_aligned
arctic_a0572,Korean,HJK,0.75,0.0,dtw_aligned
arctic_a0572,Korean,HJK,0.9,0.0,dtw_aligned
arctic_a0572,Korean,HJK,1.0,0.0,dtw_aligned
arctic_a0572,Vietnamese,HQTV,0.0,0.0,dtw_aligned
arctic_a0572,Vietnamese,HQTV,0.25,0.0,dtw_aligned
arctic_a0572,Vietnamese,HQTV,0.5,0.0,dtw_aligned
arctic_a0572,Vietnamese,HQTV,0.75,0.0,dtw_aligned
arctic_a0572,Vietnamese,HQTV,0.9,0.0,dtw_aligned
arctic_a0572,Vietnamese,HQTV,1.0,0.0,dtw_aligned
arctic_a0572,Hindi,SVBI,0.0,0.0,dtw_aligned
arctic_a0572,Hindi,SVBI,0.25,0.0,dtw_aligned
arctic_a0572,Hindi,SVBI,0.5,0.0,dtw_aligned
arctic_a0572,Hindi,SVBI,0.75,0.0,dtw_aligned
arctic_a0572,Hindi,SVBI,0.9,0.0,dtw_aligned
arctic_a0572,Hindi,SVBI,1.0,0.0,dtw_aligned
arctic_a0572,Arabic,ZHAA,0.0,0.0,dtw_aligned
arctic_a0572,Arabic,ZHAA,0.25,0.0,dtw_aligned
arctic_a0572,Arabic,ZHAA,0.5,0.0,dtw_aligned
arctic_a0572,Arabic,ZHAA,0.75,0.0,dtw_aligned
arctic_a0572,Arabic,ZHAA,0.9,0.0,dtw_aligned
arctic_a0572,Arabic,ZHAA,1.0,0.0,dtw_aligned
arctic_a0573,Chinese,BWC,0.0,0.07692307692307693,dtw_aligned
arctic_a0573,Chinese,BWC,0.25,0.07692307692307693,dtw_aligned
arctic_a0573,Chinese,BWC,0.5,0.07692307692307693,dtw_aligned
arctic_a0573,Chinese,BWC,0.75,0.07692307692307693,dtw_aligned
arctic_a0573,Chinese,BWC,0.9,0.07692307692307693,dtw_aligned
arctic_a0573,Chinese,BWC,1.0,0.07692307692307693,dtw_aligned
arctic_a0573,Spanish,EBVS,0.0,0.15384615384615385,dtw_aligned
arctic_a0573,Spanish,EBVS,0.25,0.15384615384615385,dtw_aligned
arctic_a0573,Spanish,EBVS,0.5,0.07692307692307693,dtw_aligned
arctic_a0573,Spanish,EBVS,0.75,0.07692307692307693,dtw_aligned
arctic_a0573,Spanish,EBVS,0.9,0.07692307692307693,dtw_aligned
arctic_a0573,Spanish,EBVS,1.0,0.07692307692307693,dtw_aligned
arctic_a0573,Korean,HJK,0.0,0.07692307692307693,dtw_aligned
arctic_a0573,Korean,HJK,0.25,0.07692307692307693,dtw_aligned
arctic_a0573,Korean,HJK,0.5,0.07692307692307693,dtw_aligned
arctic_a0573,Korean,HJK,0.75,0.07692307692307693,dtw_aligned
arctic_a0573,Korean,HJK,0.9,0.07692307692307693,dtw_aligned
arctic_a0573,Korean,HJK,1.0,0.07692307692307693,dtw_aligned
arctic_a0573,Vietnamese,HQTV,0.0,0.23076923076923078,dtw_aligned
arctic_a0573,Vietnamese,HQTV,0.25,0.38461538461538464,dtw_aligned
arctic_a0573,Vietnamese,HQTV,0.5,0.07692307692307693,dtw_aligned
arctic_a0573,Vietnamese,HQTV,0.75,0.07692307692307693,dtw_aligned
arctic_a0573,Vietnamese,HQTV,0.9,0.07692307692307693,dtw_aligned
arctic_a0573,Vietnamese,HQTV,1.0,0.15384615384615385,dtw_aligned
arctic_a0573,Hindi,SVBI,0.0,0.15384615384615385,dtw_aligned
arctic_a0573,Hindi,SVBI,0.25,0.15384615384615385,dtw_aligned
arctic_a0573,Hindi,SVBI,0.5,0.15384615384615385,dtw_aligned
arctic_a0573,Hindi,SVBI,0.75,0.07692307692307693,dtw_aligned
arctic_a0573,Hindi,SVBI,0.9,0.15384615384615385,dtw_aligned
arctic_a0573,Hindi,SVBI,1.0,0.07692307692307693,dtw_aligned
arctic_a0573,Arabic,ZHAA,0.0,0.23076923076923078,dtw_aligned
arctic_a0573,Arabic,ZHAA,0.25,0.15384615384615385,dtw_aligned
arctic_a0573,Arabic,ZHAA,0.5,0.07692307692307693,dtw_aligned
arctic_a0573,Arabic,ZHAA,0.75,0.07692307692307693,dtw_aligned
arctic_a0573,Arabic,ZHAA,0.9,0.07692307692307693,dtw_aligned
arctic_a0573,Arabic,ZHAA,1.0,0.07692307692307693,dtw_aligned
arctic_a0584,Chinese,BWC,0.0,0.2857142857142857,dtw_aligned
arctic_a0584,Chinese,BWC,0.25,0.2857142857142857,dtw_aligned
arctic_a0584,Chinese,BWC,0.5,0.14285714285714285,dtw_aligned
arctic_a0584,Chinese,BWC,0.75,0.14285714285714285,dtw_aligned
arctic_a0584,Chinese,BWC,0.9,0.42857142857142855,dtw_aligned
arctic_a0584,Chinese,BWC,1.0,0.42857142857142855,dtw_aligned
arctic_a0584,Spanish,EBVS,0.0,0.42857142857142855,dtw_aligned
arctic_a0584,Spanish,EBVS,0.25,0.42857142857142855,dtw_aligned
arctic_a0584,Spanish,EBVS,0.5,0.42857142857142855,dtw_aligned
arctic_a0584,Spanish,EBVS,0.75,0.14285714285714285,dtw_aligned
arctic_a0584,Spanish,EBVS,0.9,0.42857142857142855,dtw_aligned
arctic_a0584,Spanish,EBVS,1.0,0.42857142857142855,dtw_aligned
arctic_a0584,Korean,HJK,0.0,0.2857142857142857,dtw_aligned
arctic_a0584,Korean,HJK,0.25,0.14285714285714285,dtw_aligned
arctic_a0584,Korean,HJK,0.5,0.14285714285714285,dtw_aligned
arctic_a0584,Korean,HJK,0.75,0.0,dtw_aligned
arctic_a0584,Korean,HJK,0.9,0.14285714285714285,dtw_aligned
arctic_a0584,Korean,HJK,1.0,0.42857142857142855,dtw_aligned
arctic_a0584,Vietnamese,HQTV,0.0,0.14285714285714285,dtw_aligned
arctic_a0584,Vietnamese,HQTV,0.25,0.2857142857142857,dtw_aligned
arctic_a0584,Vietnamese,HQTV,0.5,0.14285714285714285,dtw_aligned
arctic_a0584,Vietnamese,HQTV,0.75,0.0,dtw_aligned
arctic_a0584,Vietnamese,HQTV,0.9,0.0,dtw_aligned
arctic_a0584,Vietnamese,HQTV,1.0,0.42857142857142855,dtw_aligned
arctic_a0584,Hindi,SVBI,0.0,0.0,dtw_aligned
arctic_a0584,Hindi,SVBI,0.25,0.0,dtw_aligned
arctic_a0584,Hindi,SVBI,0.5,0.0,dtw_aligned
arctic_a0584,Hindi,SVBI,0.75,0.0,dtw_aligned
arctic_a0584,Hindi,SVBI,0.9,0.0,dtw_aligned
arctic_a0584,Hindi,SVBI,1.0,0.42857142857142855,dtw_aligned
arctic_a0584,Arabic,ZHAA,0.0,0.14285714285714285,dtw_aligned
arctic_a0584,Arabic,ZHAA,0.25,0.14285714285714285,dtw_aligned
arctic_a0584,Arabic,ZHAA,0.5,0.14285714285714285,dtw_aligned
arctic_a0584,Arabic,ZHAA,0.75,0.0,dtw_aligned
arctic_a0584,Arabic,ZHAA,0.9,0.42857142857142855,dtw_aligned
arctic_a0584,Arabic,ZHAA,1.0,0.0,dtw_aligned
arctic_b0005,Chinese,BWC,0.0,0.125,dtw_aligned
arctic_b0005,Chinese,BWC,0.25,0.125,dtw_aligned
arctic_b0005,Chinese,BWC,0.5,0.125,dtw_aligned
arctic_b0005,Chinese,BWC,0.75,0.0,dtw_aligned
arctic_b0005,Chinese,BWC,0.9,0.0,dtw_aligned
arctic_b0005,Chinese,BWC,1.0,0.0,dtw_aligned
arctic_b0005,Spanish,EBVS,0.0,0.0,dtw_aligned
arctic_b0005,Spanish,EBVS,0.25,0.0,dtw_aligned
arctic_b0005,Spanish,EBVS,0.5,0.0,dtw_aligned
arctic_b0005,Spanish,EBVS,0.75,0.0,dtw_aligned
arctic_b0005,Spanish,EBVS,0.9,0.0,dtw_aligned
arctic_b0005,Spanish,EBVS,1.0,0.0,dtw_aligned
arctic_b0005,Korean,HJK,0.0,0.0,dtw_aligned
arctic_b0005,Korean,HJK,0.25,0.0,dtw_aligned
arctic_b0005,Korean,HJK,0.5,0.0,dtw_aligned
arctic_b0005,Korean,HJK,0.75,0.0,dtw_aligned
arctic_b0005,Korean,HJK,0.9,0.0,dtw_aligned
arctic_b0005,Korean,HJK,1.0,0.0,dtw_aligned
arctic_b0005,Vietnamese,HQTV,0.0,0.375,dtw_aligned
arctic_b0005,Vietnamese,HQTV,0.25,0.375,dtw_aligned
arctic_b0005,Vietnamese,HQTV,0.5,0.125,dtw_aligned
arctic_b0005,Vietnamese,HQTV,0.75,0.0,dtw_aligned
arctic_b0005,Vietnamese,HQTV,0.9,0.0,dtw_aligned
arctic_b0005,Vietnamese,HQTV,1.0,0.0,dtw_aligned
arctic_b0005,Hindi,SVBI,0.0,0.0,dtw_aligned
arctic_b0005,Hindi,SVBI,0.25,0.0,dtw_aligned
arctic_b0005,Hindi,SVBI,0.5,0.0,dtw_aligned
arctic_b0005,Hindi,SVBI,0.75,0.0,dtw_aligned
arctic_b0005,Hindi,SVBI,0.9,0.0,dtw_aligned
arctic_b0005,Hindi,SVBI,1.0,0.0,dtw_aligned
arctic_b0005,Arabic,ZHAA,0.0,0.25,dtw_aligned
arctic_b0005,Arabic,ZHAA,0.25,0.0,dtw_aligned
arctic_b0005,Arabic,ZHAA,0.5,0.0,dtw_aligned
arctic_b0005,Arabic,ZHAA,0.75,0.0,dtw_aligned
arctic_b0005,Arabic,ZHAA,0.9,0.0,dtw_aligned
arctic_b0005,Arabic,ZHAA,1.0,0.0,dtw_aligned
arctic_b0009,Chinese,BWC,0.0,0.1,dtw_aligned
arctic_b0009,Chinese,BWC,0.25,0.2,dtw_aligned
arctic_b0009,Chinese,BWC,0.5,0.1,dtw_aligned
arctic_b0009,Chinese,BWC,0.75,0.0,dtw_aligned
arctic_b0009,Chinese,BWC,0.9,0.0,dtw_aligned
arctic_b0009,Chinese,BWC,1.0,0.0,dtw_aligned
arctic_b0009,Spanish,EBVS,0.0,0.2,dtw_aligned
arctic_b0009,Spanish,EBVS,0.25,0.1,dtw_aligned
arctic_b0009,Spanish,EBVS,0.5,0.1,dtw_aligned
arctic_b0009,Spanish,EBVS,0.75,0.0,dtw_aligned
arctic_b0009,Spanish,EBVS,0.9,0.0,dtw_aligned
arctic_b0009,Spanish,EBVS,1.0,0.0,dtw_aligned
arctic_b0009,Korean,HJK,0.0,0.2,dtw_aligned
arctic_b0009,Korean,HJK,0.25,0.0,dtw_aligned
arctic_b0009,Korean,HJK,0.5,0.0,dtw_aligned
arctic_b0009,Korean,HJK,0.75,0.0,dtw_aligned
arctic_b0009,Korean,HJK,0.9,0.0,dtw_aligned
arctic_b0009,Korean,HJK,1.0,0.0,dtw_aligned
arctic_b0009,Vietnamese,HQTV,0.0,0.4,dtw_aligned
arctic_b0009,Vietnamese,HQTV,0.25,0.2,dtw_aligned
arctic_b0009,Vietnamese,HQTV,0.5,0.1,dtw_aligned
arctic_b0009,Vietnamese,HQTV,0.75,0.0,dtw_aligned
arctic_b0009,Vietnamese,HQTV,0.9,0.0,dtw_aligned
arctic_b0009,Vietnamese,HQTV,1.0,0.0,dtw_aligned
arctic_b0009,Hindi,SVBI,0.0,0.0,dtw_aligned
arctic_b0009,Hindi,SVBI,0.25,0.0,dtw_aligned
arctic_b0009,Hindi,SVBI,0.5,0.0,dtw_aligned
arctic_b0009,Hindi,SVBI,0.75,0.0,dtw_aligned
arctic_b0009,Hindi,SVBI,0.9,0.0,dtw_aligned
arctic_b0009,Hindi,SVBI,1.0,0.0,dtw_aligned
arctic_b0009,Arabic,ZHAA,0.0,0.3,dtw_aligned
arctic_b0009,Arabic,ZHAA,0.25,0.2,dtw_aligned
arctic_b0009,Arabic,ZHAA,0.5,0.0,dtw_aligned
arctic_b0009,Arabic,ZHAA,0.75,0.0,dtw_aligned
arctic_b0009,Arabic,ZHAA,0.9,0.0,dtw_aligned
arctic_b0009,Arabic,ZHAA,1.0,0.0,dtw_aligned
arctic_b0012,Chinese,BWC,0.0,0.5555555555555556,dtw_aligned
arctic_b0012,Chinese,BWC,0.25,0.3333333333333333,dtw_aligned
arctic_b0012,Chinese,BWC,0.5,0.2222222222222222,dtw_aligned
arctic_b0012,Chinese,BWC,0.75,0.1111111111111111,dtw_aligned
arctic_b0012,Chinese,BWC,0.9,0.1111111111111111,dtw_aligned
arctic_b0012,Chinese,BWC,1.0,0.1111111111111111,dtw_aligned
arctic_b0012,Spanish,EBVS,0.0,0.1111111111111111,dtw_aligned
arctic_b0012,Spanish,EBVS,0.25,0.1111111111111111,dtw_aligned
arctic_b0012,Spanish,EBVS,0.5,0.3333333333333333,dtw_aligned
arctic_b0012,Spanish,EBVS,0.75,0.1111111111111111,dtw_aligned
arctic_b0012,Spanish,EBVS,0.9,0.1111111111111111,dtw_aligned
arctic_b0012,Spanish,EBVS,1.0,0.2222222222222222,dtw_aligned
arctic_b0012,Korean,HJK,0.0,0.2222222222222222,dtw_aligned
arctic_b0012,Korean,HJK,0.25,0.4444444444444444,dtw_aligned
arctic_b0012,Korean,HJK,0.5,0.2222222222222222,dtw_aligned
arctic_b0012,Korean,HJK,0.75,0.1111111111111111,dtw_aligned
arctic_b0012,Korean,HJK,0.9,0.1111111111111111,dtw_aligned
arctic_b0012,Korean,HJK,1.0,0.1111111111111111,dtw_aligned
arctic_b0012,Vietnamese,HQTV,0.0,0.3333333333333333,dtw_aligned
arctic_b0012,Vietnamese,HQTV,0.25,0.4444444444444444,dtw_aligned
arctic_b0012,Vietnamese,HQTV,0.5,0.1111111111111111,dtw_aligned
arctic_b0012,Vietnamese,HQTV,0.75,0.1111111111111111,dtw_aligned
arctic_b0012,Vietnamese,HQTV,0.9,0.1111111111111111,dtw_aligned
arctic_b0012,Vietnamese,HQTV,1.0,0.1111111111111111,dtw_aligned
arctic_b0012,Hindi,SVBI,0.0,0.0,dtw_aligned
arctic_b0012,Hindi,SVBI,0.25,0.0,dtw_aligned
arctic_b0012,Hindi,SVBI,0.5,0.1111111111111111,dtw_aligned
arctic_b0012,Hindi,SVBI,0.75,0.1111111111111111,dtw_aligned
arctic_b0012,Hindi,SVBI,0.9,0.1111111111111111,dtw_aligned
arctic_b0012,Hindi,SVBI,1.0,0.1111111111111111,dtw_aligned
arctic_b0012,Arabic,ZHAA,0.0,0.0,dtw_aligned
arctic_b0012,Arabic,ZHAA,0.25,0.1111111111111111,dtw_aligned
arctic_b0012,Arabic,ZHAA,0.5,0.2222222222222222,dtw_aligned
arctic_b0012,Arabic,ZHAA,0.75,0.1111111111111111,dtw_aligned
arctic_b0012,Arabic,ZHAA,0.9,0.1111111111111111,dtw_aligned
arctic_b0012,Arabic,ZHAA,1.0,0.1111111111111111,dtw_aligned
arctic_b0016,Chinese,BWC,0.0,0.16666666666666666,dtw_aligned
arctic_b0016,Chinese,BWC,0.25,0.25,dtw_aligned
arctic_b0016,Chinese,BWC,0.5,0.08333333333333333,dtw_aligned
arctic_b0016,Chinese,BWC,0.75,0.08333333333333333,dtw_aligned
arctic_b0016,Chinese,BWC,0.9,0.0,dtw_aligned
arctic_b0016,Chinese,BWC,1.0,0.0,dtw_aligned
arctic_b0016,Spanish,EBVS,0.0,0.08333333333333333,dtw_aligned
arctic_b0016,Spanish,EBVS,0.25,0.08333333333333333,dtw_aligned
arctic_b0016,Spanish,EBVS,0.5,0.08333333333333333,dtw_aligned
arctic_b0016,Spanish,EBVS,0.75,0.0,dtw_aligned
arctic_b0016,Spanish,EBVS,0.9,0.0,dtw_aligned
arctic_b0016,Spanish,EBVS,1.0,0.0,dtw_aligned
arctic_b0016,Korean,HJK,0.0,0.0,dtw_aligned
arctic_b0016,Korean,HJK,0.25,0.0,dtw_aligned
arctic_b0016,Korean,HJK,0.5,0.0,dtw_aligned
arctic_b0016,Korean,HJK,0.75,0.08333333333333333,dtw_aligned
arctic_b0016,Korean,HJK,0.9,0.0,dtw_aligned
arctic_b0016,Korean,HJK,1.0,0.0,dtw_aligned
arctic_b0016,Vietnamese,HQTV,0.0,0.16666666666666666,dtw_aligned
arctic_b0016,Vietnamese,HQTV,0.25,0.08333333333333333,dtw_aligned
arctic_b0016,Vietnamese,HQTV,0.5,0.08333333333333333,dtw_aligned
arctic_b0016,Vietnamese,HQTV,0.75,0.08333333333333333,dtw_aligned
arctic_b0016,Vietnamese,HQTV,0.9,0.0,dtw_aligned
arctic_b0016,Vietnamese,HQTV,1.0,0.0,dtw_aligned
arctic_b0016,Hindi,SVBI,0.0,0.16666666666666666,dtw_aligned
arctic_b0016,Hindi,SVBI,0.25,0.0,dtw_aligned
arctic_b0016,Hindi,SVBI,0.5,0.16666666666666666,dtw_aligned
arctic_b0016,Hindi,SVBI,0.75,0.0,dtw_aligned
arctic_b0016,Hindi,SVBI,0.9,0.0,dtw_aligned
arctic_b0016,Hindi,SVBI,1.0,0.0,dtw_aligned
arctic_b0016,Arabic,ZHAA,0.0,0.16666666666666666,dtw_aligned
arctic_b0016,Arabic,ZHAA,0.25,0.08333333333333333,dtw_aligned
arctic_b0016,Arabic,ZHAA,0.5,0.08333333333333333,dtw_aligned
arctic_b0016,Arabic,ZHAA,0.75,0.08333333333333333,dtw_aligned
arctic_b0016,Arabic,ZHAA,0.9,0.0,dtw_aligned
arctic_b0016,Arabic,ZHAA,1.0,0.0,dtw_aligned
arctic_b0017,Chinese,BWC,0.0,0.1111111111111111,dtw_aligned
arctic_b0017,Chinese,BWC,0.25,0.1111111111111111,dtw_aligned
arctic_b0017,Chinese,BWC,0.5,0.0,dtw_aligned
arctic_b0017,Chinese,BWC,0.75,0.0,dtw_aligned
arctic_b0017,Chinese,BWC,0.9,0.0,dtw_aligned
arctic_b0017,Chinese,BWC,1.0,0.1111111111111111,dtw_aligned
arctic_b0017,Spanish,EBVS,0.0,0.1111111111111111,dtw_aligned
arctic_b0017,Spanish,EBVS,0.25,0.1111111111111111,dtw_aligned
arctic_b0017,Spanish,EBVS,0.5,0.1111111111111111,dtw_aligned
arctic_b0017,Spanish,EBVS,0.75,0.0,dtw_aligned
arctic_b0017,Spanish,EBVS,0.9,0.0,dtw_aligned
arctic_b0017,Spanish,EBVS,1.0,0.1111111111111111,dtw_aligned
arctic_b0017,Korean,HJK,0.0,0.0,dtw_aligned
arctic_b0017,Korean,HJK,0.25,0.0,dtw_aligned
arctic_b0017,Korean,HJK,0.5,0.0,dtw_aligned
arctic_b0017,Korean,HJK,0.75,0.0,dtw_aligned
arctic_b0017,Korean,HJK,0.9,0.0,dtw_aligned
arctic_b0017,Korean,HJK,1.0,0.1111111111111111,dtw_aligned
arctic_b0017,Vietnamese,HQTV,0.0,0.1111111111111111,dtw_aligned
arctic_b0017,Vietnamese,HQTV,0.25,0.1111111111111111,dtw_aligned
arctic_b0017,Vietnamese,HQTV,0.5,0.1111111111111111,dtw_aligned
arctic_b0017,Vietnamese,HQTV,0.75,0.0,dtw_aligned
arctic_b0017,Vietnamese,HQTV,0.9,0.0,dtw_aligned
arctic_b0017,Vietnamese,HQTV,1.0,0.1111111111111111,dtw_aligned
arctic_b0017,Hindi,SVBI,0.0,0.2222222222222222,dtw_aligned
arctic_b0017,Hindi,SVBI,0.25,0.0,dtw_aligned
arctic_b0017,Hindi,SVBI,0.5,0.0,dtw_aligned
arctic_b0017,Hindi,SVBI,0.75,0.0,dtw_aligned
arctic_b0017,Hindi,SVBI,0.9,0.0,dtw_aligned
arctic_b0017,Hindi,SVBI,1.0,0.1111111111111111,dtw_aligned
arctic_b0017,Arabic,ZHAA,0.0,0.1111111111111111,dtw_aligned
arctic_b0017,Arabic,ZHAA,0.25,0.0,dtw_aligned
arctic_b0017,Arabic,ZHAA,0.5,0.0,dtw_aligned
arctic_b0017,Arabic,ZHAA,0.75,0.0,dtw_aligned
arctic_b0017,Arabic,ZHAA,0.9,0.0,dtw_aligned
arctic_b0017,Arabic,ZHAA,1.0,0.1111111111111111,dtw_aligned
arctic_b0044,Chinese,BWC,0.0,0.25,dtw_aligned
arctic_b0044,Chinese,BWC,0.25,0.25,dtw_aligned
arctic_b0044,Chinese,BWC,0.5,0.125,dtw_aligned
arctic_b0044,Chinese,BWC,0.75,0.125,dtw_aligned
arctic_b0044,Chinese,BWC,0.9,0.0,dtw_aligned
arctic_b0044,Chinese,BWC,1.0,0.0,dtw_aligned
arctic_b0044,Spanish,EBVS,0.0,0.125,dtw_aligned
arctic_b0044,Spanish,EBVS,0.25,0.125,dtw_aligned
arctic_b0044,Spanish,EBVS,0.5,0.125,dtw_aligned
arctic_b0044,Spanish,EBVS,0.75,0.125,dtw_aligned
arctic_b0044,Spanish,EBVS,0.9,0.0,dtw_aligned
arctic_b0044,Spanish,EBVS,1.0,0.0,dtw_aligned
arctic_b0044,Korean,HJK,0.0,0.0,dtw_aligned
arctic_b0044,Korean,HJK,0.25,0.125,dtw_aligned
arctic_b0044,Korean,HJK,0.5,0.125,dtw_aligned
arctic_b0044,Korean,HJK,0.75,0.0,dtw_aligned
arctic_b0044,Korean,HJK,0.9,0.0,dtw_aligned
arctic_b0044,Korean,HJK,1.0,0.0,dtw_aligned
arctic_b0044,Vietnamese,HQTV,0.0,0.125,dtw_aligned
arctic_b0044,Vietnamese,HQTV,0.25,0.125,dtw_aligned
arctic_b0044,Vietnamese,HQTV,0.5,0.125,dtw_aligned
arctic_b0044,Vietnamese,HQTV,0.75,0.125,dtw_aligned
arctic_b0044,Vietnamese,HQTV,0.9,0.0,dtw_aligned
arctic_b0044,Vietnamese,HQTV,1.0,0.0,dtw_aligned
arctic_b0044,Hindi,SVBI,0.0,0.0,dtw_aligned
arctic_b0044,Hindi,SVBI,0.25,0.0,dtw_aligned
arctic_b0044,Hindi,SVBI,0.5,0.0,dtw_aligned
arctic_b0044,Hindi,SVBI,0.75,0.0,dtw_aligned
arctic_b0044,Hindi,SVBI,0.9,0.0,dtw_aligned
arctic_b0044,Hindi,SVBI,1.0,0.0,dtw_aligned
arctic_b0044,Arabic,ZHAA,0.0,0.25,dtw_aligned
arctic_b0044,Arabic,ZHAA,0.25,0.125,dtw_aligned
arctic_b0044,Arabic,ZHAA,0.5,0.125,dtw_aligned
arctic_b0044,Arabic,ZHAA,0.75,0.125,dtw_aligned
arctic_b0044,Arabic,ZHAA,0.9,0.0,dtw_aligned
arctic_b0044,Arabic,ZHAA,1.0,0.0,dtw_aligned
arctic_b0078,Chinese,BWC,0.0,0.4166666666666667,dtw_aligned
arctic_b0078,Chinese,BWC,0.25,0.08333333333333333,dtw_aligned
arctic_b0078,Chinese,BWC,0.5,0.08333333333333333,dtw_aligned
arctic_b0078,Chinese,BWC,0.75,0.0,dtw_aligned
arctic_b0078,Chinese,BWC,0.9,0.08333333333333333,dtw_aligned
arctic_b0078,Chinese,BWC,1.0,0.0,dtw_aligned
arctic_b0078,Spanish,EBVS,0.0,0.4166666666666667,dtw_aligned
arctic_b0078,Spanish,EBVS,0.25,0.25,dtw_aligned
arctic_b0078,Spanish,EBVS,0.5,0.08333333333333333,dtw_aligned
arctic_b0078,Spanish,EBVS,0.75,0.08333333333333333,dtw_aligned
arctic_b0078,Spanish,EBVS,0.9,0.08333333333333333,dtw_aligned
arctic_b0078,Spanish,EBVS,1.0,0.0,dtw_aligned
arctic_b0078,Korean,HJK,0.0,0.08333333333333333,dtw_aligned
arctic_b0078,Korean,HJK,0.25,0.0,dtw_aligned
arctic_b0078,Korean,HJK,0.5,0.0,dtw_aligned
arctic_b0078,Korean,HJK,0.75,0.08333333333333333,dtw_aligned
arctic_b0078,Korean,HJK,0.9,0.0,dtw_aligned
arctic_b0078,Korean,HJK,1.0,0.0,dtw_aligned
arctic_b0078,Vietnamese,HQTV,0.0,0.16666666666666666,dtw_aligned
arctic_b0078,Vietnamese,HQTV,0.25,0.08333333333333333,dtw_aligned
arctic_b0078,Vietnamese,HQTV,0.5,0.08333333333333333,dtw_aligned
arctic_b0078,Vietnamese,HQTV,0.75,0.08333333333333333,dtw_aligned
arctic_b0078,Vietnamese,HQTV,0.9,0.0,dtw_aligned
arctic_b0078,Vietnamese,HQTV,1.0,0.0,dtw_aligned
arctic_b0078,Hindi,SVBI,0.0,0.0,dtw_aligned
arctic_b0078,Hindi,SVBI,0.25,0.0,dtw_aligned
arctic_b0078,Hindi,SVBI,0.5,0.08333333333333333,dtw_aligned
arctic_b0078,Hindi,SVBI,0.75,0.08333333333333333,dtw_aligned
arctic_b0078,Hindi,SVBI,0.9,0.0,dtw_aligned
arctic_b0078,Hindi,SVBI,1.0,0.0,dtw_aligned
arctic_b0078,Arabic,ZHAA,0.0,0.08333333333333333,dtw_aligned
arctic_b0078,Arabic,ZHAA,0.25,0.16666666666666666,dtw_aligned
arctic_b0078,Arabic,ZHAA,0.5,0.16666666666666666,dtw_aligned
arctic_b0078,Arabic,ZHAA,0.75,0.08333333333333333,dtw_aligned
arctic_b0078,Arabic,ZHAA,0.9,0.08333333333333333,dtw_aligned
arctic_b0078,Arabic,ZHAA,1.0,0.0,dtw_aligned
arctic_b0094,Chinese,BWC,0.0,0.2727272727272727,dtw_aligned
arctic_b0094,Chinese,BWC,0.25,0.09090909090909091,dtw_aligned
arctic_b0094,Chinese,BWC,0.5,0.09090909090909091,dtw_aligned
arctic_b0094,Chinese,BWC,0.75,0.09090909090909091,dtw_aligned
arctic_b0094,Chinese,BWC,0.9,0.0,dtw_aligned
arctic_b0094,Chinese,BWC,1.0,0.0,dtw_aligned
arctic_b0094,Spanish,EBVS,0.0,0.18181818181818182,dtw_aligned
arctic_b0094,Spanish,EBVS,0.25,0.18181818181818182,dtw_aligned
arctic_b0094,Spanish,EBVS,0.5,0.09090909090909091,dtw_aligned
arctic_b0094,Spanish,EBVS,0.75,0.0,dtw_aligned
arctic_b0094,Spanish,EBVS,0.9,0.0,dtw_aligned
arctic_b0094,Spanish,EBVS,1.0,0.0,dtw_aligned
arctic_b0094,Korean,HJK,0.0,0.09090909090909091,dtw_aligned
arctic_b0094,Korean,HJK,0.25,0.09090909090909091,dtw_aligned
arctic_b0094,Korean,HJK,0.5,0.0,dtw_aligned
arctic_b0094,Korean,HJK,0.75,0.0,dtw_aligned
arctic_b0094,Korean,HJK,0.9,0.0,dtw_aligned
arctic_b0094,Korean,HJK,1.0,0.0,dtw_aligned
arctic_b0094,Vietnamese,HQTV,0.0,0.18181818181818182,dtw_aligned
arctic_b0094,Vietnamese,HQTV,0.25,0.09090909090909091,dtw_aligned
arctic_b0094,Vietnamese,HQTV,0.5,0.09090909090909091,dtw_aligned
arctic_b0094,Vietnamese,HQTV,0.75,0.09090909090909091,dtw_aligned
arctic_b0094,Vietnamese,HQTV,0.9,0.0,dtw_aligned
arctic_b0094,Vietnamese,HQTV,1.0,0.0,dtw_aligned
arctic_b0094,Hindi,SVBI,0.0,0.0,dtw_aligned
arctic_b0094,Hindi,SVBI,0.25,0.0,dtw_aligned
arctic_b0094,Hindi,SVBI,0.5,0.0,dtw_aligned
arctic_b0094,Hindi,SVBI,0.75,0.0,dtw_aligned
arctic_b0094,Hindi,SVBI,0.9,0.0,dtw_aligned
arctic_b0094,Hindi,SVBI,1.0,0.0,dtw_aligned
arctic_b0094,Arabic,ZHAA,0.0,0.09090909090909091,dtw_aligned
arctic_b0094,Arabic,ZHAA,0.25,0.09090909090909091,dtw_aligned
arctic_b0094,Arabic,ZHAA,0.5,0.09090909090909091,dtw_aligned
arctic_b0094,Arabic,ZHAA,0.75,0.09090909090909091,dtw_aligned
arctic_b0094,Arabic,ZHAA,0.9,0.0,dtw_aligned
arctic_b0094,Arabic,ZHAA,1.0,0.0,dtw_aligned
arctic_b0101,Chinese,BWC,0.0,0.1111111111111111,dtw_aligned
arctic_b0101,Chinese,BWC,0.25,0.1111111111111111,dtw_aligned
arctic_b0101,Chinese,BWC,0.5,0.0,dtw_aligned
arctic_b0101,Chinese,BWC,0.75,0.0,dtw_aligned
arctic_b0101,Chinese,BWC,0.9,0.0,dtw_aligned
arctic_b0101,Chinese,BWC,1.0,0.0,dtw_aligned
arctic_b0101,Spanish,EBVS,0.0,0.4444444444444444,dtw_aligned
arctic_b0101,Spanish,EBVS,0.25,0.1111111111111111,dtw_aligned
arctic_b0101,Spanish,EBVS,0.5,0.1111111111111111,dtw_aligned
arctic_b0101,Spanish,EBVS,0.75,0.0,dtw_aligned
arctic_b0101,Spanish,EBVS,0.9,0.0,dtw_aligned
arctic_b0101,Spanish,EBVS,1.0,0.0,dtw_aligned
arctic_b0101,Korean,HJK,0.0,0.0,dtw_aligned
arctic_b0101,Korean,HJK,0.25,0.0,dtw_aligned
arctic_b0101,Korean,HJK,0.5,0.0,dtw_aligned
arctic_b0101,Korean,HJK,0.75,0.0,dtw_aligned
arctic_b0101,Korean,HJK,0.9,0.0,dtw_aligned
arctic_b0101,Korean,HJK,1.0,0.0,dtw_aligned
arctic_b0101,Vietnamese,HQTV,0.0,0.1111111111111111,dtw_aligned
arctic_b0101,Vietnamese,HQTV,0.25,0.0,dtw_aligned
arctic_b0101,Vietnamese,HQTV,0.5,0.0,dtw_aligned
arctic_b0101,Vietnamese,HQTV,0.75,0.0,dtw_aligned
arctic_b0101,Vietnamese,HQTV,0.9,0.0,dtw_aligned
arctic_b0101,Vietnamese,HQTV,1.0,0.0,dtw_aligned
arctic_b0101,Hindi,SVBI,0.0,0.0,dtw_aligned
arctic_b0101,Hindi,SVBI,0.25,0.0,dtw_aligned
arctic_b0101,Hindi,SVBI,0.5,0.0,dtw_aligned
arctic_b0101,Hindi,SVBI,0.75,0.0,dtw_aligned
arctic_b0101,Hindi,SVBI,0.9,0.0,dtw_aligned
arctic_b0101,Hindi,SVBI,1.0,0.0,dtw_aligned
arctic_b0101,Arabic,ZHAA,0.0,0.1111111111111111,dtw_aligned
arctic_b0101,Arabic,ZHAA,0.25,0.1111111111111111,dtw_aligned
arctic_b0101,Arabic,ZHAA,0.5,0.0,dtw_aligned
arctic_b0101,Arabic,ZHAA,0.75,0.0,dtw_aligned
arctic_b0101,Arabic,ZHAA,0.9,0.0,dtw_aligned
arctic_b0101,Arabic,ZHAA,1.0,0.0,dtw_aligned
arctic_b0109,Chinese,BWC,0.0,0.4166666666666667,dtw_aligned
arctic_b0109,Chinese,BWC,0.25,0.25,dtw_aligned
arctic_b0109,Chinese,BWC,0.5,0.16666666666666666,dtw_aligned
arctic_b0109,Chinese,BWC,0.75,0.25,dtw_aligned
arctic_b0109,Chinese,BWC,0.9,0.08333333333333333,dtw_aligned
arctic_b0109,Chinese,BWC,1.0,0.08333333333333333,dtw_aligned
arctic_b0109,Spanish,EBVS,0.0,0.25,dtw_aligned
arctic_b0109,Spanish,EBVS,0.25,0.25,dtw_aligned
arctic_b0109,Spanish,EBVS,0.5,0.16666666666666666,dtw_aligned
arctic_b0109,Spanish,EBVS,0.75,0.25,dtw_aligned
arctic_b0109,Spanish,EBVS,0.9,0.08333333333333333,dtw_aligned
arctic_b0109,Spanish,EBVS,1.0,0.08333333333333333,dtw_aligned
arctic_b0109,Korean,HJK,0.0,0.08333333333333333,dtw_aligned
arctic_b0109,Korean,HJK,0.25,0.08333333333333333,dtw_aligned
arctic_b0109,Korean,HJK,0.5,0.08333333333333333,dtw_aligned
arctic_b0109,Korean,HJK,0.75,0.25,dtw_aligned
arctic_b0109,Korean,HJK,0.9,0.25,dtw_aligned
arctic_b0109,Korean,HJK,1.0,0.08333333333333333,dtw_aligned
arctic_b0109,Vietnamese,HQTV,0.0,0.4166666666666667,dtw_aligned
arctic_b0109,Vietnamese,HQTV,0.25,0.3333333333333333,dtw_aligned
arctic_b0109,Vietnamese,HQTV,0.5,0.16666666666666666,dtw_aligned
arctic_b0109,Vietnamese,HQTV,0.75,0.25,dtw_aligned
arctic_b0109,Vietnamese,HQTV,0.9,0.08333333333333333,dtw_aligned
arctic_b0109,Vietnamese,HQTV,1.0,0.08333333333333333,dtw_aligned
arctic_b0109,Hindi,SVBI,0.0,0.25,dtw_aligned
arctic_b0109,Hindi,SVBI,0.25,0.08333333333333333,dtw_aligned
arctic_b0109,Hindi,SVBI,0.5,0.25,dtw_aligned
arctic_b0109,Hindi,SVBI,0.75,0.08333333333333333,dtw_aligned
arctic_b0109,Hindi,SVBI,0.9,0.08333333333333333,dtw_aligned
arctic_b0109,Hindi,SVBI,1.0,0.08333333333333333,dtw_aligned
arctic_b0109,Arabic,ZHAA,0.0,0.25,dtw_aligned
arctic_b0109,Arabic,ZHAA,0.25,0.08333333333333333,dtw_aligned
arctic_b0109,Arabic,ZHAA,0.5,0.3333333333333333,dtw_aligned
arctic_b0109,Arabic,ZHAA,0.75,0.08333333333333333,dtw_aligned
arctic_b0109,Arabic,ZHAA,0.9,0.08333333333333333,dtw_aligned
arctic_b0109,Arabic,ZHAA,1.0,0.08333333333333333,dtw_aligned
arctic_b0122,Chinese,BWC,0.0,0.3,dtw_aligned
arctic_b0122,Chinese,BWC,0.25,0.1,dtw_aligned
arctic_b0122,Chinese,BWC,0.5,0.1,dtw_aligned
arctic_b0122,Chinese,BWC,0.75,0.1,dtw_aligned
arctic_b0122,Chinese,BWC,0.9,0.0,dtw_aligned
arctic_b0122,Chinese,BWC,1.0,0.0,dtw_aligned
arctic_b0122,Spanish,EBVS,0.0,0.6,dtw_aligned
arctic_b0122,Spanish,EBVS,0.25,0.3,dtw_aligned
arctic_b0122,Spanish,EBVS,0.5,0.4,dtw_aligned
arctic_b0122,Spanish,EBVS,0.75,0.1,dtw_aligned
arctic_b0122,Spanish,EBVS,0.9,0.1,dtw_aligned
arctic_b0122,Spanish,EBVS,1.0,0.0,dtw_aligned
arctic_b0122,Korean,HJK,0.0,0.5,dtw_aligned
arctic_b0122,Korean,HJK,0.25,0.1,dtw_aligned
arctic_b0122,Korean,HJK,0.5,0.1,dtw_aligned
arctic_b0122,Korean,HJK,0.75,0.0,dtw_aligned
arctic_b0122,Korean,HJK,0.9,0.0,dtw_aligned
arctic_b0122,Korean,HJK,1.0,0.0,dtw_aligned
arctic_b0122,Vietnamese,HQTV,0.0,0.3,dtw_aligned
arctic_b0122,Vietnamese,HQTV,0.25,0.1,dtw_aligned
arctic_b0122,Vietnamese,HQTV,0.5,0.1,dtw_aligned
arctic_b0122,Vietnamese,HQTV,0.75,0.1,dtw_aligned
arctic_b0122,Vietnamese,HQTV,0.9,0.0,dtw_aligned
arctic_b0122,Vietnamese,HQTV,1.0,0.0,dtw_aligned
arctic_b0122,Hindi,SVBI,0.0,0.2,dtw_aligned
arctic_b0122,Hindi,SVBI,0.25,0.1,dtw_aligned
arctic_b0122,Hindi,SVBI,0.5,0.1,dtw_aligned
arctic_b0122,Hindi,SVBI,0.75,0.2,dtw_aligned
arctic_b0122,Hindi,SVBI,0.9,0.0,dtw_aligned
arctic_b0122,Hindi,SVBI,1.0,0.0,dtw_aligned
arctic_b0122,Arabic,ZHAA,0.0,0.1,dtw_aligned
arctic_b0122,Arabic,ZHAA,0.25,0.1,dtw_aligned
arctic_b0122,Arabic,ZHAA,0.5,0.1,dtw_aligned
arctic_b0122,Arabic,ZHAA,0.75,0.1,dtw_aligned
arctic_b0122,Arabic,ZHAA,0.9,0.1,dtw_aligned
arctic_b0122,Arabic,ZHAA,1.0,0.0,dtw_aligned
arctic_b0125,Chinese,BWC,0.0,0.46153846153846156,dtw_aligned
arctic_b0125,Chinese,BWC,0.25,0.23076923076923078,dtw_aligned
arctic_b0125,Chinese,BWC,0.5,0.15384615384615385,dtw_aligned
arctic_b0125,Chinese,BWC,0.75,0.23076923076923078,dtw_aligned
arctic_b0125,Chinese,BWC,0.9,0.07692307692307693,dtw_aligned
arctic_b0125,Chinese,BWC,1.0,0.07692307692307693,dtw_aligned
arctic_b0125,Spanish,EBVS,0.0,0.38461538461538464,dtw_aligned
arctic_b0125,Spanish,EBVS,0.25,0.3076923076923077,dtw_aligned
arctic_b0125,Spanish,EBVS,0.5,0.46153846153846156,dtw_aligned
arctic_b0125,Spanish,EBVS,0.75,0.23076923076923078,dtw_aligned
arctic_b0125,Spanish,EBVS,0.9,0.07692307692307693,dtw_aligned
arctic_b0125,Spanish,EBVS,1.0,0.07692307692307693,dtw_aligned
arctic_b0125,Korean,HJK,0.0,0.0,dtw_aligned
arctic_b0125,Korean,HJK,0.25,0.07692307692307693,dtw_aligned
arctic_b0125,Korean,HJK,0.5,0.07692307692307693,dtw_aligned
arctic_b0125,Korean,HJK,0.75,0.0,dtw_aligned
arctic_b0125,Korean,HJK,0.9,0.07692307692307693,dtw_aligned
arctic_b0125,Korean,HJK,1.0,0.07692307692307693,dtw_aligned
arctic_b0125,Vietnamese,HQTV,0.0,0.3076923076923077,dtw_aligned
arctic_b0125,Vietnamese,HQTV,0.25,0.15384615384615385,dtw_aligned
arctic_b0125,Vietnamese,HQTV,0.5,0.23076923076923078,dtw_aligned
arctic_b0125,Vietnamese,HQTV,0.75,0.23076923076923078,dtw_aligned
arctic_b0125,Vietnamese,HQTV,0.9,0.15384615384615385,dtw_aligned
arctic_b0125,Vietnamese,HQTV,1.0,0.07692307692307693,dtw_aligned
arctic_b0125,Hindi,SVBI,0.0,0.0,dtw_aligned
arctic_b0125,Hindi,SVBI,0.25,0.0,dtw_aligned
arctic_b0125,Hindi,SVBI,0.5,0.0,dtw_aligned
arctic_b0125,Hindi,SVBI,0.75,0.07692307692307693,dtw_aligned
arctic_b0125,Hindi,SVBI,0.9,0.07692307692307693,dtw_aligned
arctic_b0125,Hindi,SVBI,1.0,0.07692307692307693,dtw_aligned
arctic_b0125,Arabic,ZHAA,0.0,0.15384615384615385,dtw_aligned
arctic_b0125,Arabic,ZHAA,0.25,0.07692307692307693,dtw_aligned
arctic_b0125,Arabic,ZHAA,0.5,0.07692307692307693,dtw_aligned
arctic_b0125,Arabic,ZHAA,0.75,0.07692307692307693,dtw_aligned
arctic_b0125,Arabic,ZHAA,0.9,0.07692307692307693,dtw_aligned
arctic_b0125,Arabic,ZHAA,1.0,0.07692307692307693,dtw_aligned
arctic_b0128,Chinese,BWC,0.0,0.0,dtw_aligned
arctic_b0128,Chinese,BWC,0.25,0.0,dtw_aligned
arctic_b0128,Chinese,BWC,0.5,0.0,dtw_aligned
arctic_b0128,Chinese,BWC,0.75,0.0,dtw_aligned
arctic_b0128,Chinese,BWC,0.9,0.0,dtw_aligned
arctic_b0128,Chinese,BWC,1.0,0.2,dtw_aligned
arctic_b0128,Spanish,EBVS,0.0,0.0,dtw_aligned
arctic_b0128,Spanish,EBVS,0.25,0.0,dtw_aligned
arctic_b0128,Spanish,EBVS,0.5,0.0,dtw_aligned
arctic_b0128,Spanish,EBVS,0.75,0.0,dtw_aligned
arctic_b0128,Spanish,EBVS,0.9,0.0,dtw_aligned
arctic_b0128,Spanish,EBVS,1.0,0.0,dtw_aligned
arctic_b0128,Korean,HJK,0.0,0.0,dtw_aligned
arctic_b0128,Korean,HJK,0.25,0.0,dtw_aligned
arctic_b0128,Korean,HJK,0.5,0.0,dtw_aligned
arctic_b0128,Korean,HJK,0.75,0.0,dtw_aligned
arctic_b0128,Korean,HJK,0.9,0.0,dtw_aligned
arctic_b0128,Korean,HJK,1.0,0.0,dtw_aligned
arctic_b0128,Vietnamese,HQTV,0.0,0.0,dtw_aligned
arctic_b0128,Vietnamese,HQTV,0.25,0.0,dtw_aligned
arctic_b0128,Vietnamese,HQTV,0.5,0.0,dtw_aligned
arctic_b0128,Vietnamese,HQTV,0.75,0.0,dtw_aligned
arctic_b0128,Vietnamese,HQTV,0.9,0.0,dtw_aligned
arctic_b0128,Vietnamese,HQTV,1.0,0.0,dtw_aligned
arctic_b0128,Hindi,SVBI,0.0,0.0,dtw_aligned
arctic_b0128,Hindi,SVBI,0.25,0.0,dtw_aligned
arctic_b0128,Hindi,SVBI,0.5,0.0,dtw_aligned
arctic_b0128,Hindi,SVBI,0.75,0.0,dtw_aligned
arctic_b0128,Hindi,SVBI,0.9,0.0,dtw_aligned
arctic_b0128,Hindi,SVBI,1.0,0.0,dtw_aligned
arctic_b0128,Arabic,ZHAA,0.0,0.0,dtw_aligned
arctic_b0128,Arabic,ZHAA,0.25,0.0,dtw_aligned
arctic_b0128,Arabic,ZHAA,0.5,0.0,dtw_aligned
arctic_b0128,Arabic,ZHAA,0.75,0.0,dtw_aligned
arctic_b0128,Arabic,ZHAA,0.9,0.0,dtw_aligned
arctic_b0128,Arabic,ZHAA,1.0,0.0,dtw_aligned
arctic_b0152,Chinese,BWC,0.0,0.3333333333333333,dtw_aligned
arctic_b0152,Chinese,BWC,0.25,0.0,dtw_aligned
arctic_b0152,Chinese,BWC,0.5,0.0,dtw_aligned
arctic_b0152,Chinese,BWC,0.75,0.0,dtw_aligned
arctic_b0152,Chinese,BWC,0.9,0.16666666666666666,dtw_aligned
arctic_b0152,Chinese,BWC,1.0,0.0,dtw_aligned
arctic_b0152,Spanish,EBVS,0.0,0.16666666666666666,dtw_aligned
arctic_b0152,Spanish,EBVS,0.25,0.0,dtw_aligned
arctic_b0152,Spanish,EBVS,0.5,0.16666666666666666,dtw_aligned
arctic_b0152,Spanish,EBVS,0.75,0.16666666666666666,dtw_aligned
arctic_b0152,Spanish,EBVS,0.9,0.16666666666666666,dtw_aligned
arctic_b0152,Spanish,EBVS,1.0,0.16666666666666666,dtw_aligned
arctic_b0152,Korean,HJK,0.0,0.16666666666666666,dtw_aligned
arctic_b0152,Korean,HJK,0.25,0.0,dtw_aligned
arctic_b0152,Korean,HJK,0.5,0.16666666666666666,dtw_aligned
arctic_b0152,Korean,HJK,0.75,0.16666666666666666,dtw_aligned
arctic_b0152,Korean,HJK,0.9,0.16666666666666666,dtw_aligned
arctic_b0152,Korean,HJK,1.0,0.0,dtw_aligned
arctic_b0152,Vietnamese,HQTV,0.0,0.16666666666666666,dtw_aligned
arctic_b0152,Vietnamese,HQTV,0.25,0.16666666666666666,dtw_aligned
arctic_b0152,Vietnamese,HQTV,0.5,0.0,dtw_aligned
arctic_b0152,Vietnamese,HQTV,0.75,0.0,dtw_aligned
arctic_b0152,Vietnamese,HQTV,0.9,0.16666666666666666,dtw_aligned
arctic_b0152,Vietnamese,HQTV,1.0,0.0,dtw_aligned
arctic_b0152,Hindi,SVBI,0.0,0.3333333333333333,dtw_aligned
arctic_b0152,Hindi,SVBI,0.25,0.16666666666666666,dtw_aligned
arctic_b0152,Hindi,SVBI,0.5,0.0,dtw_aligned
arctic_b0152,Hindi,SVBI,0.75,0.16666666666666666,dtw_aligned
arctic_b0152,Hindi,SVBI,0.9,0.16666666666666666,dtw_aligned
arctic_b0152,Hindi,SVBI,1.0,0.0,dtw_aligned
arctic_b0152,Arabic,ZHAA,0.0,0.0,dtw_aligned
arctic_b0152,Arabic,ZHAA,0.25,0.0,dtw_aligned
arctic_b0152,Arabic,ZHAA,0.5,0.0,dtw_aligned
arctic_b0152,Arabic,ZHAA,0.75,0.16666666666666666,dtw_aligned
arctic_b0152,Arabic,ZHAA,0.9,0.3333333333333333,dtw_aligned
arctic_b0152,Arabic,ZHAA,1.0,0.16666666666666666,dtw_aligned
arctic_b0167,Chinese,BWC,0.0,0.08333333333333333,dtw_aligned
arctic_b0167,Chinese,BWC,0.25,0.08333333333333333,dtw_aligned
arctic_b0167,Chinese,BWC,0.5,0.08333333333333333,dtw_aligned
arctic_b0167,Chinese,BWC,0.75,0.0,dtw_aligned
arctic_b0167,Chinese,BWC,0.9,0.0,dtw_aligned
arctic_b0167,Chinese,BWC,1.0,0.0,dtw_aligned
arctic_b0167,Spanish,EBVS,0.0,0.16666666666666666,dtw_aligned
arctic_b0167,Spanish,EBVS,0.25,0.08333333333333333,dtw_aligned
arctic_b0167,Spanish,EBVS,0.5,0.08333333333333333,dtw_aligned
arctic_b0167,Spanish,EBVS,0.75,0.0,dtw_aligned
arctic_b0167,Spanish,EBVS,0.9,0.0,dtw_aligned
arctic_b0167,Spanish,EBVS,1.0,0.08333333333333333,dtw_aligned
arctic_b0167,Korean,HJK,0.0,0.0,dtw_aligned
arctic_b0167,Korean,HJK,0.25,0.0,dtw_aligned
arctic_b0167,Korean,HJK,0.5,0.0,dtw_aligned
arctic_b0167,Korean,HJK,0.75,0.0,dtw_aligned
arctic_b0167,Korean,HJK,0.9,0.0,dtw_aligned
arctic_b0167,Korean,HJK,1.0,0.0,dtw_aligned
arctic_b0167,Vietnamese,HQTV,0.0,0.08333333333333333,dtw_aligned
arctic_b0167,Vietnamese,HQTV,0.25,0.08333333333333333,dtw_aligned
arctic_b0167,Vietnamese,HQTV,0.5,0.0,dtw_aligned
arctic_b0167,Vietnamese,HQTV,0.75,0.0,dtw_aligned
arctic_b0167,Vietnamese,HQTV,0.9,0.0,dtw_aligned
arctic_b0167,Vietnamese,HQTV,1.0,0.0,dtw_aligned
arctic_b0167,Hindi,SVBI,0.0,0.0,dtw_aligned
arctic_b0167,Hindi,SVBI,0.25,0.0,dtw_aligned
arctic_b0167,Hindi,SVBI,0.5,0.0,dtw_aligned
arctic_b0167,Hindi,SVBI,0.75,0.0,dtw_aligned
arctic_b0167,Hindi,SVBI,0.9,0.0,dtw_aligned
arctic_b0167,Hindi,SVBI,1.0,0.08333333333333333,dtw_aligned
arctic_b0167,Arabic,ZHAA,0.0,0.0,dtw_aligned
arctic_b0167,Arabic,ZHAA,0.25,0.0,dtw_aligned
arctic_b0167,Arabic,ZHAA,0.5,0.0,dtw_aligned
arctic_b0167,Arabic,ZHAA,0.75,0.0,dtw_aligned
arctic_b0167,Arabic,ZHAA,0.9,0.0,dtw_aligned
arctic_b0167,Arabic,ZHAA,1.0,0.0,dtw_aligned
arctic_b0188,Chinese,BWC,0.0,0.6,dtw_aligned
arctic_b0188,Chinese,BWC,0.25,0.3,dtw_aligned
arctic_b0188,Chinese,BWC,0.5,0.2,dtw_aligned
arctic_b0188,Chinese,BWC,0.75,0.2,dtw_aligned
arctic_b0188,Chinese,BWC,0.9,0.2,dtw_aligned
arctic_b0188,Chinese,BWC,1.0,0.2,dtw_aligned
arctic_b0188,Spanish,EBVS,0.0,0.3,dtw_aligned
arctic_b0188,Spanish,EBVS,0.25,0.4,dtw_aligned
arctic_b0188,Spanish,EBVS,0.5,0.4,dtw_aligned
arctic_b0188,Spanish,EBVS,0.75,0.3,dtw_aligned
arctic_b0188,Spanish,EBVS,0.9,0.2,dtw_aligned
arctic_b0188,Spanish,EBVS,1.0,0.1,dtw_aligned
arctic_b0188,Korean,HJK,0.0,0.2,dtw_aligned
arctic_b0188,Korean,HJK,0.25,0.1,dtw_aligned
arctic_b0188,Korean,HJK,0.5,0.1,dtw_aligned
arctic_b0188,Korean,HJK,0.75,0.1,dtw_aligned
arctic_b0188,Korean,HJK,0.9,0.1,dtw_aligned
arctic_b0188,Korean,HJK,1.0,0.1,dtw_aligned
arctic_b0188,Vietnamese,HQTV,0.0,0.3,dtw_aligned
arctic_b0188,Vietnamese,HQTV,0.25,0.2,dtw_aligned
arctic_b0188,Vietnamese,HQTV,0.5,0.2,dtw_aligned
arctic_b0188,Vietnamese,HQTV,0.75,0.2,dtw_aligned
arctic_b0188,Vietnamese,HQTV,0.9,0.1,dtw_aligned
arctic_b0188,Vietnamese,HQTV,1.0,0.1,dtw_aligned
arctic_b0188,Hindi,SVBI,0.0,0.2,dtw_aligned
arctic_b0188,Hindi,SVBI,0.25,0.2,dtw_aligned
arctic_b0188,Hindi,SVBI,0.5,0.1,dtw_aligned
arctic_b0188,Hindi,SVBI,0.75,0.1,dtw_aligned
arctic_b0188,Hindi,SVBI,0.9,0.1,dtw_aligned
arctic_b0188,Hindi,SVBI,1.0,0.1,dtw_aligned
arctic_b0188,Arabic,ZHAA,0.0,0.3,dtw_aligned
arctic_b0188,Arabic,ZHAA,0.25,0.4,dtw_aligned
arctic_b0188,Arabic,ZHAA,0.5,0.1,dtw_aligned
arctic_b0188,Arabic,ZHAA,0.75,0.2,dtw_aligned
arctic_b0188,Arabic,ZHAA,0.9,0.1,dtw_aligned
arctic_b0188,Arabic,ZHAA,1.0,0.3,dtw_aligned
arctic_b0190,Chinese,BWC,0.0,0.08333333333333333,dtw_aligned
arctic_b0190,Chinese,BWC,0.25,0.0,dtw_aligned
arctic_b0190,Chinese,BWC,0.5,0.0,dtw_aligned
arctic_b0190,Chinese,BWC,0.75,0.08333333333333333,dtw_aligned
arctic_b0190,Chinese,BWC,0.9,0.08333333333333333,dtw_aligned
arctic_b0190,Chinese,BWC,1.0,0.0,dtw_aligned
arctic_b0190,Spanish,EBVS,0.0,0.4166666666666667,dtw_aligned
arctic_b0190,Spanish,EBVS,0.25,0.3333333333333333,dtw_aligned
arctic_b0190,Spanish,EBVS,0.5,0.25,dtw_aligned
arctic_b0190,Spanish,EBVS,0.75,0.08333333333333333,dtw_aligned
arctic_b0190,Spanish,EBVS,0.9,0.0,dtw_aligned
arctic_b0190,Spanish,EBVS,1.0,0.0,dtw_aligned
arctic_b0190,Korean,HJK,0.0,0.0,dtw_aligned
arctic_b0190,Korean,HJK,0.25,0.0,dtw_aligned
arctic_b0190,Korean,HJK,0.5,0.0,dtw_aligned
arctic_b0190,Korean,HJK,0.75,0.0,dtw_aligned
arctic_b0190,Korean,HJK,0.9,0.08333333333333333,dtw_aligned
arctic_b0190,Korean,HJK,1.0,0.0,dtw_aligned
arctic_b0190,Vietnamese,HQTV,0.0,0.3333333333333333,dtw_aligned
arctic_b0190,Vietnamese,HQTV,0.25,0.16666666666666666,dtw_aligned
arctic_b0190,Vietnamese,HQTV,0.5,0.16666666666666666,dtw_aligned
arctic_b0190,Vietnamese,HQTV,0.75,0.0,dtw_aligned
arctic_b0190,Vietnamese,HQTV,0.9,0.0,dtw_aligned
arctic_b0190,Vietnamese,HQTV,1.0,0.0,dtw_aligned
arctic_b0190,Hindi,SVBI,0.0,0.0,dtw_aligned
arctic_b0190,Hindi,SVBI,0.25,0.0,dtw_aligned
arctic_b0190,Hindi,SVBI,0.5,0.0,dtw_aligned
arctic_b0190,Hindi,SVBI,0.75,0.08333333333333333,dtw_aligned
arctic_b0190,Hindi,SVBI,0.9,0.08333333333333333,dtw_aligned
arctic_b0190,Hindi,SVBI,1.0,0.0,dtw_aligned
arctic_b0190,Arabic,ZHAA,0.0,0.16666666666666666,dtw_aligned
arctic_b0190,Arabic,ZHAA,0.25,0.08333333333333333,dtw_aligned
arctic_b0190,Arabic,ZHAA,0.5,0.0,dtw_aligned
arctic_b0190,Arabic,ZHAA,0.75,0.0,dtw_aligned
arctic_b0190,Arabic,ZHAA,0.9,0.08333333333333333,dtw_aligned
arctic_b0190,Arabic,ZHAA,1.0,0.0,dtw_aligned
arctic_b0197,Chinese,BWC,0.0,0.2857142857142857,dtw_aligned
arctic_b0197,Chinese,BWC,0.25,0.14285714285714285,dtw_aligned
arctic_b0197,Chinese,BWC,0.5,0.14285714285714285,dtw_aligned
arctic_b0197,Chinese,BWC,0.75,0.0,dtw_aligned
arctic_b0197,Chinese,BWC,0.9,0.0,dtw_aligned
arctic_b0197,Chinese,BWC,1.0,0.0,dtw_aligned
arctic_b0197,Spanish,EBVS,0.0,0.2857142857142857,dtw_aligned
arctic_b0197,Spanish,EBVS,0.25,0.0,dtw_aligned
arctic_b0197,Spanish,EBVS,0.5,0.0,dtw_aligned
arctic_b0197,Spanish,EBVS,0.75,0.0,dtw_aligned
arctic_b0197,Spanish,EBVS,0.9,0.0,dtw_aligned
arctic_b0197,Spanish,EBVS,1.0,0.0,dtw_aligned
arctic_b0197,Korean,HJK,0.0,0.0,dtw_aligned
arctic_b0197,Korean,HJK,0.25,0.0,dtw_aligned
arctic_b0197,Korean,HJK,0.5,0.0,dtw_aligned
arctic_b0197,Korean,HJK,0.75,0.0,dtw_aligned
arctic_b0197,Korean,HJK,0.9,0.0,dtw_aligned
arctic_b0197,Korean,HJK,1.0,0.0,dtw_aligned
arctic_b0197,Vietnamese,HQTV,0.0,0.2857142857142857,dtw_aligned
arctic_b0197,Vietnamese,HQTV,0.25,0.14285714285714285,dtw_aligned
arctic_b0197,Vietnamese,HQTV,0.5,0.14285714285714285,dtw_aligned
arctic_b0197,Vietnamese,HQTV,0.75,0.0,dtw_aligned
arctic_b0197,Vietnamese,HQTV,0.9,0.0,dtw_aligned
arctic_b0197,Vietnamese,HQTV,1.0,0.0,dtw_aligned
arctic_b0197,Hindi,SVBI,0.0,0.0,dtw_aligned
arctic_b0197,Hindi,SVBI,0.25,0.0,dtw_aligned
arctic_b0197,Hindi,SVBI,0.5,0.0,dtw_aligned
arctic_b0197,Hindi,SVBI,0.75,0.0,dtw_aligned
arctic_b0197,Hindi,SVBI,0.9,0.0,dtw_aligned
arctic_b0197,Hindi,SVBI,1.0,0.0,dtw_aligned
arctic_b0197,Arabic,ZHAA,0.0,0.0,dtw_aligned
arctic_b0197,Arabic,ZHAA,0.25,0.0,dtw_aligned
arctic_b0197,Arabic,ZHAA,0.5,0.0,dtw_aligned
arctic_b0197,Arabic,ZHAA,0.75,0.0,dtw_aligned
arctic_b0197,Arabic,ZHAA,0.9,0.0,dtw_aligned
arctic_b0197,Arabic,ZHAA,1.0,0.0,dtw_aligned
arctic_b0210,Chinese,BWC,0.0,0.16666666666666666,dtw_aligned
arctic_b0210,Chinese,BWC,0.25,0.16666666666666666,dtw_aligned
arctic_b0210,Chinese,BWC,0.5,0.08333333333333333,dtw_aligned
arctic_b0210,Chinese,BWC,0.75,0.08333333333333333,dtw_aligned
arctic_b0210,Chinese,BWC,0.9,0.08333333333333333,dtw_aligned
arctic_b0210,Chinese,BWC,1.0,0.16666666666666666,dtw_aligned
arctic_b0210,Spanish,EBVS,0.0,0.16666666666666666,dtw_aligned
arctic_b0210,Spanish,EBVS,0.25,0.16666666666666666,dtw_aligned
arctic_b0210,Spanish,EBVS,0.5,0.0,dtw_aligned
arctic_b0210,Spanish,EBVS,0.75,0.0,dtw_aligned
arctic_b0210,Spanish,EBVS,0.9,0.0,dtw_aligned
arctic_b0210,Spanish,EBVS,1.0,0.16666666666666666,dtw_aligned
arctic_b0210,Korean,HJK,0.0,0.0,dtw_aligned
arctic_b0210,Korean,HJK,0.25,0.0,dtw_aligned
arctic_b0210,Korean,HJK,0.5,0.08333333333333333,dtw_aligned
arctic_b0210,Korean,HJK,0.75,0.0,dtw_aligned
arctic_b0210,Korean,HJK,0.9,0.16666666666666666,dtw_aligned
arctic_b0210,Korean,HJK,1.0,0.25,dtw_aligned
arctic_b0210,Vietnamese,HQTV,0.0,0.0,dtw_aligned
arctic_b0210,Vietnamese,HQTV,0.25,0.16666666666666666,dtw_aligned
arctic_b0210,Vietnamese,HQTV,0.5,0.08333333333333333,dtw_aligned
arctic_b0210,Vietnamese,HQTV,0.75,0.08333333333333333,dtw_aligned
arctic_b0210,Vietnamese,HQTV,0.9,0.16666666666666666,dtw_aligned
arctic_b0210,Vietnamese,HQTV,1.0,0.25,dtw_aligned
arctic_b0210,Hindi,SVBI,0.0,0.0,dtw_aligned
arctic_b0210,Hindi,SVBI,0.25,0.0,dtw_aligned
arctic_b0210,Hindi,SVBI,0.5,0.0,dtw_aligned
arctic_b0210,Hindi,SVBI,0.75,0.16666666666666666,dtw_aligned
arctic_b0210,Hindi,SVBI,0.9,0.16666666666666666,dtw_aligned
arctic_b0210,Hindi,SVBI,1.0,0.16666666666666666,dtw_aligned
arctic_b0210,Arabic,ZHAA,0.0,0.0,dtw_aligned
arctic_b0210,Arabic,ZHAA,0.25,0.0,dtw_aligned
arctic_b0210,Arabic,ZHAA,0.5,0.0,dtw_aligned
arctic_b0210,Arabic,ZHAA,0.75,0.0,dtw_aligned
arctic_b0210,Arabic,ZHAA,0.9,0.25,dtw_aligned
arctic_b0210,Arabic,ZHAA,1.0,0.16666666666666666,dtw_aligned
arctic_b0212,Chinese,BWC,0.0,0.1,dtw_aligned
arctic_b0212,Chinese,BWC,0.25,0.1,dtw_aligned
arctic_b0212,Chinese,BWC,0.5,0.2,dtw_aligned
arctic_b0212,Chinese,BWC,0.75,0.3,dtw_aligned
arctic_b0212,Chinese,BWC,0.9,0.2,dtw_aligned
arctic_b0212,Chinese,BWC,1.0,0.1,dtw_aligned
arctic_b0212,Spanish,EBVS,0.0,0.4444444444444444,dtw_aligned
arctic_b0212,Spanish,EBVS,0.25,0.2222222222222222,dtw_aligned
arctic_b0212,Spanish,EBVS,0.5,0.3333333333333333,dtw_aligned
arctic_b0212,Spanish,EBVS,0.75,0.3333333333333333,dtw_aligned
arctic_b0212,Spanish,EBVS,0.9,0.2222222222222222,dtw_aligned
arctic_b0212,Spanish,EBVS,1.0,0.3333333333333333,dtw_aligned
arctic_b0212,Korean,HJK,0.0,0.1,dtw_aligned
arctic_b0212,Korean,HJK,0.25,0.2,dtw_aligned
arctic_b0212,Korean,HJK,0.5,0.2,dtw_aligned
arctic_b0212,Korean,HJK,0.75,0.1,dtw_aligned
arctic_b0212,Korean,HJK,0.9,0.1,dtw_aligned
arctic_b0212,Korean,HJK,1.0,0.1,dtw_aligned
arctic_b0212,Vietnamese,HQTV,0.0,0.5,dtw_aligned
arctic_b0212,Vietnamese,HQTV,0.25,0.5,dtw_aligned
arctic_b0212,Vietnamese,HQTV,0.5,0.3,dtw_aligned
arctic_b0212,Vietnamese,HQTV,0.75,0.2,dtw_aligned
arctic_b0212,Vietnamese,HQTV,0.9,0.2,dtw_aligned
arctic_b0212,Vietnamese,HQTV,1.0,0.1,dtw_aligned
arctic_b0212,Hindi,SVBI,0.0,0.1,dtw_aligned
arctic_b0212,Hindi,SVBI,0.25,0.1,dtw_aligned
arctic_b0212,Hindi,SVBI,0.5,0.3,dtw_aligned
arctic_b0212,Hindi,SVBI,0.75,0.1,dtw_aligned
arctic_b0212,Hindi,SVBI,0.9,0.2,dtw_aligned
arctic_b0212,Hindi,SVBI,1.0,0.1,dtw_aligned
arctic_b0212,Arabic,ZHAA,0.0,0.3,dtw_aligned
arctic_b0212,Arabic,ZHAA,0.25,0.3,dtw_aligned
arctic_b0212,Arabic,ZHAA,0.5,0.2,dtw_aligned
arctic_b0212,Arabic,ZHAA,0.75,0.2,dtw_aligned
arctic_b0212,Arabic,ZHAA,0.9,0.2,dtw_aligned
arctic_b0212,Arabic,ZHAA,1.0,0.1,dtw_aligned
arctic_b0214,Chinese,BWC,0.0,0.3,dtw_aligned
arctic_b0214,Chinese,BWC,0.25,0.1,dtw_aligned
arctic_b0214,Chinese,BWC,0.5,0.1,dtw_aligned
arctic_b0214,Chinese,BWC,0.75,0.1,dtw_aligned
arctic_b0214,Chinese,BWC,0.9,0.0,dtw_aligned
arctic_b0214,Chinese,BWC,1.0,0.0,dtw_aligned
arctic_b0214,Spanish,EBVS,0.0,0.1,dtw_aligned
arctic_b0214,Spanish,EBVS,0.25,0.1,dtw_aligned
arctic_b0214,Spanish,EBVS,0.5,0.1,dtw_aligned
arctic_b0214,Spanish,EBVS,0.75,0.0,dtw_aligned
arctic_b0214,Spanish,EBVS,0.9,0.0,dtw_aligned
arctic_b0214,Spanish,EBVS,1.0,0.0,dtw_aligned
arctic_b0214,Korean,HJK,0.0,0.0,dtw_aligned
arctic_b0214,Korean,HJK,0.25,0.0,dtw_aligned
arctic_b0214,Korean,HJK,0.5,0.0,dtw_aligned
arctic_b0214,Korean,HJK,0.75,0.0,dtw_aligned
arctic_b0214,Korean,HJK,0.9,0.0,dtw_aligned
arctic_b0214,Korean,HJK,1.0,0.0,dtw_aligned
arctic_b0214,Vietnamese,HQTV,0.0,0.1,dtw_aligned
arctic_b0214,Vietnamese,HQTV,0.25,0.0,dtw_aligned
arctic_b0214,Vietnamese,HQTV,0.5,0.1,dtw_aligned
arctic_b0214,Vietnamese,HQTV,0.75,0.0,dtw_aligned
arctic_b0214,Vietnamese,HQTV,0.9,0.0,dtw_aligned
arctic_b0214,Vietnamese,HQTV,1.0,0.0,dtw_aligned
arctic_b0214,Hindi,SVBI,0.0,0.0,dtw_aligned
arctic_b0214,Hindi,SVBI,0.25,0.0,dtw_aligned
arctic_b0214,Hindi,SVBI,0.5,0.0,dtw_aligned
arctic_b0214,Hindi,SVBI,0.75,0.0,dtw_aligned
arctic_b0214,Hindi,SVBI,0.9,0.1,dtw_aligned
arctic_b0214,Hindi,SVBI,1.0,0.0,dtw_aligned
arctic_b0214,Arabic,ZHAA,0.0,0.1,dtw_aligned
arctic_b0214,Arabic,ZHAA,0.25,0.0,dtw_aligned
arctic_b0214,Arabic,ZHAA,0.5,0.0,dtw_aligned
arctic_b0214,Arabic,ZHAA,0.75,0.0,dtw_aligned
arctic_b0214,Arabic,ZHAA,0.9,0.0,dtw_aligned
arctic_b0214,Arabic,ZHAA,1.0,0.0,dtw_aligned
arctic_b0221,Chinese,BWC,0.0,0.8,dtw_aligned
arctic_b0221,Chinese,BWC,0.25,0.4,dtw_aligned
arctic_b0221,Chinese,BWC,0.5,0.0,dtw_aligned
arctic_b0221,Chinese,BWC,0.75,0.0,dtw_aligned
arctic_b0221,Chinese,BWC,0.9,0.0,dtw_aligned
arctic_b0221,Chinese,BWC,1.0,0.0,dtw_aligned
arctic_b0221,Spanish,EBVS,0.0,0.2,dtw_aligned
arctic_b0221,Spanish,EBVS,0.25,0.0,dtw_aligned
arctic_b0221,Spanish,EBVS,0.5,0.0,dtw_aligned
arctic_b0221,Spanish,EBVS,0.75,0.0,dtw_aligned
arctic_b0221,Spanish,EBVS,0.9,0.0,dtw_aligned
arctic_b0221,Spanish,EBVS,1.0,0.0,dtw_aligned
arctic_b0221,Korean,HJK,0.0,0.0,dtw_aligned
arctic_b0221,Korean,HJK,0.25,0.0,dtw_aligned
arctic_b0221,Korean,HJK,0.5,0.0,dtw_aligned
arctic_b0221,Korean,HJK,0.75,0.0,dtw_aligned
arctic_b0221,Korean,HJK,0.9,0.0,dtw_aligned
arctic_b0221,Korean,HJK,1.0,0.0,dtw_aligned
arctic_b0221,Vietnamese,HQTV,0.0,0.0,dtw_aligned
arctic_b0221,Vietnamese,HQTV,0.25,0.0,dtw_aligned
arctic_b0221,Vietnamese,HQTV,0.5,0.0,dtw_aligned
arctic_b0221,Vietnamese,HQTV,0.75,0.0,dtw_aligned
arctic_b0221,Vietnamese,HQTV,0.9,0.0,dtw_aligned
arctic_b0221,Vietnamese,HQTV,1.0,0.0,dtw_aligned
arctic_b0221,Hindi,SVBI,0.0,0.2,dtw_aligned
arctic_b0221,Hindi,SVBI,0.25,0.2,dtw_aligned
arctic_b0221,Hindi,SVBI,0.5,0.2,dtw_aligned
arctic_b0221,Hindi,SVBI,0.75,0.0,dtw_aligned
arctic_b0221,Hindi,SVBI,0.9,0.0,dtw_aligned
arctic_b0221,Hindi,SVBI,1.0,0.0,dtw_aligned
arctic_b0221,Arabic,ZHAA,0.0,0.0,dtw_aligned
arctic_b0221,Arabic,ZHAA,0.25,0.0,dtw_aligned
arctic_b0221,Arabic,ZHAA,0.5,0.2,dtw_aligned
arctic_b0221,Arabic,ZHAA,0.75,0.0,dtw_aligned
arctic_b0221,Arabic,ZHAA,0.9,0.0,dtw_aligned
arctic_b0221,Arabic,ZHAA,1.0,0.0,dtw_aligned
arctic_b0238,Chinese,BWC,0.0,0.18181818181818182,dtw_aligned
arctic_b0238,Chinese,BWC,0.25,0.09090909090909091,dtw_aligned
arctic_b0238,Chinese,BWC,0.5,0.09090909090909091,dtw_aligned
arctic_b0238,Chinese,BWC,0.75,0.18181818181818182,dtw_aligned
arctic_b0238,Chinese,BWC,0.9,0.09090909090909091,dtw_aligned
arctic_b0238,Chinese,BWC,1.0,0.09090909090909091,dtw_aligned
arctic_b0238,Spanish,EBVS,0.0,0.36363636363636365,dtw_aligned
arctic_b0238,Spanish,EBVS,0.25,0.09090909090909091,dtw_aligned
arctic_b0238,Spanish,EBVS,0.5,0.09090909090909091,dtw_aligned
arctic_b0238,Spanish,EBVS,0.75,0.09090909090909091,dtw_aligned
arctic_b0238,Spanish,EBVS,0.9,0.09090909090909091,dtw_aligned
arctic_b0238,Spanish,EBVS,1.0,0.09090909090909091,dtw_aligned
arctic_b0238,Korean,HJK,0.0,0.09090909090909091,dtw_aligned
arctic_b0238,Korean,HJK,0.25,0.09090909090909091,dtw_aligned
arctic_b0238,Korean,HJK,0.5,0.09090909090909091,dtw_aligned
arctic_b0238,Korean,HJK,0.75,0.09090909090909091,dtw_aligned
arctic_b0238,Korean,HJK,0.9,0.09090909090909091,dtw_aligned
arctic_b0238,Korean,HJK,1.0,0.09090909090909091,dtw_aligned
arctic_b0238,Vietnamese,HQTV,0.0,0.18181818181818182,dtw_aligned
arctic_b0238,Vietnamese,HQTV,0.25,0.09090909090909091,dtw_aligned
arctic_b0238,Vietnamese,HQTV,0.5,0.09090909090909091,dtw_aligned
arctic_b0238,Vietnamese,HQTV,0.75,0.09090909090909091,dtw_aligned
arctic_b0238,Vietnamese,HQTV,0.9,0.09090909090909091,dtw_aligned
arctic_b0238,Vietnamese,HQTV,1.0,0.09090909090909091,dtw_aligned
arctic_b0238,Hindi,SVBI,0.0,0.0,dtw_aligned
arctic_b0238,Hindi,SVBI,0.25,0.0,dtw_aligned
arctic_b0238,Hindi,SVBI,0.5,0.0,dtw_aligned
arctic_b0238,Hindi,SVBI,0.75,0.09090909090909091,dtw_aligned
arctic_b0238,Hindi,SVBI,0.9,0.09090909090909091,dtw_aligned
arctic_b0238,Hindi,SVBI,1.0,0.09090909090909091,dtw_aligned
arctic_b0238,Arabic,ZHAA,0.0,0.09090909090909091,dtw_aligned
arctic_b0238,Arabic,ZHAA,0.25,0.09090909090909091,dtw_aligned
arctic_b0238,Arabic,ZHAA,0.5,0.09090909090909091,dtw_aligned
arctic_b0238,Arabic,ZHAA,0.75,0.09090909090909091,dtw_aligned
arctic_b0238,Arabic,ZHAA,0.9,0.09090909090909091,dtw_aligned
arctic_b0238,Arabic,ZHAA,1.0,0.09090909090909091,dtw_aligned
arctic_b0247,Chinese,BWC,0.0,0.07692307692307693,dtw_aligned
arctic_b0247,Chinese,BWC,0.25,0.23076923076923078,dtw_aligned
arctic_b0247,Chinese,BWC,0.5,0.07692307692307693,dtw_aligned
arctic_b0247,Chinese,BWC,0.75,0.15384615384615385,dtw_aligned
arctic_b0247,Chinese,BWC,0.9,0.07692307692307693,dtw_aligned
arctic_b0247,Chinese,BWC,1.0,0.07692307692307693,dtw_aligned
arctic_b0247,Spanish,EBVS,0.0,0.23076923076923078,dtw_aligned
arctic_b0247,Spanish,EBVS,0.25,0.15384615384615385,dtw_aligned
arctic_b0247,Spanish,EBVS,0.5,0.15384615384615385,dtw_aligned
arctic_b0247,Spanish,EBVS,0.75,0.15384615384615385,dtw_aligned
arctic_b0247,Spanish,EBVS,0.9,0.23076923076923078,dtw_aligned
arctic_b0247,Spanish,EBVS,1.0,0.07692307692307693,dtw_aligned
arctic_b0247,Korean,HJK,0.0,0.15384615384615385,dtw_aligned
arctic_b0247,Korean,HJK,0.25,0.15384615384615385,dtw_aligned
arctic_b0247,Korean,HJK,0.5,0.07692307692307693,dtw_aligned
arctic_b0247,Korean,HJK,0.75,0.07692307692307693,dtw_aligned
arctic_b0247,Korean,HJK,0.9,0.15384615384615385,dtw_aligned
arctic_b0247,Korean,HJK,1.0,0.07692307692307693,dtw_aligned
arctic_b0247,Vietnamese,HQTV,0.0,0.0,dtw_aligned
arctic_b0247,Vietnamese,HQTV,0.25,0.07692307692307693,dtw_aligned
arctic_b0247,Vietnamese,HQTV,0.5,0.07692307692307693,dtw_aligned
arctic_b0247,Vietnamese,HQTV,0.75,0.07692307692307693,dtw_aligned
arctic_b0247,Vietnamese,HQTV,0.9,0.07692307692307693,dtw_aligned
arctic_b0247,Vietnamese,HQTV,1.0,0.07692307692307693,dtw_aligned
arctic_b0247,Hindi,SVBI,0.0,0.0,dtw_aligned
arctic_b0247,Hindi,SVBI,0.25,0.0,dtw_aligned
arctic_b0247,Hindi,SVBI,0.5,0.0,dtw_aligned
arctic_b0247,Hindi,SVBI,0.75,0.07692307692307693,dtw_aligned
arctic_b0247,Hindi,SVBI,0.9,0.07692307692307693,dtw_aligned
arctic_b0247,Hindi,SVBI,1.0,0.07692307692307693,dtw_aligned
arctic_b0247,Arabic,ZHAA,0.0,0.07692307692307693,dtw_aligned
arctic_b0247,Arabic,ZHAA,0.25,0.07692307692307693,dtw_aligned
arctic_b0247,Arabic,ZHAA,0.5,0.07692307692307693,dtw_aligned
arctic_b0247,Arabic,ZHAA,0.75,0.07692307692307693,dtw_aligned
arctic_b0247,Arabic,ZHAA,0.9,0.07692307692307693,dtw_aligned
arctic_b0247,Arabic,ZHAA,1.0,0.15384615384615385,dtw_aligned
arctic_b0248,Chinese,BWC,0.0,0.2222222222222222,dtw_aligned
arctic_b0248,Chinese,BWC,0.25,0.2222222222222222,dtw_aligned
arctic_b0248,Chinese,BWC,0.5,0.0,dtw_aligned
arctic_b0248,Chinese,BWC,0.75,0.1111111111111111,dtw_aligned
arctic_b0248,Chinese,BWC,0.9,0.0,dtw_aligned
arctic_b0248,Chinese,BWC,1.0,0.0,dtw_aligned
arctic_b0248,Spanish,EBVS,0.0,0.1111111111111111,dtw_aligned
arctic_b0248,Spanish,EBVS,0.25,0.1111111111111111,dtw_aligned
arctic_b0248,Spanish,EBVS,0.5,0.2222222222222222,dtw_aligned
arctic_b0248,Spanish,EBVS,0.75,0.1111111111111111,dtw_aligned
arctic_b0248,Spanish,EBVS,0.9,0.3333333333333333,dtw_aligned
arctic_b0248,Spanish,EBVS,1.0,0.0,dtw_aligned
arctic_b0248,Korean,HJK,0.0,0.0,dtw_aligned
arctic_b0248,Korean,HJK,0.25,0.0,dtw_aligned
arctic_b0248,Korean,HJK,0.5,0.0,dtw_aligned
arctic_b0248,Korean,HJK,0.75,0.0,dtw_aligned
arctic_b0248,Korean,HJK,0.9,0.0,dtw_aligned
arctic_b0248,Korean,HJK,1.0,0.0,dtw_aligned
arctic_b0248,Vietnamese,HQTV,0.0,0.2222222222222222,dtw_aligned
arctic_b0248,Vietnamese,HQTV,0.25,0.0,dtw_aligned
arctic_b0248,Vietnamese,HQTV,0.5,0.0,dtw_aligned
arctic_b0248,Vietnamese,HQTV,0.75,0.0,dtw_aligned
arctic_b0248,Vietnamese,HQTV,0.9,0.0,dtw_aligned
arctic_b0248,Vietnamese,HQTV,1.0,0.0,dtw_aligned
arctic_b0248,Hindi,SVBI,0.0,0.1111111111111111,dtw_aligned
arctic_b0248,Hindi,SVBI,0.25,0.1111111111111111,dtw_aligned
arctic_b0248,Hindi,SVBI,0.5,0.1111111111111111,dtw_aligned
arctic_b0248,Hindi,SVBI,0.75,0.0,dtw_aligned
arctic_b0248,Hindi,SVBI,0.9,0.0,dtw_aligned
arctic_b0248,Hindi,SVBI,1.0,0.0,dtw_aligned
arctic_b0248,Arabic,ZHAA,0.0,0.2222222222222222,dtw_aligned
arctic_b0248,Arabic,ZHAA,0.25,0.2222222222222222,dtw_aligned
arctic_b0248,Arabic,ZHAA,0.5,0.2222222222222222,dtw_aligned
arctic_b0248,Arabic,ZHAA,0.75,0.1111111111111111,dtw_aligned
arctic_b0248,Arabic,ZHAA,0.9,0.0,dtw_aligned
arctic_b0248,Arabic,ZHAA,1.0,0.0,dtw_aligned
arctic_b0254,Chinese,BWC,0.0,0.0,dtw_aligned
arctic_b0254,Chinese,BWC,0.25,0.0,dtw_aligned
arctic_b0254,Chinese,BWC,0.5,0.0,dtw_aligned
arctic_b0254,Chinese,BWC,0.75,0.0,dtw_aligned
arctic_b0254,Chinese,BWC,0.9,0.0,dtw_aligned
arctic_b0254,Chinese,BWC,1.0,0.0,dtw_aligned
arctic_b0254,Spanish,EBVS,0.0,0.23076923076923078,dtw_aligned
arctic_b0254,Spanish,EBVS,0.25,0.15384615384615385,dtw_aligned
arctic_b0254,Spanish,EBVS,0.5,0.23076923076923078,dtw_aligned
arctic_b0254,Spanish,EBVS,0.75,0.3076923076923077,dtw_aligned
arctic_b0254,Spanish,EBVS,0.9,0.0,dtw_aligned
arctic_b0254,Spanish,EBVS,1.0,0.0,dtw_aligned
arctic_b0254,Korean,HJK,0.0,0.0,dtw_aligned
arctic_b0254,Korean,HJK,0.25,0.0,dtw_aligned
arctic_b0254,Korean,HJK,0.5,0.0,dtw_aligned
arctic_b0254,Korean,HJK,0.75,0.0,dtw_aligned
arctic_b0254,Korean,HJK,0.9,0.0,dtw_aligned
arctic_b0254,Korean,HJK,1.0,0.0,dtw_aligned
arctic_b0254,Vietnamese,HQTV,0.0,0.23076923076923078,dtw_aligned
arctic_b0254,Vietnamese,HQTV,0.25,0.07692307692307693,dtw_aligned
arctic_b0254,Vietnamese,HQTV,0.5,0.07692307692307693,dtw_aligned
arctic_b0254,Vietnamese,HQTV,0.75,0.0,dtw_aligned
arctic_b0254,Vietnamese,HQTV,0.9,0.0,dtw_aligned
arctic_b0254,Vietnamese,HQTV,1.0,0.0,dtw_aligned
arctic_b0254,Hindi,SVBI,0.0,0.0,dtw_aligned
arctic_b0254,Hindi,SVBI,0.25,0.0,dtw_aligned
arctic_b0254,Hindi,SVBI,0.5,0.0,dtw_aligned
arctic_b0254,Hindi,SVBI,0.75,0.0,dtw_aligned
arctic_b0254,Hindi,SVBI,0.9,0.0,dtw_aligned
arctic_b0254,Hindi,SVBI,1.0,0.0,dtw_aligned
arctic_b0254,Arabic,ZHAA,0.0,0.07692307692307693,dtw_aligned
arctic_b0254,Arabic,ZHAA,0.25,0.07692307692307693,dtw_aligned
arctic_b0254,Arabic,ZHAA,0.5,0.07692307692307693,dtw_aligned
arctic_b0254,Arabic,ZHAA,0.75,0.0,dtw_aligned
arctic_b0254,Arabic,ZHAA,0.9,0.0,dtw_aligned
arctic_b0254,Arabic,ZHAA,1.0,0.0,dtw_aligned
arctic_b0258,Chinese,BWC,0.0,0.0,dtw_aligned
arctic_b0258,Chinese,BWC,0.25,0.0,dtw_aligned
arctic_b0258,Chinese,BWC,0.5,0.0,dtw_aligned
arctic_b0258,Chinese,BWC,0.75,0.1111111111111111,dtw_aligned
arctic_b0258,Chinese,BWC,0.9,0.0,dtw_aligned
arctic_b0258,Chinese,BWC,1.0,0.0,dtw_aligned
arctic_b0258,Spanish,EBVS,0.0,0.0,dtw_aligned
arctic_b0258,Spanish,EBVS,0.25,0.0,dtw_aligned
arctic_b0258,Spanish,EBVS,0.5,0.0,dtw_aligned
arctic_b0258,Spanish,EBVS,0.75,0.0,dtw_aligned
arctic_b0258,Spanish,EBVS,0.9,0.0,dtw_aligned
arctic_b0258,Spanish,EBVS,1.0,0.0,dtw_aligned
arctic_b0258,Korean,HJK,0.0,0.0,dtw_aligned
arctic_b0258,Korean,HJK,0.25,0.0,dtw_aligned
arctic_b0258,Korean,HJK,0.5,0.0,dtw_aligned
arctic_b0258,Korean,HJK,0.75,0.0,dtw_aligned
arctic_b0258,Korean,HJK,0.9,0.0,dtw_aligned
arctic_b0258,Korean,HJK,1.0,0.0,dtw_aligned
arctic_b0258,Vietnamese,HQTV,0.0,0.4444444444444444,dtw_aligned
arctic_b0258,Vietnamese,HQTV,0.25,0.2222222222222222,dtw_aligned
arctic_b0258,Vietnamese,HQTV,0.5,0.0,dtw_aligned
arctic_b0258,Vietnamese,HQTV,0.75,0.0,dtw_aligned
arctic_b0258,Vietnamese,HQTV,0.9,0.0,dtw_aligned
arctic_b0258,Vietnamese,HQTV,1.0,0.0,dtw_aligned
arctic_b0258,Hindi,SVBI,0.0,0.0,dtw_aligned
arctic_b0258,Hindi,SVBI,0.25,0.1111111111111111,dtw_aligned
arctic_b0258,Hindi,SVBI,0.5,0.1111111111111111,dtw_aligned
arctic_b0258,Hindi,SVBI,0.75,0.1111111111111111,dtw_aligned
arctic_b0258,Hindi,SVBI,0.9,0.0,dtw_aligned
arctic_b0258,Hindi,SVBI,1.0,0.0,dtw_aligned
arctic_b0258,Arabic,ZHAA,0.0,0.2222222222222222,dtw_aligned
arctic_b0258,Arabic,ZHAA,0.25,0.2222222222222222,dtw_aligned
arctic_b0258,Arabic,ZHAA,0.5,0.1111111111111111,dtw_aligned
arctic_b0258,Arabic,ZHAA,0.75,0.0,dtw_aligned
arctic_b0258,Arabic,ZHAA,0.9,0.0,dtw_aligned
arctic_b0258,Arabic,ZHAA,1.0,0.0,dtw_aligned
arctic_b0265,Chinese,BWC,0.0,0.0,dtw_aligned
arctic_b0265,Chinese,BWC,0.25,0.0,dtw_aligned
arctic_b0265,Chinese,BWC,0.5,0.0,dtw_aligned
arctic_b0265,Chinese,BWC,0.75,0.0,dtw_aligned
arctic_b0265,Chinese,BWC,0.9,0.0,dtw_aligned
arctic_b0265,Chinese,BWC,1.0,0.0,dtw_aligned
arctic_b0265,Spanish,EBVS,0.0,0.09090909090909091,dtw_aligned
arctic_b0265,Spanish,EBVS,0.25,0.09090909090909091,dtw_aligned
arctic_b0265,Spanish,EBVS,0.5,0.09090909090909091,dtw_aligned
arctic_b0265,Spanish,EBVS,0.75,0.0,dtw_aligned
arctic_b0265,Spanish,EBVS,0.9,0.0,dtw_aligned
arctic_b0265,Spanish,EBVS,1.0,0.0,dtw_aligned
arctic_b0265,Korean,HJK,0.0,0.0,dtw_aligned
arctic_b0265,Korean,HJK,0.25,0.0,dtw_aligned
arctic_b0265,Korean,HJK,0.5,0.0,dtw_aligned
arctic_b0265,Korean,HJK,0.75,0.0,dtw_aligned
arctic_b0265,Korean,HJK,0.9,0.0,dtw_aligned
arctic_b0265,Korean,HJK,1.0,0.0,dtw_aligned
arctic_b0265,Vietnamese,HQTV,0.0,0.0,dtw_aligned
arctic_b0265,Vietnamese,HQTV,0.25,0.0,dtw_aligned
arctic_b0265,Vietnamese,HQTV,0.5,0.0,dtw_aligned
arctic_b0265,Vietnamese,HQTV,0.75,0.0,dtw_aligned
arctic_b0265,Vietnamese,HQTV,0.9,0.0,dtw_aligned
arctic_b0265,Vietnamese,HQTV,1.0,0.0,dtw_aligned
arctic_b0265,Hindi,SVBI,0.0,0.0,dtw_aligned
arctic_b0265,Hindi,SVBI,0.25,0.0,dtw_aligned
arctic_b0265,Hindi,SVBI,0.5,0.0,dtw_aligned
arctic_b0265,Hindi,SVBI,0.75,0.0,dtw_aligned
arctic_b0265,Hindi,SVBI,0.9,0.0,dtw_aligned
arctic_b0265,Hindi,SVBI,1.0,0.0,dtw_aligned
arctic_b0265,Arabic,ZHAA,0.0,0.0,dtw_aligned
arctic_b0265,Arabic,ZHAA,0.25,0.0,dtw_aligned
arctic_b0265,Arabic,ZHAA,0.5,0.0,dtw_aligned
arctic_b0265,Arabic,ZHAA,0.75,0.0,dtw_aligned
arctic_b0265,Arabic,ZHAA,0.9,0.0,dtw_aligned
arctic_b0265,Arabic,ZHAA,1.0,0.0,dtw_aligned
arctic_b0268,Chinese,BWC,0.0,0.16666666666666666,dtw_aligned
arctic_b0268,Chinese,BWC,0.25,0.16666666666666666,dtw_aligned
arctic_b0268,Chinese,BWC,0.5,0.0,dtw_aligned
arctic_b0268,Chinese,BWC,0.75,0.0,dtw_aligned
arctic_b0268,Chinese,BWC,0.9,0.0,dtw_aligned
arctic_b0268,Chinese,BWC,1.0,0.0,dtw_aligned
arctic_b0268,Spanish,EBVS,0.0,0.5,dtw_aligned
arctic_b0268,Spanish,EBVS,0.25,0.0,dtw_aligned
arctic_b0268,Spanish,EBVS,0.5,0.0,dtw_aligned
arctic_b0268,Spanish,EBVS,0.75,0.0,dtw_aligned
arctic_b0268,Spanish,EBVS,0.9,0.0,dtw_aligned
arctic_b0268,Spanish,EBVS,1.0,0.16666666666666666,dtw_aligned
arctic_b0268,Korean,HJK,0.0,0.16666666666666666,dtw_aligned
arctic_b0268,Korean,HJK,0.25,0.16666666666666666,dtw_aligned
arctic_b0268,Korean,HJK,0.5,0.16666666666666666,dtw_aligned
arctic_b0268,Korean,HJK,0.75,0.0,dtw_aligned
arctic_b0268,Korean,HJK,0.9,0.0,dtw_aligned
arctic_b0268,Korean,HJK,1.0,0.16666666666666666,dtw_aligned
arctic_b0268,Vietnamese,HQTV,0.0,0.16666666666666666,dtw_aligned
arctic_b0268,Vietnamese,HQTV,0.25,0.0,dtw_aligned
arctic_b0268,Vietnamese,HQTV,0.5,0.0,dtw_aligned
arctic_b0268,Vietnamese,HQTV,0.75,0.0,dtw_aligned
arctic_b0268,Vietnamese,HQTV,0.9,0.0,dtw_aligned
arctic_b0268,Vietnamese,HQTV,1.0,0.0,dtw_aligned
arctic_b0268,Hindi,SVBI,0.0,0.16666666666666666,dtw_aligned
arctic_b0268,Hindi,SVBI,0.25,0.16666666666666666,dtw_aligned
arctic_b0268,Hindi,SVBI,0.5,0.16666666666666666,dtw_aligned
arctic_b0268,Hindi,SVBI,0.75,0.0,dtw_aligned
arctic_b0268,Hindi,SVBI,0.9,0.16666666666666666,dtw_aligned
arctic_b0268,Hindi,SVBI,1.0,0.0,dtw_aligned
arctic_b0268,Arabic,ZHAA,0.0,0.16666666666666666,dtw_aligned
arctic_b0268,Arabic,ZHAA,0.25,0.16666666666666666,dtw_aligned
arctic_b0268,Arabic,ZHAA,0.5,0.0,dtw_aligned
arctic_b0268,Arabic,ZHAA,0.75,0.0,dtw_aligned
arctic_b0268,Arabic,ZHAA,0.9,0.0,dtw_aligned
arctic_b0268,Arabic,ZHAA,1.0,0.0,dtw_aligned
arctic_b0276,Chinese,BWC,0.0,0.2,dtw_aligned
arctic_b0276,Chinese,BWC,0.25,0.0,dtw_aligned
arctic_b0276,Chinese,BWC,0.5,0.0,dtw_aligned
arctic_b0276,Chinese,BWC,0.75,0.0,dtw_aligned
arctic_b0276,Chinese,BWC,0.9,0.0,dtw_aligned
arctic_b0276,Chinese,BWC,1.0,0.0,dtw_aligned
arctic_b0276,Spanish,EBVS,0.0,0.0,dtw_aligned
arctic_b0276,Spanish,EBVS,0.25,0.0,dtw_aligned
arctic_b0276,Spanish,EBVS,0.5,0.0,dtw_aligned
arctic_b0276,Spanish,EBVS,0.75,0.0,dtw_aligned
arctic_b0276,Spanish,EBVS,0.9,0.0,dtw_aligned
arctic_b0276,Spanish,EBVS,1.0,0.0,dtw_aligned
arctic_b0276,Korean,HJK,0.0,0.0,dtw_aligned
arctic_b0276,Korean,HJK,0.25,0.0,dtw_aligned
arctic_b0276,Korean,HJK,0.5,0.0,dtw_aligned
arctic_b0276,Korean,HJK,0.75,0.0,dtw_aligned
arctic_b0276,Korean,HJK,0.9,0.0,dtw_aligned
arctic_b0276,Korean,HJK,1.0,0.0,dtw_aligned
arctic_b0276,Vietnamese,HQTV,0.0,0.0,dtw_aligned
arctic_b0276,Vietnamese,HQTV,0.25,0.0,dtw_aligned
arctic_b0276,Vietnamese,HQTV,0.5,0.0,dtw_aligned
arctic_b0276,Vietnamese,HQTV,0.75,0.0,dtw_aligned
arctic_b0276,Vietnamese,HQTV,0.9,0.0,dtw_aligned
arctic_b0276,Vietnamese,HQTV,1.0,0.0,dtw_aligned
arctic_b0276,Hindi,SVBI,0.0,0.0,dtw_aligned
arctic_b0276,Hindi,SVBI,0.25,0.0,dtw_aligned
arctic_b0276,Hindi,SVBI,0.5,0.0,dtw_aligned
arctic_b0276,Hindi,SVBI,0.75,0.0,dtw_aligned
arctic_b0276,Hindi,SVBI,0.9,0.0,dtw_aligned
arctic_b0276,Hindi,SVBI,1.0,0.0,dtw_aligned
arctic_b0276,Arabic,ZHAA,0.0,0.0,dtw_aligned
arctic_b0276,Arabic,ZHAA,0.25,0.0,dtw_aligned
arctic_b0276,Arabic,ZHAA,0.5,0.0,dtw_aligned
arctic_b0276,Arabic,ZHAA,0.75,0.0,dtw_aligned
arctic_b0276,Arabic,ZHAA,0.9,0.0,dtw_aligned
arctic_b0276,Arabic,ZHAA,1.0,0.0,dtw_aligned
arctic_b0282,Chinese,BWC,0.0,0.2222222222222222,dtw_aligned
arctic_b0282,Chinese,BWC,0.25,0.2222222222222222,dtw_aligned
arctic_b0282,Chinese,BWC,0.5,0.2222222222222222,dtw_aligned
arctic_b0282,Chinese,BWC,0.75,0.1111111111111111,dtw_aligned
arctic_b0282,Chinese,BWC,0.9,0.1111111111111111,dtw_aligned
arctic_b0282,Chinese,BWC,1.0,0.1111111111111111,dtw_aligned
arctic_b0282,Spanish,EBVS,0.0,0.3333333333333333,dtw_aligned
arctic_b0282,Spanish,EBVS,0.25,0.1111111111111111,dtw_aligned
arctic_b0282,Spanish,EBVS,0.5,0.1111111111111111,dtw_aligned
arctic_b0282,Spanish,EBVS,0.75,0.1111111111111111,dtw_aligned
arctic_b0282,Spanish,EBVS,0.9,0.1111111111111111,dtw_aligned
arctic_b0282,Spanish,EBVS,1.0,0.1111111111111111,dtw_aligned
arctic_b0282,Korean,HJK,0.0,0.2222222222222222,dtw_aligned
arctic_b0282,Korean,HJK,0.25,0.1111111111111111,dtw_aligned
arctic_b0282,Korean,HJK,0.5,0.1111111111111111,dtw_aligned
arctic_b0282,Korean,HJK,0.75,0.1111111111111111,dtw_aligned
arctic_b0282,Korean,HJK,0.9,0.1111111111111111,dtw_aligned
arctic_b0282,Korean,HJK,1.0,0.1111111111111111,dtw_aligned
arctic_b0282,Vietnamese,HQTV,0.0,0.3333333333333333,dtw_aligned
arctic_b0282,Vietnamese,HQTV,0.25,0.2222222222222222,dtw_aligned
arctic_b0282,Vietnamese,HQTV,0.5,0.1111111111111111,dtw_aligned
arctic_b0282,Vietnamese,HQTV,0.75,0.1111111111111111,dtw_aligned
arctic_b0282,Vietnamese,HQTV,0.9,0.1111111111111111,dtw_aligned
arctic_b0282,Vietnamese,HQTV,1.0,0.1111111111111111,dtw_aligned
arctic_b0282,Hindi,SVBI,0.0,0.0,dtw_aligned
arctic_b0282,Hindi,SVBI,0.25,0.0,dtw_aligned
arctic_b0282,Hindi,SVBI,0.5,0.1111111111111111,dtw_aligned
arctic_b0282,Hindi,SVBI,0.75,0.1111111111111111,dtw_aligned
arctic_b0282,Hindi,SVBI,0.9,0.1111111111111111,dtw_aligned
arctic_b0282,Hindi,SVBI,1.0,0.1111111111111111,dtw_aligned
arctic_b0282,Arabic,ZHAA,0.0,0.1111111111111111,dtw_aligned
arctic_b0282,Arabic,ZHAA,0.25,0.1111111111111111,dtw_aligned
arctic_b0282,Arabic,ZHAA,0.5,0.1111111111111111,dtw_aligned
arctic_b0282,Arabic,ZHAA,0.75,0.1111111111111111,dtw_aligned
arctic_b0282,Arabic,ZHAA,0.9,0.1111111111111111,dtw_aligned
arctic_b0282,Arabic,ZHAA,1.0,0.1111111111111111,dtw_aligned
arctic_b0288,Chinese,BWC,0.0,0.14285714285714285,dtw_aligned
arctic_b0288,Chinese,BWC,0.25,0.0,dtw_aligned
arctic_b0288,Chinese,BWC,0.5,0.0,dtw_aligned
arctic_b0288,Chinese,BWC,0.75,0.0,dtw_aligned
arctic_b0288,Chinese,BWC,0.9,0.0,dtw_aligned
arctic_b0288,Chinese,BWC,1.0,0.0,dtw_aligned
arctic_b0288,Spanish,EBVS,0.0,0.14285714285714285,dtw_aligned
arctic_b0288,Spanish,EBVS,0.25,0.0,dtw_aligned
arctic_b0288,Spanish,EBVS,0.5,0.0,dtw_aligned
arctic_b0288,Spanish,EBVS,0.75,0.0,dtw_aligned
arctic_b0288,Spanish,EBVS,0.9,0.0,dtw_aligned
arctic_b0288,Spanish,EBVS,1.0,0.0,dtw_aligned
arctic_b0288,Korean,HJK,0.0,0.0,dtw_aligned
arctic_b0288,Korean,HJK,0.25,0.0,dtw_aligned
arctic_b0288,Korean,HJK,0.5,0.0,dtw_aligned
arctic_b0288,Korean,HJK,0.75,0.0,dtw_aligned
arctic_b0288,Korean,HJK,0.9,0.0,dtw_aligned
arctic_b0288,Korean,HJK,1.0,0.0,dtw_aligned
arctic_b0288,Vietnamese,HQTV,0.0,0.2857142857142857,dtw_aligned
arctic_b0288,Vietnamese,HQTV,0.25,0.0,dtw_aligned
arctic_b0288,Vietnamese,HQTV,0.5,0.0,dtw_aligned
arctic_b0288,Vietnamese,HQTV,0.75,0.0,dtw_aligned
arctic_b0288,Vietnamese,HQTV,0.9,0.0,dtw_aligned
arctic_b0288,Vietnamese,HQTV,1.0,0.0,dtw_aligned
arctic_b0288,Hindi,SVBI,0.0,0.0,dtw_aligned
arctic_b0288,Hindi,SVBI,0.25,0.0,dtw_aligned
arctic_b0288,Hindi,SVBI,0.5,0.0,dtw_aligned
arctic_b0288,Hindi,SVBI,0.75,0.0,dtw_aligned
arctic_b0288,Hindi,SVBI,0.9,0.0,dtw_aligned
arctic_b0288,Hindi,SVBI,1.0,0.0,dtw_aligned
arctic_b0288,Arabic,ZHAA,0.0,0.0,dtw_aligned
arctic_b0288,Arabic,ZHAA,0.25,0.0,dtw_aligned
arctic_b0288,Arabic,ZHAA,0.5,0.0,dtw_aligned
arctic_b0288,Arabic,ZHAA,0.75,0.0,dtw_aligned
arctic_b0288,Arabic,ZHAA,0.9,0.0,dtw_aligned
arctic_b0288,Arabic,ZHAA,1.0,0.0,dtw_aligned
arctic_b0300,Chinese,BWC,0.0,0.16666666666666666,dtw_aligned
arctic_b0300,Chinese,BWC,0.25,0.16666666666666666,dtw_aligned
arctic_b0300,Chinese,BWC,0.5,0.08333333333333333,dtw_aligned
arctic_b0300,Chinese,BWC,0.75,0.08333333333333333,dtw_aligned
arctic_b0300,Chinese,BWC,0.9,0.08333333333333333,dtw_aligned
arctic_b0300,Chinese,BWC,1.0,0.0,dtw_aligned
arctic_b0300,Spanish,EBVS,0.0,0.16666666666666666,dtw_aligned
arctic_b0300,Spanish,EBVS,0.25,0.08333333333333333,dtw_aligned
arctic_b0300,Spanish,EBVS,0.5,0.08333333333333333,dtw_aligned
arctic_b0300,Spanish,EBVS,0.75,0.16666666666666666,dtw_aligned
arctic_b0300,Spanish,EBVS,0.9,0.0,dtw_aligned
arctic_b0300,Spanish,EBVS,1.0,0.16666666666666666,dtw_aligned
arctic_b0300,Korean,HJK,0.0,0.08333333333333333,dtw_aligned
arctic_b0300,Korean,HJK,0.25,0.08333333333333333,dtw_aligned
arctic_b0300,Korean,HJK,0.5,0.08333333333333333,dtw_aligned
arctic_b0300,Korean,HJK,0.75,0.0,dtw_aligned
arctic_b0300,Korean,HJK,0.9,0.0,dtw_aligned
arctic_b0300,Korean,HJK,1.0,0.16666666666666666,dtw_aligned
arctic_b0300,Vietnamese,HQTV,0.0,0.3333333333333333,dtw_aligned
arctic_b0300,Vietnamese,HQTV,0.25,0.16666666666666666,dtw_aligned
arctic_b0300,Vietnamese,HQTV,0.5,0.16666666666666666,dtw_aligned
arctic_b0300,Vietnamese,HQTV,0.75,0.0,dtw_aligned
arctic_b0300,Vietnamese,HQTV,0.9,0.0,dtw_aligned
arctic_b0300,Vietnamese,HQTV,1.0,0.16666666666666666,dtw_aligned
arctic_b0300,Hindi,SVBI,0.0,0.16666666666666666,dtw_aligned
arctic_b0300,Hindi,SVBI,0.25,0.08333333333333333,dtw_aligned
arctic_b0300,Hindi,SVBI,0.5,0.16666666666666666,dtw_aligned
arctic_b0300,Hindi,SVBI,0.75,0.16666666666666666,dtw_aligned
arctic_b0300,Hindi,SVBI,0.9,0.16666666666666666,dtw_aligned
arctic_b0300,Hindi,SVBI,1.0,0.08333333333333333,dtw_aligned
arctic_b0300,Arabic,ZHAA,0.0,0.16666666666666666,dtw_aligned
arctic_b0300,Arabic,ZHAA,0.25,0.08333333333333333,dtw_aligned
arctic_b0300,Arabic,ZHAA,0.5,0.16666666666666666,dtw_aligned
arctic_b0300,Arabic,ZHAA,0.75,0.0,dtw_aligned
arctic_b0300,Arabic,ZHAA,0.9,0.08333333333333333,dtw_aligned
arctic_b0300,Arabic,ZHAA,1.0,0.16666666666666666,dtw_aligned
arctic_b0305,Chinese,BWC,0.0,0.09090909090909091,dtw_aligned
arctic_b0305,Chinese,BWC,0.25,0.09090909090909091,dtw_aligned
arctic_b0305,Chinese,BWC,0.5,0.09090909090909091,dtw_aligned
arctic_b0305,Chinese,BWC,0.75,0.0,dtw_aligned
arctic_b0305,Chinese,BWC,0.9,0.0,dtw_aligned
arctic_b0305,Chinese,BWC,1.0,0.09090909090909091,dtw_aligned
arctic_b0305,Spanish,EBVS,0.0,0.36363636363636365,dtw_aligned
arctic_b0305,Spanish,EBVS,0.25,0.09090909090909091,dtw_aligned
arctic_b0305,Spanish,EBVS,0.5,0.09090909090909091,dtw_aligned
arctic_b0305,Spanish,EBVS,0.75,0.0,dtw_aligned
arctic_b0305,Spanish,EBVS,0.9,0.0,dtw_aligned
arctic_b0305,Spanish,EBVS,1.0,0.09090909090909091,dtw_aligned
arctic_b0305,Korean,HJK,0.0,0.0,dtw_aligned
arctic_b0305,Korean,HJK,0.25,0.0,dtw_aligned
arctic_b0305,Korean,HJK,0.5,0.0,dtw_aligned
arctic_b0305,Korean,HJK,0.75,0.0,dtw_aligned
arctic_b0305,Korean,HJK,0.9,0.0,dtw_aligned
arctic_b0305,Korean,HJK,1.0,0.0,dtw_aligned
arctic_b0305,Vietnamese,HQTV,0.0,0.5454545454545454,dtw_aligned
arctic_b0305,Vietnamese,HQTV,0.25,0.45454545454545453,dtw_aligned
arctic_b0305,Vietnamese,HQTV,0.5,0.2727272727272727,dtw_aligned
arctic_b0305,Vietnamese,HQTV,0.75,0.0,dtw_aligned
arctic_b0305,Vietnamese,HQTV,0.9,0.0,dtw_aligned
arctic_b0305,Vietnamese,HQTV,1.0,0.0,dtw_aligned
arctic_b0305,Hindi,SVBI,0.0,0.0,dtw_aligned
arctic_b0305,Hindi,SVBI,0.25,0.0,dtw_aligned
arctic_b0305,Hindi,SVBI,0.5,0.0,dtw_aligned
arctic_b0305,Hindi,SVBI,0.75,0.0,dtw_aligned
arctic_b0305,Hindi,SVBI,0.9,0.0,dtw_aligned
arctic_b0305,Hindi,SVBI,1.0,0.0,dtw_aligned
arctic_b0305,Arabic,ZHAA,0.0,0.7272727272727273,dtw_aligned
arctic_b0305,Arabic,ZHAA,0.25,0.6363636363636364,dtw_aligned
arctic_b0305,Arabic,ZHAA,0.5,0.5454545454545454,dtw_aligned
arctic_b0305,Arabic,ZHAA,0.75,0.0,dtw_aligned
arctic_b0305,Arabic,ZHAA,0.9,0.0,dtw_aligned
arctic_b0305,Arabic,ZHAA,1.0,0.09090909090909091,dtw_aligned
arctic_b0311,Chinese,BWC,0.0,0.0,dtw_aligned
arctic_b0311,Chinese,BWC,0.25,0.0,dtw_aligned
arctic_b0311,Chinese,BWC,0.5,0.0,dtw_aligned
arctic_b0311,Chinese,BWC,0.75,0.0,dtw_aligned
arctic_b0311,Chinese,BWC,0.9,0.4,dtw_aligned
arctic_b0311,Chinese,BWC,1.0,0.6,dtw_aligned
arctic_b0311,Spanish,EBVS,0.0,0.2,dtw_aligned
arctic_b0311,Spanish,EBVS,0.25,0.0,dtw_aligned
arctic_b0311,Spanish,EBVS,0.5,0.4,dtw_aligned
arctic_b0311,Spanish,EBVS,0.75,0.4,dtw_aligned
arctic_b0311,Spanish,EBVS,0.9,0.6,dtw_aligned
arctic_b0311,Spanish,EBVS,1.0,0.6,dtw_aligned
arctic_b0311,Korean,HJK,0.0,0.0,dtw_aligned
arctic_b0311,Korean,HJK,0.25,0.0,dtw_aligned
arctic_b0311,Korean,HJK,0.5,0.0,dtw_aligned
arctic_b0311,Korean,HJK,0.75,0.6,dtw_aligned
arctic_b0311,Korean,HJK,0.9,0.6,dtw_aligned
arctic_b0311,Korean,HJK,1.0,0.6,dtw_aligned
arctic_b0311,Vietnamese,HQTV,0.0,0.6,dtw_aligned
arctic_b0311,Vietnamese,HQTV,0.25,0.4,dtw_aligned
arctic_b0311,Vietnamese,HQTV,0.5,0.0,dtw_aligned
arctic_b0311,Vietnamese,HQTV,0.75,0.0,dtw_aligned
arctic_b0311,Vietnamese,HQTV,0.9,0.4,dtw_aligned
arctic_b0311,Vietnamese,HQTV,1.0,0.6,dtw_aligned
arctic_b0311,Hindi,SVBI,0.0,0.0,dtw_aligned
arctic_b0311,Hindi,SVBI,0.25,0.0,dtw_aligned
arctic_b0311,Hindi,SVBI,0.5,0.0,dtw_aligned
arctic_b0311,Hindi,SVBI,0.75,0.4,dtw_aligned
arctic_b0311,Hindi,SVBI,0.9,0.6,dtw_aligned
arctic_b0311,Hindi,SVBI,1.0,0.8,dtw_aligned
arctic_b0311,Arabic,ZHAA,0.0,0.0,dtw_aligned
arctic_b0311,Arabic,ZHAA,0.25,0.0,dtw_aligned
arctic_b0311,Arabic,ZHAA,0.5,0.0,dtw_aligned
arctic_b0311,Arabic,ZHAA,0.75,0.4,dtw_aligned
arctic_b0311,Arabic,ZHAA,0.9,0.6,dtw_aligned
arctic_b0311,Arabic,ZHAA,1.0,0.6,dtw_aligned
arctic_b0318,Chinese,BWC,0.0,0.14285714285714285,dtw_aligned
arctic_b0318,Chinese,BWC,0.25,0.0,dtw_aligned
arctic_b0318,Chinese,BWC,0.5,0.0,dtw_aligned
arctic_b0318,Chinese,BWC,0.75,0.0,dtw_aligned
arctic_b0318,Chinese,BWC,0.9,0.0,dtw_aligned
arctic_b0318,Chinese,BWC,1.0,0.0,dtw_aligned
arctic_b0318,Spanish,EBVS,0.0,0.14285714285714285,dtw_aligned
arctic_b0318,Spanish,EBVS,0.25,0.0,dtw_aligned
arctic_b0318,Spanish,EBVS,0.5,0.0,dtw_aligned
arctic_b0318,Spanish,EBVS,0.75,0.0,dtw_aligned
arctic_b0318,Spanish,EBVS,0.9,0.0,dtw_aligned
arctic_b0318,Spanish,EBVS,1.0,0.0,dtw_aligned
arctic_b0318,Korean,HJK,0.0,0.0,dtw_aligned
arctic_b0318,Korean,HJK,0.25,0.0,dtw_aligned
arctic_b0318,Korean,HJK,0.5,0.0,dtw_aligned
arctic_b0318,Korean,HJK,0.75,0.0,dtw_aligned
arctic_b0318,Korean,HJK,0.9,0.0,dtw_aligned
arctic_b0318,Korean,HJK,1.0,0.0,dtw_aligned
arctic_b0318,Vietnamese,HQTV,0.0,0.0,dtw_aligned
arctic_b0318,Vietnamese,HQTV,0.25,0.0,dtw_aligned
arctic_b0318,Vietnamese,HQTV,0.5,0.0,dtw_aligned
arctic_b0318,Vietnamese,HQTV,0.75,0.0,dtw_aligned
arctic_b0318,Vietnamese,HQTV,0.9,0.0,dtw_aligned
arctic_b0318,Vietnamese,HQTV,1.0,0.0,dtw_aligned
arctic_b0318,Hindi,SVBI,0.0,0.0,dtw_aligned
arctic_b0318,Hindi,SVBI,0.25,0.0,dtw_aligned
arctic_b0318,Hindi,SVBI,0.5,0.0,dtw_aligned
arctic_b0318,Hindi,SVBI,0.75,0.0,dtw_aligned
arctic_b0318,Hindi,SVBI,0.9,0.0,dtw_aligned
arctic_b0318,Hindi,SVBI,1.0,0.0,dtw_aligned
arctic_b0318,Arabic,ZHAA,0.0,0.14285714285714285,dtw_aligned
arctic_b0318,Arabic,ZHAA,0.25,0.0,dtw_aligned
arctic_b0318,Arabic,ZHAA,0.5,0.0,dtw_aligned
arctic_b0318,Arabic,ZHAA,0.75,0.0,dtw_aligned
arctic_b0318,Arabic,ZHAA,0.9,0.0,dtw_aligned
arctic_b0318,Arabic,ZHAA,1.0,0.0,dtw_aligned
arctic_b0324,Chinese,BWC,0.0,0.1,dtw_aligned
arctic_b0324,Chinese,BWC,0.25,0.1,dtw_aligned
arctic_b0324,Chinese,BWC,0.5,0.1,dtw_aligned
arctic_b0324,Chinese,BWC,0.75,0.1,dtw_aligned
arctic_b0324,Chinese,BWC,0.9,0.0,dtw_aligned
arctic_b0324,Chinese,BWC,1.0,0.0,dtw_aligned
arctic_b0324,Spanish,EBVS,0.0,0.2,dtw_aligned
arctic_b0324,Spanish,EBVS,0.25,0.3,dtw_aligned
arctic_b0324,Spanish,EBVS,0.5,0.1,dtw_aligned
arctic_b0324,Spanish,EBVS,0.75,0.1,dtw_aligned
arctic_b0324,Spanish,EBVS,0.9,0.1,dtw_aligned
arctic_b0324,Spanish,EBVS,1.0,0.0,dtw_aligned
arctic_b0324,Korean,HJK,0.0,0.0,dtw_aligned
arctic_b0324,Korean,HJK,0.25,0.0,dtw_aligned
arctic_b0324,Korean,HJK,0.5,0.0,dtw_aligned
arctic_b0324,Korean,HJK,0.75,0.0,dtw_aligned
arctic_b0324,Korean,HJK,0.9,0.0,dtw_aligned
arctic_b0324,Korean,HJK,1.0,0.0,dtw_aligned
arctic_b0324,Vietnamese,HQTV,0.0,0.5,dtw_aligned
arctic_b0324,Vietnamese,HQTV,0.25,0.4,dtw_aligned
arctic_b0324,Vietnamese,HQTV,0.5,0.4,dtw_aligned
arctic_b0324,Vietnamese,HQTV,0.75,0.2,dtw_aligned
arctic_b0324,Vietnamese,HQTV,0.9,0.1,dtw_aligned
arctic_b0324,Vietnamese,HQTV,1.0,0.0,dtw_aligned
arctic_b0324,Hindi,SVBI,0.0,0.1,dtw_aligned
arctic_b0324,Hindi,SVBI,0.25,0.0,dtw_aligned
arctic_b0324,Hindi,SVBI,0.5,0.0,dtw_aligned
arctic_b0324,Hindi,SVBI,0.75,0.0,dtw_aligned
arctic_b0324,Hindi,SVBI,0.9,0.0,dtw_aligned
arctic_b0324,Hindi,SVBI,1.0,0.0,dtw_aligned
arctic_b0324,Arabic,ZHAA,0.0,0.1,dtw_aligned
arctic_b0324,Arabic,ZHAA,0.25,0.1,dtw_aligned
arctic_b0324,Arabic,ZHAA,0.5,0.1,dtw_aligned
arctic_b0324,Arabic,ZHAA,0.75,0.2,dtw_aligned
arctic_b0324,Arabic,ZHAA,0.9,0.0,dtw_aligned
arctic_b0324,Arabic,ZHAA,1.0,0.0,dtw_aligned
arctic_b0353,Chinese,BWC,0.0,0.0,dtw_aligned
arctic_b0353,Chinese,BWC,0.25,0.0,dtw_aligned
arctic_b0353,Chinese,BWC,0.5,0.0,dtw_aligned
arctic_b0353,Chinese,BWC,0.75,0.0,dtw_aligned
arctic_b0353,Chinese,BWC,0.9,0.0,dtw_aligned
arctic_b0353,Chinese,BWC,1.0,0.0,dtw_aligned
arctic_b0353,Spanish,EBVS,0.0,0.0,dtw_aligned
arctic_b0353,Spanish,EBVS,0.25,0.1111111111111111,dtw_aligned
arctic_b0353,Spanish,EBVS,0.5,0.1111111111111111,dtw_aligned
arctic_b0353,Spanish,EBVS,0.75,0.0,dtw_aligned
arctic_b0353,Spanish,EBVS,0.9,0.0,dtw_aligned
arctic_b0353,Spanish,EBVS,1.0,0.0,dtw_aligned
arctic_b0353,Korean,HJK,0.0,0.1111111111111111,dtw_aligned
arctic_b0353,Korean,HJK,0.25,0.1111111111111111,dtw_aligned
arctic_b0353,Korean,HJK,0.5,0.1111111111111111,dtw_aligned
arctic_b0353,Korean,HJK,0.75,0.1111111111111111,dtw_aligned
arctic_b0353,Korean,HJK,0.9,0.0,dtw_aligned
arctic_b0353,Korean,HJK,1.0,0.0,dtw_aligned
arctic_b0353,Vietnamese,HQTV,0.0,0.0,dtw_aligned
arctic_b0353,Vietnamese,HQTV,0.25,0.0,dtw_aligned
arctic_b0353,Vietnamese,HQTV,0.5,0.0,dtw_aligned
arctic_b0353,Vietnamese,HQTV,0.75,0.0,dtw_aligned
arctic_b0353,Vietnamese,HQTV,0.9,0.0,dtw_aligned
arctic_b0353,Vietnamese,HQTV,1.0,0.0,dtw_aligned
arctic_b0353,Hindi,SVBI,0.0,0.0,dtw_aligned
arctic_b0353,Hindi,SVBI,0.25,0.0,dtw_aligned
arctic_b0353,Hindi,SVBI,0.5,0.0,dtw_aligned
arctic_b0353,Hindi,SVBI,0.75,0.0,dtw_aligned
arctic_b0353,Hindi,SVBI,0.9,0.0,dtw_aligned
arctic_b0353,Hindi,SVBI,1.0,0.0,dtw_aligned
arctic_b0353,Arabic,ZHAA,0.0,0.0,dtw_aligned
arctic_b0353,Arabic,ZHAA,0.25,0.1111111111111111,dtw_aligned
arctic_b0353,Arabic,ZHAA,0.5,0.1111111111111111,dtw_aligned
arctic_b0353,Arabic,ZHAA,0.75,0.1111111111111111,dtw_aligned
arctic_b0353,Arabic,ZHAA,0.9,0.0,dtw_aligned
arctic_b0353,Arabic,ZHAA,1.0,0.0,dtw_aligned
arctic_b0356,Chinese,BWC,0.0,0.0,dtw_aligned
arctic_b0356,Chinese,BWC,0.25,0.3333333333333333,dtw_aligned
arctic_b0356,Chinese,BWC,0.5,0.16666666666666666,dtw_aligned
arctic_b0356,Chinese,BWC,0.75,0.0,dtw_aligned
arctic_b0356,Chinese,BWC,0.9,0.0,dtw_aligned
arctic_b0356,Chinese,BWC,1.0,0.0,dtw_aligned
arctic_b0356,Spanish,EBVS,0.0,0.0,dtw_aligned
arctic_b0356,Spanish,EBVS,0.25,0.0,dtw_aligned
arctic_b0356,Spanish,EBVS,0.5,0.0,dtw_aligned
arctic_b0356,Spanish,EBVS,0.75,0.0,dtw_aligned
arctic_b0356,Spanish,EBVS,0.9,0.0,dtw_aligned
arctic_b0356,Spanish,EBVS,1.0,0.0,dtw_aligned
arctic_b0356,Korean,HJK,0.0,0.0,dtw_aligned
arctic_b0356,Korean,HJK,0.25,0.0,dtw_aligned
arctic_b0356,Korean,HJK,0.5,0.0,dtw_aligned
arctic_b0356,Korean,HJK,0.75,0.0,dtw_aligned
arctic_b0356,Korean,HJK,0.9,0.0,dtw_aligned
arctic_b0356,Korean,HJK,1.0,0.0,dtw_aligned
arctic_b0356,Vietnamese,HQTV,0.0,0.0,dtw_aligned
arctic_b0356,Vietnamese,HQTV,0.25,0.0,dtw_aligned
arctic_b0356,Vietnamese,HQTV,0.5,0.0,dtw_aligned
arctic_b0356,Vietnamese,HQTV,0.75,0.0,dtw_aligned
arctic_b0356,Vietnamese,HQTV,0.9,0.0,dtw_aligned
arctic_b0356,Vietnamese,HQTV,1.0,0.0,dtw_aligned
arctic_b0356,Hindi,SVBI,0.0,0.0,dtw_aligned
arctic_b0356,Hindi,SVBI,0.25,0.0,dtw_aligned
arctic_b0356,Hindi,SVBI,0.5,0.0,dtw_aligned
arctic_b0356,Hindi,SVBI,0.75,0.0,dtw_aligned
arctic_b0356,Hindi,SVBI,0.9,0.0,dtw_aligned
arctic_b0356,Hindi,SVBI,1.0,0.0,dtw_aligned
arctic_b0356,Arabic,ZHAA,0.0,0.0,dtw_aligned
arctic_b0356,Arabic,ZHAA,0.25,0.0,dtw_aligned
arctic_b0356,Arabic,ZHAA,0.5,0.0,dtw_aligned
arctic_b0356,Arabic,ZHAA,0.75,0.0,dtw_aligned
arctic_b0356,Arabic,ZHAA,0.9,0.0,dtw_aligned
arctic_b0356,Arabic,ZHAA,1.0,0.0,dtw_aligned
arctic_b0360,Chinese,BWC,0.0,0.16666666666666666,dtw_aligned
arctic_b0360,Chinese,BWC,0.25,0.08333333333333333,dtw_aligned
arctic_b0360,Chinese,BWC,0.5,0.16666666666666666,dtw_aligned
arctic_b0360,Chinese,BWC,0.75,0.08333333333333333,dtw_aligned
arctic_b0360,Chinese,BWC,0.9,0.16666666666666666,dtw_aligned
arctic_b0360,Chinese,BWC,1.0,0.0,dtw_aligned
arctic_b0360,Spanish,EBVS,0.0,0.08333333333333333,dtw_aligned
arctic_b0360,Spanish,EBVS,0.25,0.08333333333333333,dtw_aligned
arctic_b0360,Spanish,EBVS,0.5,0.08333333333333333,dtw_aligned
arctic_b0360,Spanish,EBVS,0.75,0.16666666666666666,dtw_aligned
arctic_b0360,Spanish,EBVS,0.9,0.16666666666666666,dtw_aligned
arctic_b0360,Spanish,EBVS,1.0,0.0,dtw_aligned
arctic_b0360,Korean,HJK,0.0,0.0,dtw_aligned
arctic_b0360,Korean,HJK,0.25,0.0,dtw_aligned
arctic_b0360,Korean,HJK,0.5,0.0,dtw_aligned
arctic_b0360,Korean,HJK,0.75,0.0,dtw_aligned
arctic_b0360,Korean,HJK,0.9,0.0,dtw_aligned
arctic_b0360,Korean,HJK,1.0,0.0,dtw_aligned
arctic_b0360,Vietnamese,HQTV,0.0,0.16666666666666666,dtw_aligned
arctic_b0360,Vietnamese,HQTV,0.25,0.08333333333333333,dtw_aligned
arctic_b0360,Vietnamese,HQTV,0.5,0.16666666666666666,dtw_aligned
arctic_b0360,Vietnamese,HQTV,0.75,0.16666666666666666,dtw_aligned
arctic_b0360,Vietnamese,HQTV,0.9,0.16666666666666666,dtw_aligned
arctic_b0360,Vietnamese,HQTV,1.0,0.0,dtw_aligned
arctic_b0360,Hindi,SVBI,0.0,0.08333333333333333,dtw_aligned
arctic_b0360,Hindi,SVBI,0.25,0.0,dtw_aligned
arctic_b0360,Hindi,SVBI,0.5,0.0,dtw_aligned
arctic_b0360,Hindi,SVBI,0.75,0.08333333333333333,dtw_aligned
arctic_b0360,Hindi,SVBI,0.9,0.08333333333333333,dtw_aligned
arctic_b0360,Hindi,SVBI,1.0,0.08333333333333333,dtw_aligned
arctic_b0360,Arabic,ZHAA,0.0,0.16666666666666666,dtw_aligned
arctic_b0360,Arabic,ZHAA,0.25,0.08333333333333333,dtw_aligned
arctic_b0360,Arabic,ZHAA,0.5,0.08333333333333333,dtw_aligned
arctic_b0360,Arabic,ZHAA,0.75,0.16666666666666666,dtw_aligned
arctic_b0360,Arabic,ZHAA,0.9,0.16666666666666666,dtw_aligned
arctic_b0360,Arabic,ZHAA,1.0,0.0,dtw_aligned
arctic_b0365,Chinese,BWC,0.0,0.0,dtw_aligned
arctic_b0365,Chinese,BWC,0.25,0.0,dtw_aligned
arctic_b0365,Chinese,BWC,0.5,0.0,dtw_aligned
arctic_b0365,Chinese,BWC,0.75,0.0,dtw_aligned
arctic_b0365,Chinese,BWC,0.9,0.14285714285714285,dtw_aligned
arctic_b0365,Chinese,BWC,1.0,0.14285714285714285,dtw_aligned
arctic_b0365,Spanish,EBVS,0.0,0.0,dtw_aligned
arctic_b0365,Spanish,EBVS,0.25,0.0,dtw_aligned
arctic_b0365,Spanish,EBVS,0.5,0.0,dtw_aligned
arctic_b0365,Spanish,EBVS,0.75,0.0,dtw_aligned
arctic_b0365,Spanish,EBVS,0.9,0.14285714285714285,dtw_aligned
arctic_b0365,Spanish,EBVS,1.0,0.14285714285714285,dtw_aligned
arctic_b0365,Korean,HJK,0.0,0.0,dtw_aligned
arctic_b0365,Korean,HJK,0.25,0.0,dtw_aligned
arctic_b0365,Korean,HJK,0.5,0.0,dtw_aligned
arctic_b0365,Korean,HJK,0.75,0.14285714285714285,dtw_aligned
arctic_b0365,Korean,HJK,0.9,0.14285714285714285,dtw_aligned
arctic_b0365,Korean,HJK,1.0,0.14285714285714285,dtw_aligned
arctic_b0365,Vietnamese,HQTV,0.0,0.0,dtw_aligned
arctic_b0365,Vietnamese,HQTV,0.25,0.0,dtw_aligned
arctic_b0365,Vietnamese,HQTV,0.5,0.0,dtw_aligned
arctic_b0365,Vietnamese,HQTV,0.75,0.0,dtw_aligned
arctic_b0365,Vietnamese,HQTV,0.9,0.14285714285714285,dtw_aligned
arctic_b0365,Vietnamese,HQTV,1.0,0.14285714285714285,dtw_aligned
arctic_b0365,Hindi,SVBI,0.0,0.0,dtw_aligned
arctic_b0365,Hindi,SVBI,0.25,0.0,dtw_aligned
arctic_b0365,Hindi,SVBI,0.5,0.0,dtw_aligned
arctic_b0365,Hindi,SVBI,0.75,0.0,dtw_aligned
arctic_b0365,Hindi,SVBI,0.9,0.14285714285714285,dtw_aligned
arctic_b0365,Hindi,SVBI,1.0,0.14285714285714285,dtw_aligned
arctic_b0365,Arabic,ZHAA,0.0,0.0,dtw_aligned
arctic_b0365,Arabic,ZHAA,0.25,0.0,dtw_aligned
arctic_b0365,Arabic,ZHAA,0.5,0.0,dtw_aligned
arctic_b0365,Arabic,ZHAA,0.75,0.14285714285714285,dtw_aligned
arctic_b0365,Arabic,ZHAA,0.9,0.14285714285714285,dtw_aligned
arctic_b0365,Arabic,ZHAA,1.0,0.14285714285714285,dtw_aligned
arctic_b0367,Chinese,BWC,0.0,0.2,dtw_aligned
arctic_b0367,Chinese,BWC,0.25,0.2,dtw_aligned
arctic_b0367,Chinese,BWC,0.5,0.1,dtw_aligned
arctic_b0367,Chinese,BWC,0.75,0.1,dtw_aligned
arctic_b0367,Chinese,BWC,0.9,0.0,dtw_aligned
arctic_b0367,Chinese,BWC,1.0,0.0,dtw_aligned
arctic_b0367,Spanish,EBVS,0.0,0.0,dtw_aligned
arctic_b0367,Spanish,EBVS,0.25,0.2,dtw_aligned
arctic_b0367,Spanish,EBVS,0.5,0.2,dtw_aligned
arctic_b0367,Spanish,EBVS,0.75,0.0,dtw_aligned
arctic_b0367,Spanish,EBVS,0.9,0.0,dtw_aligned
arctic_b0367,Spanish,EBVS,1.0,0.0,dtw_aligned
arctic_b0367,Korean,HJK,0.0,0.0,dtw_aligned
arctic_b0367,Korean,HJK,0.25,0.0,dtw_aligned
arctic_b0367,Korean,HJK,0.5,0.0,dtw_aligned
arctic_b0367,Korean,HJK,0.75,0.0,dtw_aligned
arctic_b0367,Korean,HJK,0.9,0.0,dtw_aligned
arctic_b0367,Korean,HJK,1.0,0.0,dtw_aligned
arctic_b0367,Vietnamese,HQTV,0.0,0.3,dtw_aligned
arctic_b0367,Vietnamese,HQTV,0.25,0.2,dtw_aligned
arctic_b0367,Vietnamese,HQTV,0.5,0.0,dtw_aligned
arctic_b0367,Vietnamese,HQTV,0.75,0.0,dtw_aligned
arctic_b0367,Vietnamese,HQTV,0.9,0.0,dtw_aligned
arctic_b0367,Vietnamese,HQTV,1.0,0.0,dtw_aligned
arctic_b0367,Hindi,SVBI,0.0,0.0,dtw_aligned
arctic_b0367,Hindi,SVBI,0.25,0.0,dtw_aligned
arctic_b0367,Hindi,SVBI,0.5,0.0,dtw_aligned
arctic_b0367,Hindi,SVBI,0.75,0.0,dtw_aligned
arctic_b0367,Hindi,SVBI,0.9,0.0,dtw_aligned
arctic_b0367,Hindi,SVBI,1.0,0.0,dtw_aligned
arctic_b0367,Arabic,ZHAA,0.0,0.0,dtw_aligned
arctic_b0367,Arabic,ZHAA,0.25,0.0,dtw_aligned
arctic_b0367,Arabic,ZHAA,0.5,0.0,dtw_aligned
arctic_b0367,Arabic,ZHAA,0.75,0.0,dtw_aligned
arctic_b0367,Arabic,ZHAA,0.9,0.0,dtw_aligned
arctic_b0367,Arabic,ZHAA,1.0,0.0,dtw_aligned
arctic_b0379,Chinese,BWC,0.0,0.2727272727272727,dtw_aligned
arctic_b0379,Chinese,BWC,0.25,0.18181818181818182,dtw_aligned
arctic_b0379,Chinese,BWC,0.5,0.18181818181818182,dtw_aligned
arctic_b0379,Chinese,BWC,0.75,0.0,dtw_aligned
arctic_b0379,Chinese,BWC,0.9,0.0,dtw_aligned
arctic_b0379,Chinese,BWC,1.0,0.18181818181818182,dtw_aligned
arctic_b0379,Spanish,EBVS,0.0,0.18181818181818182,dtw_aligned
arctic_b0379,Spanish,EBVS,0.25,0.0,dtw_aligned
arctic_b0379,Spanish,EBVS,0.5,0.0,dtw_aligned
arctic_b0379,Spanish,EBVS,0.75,0.0,dtw_aligned
arctic_b0379,Spanish,EBVS,0.9,0.18181818181818182,dtw_aligned
arctic_b0379,Spanish,EBVS,1.0,0.18181818181818182,dtw_aligned
arctic_b0379,Korean,HJK,0.0,0.0,dtw_aligned
arctic_b0379,Korean,HJK,0.25,0.0,dtw_aligned
arctic_b0379,Korean,HJK,0.5,0.0,dtw_aligned
arctic_b0379,Korean,HJK,0.75,0.0,dtw_aligned
arctic_b0379,Korean,HJK,0.9,0.18181818181818182,dtw_aligned
arctic_b0379,Korean,HJK,1.0,0.18181818181818182,dtw_aligned
arctic_b0379,Vietnamese,HQTV,0.0,0.09090909090909091,dtw_aligned
arctic_b0379,Vietnamese,HQTV,0.25,0.09090909090909091,dtw_aligned
arctic_b0379,Vietnamese,HQTV,0.5,0.0,dtw_aligned
arctic_b0379,Vietnamese,HQTV,0.75,0.0,dtw_aligned
arctic_b0379,Vietnamese,HQTV,0.9,0.0,dtw_aligned
arctic_b0379,Vietnamese,HQTV,1.0,0.18181818181818182,dtw_aligned
arctic_b0379,Hindi,SVBI,0.0,0.18181818181818182,dtw_aligned
arctic_b0379,Hindi,SVBI,0.25,0.09090909090909091,dtw_aligned
arctic_b0379,Hindi,SVBI,0.5,0.0,dtw_aligned
arctic_b0379,Hindi,SVBI,0.75,0.18181818181818182,dtw_aligned
arctic_b0379,Hindi,SVBI,0.9,0.18181818181818182,dtw_aligned
arctic_b0379,Hindi,SVBI,1.0,0.18181818181818182,dtw_aligned
arctic_b0379,Arabic,ZHAA,0.0,0.18181818181818182,dtw_aligned
arctic_b0379,Arabic,ZHAA,0.25,0.0,dtw_aligned
arctic_b0379,Arabic,ZHAA,0.5,0.0,dtw_aligned
arctic_b0379,Arabic,ZHAA,0.75,0.0,dtw_aligned
arctic_b0379,Arabic,ZHAA,0.9,0.18181818181818182,dtw_aligned
arctic_b0379,Arabic,ZHAA,1.0,0.18181818181818182,dtw_aligned
arctic_b0384,Chinese,BWC,0.0,0.3076923076923077,dtw_aligned
arctic_b0384,Chinese,BWC,0.25,0.23076923076923078,dtw_aligned
arctic_b0384,Chinese,BWC,0.5,0.38461538461538464,dtw_aligned
arctic_b0384,Chinese,BWC,0.75,0.3076923076923077,dtw_aligned
arctic_b0384,Chinese,BWC,0.9,0.3076923076923077,dtw_aligned
arctic_b0384,Chinese,BWC,1.0,0.38461538461538464,dtw_aligned
arctic_b0384,Spanish,EBVS,0.0,0.23076923076923078,dtw_aligned
arctic_b0384,Spanish,EBVS,0.25,0.23076923076923078,dtw_aligned
arctic_b0384,Spanish,EBVS,0.5,0.23076923076923078,dtw_aligned
arctic_b0384,Spanish,EBVS,0.75,0.3076923076923077,dtw_aligned
arctic_b0384,Spanish,EBVS,0.9,0.3076923076923077,dtw_aligned
arctic_b0384,Spanish,EBVS,1.0,0.23076923076923078,dtw_aligned
arctic_b0384,Korean,HJK,0.0,0.3076923076923077,dtw_aligned
arctic_b0384,Korean,HJK,0.25,0.3076923076923077,dtw_aligned
arctic_b0384,Korean,HJK,0.5,0.23076923076923078,dtw_aligned
arctic_b0384,Korean,HJK,0.75,0.3076923076923077,dtw_aligned
arctic_b0384,Korean,HJK,0.9,0.3076923076923077,dtw_aligned
arctic_b0384,Korean,HJK,1.0,0.23076923076923078,dtw_aligned
arctic_b0384,Vietnamese,HQTV,0.0,0.38461538461538464,dtw_aligned
arctic_b0384,Vietnamese,HQTV,0.25,0.3076923076923077,dtw_aligned
arctic_b0384,Vietnamese,HQTV,0.5,0.3076923076923077,dtw_aligned
arctic_b0384,Vietnamese,HQTV,0.75,0.38461538461538464,dtw_aligned
arctic_b0384,Vietnamese,HQTV,0.9,0.3076923076923077,dtw_aligned
arctic_b0384,Vietnamese,HQTV,1.0,0.38461538461538464,dtw_aligned
arctic_b0384,Hindi,SVBI,0.0,0.15384615384615385,dtw_aligned
arctic_b0384,Hindi,SVBI,0.25,0.07692307692307693,dtw_aligned
arctic_b0384,Hindi,SVBI,0.5,0.07692307692307693,dtw_aligned
arctic_b0384,Hindi,SVBI,0.75,0.23076923076923078,dtw_aligned
arctic_b0384,Hindi,SVBI,0.9,0.3076923076923077,dtw_aligned
arctic_b0384,Hindi,SVBI,1.0,0.3076923076923077,dtw_aligned
arctic_b0384,Arabic,ZHAA,0.0,0.38461538461538464,dtw_aligned
arctic_b0384,Arabic,ZHAA,0.25,0.3076923076923077,dtw_aligned
arctic_b0384,Arabic,ZHAA,0.5,0.23076923076923078,dtw_aligned
arctic_b0384,Arabic,ZHAA,0.75,0.3076923076923077,dtw_aligned
arctic_b0384,Arabic,ZHAA,0.9,0.3076923076923077,dtw_aligned
arctic_b0384,Arabic,ZHAA,1.0,0.23076923076923078,dtw_aligned
arctic_b0395,Chinese,BWC,0.0,0.125,dtw_aligned
arctic_b0395,Chinese,BWC,0.25,0.125,dtw_aligned
arctic_b0395,Chinese,BWC,0.5,0.125,dtw_aligned
arctic_b0395,Chinese,BWC,0.75,0.0,dtw_aligned
arctic_b0395,Chinese,BWC,0.9,0.0,dtw_aligned
arctic_b0395,Chinese,BWC,1.0,0.0,dtw_aligned
arctic_b0395,Spanish,EBVS,0.0,0.125,dtw_aligned
arctic_b0395,Spanish,EBVS,0.25,0.0,dtw_aligned
arctic_b0395,Spanish,EBVS,0.5,0.0,dtw_aligned
arctic_b0395,Spanish,EBVS,0.75,0.0,dtw_aligned
arctic_b0395,Spanish,EBVS,0.9,0.0,dtw_aligned
arctic_b0395,Spanish,EBVS,1.0,0.0,dtw_aligned
arctic_b0395,Korean,HJK,0.0,0.0,dtw_aligned
arctic_b0395,Korean,HJK,0.25,0.0,dtw_aligned
arctic_b0395,Korean,HJK,0.5,0.0,dtw_aligned
arctic_b0395,Korean,HJK,0.75,0.0,dtw_aligned
arctic_b0395,Korean,HJK,0.9,0.0,dtw_aligned
arctic_b0395,Korean,HJK,1.0,0.0,dtw_aligned
arctic_b0395,Vietnamese,HQTV,0.0,0.125,dtw_aligned
arctic_b0395,Vietnamese,HQTV,0.25,0.0,dtw_aligned
arctic_b0395,Vietnamese,HQTV,0.5,0.0,dtw_aligned
arctic_b0395,Vietnamese,HQTV,0.75,0.0,dtw_aligned
arctic_b0395,Vietnamese,HQTV,0.9,0.0,dtw_aligned
arctic_b0395,Vietnamese,HQTV,1.0,0.0,dtw_aligned
arctic_b0395,Hindi,SVBI,0.0,0.0,dtw_aligned
arctic_b0395,Hindi,SVBI,0.25,0.0,dtw_aligned
arctic_b0395,Hindi,SVBI,0.5,0.0,dtw_aligned
arctic_b0395,Hindi,SVBI,0.75,0.0,dtw_aligned
arctic_b0395,Hindi,SVBI,0.9,0.0,dtw_aligned
arctic_b0395,Hindi,SVBI,1.0,0.0,dtw_aligned
arctic_b0395,Arabic,ZHAA,0.0,0.125,dtw_aligned
arctic_b0395,Arabic,ZHAA,0.25,0.0,dtw_aligned
arctic_b0395,Arabic,ZHAA,0.5,0.0,dtw_aligned
arctic_b0395,Arabic,ZHAA,0.75,0.0,dtw_aligned
arctic_b0395,Arabic,ZHAA,0.9,0.0,dtw_aligned
arctic_b0395,Arabic,ZHAA,1.0,0.0,dtw_aligned
arctic_b0397,Chinese,BWC,0.0,0.07692307692307693,dtw_aligned
arctic_b0397,Chinese,BWC,0.25,0.07692307692307693,dtw_aligned
arctic_b0397,Chinese,BWC,0.5,0.0,dtw_aligned
arctic_b0397,Chinese,BWC,0.75,0.15384615384615385,dtw_aligned
arctic_b0397,Chinese,BWC,0.9,0.07692307692307693,dtw_aligned
arctic_b0397,Chinese,BWC,1.0,0.15384615384615385,dtw_aligned
arctic_b0397,Spanish,EBVS,0.0,0.46153846153846156,dtw_aligned
arctic_b0397,Spanish,EBVS,0.25,0.3076923076923077,dtw_aligned
arctic_b0397,Spanish,EBVS,0.5,0.15384615384615385,dtw_aligned
arctic_b0397,Spanish,EBVS,0.75,0.15384615384615385,dtw_aligned
arctic_b0397,Spanish,EBVS,0.9,0.15384615384615385,dtw_aligned
arctic_b0397,Spanish,EBVS,1.0,0.15384615384615385,dtw_aligned
arctic_b0397,Korean,HJK,0.0,0.07692307692307693,dtw_aligned
arctic_b0397,Korean,HJK,0.25,0.15384615384615385,dtw_aligned
arctic_b0397,Korean,HJK,0.5,0.15384615384615385,dtw_aligned
arctic_b0397,Korean,HJK,0.75,0.15384615384615385,dtw_aligned
arctic_b0397,Korean,HJK,0.9,0.15384615384615385,dtw_aligned
arctic_b0397,Korean,HJK,1.0,0.15384615384615385,dtw_aligned
arctic_b0397,Vietnamese,HQTV,0.0,0.5384615384615384,dtw_aligned
arctic_b0397,Vietnamese,HQTV,0.25,0.23076923076923078,dtw_aligned
arctic_b0397,Vietnamese,HQTV,0.5,0.23076923076923078,dtw_aligned
arctic_b0397,Vietnamese,HQTV,0.75,0.0,dtw_aligned
arctic_b0397,Vietnamese,HQTV,0.9,0.07692307692307693,dtw_aligned
arctic_b0397,Vietnamese,HQTV,1.0,0.15384615384615385,dtw_aligned
arctic_b0397,Hindi,SVBI,0.0,0.23076923076923078,dtw_aligned
arctic_b0397,Hindi,SVBI,0.25,0.38461538461538464,dtw_aligned
arctic_b0397,Hindi,SVBI,0.5,0.3076923076923077,dtw_aligned
arctic_b0397,Hindi,SVBI,0.75,0.15384615384615385,dtw_aligned
arctic_b0397,Hindi,SVBI,0.9,0.15384615384615385,dtw_aligned
arctic_b0397,Hindi,SVBI,1.0,0.23076923076923078,dtw_aligned
arctic_b0397,Arabic,ZHAA,0.0,0.23076923076923078,dtw_aligned
arctic_b0397,Arabic,ZHAA,0.25,0.23076923076923078,dtw_aligned
arctic_b0397,Arabic,ZHAA,0.5,0.15384615384615385,dtw_aligned
arctic_b0397,Arabic,ZHAA,0.75,0.07692307692307693,dtw_aligned
arctic_b0397,Arabic,ZHAA,0.9,0.23076923076923078,dtw_aligned
arctic_b0397,Arabic,ZHAA,1.0,0.15384615384615385,dtw_aligned
arctic_b0447,Chinese,BWC,0.0,0.36363636363636365,dtw_aligned
arctic_b0447,Chinese,BWC,0.25,0.2727272727272727,dtw_aligned
arctic_b0447,Chinese,BWC,0.5,0.18181818181818182,dtw_aligned
arctic_b0447,Chinese,BWC,0.75,0.09090909090909091,dtw_aligned
arctic_b0447,Chinese,BWC,0.9,0.18181818181818182,dtw_aligned
arctic_b0447,Chinese,BWC,1.0,0.09090909090909091,dtw_aligned
arctic_b0447,Korean,HJK,0.0,0.09090909090909091,dtw_aligned
arctic_b0447,Korean,HJK,0.25,0.18181818181818182,dtw_aligned
arctic_b0447,Korean,HJK,0.5,0.09090909090909091,dtw_aligned
arctic_b0447,Korean,HJK,0.75,0.09090909090909091,dtw_aligned
arctic_b0447,Korean,HJK,0.9,0.09090909090909091,dtw_aligned
arctic_b0447,Korean,HJK,1.0,0.09090909090909091,dtw_aligned
arctic_b0447,Vietnamese,HQTV,0.0,0.6363636363636364,dtw_aligned
arctic_b0447,Vietnamese,HQTV,0.25,0.45454545454545453,dtw_aligned
arctic_b0447,Vietnamese,HQTV,0.5,0.45454545454545453,dtw_aligned
arctic_b0447,Vietnamese,HQTV,0.75,0.09090909090909091,dtw_aligned
arctic_b0447,Vietnamese,HQTV,0.9,0.09090909090909091,dtw_aligned
arctic_b0447,Vietnamese,HQTV,1.0,0.09090909090909091,dtw_aligned
arctic_b0447,Hindi,SVBI,0.0,0.2727272727272727,dtw_aligned
arctic_b0447,Hindi,SVBI,0.25,0.2727272727272727,dtw_aligned
arctic_b0447,Hindi,SVBI,0.5,0.45454545454545453,dtw_aligned
arctic_b0447,Hindi,SVBI,0.75,0.2727272727272727,dtw_aligned
arctic_b0447,Hindi,SVBI,0.9,0.09090909090909091,dtw_aligned
arctic_b0447,Hindi,SVBI,1.0,0.09090909090909091,dtw_aligned
arctic_b0447,Arabic,ZHAA,0.0,0.36363636363636365,dtw_aligned
arctic_b0447,Arabic,ZHAA,0.25,0.2727272727272727,dtw_aligned
arctic_b0447,Arabic,ZHAA,0.5,0.18181818181818182,dtw_aligned
arctic_b0447,Arabic,ZHAA,0.75,0.09090909090909091,dtw_aligned
arctic_b0447,Arabic,ZHAA,0.9,0.2727272727272727,dtw_aligned
arctic_b0447,Arabic,ZHAA,1.0,0.09090909090909091,dtw_aligned
arctic_b0452,Chinese,BWC,0.0,0.2,dtw_aligned
arctic_b0452,Chinese,BWC,0.25,0.1,dtw_aligned
arctic_b0452,Chinese,BWC,0.5,0.0,dtw_aligned
arctic_b0452,Chinese,BWC,0.75,0.0,dtw_aligned
arctic_b0452,Chinese,BWC,0.9,0.0,dtw_aligned
arctic_b0452,Chinese,BWC,1.0,0.0,dtw_aligned
arctic_b0452,Korean,HJK,0.0,0.0,dtw_aligned
arctic_b0452,Korean,HJK,0.25,0.0,dtw_aligned
arctic_b0452,Korean,HJK,0.5,0.0,dtw_aligned
arctic_b0452,Korean,HJK,0.75,0.0,dtw_aligned
arctic_b0452,Korean,HJK,0.9,0.0,dtw_aligned
arctic_b0452,Korean,HJK,1.0,0.0,dtw_aligned
arctic_b0452,Vietnamese,HQTV,0.0,0.1,dtw_aligned
arctic_b0452,Vietnamese,HQTV,0.25,0.0,dtw_aligned
arctic_b0452,Vietnamese,HQTV,0.5,0.0,dtw_aligned
arctic_b0452,Vietnamese,HQTV,0.75,0.0,dtw_aligned
arctic_b0452,Vietnamese,HQTV,0.9,0.0,dtw_aligned
arctic_b0452,Vietnamese,HQTV,1.0,0.0,dtw_aligned
arctic_b0452,Hindi,SVBI,0.0,0.2,dtw_aligned
arctic_b0452,Hindi,SVBI,0.25,0.2,dtw_aligned
arctic_b0452,Hindi,SVBI,0.5,0.2,dtw_aligned
arctic_b0452,Hindi,SVBI,0.75,0.0,dtw_aligned
arctic_b0452,Hindi,SVBI,0.9,0.0,dtw_aligned
arctic_b0452,Hindi,SVBI,1.0,0.0,dtw_aligned
arctic_b0452,Arabic,ZHAA,0.0,0.0,dtw_aligned
arctic_b0452,Arabic,ZHAA,0.25,0.0,dtw_aligned
arctic_b0452,Arabic,ZHAA,0.5,0.0,dtw_aligned
arctic_b0452,Arabic,ZHAA,0.75,0.0,dtw_aligned
arctic_b0452,Arabic,ZHAA,0.9,0.0,dtw_aligned
arctic_b0452,Arabic,ZHAA,1.0,0.0,dtw_aligned
arctic_b0462,Chinese,BWC,0.0,0.0,dtw_aligned
arctic_b0462,Chinese,BWC,0.25,0.0,dtw_aligned
arctic_b0462,Chinese,BWC,0.5,0.0,dtw_aligned
arctic_b0462,Chinese,BWC,0.75,0.0,dtw_aligned
arctic_b0462,Chinese,BWC,0.9,0.16666666666666666,dtw_aligned
arctic_b0462,Chinese,BWC,1.0,0.0,dtw_aligned
arctic_b0462,Korean,HJK,0.0,0.0,dtw_aligned
arctic_b0462,Korean,HJK,0.25,0.0,dtw_aligned
arctic_b0462,Korean,HJK,0.5,0.0,dtw_aligned
arctic_b0462,Korean,HJK,0.75,0.0,dtw_aligned
arctic_b0462,Korean,HJK,0.9,0.3333333333333333,dtw_aligned
arctic_b0462,Korean,HJK,1.0,0.3333333333333333,dtw_aligned
arctic_b0462,Vietnamese,HQTV,0.0,0.3333333333333333,dtw_aligned
arctic_b0462,Vietnamese,HQTV,0.25,0.16666666666666666,dtw_aligned
arctic_b0462,Vietnamese,HQTV,0.5,0.16666666666666666,dtw_aligned
arctic_b0462,Vietnamese,HQTV,0.75,0.16666666666666666,dtw_aligned
arctic_b0462,Vietnamese,HQTV,0.9,0.0,dtw_aligned
arctic_b0462,Vietnamese,HQTV,1.0,0.0,dtw_aligned
arctic_b0462,Hindi,SVBI,0.0,0.0,dtw_aligned
arctic_b0462,Hindi,SVBI,0.25,0.16666666666666666,dtw_aligned
arctic_b0462,Hindi,SVBI,0.5,0.0,dtw_aligned
arctic_b0462,Hindi,SVBI,0.75,0.0,dtw_aligned
arctic_b0462,Hindi,SVBI,0.9,0.0,dtw_aligned
arctic_b0462,Hindi,SVBI,1.0,0.0,dtw_aligned
arctic_b0462,Arabic,ZHAA,0.0,0.16666666666666666,dtw_aligned
arctic_b0462,Arabic,ZHAA,0.25,0.16666666666666666,dtw_aligned
arctic_b0462,Arabic,ZHAA,0.5,0.16666666666666666,dtw_aligned
arctic_b0462,Arabic,ZHAA,0.75,0.16666666666666666,dtw_aligned
arctic_b0462,Arabic,ZHAA,0.9,0.0,dtw_aligned
arctic_b0462,Arabic,ZHAA,1.0,0.0,dtw_aligned
arctic_b0478,Chinese,BWC,0.0,0.3,dtw_aligned
arctic_b0478,Chinese,BWC,0.25,0.2,dtw_aligned
arctic_b0478,Chinese,BWC,0.5,0.1,dtw_aligned
arctic_b0478,Chinese,BWC,0.75,0.2,dtw_aligned
arctic_b0478,Chinese,BWC,0.9,0.0,dtw_aligned
arctic_b0478,Chinese,BWC,1.0,0.0,dtw_aligned
arctic_b0478,Korean,HJK,0.0,0.0,dtw_aligned
arctic_b0478,Korean,HJK,0.25,0.0,dtw_aligned
arctic_b0478,Korean,HJK,0.5,0.0,dtw_aligned
arctic_b0478,Korean,HJK,0.75,0.0,dtw_aligned
arctic_b0478,Korean,HJK,0.9,0.0,dtw_aligned
arctic_b0478,Korean,HJK,1.0,0.0,dtw_aligned
arctic_b0478,Vietnamese,HQTV,0.0,0.4,dtw_aligned
arctic_b0478,Vietnamese,HQTV,0.25,0.1,dtw_aligned
arctic_b0478,Vietnamese,HQTV,0.5,0.1,dtw_aligned
arctic_b0478,Vietnamese,HQTV,0.75,0.0,dtw_aligned
arctic_b0478,Vietnamese,HQTV,0.9,0.0,dtw_aligned
arctic_b0478,Vietnamese,HQTV,1.0,0.0,dtw_aligned
arctic_b0478,Hindi,SVBI,0.0,0.1,dtw_aligned
arctic_b0478,Hindi,SVBI,0.25,0.0,dtw_aligned
arctic_b0478,Hindi,SVBI,0.5,0.0,dtw_aligned
arctic_b0478,Hindi,SVBI,0.75,0.0,dtw_aligned
arctic_b0478,Hindi,SVBI,0.9,0.0,dtw_aligned
arctic_b0478,Hindi,SVBI,1.0,0.0,dtw_aligned
arctic_b0478,Arabic,ZHAA,0.0,0.0,dtw_aligned
arctic_b0478,Arabic,ZHAA,0.25,0.0,dtw_aligned
arctic_b0478,Arabic,ZHAA,0.5,0.0,dtw_aligned
arctic_b0478,Arabic,ZHAA,0.75,0.0,dtw_aligned
arctic_b0478,Arabic,ZHAA,0.9,0.0,dtw_aligned
arctic_b0478,Arabic,ZHAA,1.0,0.0,dtw_aligned
arctic_b0486,Chinese,BWC,0.0,0.1111111111111111,dtw_aligned
arctic_b0486,Chinese,BWC,0.25,0.0,dtw_aligned
arctic_b0486,Chinese,BWC,0.5,0.0,dtw_aligned
arctic_b0486,Chinese,BWC,0.75,0.0,dtw_aligned
arctic_b0486,Chinese,BWC,0.9,0.0,dtw_aligned
arctic_b0486,Chinese,BWC,1.0,0.0,dtw_aligned
arctic_b0486,Korean,HJK,0.0,0.0,dtw_aligned
arctic_b0486,Korean,HJK,0.25,0.0,dtw_aligned
arctic_b0486,Korean,HJK,0.5,0.0,dtw_aligned
arctic_b0486,Korean,HJK,0.75,0.1111111111111111,dtw_aligned
arctic_b0486,Korean,HJK,0.9,0.0,dtw_aligned
arctic_b0486,Korean,HJK,1.0,0.0,dtw_aligned
arctic_b0486,Vietnamese,HQTV,0.0,0.1111111111111111,dtw_aligned
arctic_b0486,Vietnamese,HQTV,0.25,0.1111111111111111,dtw_aligned
arctic_b0486,Vietnamese,HQTV,0.5,0.0,dtw_aligned
arctic_b0486,Vietnamese,HQTV,0.75,0.1111111111111111,dtw_aligned
arctic_b0486,Vietnamese,HQTV,0.9,0.0,dtw_aligned
arctic_b0486,Vietnamese,HQTV,1.0,0.0,dtw_aligned
arctic_b0486,Hindi,SVBI,0.0,0.0,dtw_aligned
arctic_b0486,Hindi,SVBI,0.25,0.1111111111111111,dtw_aligned
arctic_b0486,Hindi,SVBI,0.5,0.1111111111111111,dtw_aligned
arctic_b0486,Hindi,SVBI,0.75,0.1111111111111111,dtw_aligned
arctic_b0486,Hindi,SVBI,0.9,0.0,dtw_aligned
arctic_b0486,Hindi,SVBI,1.0,0.0,dtw_aligned
arctic_b0486,Arabic,ZHAA,0.0,0.0,dtw_aligned
arctic_b0486,Arabic,ZHAA,0.25,0.0,dtw_aligned
arctic_b0486,Arabic,ZHAA,0.5,0.0,dtw_aligned
arctic_b0486,Arabic,ZHAA,0.75,0.2222222222222222,dtw_aligned
arctic_b0486,Arabic,ZHAA,0.9,0.1111111111111111,dtw_aligned
arctic_b0486,Arabic,ZHAA,1.0,0.0,dtw_aligned
arctic_b0491,Chinese,BWC,0.0,0.0,dtw_aligned
arctic_b0491,Chinese,BWC,0.25,0.0,dtw_aligned
arctic_b0491,Chinese,BWC,0.5,0.1,dtw_aligned
arctic_b0491,Chinese,BWC,0.75,0.2,dtw_aligned
arctic_b0491,Chinese,BWC,0.9,0.2,dtw_aligned
arctic_b0491,Chinese,BWC,1.0,0.2,dtw_aligned
arctic_b0491,Korean,HJK,0.0,0.1,dtw_aligned
arctic_b0491,Korean,HJK,0.25,0.2,dtw_aligned
arctic_b0491,Korean,HJK,0.5,0.1,dtw_aligned
arctic_b0491,Korean,HJK,0.75,0.2,dtw_aligned
arctic_b0491,Korean,HJK,0.9,0.2,dtw_aligned
arctic_b0491,Korean,HJK,1.0,0.2,dtw_aligned
arctic_b0491,Vietnamese,HQTV,0.0,0.0,dtw_aligned
arctic_b0491,Vietnamese,HQTV,0.25,0.0,dtw_aligned
arctic_b0491,Vietnamese,HQTV,0.5,0.0,dtw_aligned
arctic_b0491,Vietnamese,HQTV,0.75,0.2,dtw_aligned
arctic_b0491,Vietnamese,HQTV,0.9,0.2,dtw_aligned
arctic_b0491,Vietnamese,HQTV,1.0,0.2,dtw_aligned
arctic_b0491,Hindi,SVBI,0.0,0.0,dtw_aligned
arctic_b0491,Hindi,SVBI,0.25,0.0,dtw_aligned
arctic_b0491,Hindi,SVBI,0.5,0.2,dtw_aligned
arctic_b0491,Hindi,SVBI,0.75,0.2,dtw_aligned
arctic_b0491,Hindi,SVBI,0.9,0.2,dtw_aligned
arctic_b0491,Hindi,SVBI,1.0,0.2,dtw_aligned
arctic_b0491,Arabic,ZHAA,0.0,0.0,dtw_aligned
arctic_b0491,Arabic,ZHAA,0.25,0.0,dtw_aligned
arctic_b0491,Arabic,ZHAA,0.5,0.0,dtw_aligned
arctic_b0491,Arabic,ZHAA,0.75,0.3,dtw_aligned
arctic_b0491,Arabic,ZHAA,0.9,0.2,dtw_aligned
arctic_b0491,Arabic,ZHAA,1.0,0.2,dtw_aligned
arctic_b0494,Chinese,BWC,0.0,0.1111111111111111,dtw_aligned
arctic_b0494,Chinese,BWC,0.25,0.0,dtw_aligned
arctic_b0494,Chinese,BWC,0.5,0.0,dtw_aligned
arctic_b0494,Chinese,BWC,0.75,0.0,dtw_aligned
arctic_b0494,Chinese,BWC,0.9,0.0,dtw_aligned
arctic_b0494,Chinese,BWC,1.0,0.2222222222222222,dtw_aligned
arctic_b0494,Spanish,EBVS,0.0,0.1111111111111111,dtw_aligned
arctic_b0494,Spanish,EBVS,0.25,0.1111111111111111,dtw_aligned
arctic_b0494,Spanish,EBVS,0.5,0.1111111111111111,dtw_aligned
arctic_b0494,Spanish,EBVS,0.75,0.0,dtw_aligned
arctic_b0494,Spanish,EBVS,0.9,0.0,dtw_aligned
arctic_b0494,Spanish,EBVS,1.0,0.0,dtw_aligned
arctic_b0494,Korean,HJK,0.0,0.1111111111111111,dtw_aligned
arctic_b0494,Korean,HJK,0.25,0.1111111111111111,dtw_aligned
arctic_b0494,Korean,HJK,0.5,0.1111111111111111,dtw_aligned
arctic_b0494,Korean,HJK,0.75,0.2222222222222222,dtw_aligned
arctic_b0494,Korean,HJK,0.9,0.0,dtw_aligned
arctic_b0494,Korean,HJK,1.0,0.0,dtw_aligned
arctic_b0494,Vietnamese,HQTV,0.0,0.2222222222222222,dtw_aligned
arctic_b0494,Vietnamese,HQTV,0.25,0.0,dtw_aligned
arctic_b0494,Vietnamese,HQTV,0.5,0.1111111111111111,dtw_aligned
arctic_b0494,Vietnamese,HQTV,0.75,0.0,dtw_aligned
arctic_b0494,Vietnamese,HQTV,0.9,0.0,dtw_aligned
arctic_b0494,Vietnamese,HQTV,1.0,0.0,dtw_aligned
arctic_b0494,Hindi,SVBI,0.0,0.0,dtw_aligned
arctic_b0494,Hindi,SVBI,0.25,0.0,dtw_aligned
arctic_b0494,Hindi,SVBI,0.5,0.0,dtw_aligned
arctic_b0494,Hindi,SVBI,0.75,0.0,dtw_aligned
arctic_b0494,Hindi,SVBI,0.9,0.2222222222222222,dtw_aligned
arctic_b0494,Hindi,SVBI,1.0,0.0,dtw_aligned
arctic_b0494,Arabic,ZHAA,0.0,0.1111111111111111,dtw_aligned
arctic_b0494,Arabic,ZHAA,0.25,0.1111111111111111,dtw_aligned
arctic_b0494,Arabic,ZHAA,0.5,0.1111111111111111,dtw_aligned
arctic_b0494,Arabic,ZHAA,0.75,0.3333333333333333,dtw_aligned
arctic_b0494,Arabic,ZHAA,0.9,0.2222222222222222,dtw_aligned
arctic_b0494,Arabic,ZHAA,1.0,0.0,dtw_aligned
arctic_b0495,Chinese,BWC,0.0,0.25,dtw_aligned
arctic_b0495,Chinese,BWC,0.25,0.08333333333333333,dtw_aligned
arctic_b0495,Chinese,BWC,0.5,0.08333333333333333,dtw_aligned
arctic_b0495,Chinese,BWC,0.75,0.16666666666666666,dtw_aligned
arctic_b0495,Chinese,BWC,0.9,0.16666666666666666,dtw_aligned
arctic_b0495,Chinese,BWC,1.0,0.16666666666666666,dtw_aligned
arctic_b0495,Korean,HJK,0.0,0.16666666666666666,dtw_aligned
arctic_b0495,Korean,HJK,0.25,0.25,dtw_aligned
arctic_b0495,Korean,HJK,0.5,0.16666666666666666,dtw_aligned
arctic_b0495,Korean,HJK,0.75,0.16666666666666666,dtw_aligned
arctic_b0495,Korean,HJK,0.9,0.16666666666666666,dtw_aligned
arctic_b0495,Korean,HJK,1.0,0.16666666666666666,dtw_aligned
arctic_b0495,Vietnamese,HQTV,0.0,0.25,dtw_aligned
arctic_b0495,Vietnamese,HQTV,0.25,0.3333333333333333,dtw_aligned
arctic_b0495,Vietnamese,HQTV,0.5,0.3333333333333333,dtw_aligned
arctic_b0495,Vietnamese,HQTV,0.75,0.25,dtw_aligned
arctic_b0495,Vietnamese,HQTV,0.9,0.16666666666666666,dtw_aligned
arctic_b0495,Vietnamese,HQTV,1.0,0.16666666666666666,dtw_aligned
arctic_b0495,Hindi,SVBI,0.0,0.08333333333333333,dtw_aligned
arctic_b0495,Hindi,SVBI,0.25,0.0,dtw_aligned
arctic_b0495,Hindi,SVBI,0.5,0.16666666666666666,dtw_aligned
arctic_b0495,Hindi,SVBI,0.75,0.08333333333333333,dtw_aligned
arctic_b0495,Hindi,SVBI,0.9,0.16666666666666666,dtw_aligned
arctic_b0495,Hindi,SVBI,1.0,0.16666666666666666,dtw_aligned
arctic_b0495,Arabic,ZHAA,0.0,0.4166666666666667,dtw_aligned
arctic_b0495,Arabic,ZHAA,0.25,0.3333333333333333,dtw_aligned
arctic_b0495,Arabic,ZHAA,0.5,0.16666666666666666,dtw_aligned
arctic_b0495,Arabic,ZHAA,0.75,0.16666666666666666,dtw_aligned
arctic_b0495,Arabic,ZHAA,0.9,0.16666666666666666,dtw_aligned
arctic_b0495,Arabic,ZHAA,1.0,0.16666666666666666,dtw_aligned
arctic_b0510,Chinese,BWC,0.0,0.2857142857142857,dtw_aligned
arctic_b0510,Chinese,BWC,0.25,0.14285714285714285,dtw_aligned
arctic_b0510,Chinese,BWC,0.5,0.2857142857142857,dtw_aligned
arctic_b0510,Chinese,BWC,0.75,0.0,dtw_aligned
arctic_b0510,Chinese,BWC,0.9,0.0,dtw_aligned
arctic_b0510,Chinese,BWC,1.0,0.0,dtw_aligned
arctic_b0510,Korean,HJK,0.0,0.0,dtw_aligned
arctic_b0510,Korean,HJK,0.25,0.0,dtw_aligned
arctic_b0510,Korean,HJK,0.5,0.0,dtw_aligned
arctic_b0510,Korean,HJK,0.75,0.0,dtw_aligned
arctic_b0510,Korean,HJK,0.9,0.0,dtw_aligned
arctic_b0510,Korean,HJK,1.0,0.0,dtw_aligned
arctic_b0510,Vietnamese,HQTV,0.0,0.2857142857142857,dtw_aligned
arctic_b0510,Vietnamese,HQTV,0.25,0.14285714285714285,dtw_aligned
arctic_b0510,Vietnamese,HQTV,0.5,0.0,dtw_aligned
arctic_b0510,Vietnamese,HQTV,0.75,0.0,dtw_aligned
arctic_b0510,Vietnamese,HQTV,0.9,0.0,dtw_aligned
arctic_b0510,Vietnamese,HQTV,1.0,0.0,dtw_aligned
arctic_b0510,Hindi,SVBI,0.0,0.0,dtw_aligned
arctic_b0510,Hindi,SVBI,0.25,0.0,dtw_aligned
arctic_b0510,Hindi,SVBI,0.5,0.0,dtw_aligned
arctic_b0510,Hindi,SVBI,0.75,0.0,dtw_aligned
arctic_b0510,Hindi,SVBI,0.9,0.0,dtw_aligned
arctic_b0510,Hindi,SVBI,1.0,0.0,dtw_aligned
arctic_b0510,Arabic,ZHAA,0.0,0.0,dtw_aligned
arctic_b0510,Arabic,ZHAA,0.25,0.0,dtw_aligned
arctic_b0510,Arabic,ZHAA,0.5,0.0,dtw_aligned
arctic_b0510,Arabic,ZHAA,0.75,0.0,dtw_aligned
arctic_b0510,Arabic,ZHAA,0.9,0.0,dtw_aligned
arctic_b0510,Arabic,ZHAA,1.0,0.0,dtw_aligned
arctic_b0522,Chinese,BWC,0.0,0.2222222222222222,dtw_aligned
arctic_b0522,Chinese,BWC,0.25,0.2222222222222222,dtw_aligned
arctic_b0522,Chinese,BWC,0.5,0.1111111111111111,dtw_aligned
arctic_b0522,Chinese,BWC,0.75,0.1111111111111111,dtw_aligned
arctic_b0522,Chinese,BWC,0.9,0.0,dtw_aligned
arctic_b0522,Chinese,BWC,1.0,0.2222222222222222,dtw_aligned
arctic_b0522,Korean,HJK,0.0,0.0,dtw_aligned
arctic_b0522,Korean,HJK,0.25,0.0,dtw_aligned
arctic_b0522,Korean,HJK,0.5,0.0,dtw_aligned
arctic_b0522,Korean,HJK,0.75,0.0,dtw_aligned
arctic_b0522,Korean,HJK,0.9,0.2222222222222222,dtw_aligned
arctic_b0522,Korean,HJK,1.0,0.2222222222222222,dtw_aligned
arctic_b0522,Vietnamese,HQTV,0.0,0.4444444444444444,dtw_aligned
arctic_b0522,Vietnamese,HQTV,0.25,0.0,dtw_aligned
arctic_b0522,Vietnamese,HQTV,0.5,0.0,dtw_aligned
arctic_b0522,Vietnamese,HQTV,0.75,0.0,dtw_aligned
arctic_b0522,Vietnamese,HQTV,0.9,0.2222222222222222,dtw_aligned
arctic_b0522,Vietnamese,HQTV,1.0,0.2222222222222222,dtw_aligned
arctic_b0522,Hindi,SVBI,0.0,0.2222222222222222,dtw_aligned
arctic_b0522,Hindi,SVBI,0.25,0.2222222222222222,dtw_aligned
arctic_b0522,Hindi,SVBI,0.5,0.2222222222222222,dtw_aligned
arctic_b0522,Hindi,SVBI,0.75,0.2222222222222222,dtw_aligned
arctic_b0522,Hindi,SVBI,0.9,0.2222222222222222,dtw_aligned
arctic_b0522,Hindi,SVBI,1.0,0.2222222222222222,dtw_aligned
arctic_b0522,Arabic,ZHAA,0.0,0.2222222222222222,dtw_aligned
arctic_b0522,Arabic,ZHAA,0.25,0.3333333333333333,dtw_aligned
arctic_b0522,Arabic,ZHAA,0.5,0.1111111111111111,dtw_aligned
arctic_b0522,Arabic,ZHAA,0.75,0.0,dtw_aligned
arctic_b0522,Arabic,ZHAA,0.9,0.0,dtw_aligned
arctic_b0522,Arabic,ZHAA,1.0,0.2222222222222222,dtw_aligned
