prompt_id,L1,speaker,alpha,wer
arctic_a0001,Chinese,BWC,0.0,0.3333333333333333
arctic_a0001,Chinese,BWC,0.25,0.2222222222222222
arctic_a0001,Chinese,BWC,0.5,0.3333333333333333
arctic_a0001,Chinese,BWC,0.75,0.3333333333333333
arctic_a0001,Chinese,BWC,1.0,0.1111111111111111
arctic_a0001,Spanish,EBVS,0.0,0.0
arctic_a0001,Spanish,EBVS,0.25,0.125
arctic_a0001,Spanish,EBVS,0.5,0.125
arctic_a0001,Spanish,EBVS,0.75,0.125
arctic_a0001,Spanish,EBVS,1.0,0.0
arctic_a0001,Korean,HJK,0.0,0.125
arctic_a0001,Korean,HJK,0.25,0.0
arctic_a0001,Korean,HJK,0.5,0.0
arctic_a0001,Korean,HJK,0.75,0.125
arctic_a0001,Korean,HJK,1.0,0.0
arctic_a0001,Vietnamese,HQTV,0.0,0.0
arctic_a0001,Vietnamese,HQTV,0.25,0.125
arctic_a0001,Vietnamese,HQTV,0.5,0.25
arctic_a0001,Vietnamese,HQTV,0.75,0.125
arctic_a0001,Vietnamese,HQTV,1.0,0.0
arctic_a0001,Hindi,SVBI,0.0,0.25
arctic_a0001,Hindi,SVBI,0.25,0.0
arctic_a0001,Hindi,SVBI,0.5,0.125
arctic_a0001,Hindi,SVBI,0.75,0.0
arctic_a0001,Hindi,SVBI,1.0,0.0
arctic_a0001,Arabic,ZHAA,0.0,0.0
arctic_a0001,Arabic,ZHAA,0.25,0.0
arctic_a0001,Arabic,ZHAA,0.5,0.0
arctic_a0001,Arabic,ZHAA,0.75,0.0
arctic_a0001,Arabic,ZHAA,1.0,0.0
arctic_a0033,Chinese,BWC,0.0,0.0
arctic_a0033,Chinese,BWC,0.25,0.18181818181818182
arctic_a0033,Chinese,BWC,0.5,0.5454545454545454
arctic_a0033,Chinese,BWC,0.75,0.0
arctic_a0033,Chinese,BWC,1.0,0.0
arctic_a0033,Spanish,EBVS,0.0,0.2727272727272727
arctic_a0033,Spanish,EBVS,0.25,0.45454545454545453
arctic_a0033,Spanish,EBVS,0.5,0.5454545454545454
arctic_a0033,Spanish,EBVS,0.75,0.09090909090909091
arctic_a0033,Spanish,EBVS,1.0,0.0
arctic_a0033,Korean,HJK,0.0,0.0
arctic_a0033,Korean,HJK,0.25,0.0
arctic_a0033,Korean,HJK,0.5,0.09090909090909091
arctic_a0033,Korean,HJK,0.75,0.09090909090909091
arctic_a0033,Korean,HJK,1.0,0.0
arctic_a0033,Vietnamese,HQTV,0.0,0.09090909090909091
arctic_a0033,Vietnamese,HQTV,0.25,0.2727272727272727
arctic_a0033,Vietnamese,HQTV,0.5,0.36363636363636365
arctic_a0033,Vietnamese,HQTV,0.75,0.0
arctic_a0033,Vietnamese,HQTV,1.0,0.0
arctic_a0033,Hindi,SVBI,0.0,0.0
arctic_a0033,Hindi,SVBI,0.25,0.0
arctic_a0033,Hindi,SVBI,0.5,0.09090909090909091
arctic_a0033,Hindi,SVBI,0.75,0.09090909090909091
arctic_a0033,Hindi,SVBI,1.0,0.0
arctic_a0033,Arabic,ZHAA,0.0,0.0
arctic_a0033,Arabic,ZHAA,0.25,0.09090909090909091
arctic_a0033,Arabic,ZHAA,0.5,0.36363636363636365
arctic_a0033,Arabic,ZHAA,0.75,0.0
arctic_a0033,Arabic,ZHAA,1.0,0.0
arctic_a0041,Chinese,BWC,0.0,0.2222222222222222
arctic_a0041,Chinese,BWC,0.25,0.3333333333333333
arctic_a0041,Chinese,BWC,0.5,0.4444444444444444
arctic_a0041,Chinese,BWC,0.75,0.6666666666666666
arctic_a0041,Chinese,BWC,1.0,0.2222222222222222
arctic_a0041,Spanish,EBVS,0.0,0.25
arctic_a0041,Spanish,EBVS,0.25,0.5
arctic_a0041,Spanish,EBVS,0.5,0.625
arctic_a0041,Spanish,EBVS,0.75,0.25
arctic_a0041,Spanish,EBVS,1.0,0.0
arctic_a0041,Korean,HJK,0.0,0.0
arctic_a0041,Korean,HJK,0.25,0.25
arctic_a0041,Korean,HJK,0.5,0.5
arctic_a0041,Korean,HJK,0.75,0.5
arctic_a0041,Korean,HJK,1.0,0.0
arctic_a0041,Vietnamese,HQTV,0.0,0.375
arctic_a0041,Vietnamese,HQTV,0.25,0.375
arctic_a0041,Vietnamese,HQTV,0.5,0.375
arctic_a0041,Vietnamese,HQTV,0.75,0.5
arctic_a0041,Vietnamese,HQTV,1.0,0.0
arctic_a0041,Hindi,SVBI,0.0,0.0
arctic_a0041,Hindi,SVBI,0.25,0.125
arctic_a0041,Hindi,SVBI,0.5,0.125
arctic_a0041,Hindi,SVBI,0.75,0.125
arctic_a0041,Hindi,SVBI,1.0,0.0
arctic_a0041,Arabic,ZHAA,0.0,0.0
arctic_a0041,Arabic,ZHAA,0.25,0.25
arctic_a0041,Arabic,ZHAA,0.5,0.5
arctic_a0041,Arabic,ZHAA,0.75,0.375
arctic_a0041,Arabic,ZHAA,1.0,0.0
arctic_a0050,Chinese,BWC,0.0,0.6
arctic_a0050,Chinese,BWC,0.25,0.5
arctic_a0050,Chinese,BWC,0.5,0.5
arctic_a0050,Chinese,BWC,0.75,0.2
arctic_a0050,Chinese,BWC,1.0,0.0
arctic_a0050,Spanish,EBVS,0.0,0.0
arctic_a0050,Spanish,EBVS,0.25,0.0
arctic_a0050,Spanish,EBVS,0.5,0.0
arctic_a0050,Spanish,EBVS,0.75,0.2
arctic_a0050,Spanish,EBVS,1.0,0.0
arctic_a0050,Korean,HJK,0.0,0.1
arctic_a0050,Korean,HJK,0.25,0.2
arctic_a0050,Korean,HJK,0.5,0.0
arctic_a0050,Korean,HJK,0.75,0.0
arctic_a0050,Korean,HJK,1.0,0.0
arctic_a0050,Vietnamese,HQTV,0.0,0.3
arctic_a0050,Vietnamese,HQTV,0.25,0.3
arctic_a0050,Vietnamese,HQTV,0.5,0.6
arctic_a0050,Vietnamese,HQTV,0.75,0.1
arctic_a0050,Vietnamese,HQTV,1.0,0.0
arctic_a0050,Hindi,SVBI,0.0,0.0
arctic_a0050,Hindi,SVBI,0.25,0.0
arctic_a0050,Hindi,SVBI,0.5,0.0
arctic_a0050,Hindi,SVBI,0.75,0.0
arctic_a0050,Hindi,SVBI,1.0,0.0
arctic_a0050,Arabic,ZHAA,0.0,0.0
arctic_a0050,Arabic,ZHAA,0.25,0.2
arctic_a0050,Arabic,ZHAA,0.5,0.3
arctic_a0050,Arabic,ZHAA,0.75,0.2
arctic_a0050,Arabic,ZHAA,1.0,0.0
arctic_a0053,Chinese,BWC,0.0,0.25
arctic_a0053,Chinese,BWC,0.25,0.25
arctic_a0053,Chinese,BWC,0.5,0.5
arctic_a0053,Chinese,BWC,0.75,0.25
arctic_a0053,Chinese,BWC,1.0,0.0
arctic_a0053,Spanish,EBVS,0.0,0.0
arctic_a0053,Spanish,EBVS,0.25,0.125
arctic_a0053,Spanish,EBVS,0.5,0.25
arctic_a0053,Spanish,EBVS,0.75,0.125
arctic_a0053,Spanish,EBVS,1.0,0.0
arctic_a0053,Korean,HJK,0.0,0.0
arctic_a0053,Korean,HJK,0.25,0.125
arctic_a0053,Korean,HJK,0.5,0.125
arctic_a0053,Korean,HJK,0.75,0.25
arctic_a0053,Korean,HJK,1.0,0.0
arctic_a0053,Vietnamese,HQTV,0.0,0.0
arctic_a0053,Vietnamese,HQTV,0.25,0.25
arctic_a0053,Vietnamese,HQTV,0.5,0.25
arctic_a0053,Vietnamese,HQTV,0.75,0.25
arctic_a0053,Vietnamese,HQTV,1.0,0.0
arctic_a0053,Hindi,SVBI,0.0,0.0
arctic_a0053,Hindi,SVBI,0.25,0.125
arctic_a0053,Hindi,SVBI,0.5,0.25
arctic_a0053,Hindi,SVBI,0.75,0.125
arctic_a0053,Hindi,SVBI,1.0,0.0
arctic_a0053,Arabic,ZHAA,0.0,0.0
arctic_a0053,Arabic,ZHAA,0.25,0.125
arctic_a0053,Arabic,ZHAA,0.5,0.125
arctic_a0053,Arabic,ZHAA,0.75,0.125
arctic_a0053,Arabic,ZHAA,1.0,0.0
arctic_a0066,Chinese,BWC,0.0,0.2857142857142857
arctic_a0066,Chinese,BWC,0.25,0.2857142857142857
arctic_a0066,Chinese,BWC,0.5,0.14285714285714285
arctic_a0066,Chinese,BWC,0.75,0.0
arctic_a0066,Chinese,BWC,1.0,0.0
arctic_a0066,Spanish,EBVS,0.0,0.0
arctic_a0066,Spanish,EBVS,0.25,0.14285714285714285
arctic_a0066,Spanish,EBVS,0.5,0.42857142857142855
arctic_a0066,Spanish,EBVS,0.75,0.2857142857142857
arctic_a0066,Spanish,EBVS,1.0,0.0
arctic_a0066,Korean,HJK,0.0,0.0
arctic_a0066,Korean,HJK,0.25,0.0
arctic_a0066,Korean,HJK,0.5,0.14285714285714285
arctic_a0066,Korean,HJK,0.75,0.14285714285714285
arctic_a0066,Korean,HJK,1.0,0.0
arctic_a0066,Vietnamese,HQTV,0.0,0.14285714285714285
arctic_a0066,Vietnamese,HQTV,0.25,0.2857142857142857
arctic_a0066,Vietnamese,HQTV,0.5,0.42857142857142855
arctic_a0066,Vietnamese,HQTV,0.75,0.2857142857142857
arctic_a0066,Vietnamese,HQTV,1.0,0.0
arctic_a0066,Hindi,SVBI,0.0,0.0
arctic_a0066,Hindi,SVBI,0.25,0.0
arctic_a0066,Hindi,SVBI,0.5,0.0
arctic_a0066,Hindi,SVBI,0.75,0.0
arctic_a0066,Hindi,SVBI,1.0,0.0
arctic_a0066,Arabic,ZHAA,0.0,0.0
arctic_a0066,Arabic,ZHAA,0.25,0.14285714285714285
arctic_a0066,Arabic,ZHAA,0.5,0.7142857142857143
arctic_a0066,Arabic,ZHAA,0.75,0.14285714285714285
arctic_a0066,Arabic,ZHAA,1.0,0.0
arctic_a0075,Chinese,BWC,0.0,0.0
arctic_a0075,Chinese,BWC,0.25,0.0
arctic_a0075,Chinese,BWC,0.5,0.375
arctic_a0075,Chinese,BWC,0.75,0.0
arctic_a0075,Chinese,BWC,1.0,0.125
arctic_a0075,Spanish,EBVS,0.0,0.0
arctic_a0075,Spanish,EBVS,0.25,0.0
arctic_a0075,Spanish,EBVS,0.5,0.25
arctic_a0075,Spanish,EBVS,0.75,0.125
arctic_a0075,Spanish,EBVS,1.0,0.125
arctic_a0075,Korean,HJK,0.0,0.0
arctic_a0075,Korean,HJK,0.25,0.0
arctic_a0075,Korean,HJK,0.5,0.125
arctic_a0075,Korean,HJK,0.75,0.0
arctic_a0075,Korean,HJK,1.0,0.125
arctic_a0075,Vietnamese,HQTV,0.0,0.125
arctic_a0075,Vietnamese,HQTV,0.25,0.125
arctic_a0075,Vietnamese,HQTV,0.5,0.0
arctic_a0075,Vietnamese,HQTV,0.75,0.0
arctic_a0075,Vietnamese,HQTV,1.0,0.125
arctic_a0075,Hindi,SVBI,0.0,0.0
arctic_a0075,Hindi,SVBI,0.25,0.0
arctic_a0075,Hindi,SVBI,0.5,0.0
arctic_a0075,Hindi,SVBI,0.75,0.0
arctic_a0075,Hindi,SVBI,1.0,0.125
arctic_a0075,Arabic,ZHAA,0.0,0.125
arctic_a0075,Arabic,ZHAA,0.25,0.0
arctic_a0075,Arabic,ZHAA,0.5,0.375
arctic_a0075,Arabic,ZHAA,0.75,0.0
arctic_a0075,Arabic,ZHAA,1.0,0.125
arctic_a0087,Chinese,BWC,0.0,0.08333333333333333
arctic_a0087,Chinese,BWC,0.25,0.25
arctic_a0087,Chinese,BWC,0.5,0.4166666666666667
arctic_a0087,Chinese,BWC,0.75,0.08333333333333333
arctic_a0087,Chinese,BWC,1.0,0.08333333333333333
arctic_a0087,Spanish,EBVS,0.0,0.0
arctic_a0087,Spanish,EBVS,0.25,0.16666666666666666
arctic_a0087,Spanish,EBVS,0.5,0.25
arctic_a0087,Spanish,EBVS,0.75,0.08333333333333333
arctic_a0087,Spanish,EBVS,1.0,0.0
arctic_a0087,Korean,HJK,0.0,0.0
arctic_a0087,Korean,HJK,0.25,0.08333333333333333
arctic_a0087,Korean,HJK,0.5,0.08333333333333333
arctic_a0087,Korean,HJK,0.75,0.08333333333333333
arctic_a0087,Korean,HJK,1.0,0.0
arctic_a0087,Vietnamese,HQTV,0.0,0.16666666666666666
arctic_a0087,Vietnamese,HQTV,0.25,0.08333333333333333
arctic_a0087,Vietnamese,HQTV,0.5,0.08333333333333333
arctic_a0087,Vietnamese,HQTV,0.75,0.08333333333333333
arctic_a0087,Vietnamese,HQTV,1.0,0.08333333333333333
arctic_a0087,Hindi,SVBI,0.0,0.08333333333333333
arctic_a0087,Hindi,SVBI,0.25,0.25
arctic_a0087,Hindi,SVBI,0.5,0.08333333333333333
arctic_a0087,Hindi,SVBI,0.75,0.08333333333333333
arctic_a0087,Hindi,SVBI,1.0,0.08333333333333333
arctic_a0087,Arabic,ZHAA,0.0,0.08333333333333333
arctic_a0087,Arabic,ZHAA,0.25,0.08333333333333333
arctic_a0087,Arabic,ZHAA,0.5,0.08333333333333333
arctic_a0087,Arabic,ZHAA,0.75,0.08333333333333333
arctic_a0087,Arabic,ZHAA,1.0,0.0
arctic_a0090,Chinese,BWC,0.0,0.4
arctic_a0090,Chinese,BWC,0.25,0.0
arctic_a0090,Chinese,BWC,0.5,0.0
arctic_a0090,Chinese,BWC,0.75,0.0
arctic_a0090,Chinese,BWC,1.0,0.0
arctic_a0090,Spanish,EBVS,0.0,0.0
arctic_a0090,Spanish,EBVS,0.25,0.0
arctic_a0090,Spanish,EBVS,0.5,0.0
arctic_a0090,Spanish,EBVS,0.75,0.0
arctic_a0090,Spanish,EBVS,1.0,0.0
arctic_a0090,Korean,HJK,0.0,0.0
arctic_a0090,Korean,HJK,0.25,0.0
arctic_a0090,Korean,HJK,0.5,0.0
arctic_a0090,Korean,HJK,0.75,0.0
arctic_a0090,Korean,HJK,1.0,0.0
arctic_a0090,Vietnamese,HQTV,0.0,0.0
arctic_a0090,Vietnamese,HQTV,0.25,0.0
arctic_a0090,Vietnamese,HQTV,0.5,0.0
arctic_a0090,Vietnamese,HQTV,0.75,0.0
arctic_a0090,Vietnamese,HQTV,1.0,0.0
arctic_a0090,Hindi,SVBI,0.0,0.0
arctic_a0090,Hindi,SVBI,0.25,0.0
arctic_a0090,Hindi,SVBI,0.5,0.0
arctic_a0090,Hindi,SVBI,0.75,0.0
arctic_a0090,Hindi,SVBI,1.0,0.0
arctic_a0090,Arabic,ZHAA,0.0,0.2
arctic_a0090,Arabic,ZHAA,0.25,0.0
arctic_a0090,Arabic,ZHAA,0.5,0.0
arctic_a0090,Arabic,ZHAA,0.75,0.0
arctic_a0090,Arabic,ZHAA,1.0,0.0
arctic_a0095,Chinese,BWC,0.0,0.07692307692307693
arctic_a0095,Chinese,BWC,0.25,0.38461538461538464
arctic_a0095,Chinese,BWC,0.5,0.6923076923076923
arctic_a0095,Chinese,BWC,0.75,0.07692307692307693
arctic_a0095,Chinese,BWC,1.0,0.0
arctic_a0095,Spanish,EBVS,0.0,0.07692307692307693
arctic_a0095,Spanish,EBVS,0.25,0.23076923076923078
arctic_a0095,Spanish,EBVS,0.5,0.5384615384615384
arctic_a0095,Spanish,EBVS,0.75,0.07692307692307693
arctic_a0095,Spanish,EBVS,1.0,0.0
arctic_a0095,Korean,HJK,0.0,0.0
arctic_a0095,Korean,HJK,0.25,0.0
arctic_a0095,Korean,HJK,0.5,0.15384615384615385
arctic_a0095,Korean,HJK,0.75,0.0
arctic_a0095,Korean,HJK,1.0,0.0
arctic_a0095,Vietnamese,HQTV,0.0,0.0
arctic_a0095,Vietnamese,HQTV,0.25,0.15384615384615385
arctic_a0095,Vietnamese,HQTV,0.5,0.38461538461538464
arctic_a0095,Vietnamese,HQTV,0.75,0.07692307692307693
arctic_a0095,Vietnamese,HQTV,1.0,0.0
arctic_a0095,Hindi,SVBI,0.0,0.0
arctic_a0095,Hindi,SVBI,0.25,0.07692307692307693
arctic_a0095,Hindi,SVBI,0.5,0.07692307692307693
arctic_a0095,Hindi,SVBI,0.75,0.0
arctic_a0095,Hindi,SVBI,1.0,0.0
arctic_a0095,Arabic,ZHAA,0.0,0.07692307692307693
arctic_a0095,Arabic,ZHAA,0.25,0.07692307692307693
arctic_a0095,Arabic,ZHAA,0.5,0.07692307692307693
arctic_a0095,Arabic,ZHAA,0.75,0.07692307692307693
arctic_a0095,Arabic,ZHAA,1.0,0.0
arctic_a0097,Chinese,BWC,0.0,0.0
arctic_a0097,Chinese,BWC,0.25,0.25
arctic_a0097,Chinese,BWC,0.5,0.4166666666666667
arctic_a0097,Chinese,BWC,0.75,0.16666666666666666
arctic_a0097,Chinese,BWC,1.0,0.0
arctic_a0097,Spanish,EBVS,0.0,0.0
arctic_a0097,Spanish,EBVS,0.25,0.4166666666666667
arctic_a0097,Spanish,EBVS,0.5,0.5
arctic_a0097,Spanish,EBVS,0.75,0.16666666666666666
arctic_a0097,Spanish,EBVS,1.0,0.0
arctic_a0097,Korean,HJK,0.0,0.0
arctic_a0097,Korean,HJK,0.25,0.08333333333333333
arctic_a0097,Korean,HJK,0.5,0.16666666666666666
arctic_a0097,Korean,HJK,0.75,0.16666666666666666
arctic_a0097,Korean,HJK,1.0,0.0
arctic_a0097,Vietnamese,HQTV,0.0,0.08333333333333333
arctic_a0097,Vietnamese,HQTV,0.25,0.08333333333333333
arctic_a0097,Vietnamese,HQTV,0.5,0.25
arctic_a0097,Vietnamese,HQTV,0.75,0.16666666666666666
arctic_a0097,Vietnamese,HQTV,1.0,0.0
arctic_a0097,Hindi,SVBI,0.0,0.0
arctic_a0097,Hindi,SVBI,0.25,0.08333333333333333
arctic_a0097,Hindi,SVBI,0.5,0.3333333333333333
arctic_a0097,Hindi,SVBI,0.75,0.3333333333333333
arctic_a0097,Hindi,SVBI,1.0,0.0
arctic_a0097,Arabic,ZHAA,0.0,0.0
arctic_a0097,Arabic,ZHAA,0.25,0.08333333333333333
arctic_a0097,Arabic,ZHAA,0.5,0.6666666666666666
arctic_a0097,Arabic,ZHAA,0.75,0.16666666666666666
arctic_a0097,Arabic,ZHAA,1.0,0.0
arctic_a0107,Chinese,BWC,0.0,0.0
arctic_a0107,Chinese,BWC,0.25,0.3333333333333333
arctic_a0107,Chinese,BWC,0.5,0.4444444444444444
arctic_a0107,Chinese,BWC,0.75,0.1111111111111111
arctic_a0107,Chinese,BWC,1.0,0.0
arctic_a0107,Spanish,EBVS,0.0,0.1111111111111111
arctic_a0107,Spanish,EBVS,0.25,0.0
arctic_a0107,Spanish,EBVS,0.5,0.1111111111111111
arctic_a0107,Spanish,EBVS,0.75,0.1111111111111111
arctic_a0107,Spanish,EBVS,1.0,0.0
arctic_a0107,Korean,HJK,0.0,0.0
arctic_a0107,Korean,HJK,0.25,0.0
arctic_a0107,Korean,HJK,0.5,0.0
arctic_a0107,Korean,HJK,0.75,0.0
arctic_a0107,Korean,HJK,1.0,0.0
arctic_a0107,Vietnamese,HQTV,0.0,0.0
arctic_a0107,Vietnamese,HQTV,0.25,0.0
arctic_a0107,Vietnamese,HQTV,0.5,0.1111111111111111
arctic_a0107,Vietnamese,HQTV,0.75,0.1111111111111111
arctic_a0107,Vietnamese,HQTV,1.0,0.0
arctic_a0107,Hindi,SVBI,0.0,0.1111111111111111
arctic_a0107,Hindi,SVBI,0.25,0.1111111111111111
arctic_a0107,Hindi,SVBI,0.5,0.0
arctic_a0107,Hindi,SVBI,0.75,0.0
arctic_a0107,Hindi,SVBI,1.0,0.0
arctic_a0107,Arabic,ZHAA,0.0,0.0
arctic_a0107,Arabic,ZHAA,0.25,0.0
arctic_a0107,Arabic,ZHAA,0.5,0.0
arctic_a0107,Arabic,ZHAA,0.75,0.0
arctic_a0107,Arabic,ZHAA,1.0,0.0
arctic_a0108,Chinese,BWC,0.0,0.0
arctic_a0108,Chinese,BWC,0.25,0.08333333333333333
arctic_a0108,Chinese,BWC,0.5,0.4166666666666667
arctic_a0108,Chinese,BWC,0.75,0.16666666666666666
arctic_a0108,Chinese,BWC,1.0,0.0
arctic_a0108,Spanish,EBVS,0.0,0.08333333333333333
arctic_a0108,Spanish,EBVS,0.25,0.25
arctic_a0108,Spanish,EBVS,0.5,0.16666666666666666
arctic_a0108,Spanish,EBVS,0.75,0.08333333333333333
arctic_a0108,Spanish,EBVS,1.0,0.0
arctic_a0108,Korean,HJK,0.0,0.0
arctic_a0108,Korean,HJK,0.25,0.08333333333333333
arctic_a0108,Korean,HJK,0.5,0.08333333333333333
arctic_a0108,Korean,HJK,0.75,0.08333333333333333
arctic_a0108,Korean,HJK,1.0,0.0
arctic_a0108,Vietnamese,HQTV,0.0,0.08333333333333333
arctic_a0108,Vietnamese,HQTV,0.25,0.16666666666666666
arctic_a0108,Vietnamese,HQTV,0.5,0.25
arctic_a0108,Vietnamese,HQTV,0.75,0.08333333333333333
arctic_a0108,Vietnamese,HQTV,1.0,0.0
arctic_a0108,Hindi,SVBI,0.0,0.0
arctic_a0108,Hindi,SVBI,0.25,0.16666666666666666
arctic_a0108,Hindi,SVBI,0.5,0.08333333333333333
arctic_a0108,Hindi,SVBI,0.75,0.08333333333333333
arctic_a0108,Hindi,SVBI,1.0,0.0
arctic_a0108,Arabic,ZHAA,0.0,0.08333333333333333
arctic_a0108,Arabic,ZHAA,0.25,0.16666666666666666
arctic_a0108,Arabic,ZHAA,0.5,0.16666666666666666
arctic_a0108,Arabic,ZHAA,0.75,0.08333333333333333
arctic_a0108,Arabic,ZHAA,1.0,0.0
arctic_a0125,Chinese,BWC,0.0,0.0
arctic_a0125,Chinese,BWC,0.25,0.25
arctic_a0125,Chinese,BWC,0.5,0.3333333333333333
arctic_a0125,Chinese,BWC,0.75,0.16666666666666666
arctic_a0125,Chinese,BWC,1.0,0.0
arctic_a0125,Spanish,EBVS,0.0,0.0
arctic_a0125,Spanish,EBVS,0.25,0.08333333333333333
arctic_a0125,Spanish,EBVS,0.5,0.25
arctic_a0125,Spanish,EBVS,0.75,0.0
arctic_a0125,Spanish,EBVS,1.0,0.0
arctic_a0125,Korean,HJK,0.0,0.0
arctic_a0125,Korean,HJK,0.25,0.0
arctic_a0125,Korean,HJK,0.5,0.0
arctic_a0125,Korean,HJK,0.75,0.0
arctic_a0125,Korean,HJK,1.0,0.0
arctic_a0125,Vietnamese,HQTV,0.0,0.08333333333333333
arctic_a0125,Vietnamese,HQTV,0.25,0.16666666666666666
arctic_a0125,Vietnamese,HQTV,0.5,0.08333333333333333
arctic_a0125,Vietnamese,HQTV,0.75,0.0
arctic_a0125,Vietnamese,HQTV,1.0,0.0
arctic_a0125,Hindi,SVBI,0.0,0.0
arctic_a0125,Hindi,SVBI,0.25,0.0
arctic_a0125,Hindi,SVBI,0.5,0.0
arctic_a0125,Hindi,SVBI,0.75,0.0
arctic_a0125,Hindi,SVBI,1.0,0.0
arctic_a0125,Arabic,ZHAA,0.0,0.0
arctic_a0125,Arabic,ZHAA,0.25,0.0
arctic_a0125,Arabic,ZHAA,0.5,0.0
arctic_a0125,Arabic,ZHAA,0.75,0.0
arctic_a0125,Arabic,ZHAA,1.0,0.0
arctic_a0137,Chinese,BWC,0.0,0.2
arctic_a0137,Chinese,BWC,0.25,0.1
arctic_a0137,Chinese,BWC,0.5,0.5
arctic_a0137,Chinese,BWC,0.75,0.1
arctic_a0137,Chinese,BWC,1.0,0.0
arctic_a0137,Spanish,EBVS,0.0,0.0
arctic_a0137,Spanish,EBVS,0.25,0.0
arctic_a0137,Spanish,EBVS,0.5,0.3
arctic_a0137,Spanish,EBVS,0.75,0.1
arctic_a0137,Spanish,EBVS,1.0,0.0
arctic_a0137,Korean,HJK,0.0,0.0
arctic_a0137,Korean,HJK,0.25,0.0
arctic_a0137,Korean,HJK,0.5,0.0
arctic_a0137,Korean,HJK,0.75,0.0
arctic_a0137,Korean,HJK,1.0,0.0
arctic_a0137,Vietnamese,HQTV,0.0,0.0
arctic_a0137,Vietnamese,HQTV,0.25,0.3
arctic_a0137,Vietnamese,HQTV,0.5,0.4
arctic_a0137,Vietnamese,HQTV,0.75,0.1
arctic_a0137,Vietnamese,HQTV,1.0,0.0
arctic_a0137,Hindi,SVBI,0.0,0.0
arctic_a0137,Hindi,SVBI,0.25,0.0
arctic_a0137,Hindi,SVBI,0.5,0.0
arctic_a0137,Hindi,SVBI,0.75,0.0
arctic_a0137,Hindi,SVBI,1.0,0.0
arctic_a0137,Arabic,ZHAA,0.0,0.0
arctic_a0137,Arabic,ZHAA,0.25,0.1
arctic_a0137,Arabic,ZHAA,0.5,0.2
arctic_a0137,Arabic,ZHAA,0.75,0.0
arctic_a0137,Arabic,ZHAA,1.0,0.0
arctic_a0143,Chinese,BWC,0.0,0.5
arctic_a0143,Chinese,BWC,0.25,0.0
arctic_a0143,Chinese,BWC,0.5,0.0
arctic_a0143,Chinese,BWC,0.75,0.16666666666666666
arctic_a0143,Chinese,BWC,1.0,0.16666666666666666
arctic_a0143,Spanish,EBVS,0.0,0.0
arctic_a0143,Spanish,EBVS,0.25,0.0
arctic_a0143,Spanish,EBVS,0.5,0.0
arctic_a0143,Spanish,EBVS,0.75,0.0
arctic_a0143,Spanish,EBVS,1.0,0.16666666666666666
arctic_a0143,Korean,HJK,0.0,0.0
arctic_a0143,Korean,HJK,0.25,0.3333333333333333
arctic_a0143,Korean,HJK,0.5,0.16666666666666666
arctic_a0143,Korean,HJK,0.75,0.16666666666666666
arctic_a0143,Korean,HJK,1.0,0.16666666666666666
arctic_a0143,Vietnamese,HQTV,0.0,0.0
arctic_a0143,Vietnamese,HQTV,0.25,0.0
arctic_a0143,Vietnamese,HQTV,0.5,0.0
arctic_a0143,Vietnamese,HQTV,0.75,0.0
arctic_a0143,Vietnamese,HQTV,1.0,0.16666666666666666
arctic_a0143,Hindi,SVBI,0.0,0.0
arctic_a0143,Hindi,SVBI,0.25,0.0
arctic_a0143,Hindi,SVBI,0.5,0.0
arctic_a0143,Hindi,SVBI,0.75,0.16666666666666666
arctic_a0143,Hindi,SVBI,1.0,0.16666666666666666
arctic_a0143,Arabic,ZHAA,0.0,0.3333333333333333
arctic_a0143,Arabic,ZHAA,0.25,0.0
arctic_a0143,Arabic,ZHAA,0.5,0.0
arctic_a0143,Arabic,ZHAA,0.75,0.16666666666666666
arctic_a0143,Arabic,ZHAA,1.0,0.16666666666666666
arctic_a0146,Chinese,BWC,0.0,0.0
arctic_a0146,Chinese,BWC,0.25,0.2857142857142857
arctic_a0146,Chinese,BWC,0.5,0.42857142857142855
arctic_a0146,Chinese,BWC,0.75,0.42857142857142855
arctic_a0146,Chinese,BWC,1.0,0.0
arctic_a0146,Spanish,EBVS,0.0,0.0
arctic_a0146,Spanish,EBVS,0.25,0.42857142857142855
arctic_a0146,Spanish,EBVS,0.5,0.5714285714285714
arctic_a0146,Spanish,EBVS,0.75,0.0
arctic_a0146,Spanish,EBVS,1.0,0.0
arctic_a0146,Korean,HJK,0.0,0.0
arctic_a0146,Korean,HJK,0.25,0.14285714285714285
arctic_a0146,Korean,HJK,0.5,0.0
arctic_a0146,Korean,HJK,0.75,0.0
arctic_a0146,Korean,HJK,1.0,0.0
arctic_a0146,Vietnamese,HQTV,0.0,0.0
arctic_a0146,Vietnamese,HQTV,0.25,0.2857142857142857
arctic_a0146,Vietnamese,HQTV,0.5,0.5714285714285714
arctic_a0146,Vietnamese,HQTV,0.75,0.2857142857142857
arctic_a0146,Vietnamese,HQTV,1.0,0.0
arctic_a0146,Hindi,SVBI,0.0,0.0
arctic_a0146,Hindi,SVBI,0.25,0.14285714285714285
arctic_a0146,Hindi,SVBI,0.5,0.2857142857142857
arctic_a0146,Hindi,SVBI,0.75,0.0
arctic_a0146,Hindi,SVBI,1.0,0.0
arctic_a0146,Arabic,ZHAA,0.0,0.0
arctic_a0146,Arabic,ZHAA,0.25,0.2857142857142857
arctic_a0146,Arabic,ZHAA,0.5,0.42857142857142855
arctic_a0146,Arabic,ZHAA,0.75,0.14285714285714285
arctic_a0146,Arabic,ZHAA,1.0,0.0
arctic_a0162,Chinese,BWC,0.0,0.3333333333333333
arctic_a0162,Chinese,BWC,0.25,0.16666666666666666
arctic_a0162,Chinese,BWC,0.5,0.3333333333333333
arctic_a0162,Chinese,BWC,0.75,0.0
arctic_a0162,Chinese,BWC,1.0,0.3333333333333333
arctic_a0162,Spanish,EBVS,0.0,0.6666666666666666
arctic_a0162,Spanish,EBVS,0.25,0.6666666666666666
arctic_a0162,Spanish,EBVS,0.5,0.3333333333333333
arctic_a0162,Spanish,EBVS,0.75,0.0
arctic_a0162,Spanish,EBVS,1.0,0.3333333333333333
arctic_a0162,Korean,HJK,0.0,0.0
arctic_a0162,Korean,HJK,0.25,0.16666666666666666
arctic_a0162,Korean,HJK,0.5,0.3333333333333333
arctic_a0162,Korean,HJK,0.75,0.3333333333333333
arctic_a0162,Korean,HJK,1.0,0.3333333333333333
arctic_a0162,Vietnamese,HQTV,0.0,0.6666666666666666
arctic_a0162,Vietnamese,HQTV,0.25,0.16666666666666666
arctic_a0162,Vietnamese,HQTV,0.5,0.3333333333333333
arctic_a0162,Vietnamese,HQTV,0.75,0.0
arctic_a0162,Vietnamese,HQTV,1.0,0.3333333333333333
arctic_a0162,Hindi,SVBI,0.0,0.0
arctic_a0162,Hindi,SVBI,0.25,0.0
arctic_a0162,Hindi,SVBI,0.5,0.0
arctic_a0162,Hindi,SVBI,0.75,0.3333333333333333
arctic_a0162,Hindi,SVBI,1.0,0.6666666666666666
arctic_a0162,Arabic,ZHAA,0.0,0.16666666666666666
arctic_a0162,Arabic,ZHAA,0.25,0.0
arctic_a0162,Arabic,ZHAA,0.5,0.16666666666666666
arctic_a0162,Arabic,ZHAA,0.75,0.16666666666666666
arctic_a0162,Arabic,ZHAA,1.0,0.5
arctic_a0222,Chinese,BWC,0.0,0.0
arctic_a0222,Chinese,BWC,0.25,0.0
arctic_a0222,Chinese,BWC,0.5,0.1111111111111111
arctic_a0222,Chinese,BWC,0.75,0.1111111111111111
arctic_a0222,Chinese,BWC,1.0,0.0
arctic_a0222,Spanish,EBVS,0.0,0.0
arctic_a0222,Spanish,EBVS,0.25,0.0
arctic_a0222,Spanish,EBVS,0.5,0.2222222222222222
arctic_a0222,Spanish,EBVS,0.75,0.1111111111111111
arctic_a0222,Spanish,EBVS,1.0,0.0
arctic_a0222,Korean,HJK,0.0,0.2222222222222222
arctic_a0222,Korean,HJK,0.25,0.1111111111111111
arctic_a0222,Korean,HJK,0.5,0.0
arctic_a0222,Korean,HJK,0.75,0.0
arctic_a0222,Korean,HJK,1.0,0.0
arctic_a0222,Vietnamese,HQTV,0.0,0.1111111111111111
arctic_a0222,Vietnamese,HQTV,0.25,0.1111111111111111
arctic_a0222,Vietnamese,HQTV,0.5,0.1111111111111111
arctic_a0222,Vietnamese,HQTV,0.75,0.1111111111111111
arctic_a0222,Vietnamese,HQTV,1.0,0.0
arctic_a0222,Hindi,SVBI,0.0,0.0
arctic_a0222,Hindi,SVBI,0.25,0.1111111111111111
arctic_a0222,Hindi,SVBI,0.5,0.1111111111111111
arctic_a0222,Hindi,SVBI,0.75,0.1111111111111111
arctic_a0222,Hindi,SVBI,1.0,0.0
arctic_a0222,Arabic,ZHAA,0.0,0.1111111111111111
arctic_a0222,Arabic,ZHAA,0.25,0.1111111111111111
arctic_a0222,Arabic,ZHAA,0.5,0.1111111111111111
arctic_a0222,Arabic,ZHAA,0.75,0.1111111111111111
arctic_a0222,Arabic,ZHAA,1.0,0.0
arctic_a0226,Chinese,BWC,0.0,0.0
arctic_a0226,Chinese,BWC,0.25,0.2857142857142857
arctic_a0226,Chinese,BWC,0.5,0.7142857142857143
arctic_a0226,Chinese,BWC,0.75,0.14285714285714285
arctic_a0226,Chinese,BWC,1.0,0.14285714285714285
arctic_a0226,Spanish,EBVS,0.0,0.2857142857142857
arctic_a0226,Spanish,EBVS,0.25,0.5714285714285714
arctic_a0226,Spanish,EBVS,0.5,0.5714285714285714
arctic_a0226,Spanish,EBVS,0.75,0.2857142857142857
arctic_a0226,Spanish,EBVS,1.0,0.0
arctic_a0226,Korean,HJK,0.0,0.0
arctic_a0226,Korean,HJK,0.25,0.0
arctic_a0226,Korean,HJK,0.5,0.14285714285714285
arctic_a0226,Korean,HJK,0.75,0.2857142857142857
arctic_a0226,Korean,HJK,1.0,0.0
arctic_a0226,Vietnamese,HQTV,0.0,0.14285714285714285
arctic_a0226,Vietnamese,HQTV,0.25,0.42857142857142855
arctic_a0226,Vietnamese,HQTV,0.5,0.2857142857142857
arctic_a0226,Vietnamese,HQTV,0.75,0.2857142857142857
arctic_a0226,Vietnamese,HQTV,1.0,0.0
arctic_a0226,Hindi,SVBI,0.0,0.0
arctic_a0226,Hindi,SVBI,0.25,0.0
arctic_a0226,Hindi,SVBI,0.5,0.14285714285714285
arctic_a0226,Hindi,SVBI,0.75,0.0
arctic_a0226,Hindi,SVBI,1.0,0.14285714285714285
arctic_a0226,Arabic,ZHAA,0.0,0.0
arctic_a0226,Arabic,ZHAA,0.25,0.0
arctic_a0226,Arabic,ZHAA,0.5,0.14285714285714285
arctic_a0226,Arabic,ZHAA,0.75,0.2857142857142857
arctic_a0226,Arabic,ZHAA,1.0,0.14285714285714285
arctic_a0228,Chinese,BWC,0.0,0.16666666666666666
arctic_a0228,Chinese,BWC,0.25,0.0
arctic_a0228,Chinese,BWC,0.5,0.16666666666666666
arctic_a0228,Chinese,BWC,0.75,0.3333333333333333
arctic_a0228,Chinese,BWC,1.0,0.0
arctic_a0228,Spanish,EBVS,0.0,0.0
arctic_a0228,Spanish,EBVS,0.25,0.16666666666666666
arctic_a0228,Spanish,EBVS,0.5,0.16666666666666666
arctic_a0228,Spanish,EBVS,0.75,0.16666666666666666
arctic_a0228,Spanish,EBVS,1.0,0.0
arctic_a0228,Korean,HJK,0.0,0.0
arctic_a0228,Korean,HJK,0.25,0.0
arctic_a0228,Korean,HJK,0.5,0.0
arctic_a0228,Korean,HJK,0.75,0.0
arctic_a0228,Korean,HJK,1.0,0.0
arctic_a0228,Vietnamese,HQTV,0.0,0.0
arctic_a0228,Vietnamese,HQTV,0.25,0.0
arctic_a0228,Vietnamese,HQTV,0.5,0.16666666666666666
arctic_a0228,Vietnamese,HQTV,0.75,0.16666666666666666
arctic_a0228,Vietnamese,HQTV,1.0,0.0
arctic_a0228,Hindi,SVBI,0.0,0.0
arctic_a0228,Hindi,SVBI,0.25,0.0
arctic_a0228,Hindi,SVBI,0.5,0.0
arctic_a0228,Hindi,SVBI,0.75,0.0
arctic_a0228,Hindi,SVBI,1.0,0.0
arctic_a0228,Arabic,ZHAA,0.0,0.0
arctic_a0228,Arabic,ZHAA,0.25,0.0
arctic_a0228,Arabic,ZHAA,0.5,0.0
arctic_a0228,Arabic,ZHAA,0.75,0.0
arctic_a0228,Arabic,ZHAA,1.0,0.0
arctic_a0234,Chinese,BWC,0.0,0.2727272727272727
arctic_a0234,Chinese,BWC,0.25,0.36363636363636365
arctic_a0234,Chinese,BWC,0.5,0.6363636363636364
arctic_a0234,Chinese,BWC,0.75,0.2727272727272727
arctic_a0234,Chinese,BWC,1.0,0.0
arctic_a0234,Spanish,EBVS,0.0,0.18181818181818182
arctic_a0234,Spanish,EBVS,0.25,0.18181818181818182
arctic_a0234,Spanish,EBVS,0.5,0.45454545454545453
arctic_a0234,Spanish,EBVS,0.75,0.2727272727272727
arctic_a0234,Spanish,EBVS,1.0,0.0
arctic_a0234,Korean,HJK,0.0,0.0
arctic_a0234,Korean,HJK,0.25,0.0
arctic_a0234,Korean,HJK,0.5,0.0
arctic_a0234,Korean,HJK,0.75,0.09090909090909091
arctic_a0234,Korean,HJK,1.0,0.0
arctic_a0234,Vietnamese,HQTV,0.0,0.18181818181818182
arctic_a0234,Vietnamese,HQTV,0.25,0.09090909090909091
arctic_a0234,Vietnamese,HQTV,0.5,0.18181818181818182
arctic_a0234,Vietnamese,HQTV,0.75,0.2727272727272727
arctic_a0234,Vietnamese,HQTV,1.0,0.0
arctic_a0234,Hindi,SVBI,0.0,0.0
arctic_a0234,Hindi,SVBI,0.25,0.09090909090909091
arctic_a0234,Hindi,SVBI,0.5,0.36363636363636365
arctic_a0234,Hindi,SVBI,0.75,0.2727272727272727
arctic_a0234,Hindi,SVBI,1.0,0.0
arctic_a0234,Arabic,ZHAA,0.0,0.0
arctic_a0234,Arabic,ZHAA,0.25,0.09090909090909091
arctic_a0234,Arabic,ZHAA,0.5,0.2727272727272727
arctic_a0234,Arabic,ZHAA,0.75,0.09090909090909091
arctic_a0234,Arabic,ZHAA,1.0,0.0
arctic_a0240,Chinese,BWC,0.0,0.2
arctic_a0240,Chinese,BWC,0.25,0.0
arctic_a0240,Chinese,BWC,0.5,0.2
arctic_a0240,Chinese,BWC,0.75,0.2
arctic_a0240,Chinese,BWC,1.0,0.0
arctic_a0240,Spanish,EBVS,0.0,0.4
arctic_a0240,Spanish,EBVS,0.25,0.2
arctic_a0240,Spanish,EBVS,0.5,0.2
arctic_a0240,Spanish,EBVS,0.75,0.2
arctic_a0240,Spanish,EBVS,1.0,0.0
arctic_a0240,Korean,HJK,0.0,0.0
arctic_a0240,Korean,HJK,0.25,0.0
arctic_a0240,Korean,HJK,0.5,0.0
arctic_a0240,Korean,HJK,0.75,0.0
arctic_a0240,Korean,HJK,1.0,0.0
arctic_a0240,Vietnamese,HQTV,0.0,0.0
arctic_a0240,Vietnamese,HQTV,0.25,0.0
arctic_a0240,Vietnamese,HQTV,0.5,0.0
arctic_a0240,Vietnamese,HQTV,0.75,0.0
arctic_a0240,Vietnamese,HQTV,1.0,0.0
arctic_a0240,Hindi,SVBI,0.0,0.0
arctic_a0240,Hindi,SVBI,0.25,0.0
arctic_a0240,Hindi,SVBI,0.5,0.0
arctic_a0240,Hindi,SVBI,0.75,0.0
arctic_a0240,Hindi,SVBI,1.0,0.0
arctic_a0240,Arabic,ZHAA,0.0,0.0
arctic_a0240,Arabic,ZHAA,0.25,0.2
arctic_a0240,Arabic,ZHAA,0.5,0.2
arctic_a0240,Arabic,ZHAA,0.75,0.0
arctic_a0240,Arabic,ZHAA,1.0,0.0
arctic_a0246,Chinese,BWC,0.0,0.0
arctic_a0246,Chinese,BWC,0.25,0.46153846153846156
arctic_a0246,Chinese,BWC,0.5,0.6153846153846154
arctic_a0246,Chinese,BWC,0.75,0.3076923076923077
arctic_a0246,Chinese,BWC,1.0,0.23076923076923078
arctic_a0246,Spanish,EBVS,0.0,0.15384615384615385
arctic_a0246,Spanish,EBVS,0.25,0.38461538461538464
arctic_a0246,Spanish,EBVS,0.5,0.6153846153846154
arctic_a0246,Spanish,EBVS,0.75,0.3076923076923077
arctic_a0246,Spanish,EBVS,1.0,0.07692307692307693
arctic_a0246,Korean,HJK,0.0,0.0
arctic_a0246,Korean,HJK,0.25,0.07692307692307693
arctic_a0246,Korean,HJK,0.5,0.15384615384615385
arctic_a0246,Korean,HJK,0.75,0.07692307692307693
arctic_a0246,Korean,HJK,1.0,0.07692307692307693
arctic_a0246,Vietnamese,HQTV,0.0,0.0
arctic_a0246,Vietnamese,HQTV,0.25,0.38461538461538464
arctic_a0246,Vietnamese,HQTV,0.5,0.6923076923076923
arctic_a0246,Vietnamese,HQTV,0.75,0.15384615384615385
arctic_a0246,Vietnamese,HQTV,1.0,0.07692307692307693
arctic_a0246,Hindi,SVBI,0.0,0.07692307692307693
arctic_a0246,Hindi,SVBI,0.25,0.07692307692307693
arctic_a0246,Hindi,SVBI,0.5,0.23076923076923078
arctic_a0246,Hindi,SVBI,0.75,0.07692307692307693
arctic_a0246,Hindi,SVBI,1.0,0.07692307692307693
arctic_a0246,Arabic,ZHAA,0.0,0.0
arctic_a0246,Arabic,ZHAA,0.25,0.15384615384615385
arctic_a0246,Arabic,ZHAA,0.5,0.23076923076923078
arctic_a0246,Arabic,ZHAA,0.75,0.23076923076923078
arctic_a0246,Arabic,ZHAA,1.0,0.07692307692307693
arctic_a0250,Chinese,BWC,0.0,0.38461538461538464
arctic_a0250,Chinese,BWC,0.25,0.5384615384615384
arctic_a0250,Chinese,BWC,0.5,0.6153846153846154
arctic_a0250,Chinese,BWC,0.75,0.23076923076923078
arctic_a0250,Chinese,BWC,1.0,0.0
arctic_a0250,Spanish,EBVS,0.0,0.0
arctic_a0250,Spanish,EBVS,0.25,0.07692307692307693
arctic_a0250,Spanish,EBVS,0.5,0.46153846153846156
arctic_a0250,Spanish,EBVS,0.75,0.07692307692307693
arctic_a0250,Spanish,EBVS,1.0,0.0
arctic_a0250,Korean,HJK,0.0,0.0
arctic_a0250,Korean,HJK,0.25,0.07692307692307693
arctic_a0250,Korean,HJK,0.5,0.07692307692307693
arctic_a0250,Korean,HJK,0.75,0.07692307692307693
arctic_a0250,Korean,HJK,1.0,0.0
arctic_a0250,Vietnamese,HQTV,0.0,0.07692307692307693
arctic_a0250,Vietnamese,HQTV,0.25,0.23076923076923078
arctic_a0250,Vietnamese,HQTV,0.5,0.38461538461538464
arctic_a0250,Vietnamese,HQTV,0.75,0.15384615384615385
arctic_a0250,Vietnamese,HQTV,1.0,0.0
arctic_a0250,Hindi,SVBI,0.0,0.0
arctic_a0250,Hindi,SVBI,0.25,0.15384615384615385
arctic_a0250,Hindi,SVBI,0.5,0.07692307692307693
arctic_a0250,Hindi,SVBI,0.75,0.15384615384615385
arctic_a0250,Hindi,SVBI,1.0,0.15384615384615385
arctic_a0250,Arabic,ZHAA,0.0,0.0
arctic_a0250,Arabic,ZHAA,0.25,0.07692307692307693
arctic_a0250,Arabic,ZHAA,0.5,0.07692307692307693
arctic_a0250,Arabic,ZHAA,0.75,0.15384615384615385
arctic_a0250,Arabic,ZHAA,1.0,0.0
arctic_a0267,Chinese,BWC,0.0,0.125
arctic_a0267,Chinese,BWC,0.25,0.375
arctic_a0267,Chinese,BWC,0.5,0.625
arctic_a0267,Chinese,BWC,0.75,0.125
arctic_a0267,Chinese,BWC,1.0,0.0
arctic_a0267,Spanish,EBVS,0.0,0.25
arctic_a0267,Spanish,EBVS,0.25,0.25
arctic_a0267,Spanish,EBVS,0.5,0.25
arctic_a0267,Spanish,EBVS,0.75,0.25
arctic_a0267,Spanish,EBVS,1.0,0.0
arctic_a0267,Korean,HJK,0.0,0.125
arctic_a0267,Korean,HJK,0.25,0.0
arctic_a0267,Korean,HJK,0.5,0.0
arctic_a0267,Korean,HJK,0.75,0.0
arctic_a0267,Korean,HJK,1.0,0.0
arctic_a0267,Vietnamese,HQTV,0.0,0.375
arctic_a0267,Vietnamese,HQTV,0.25,0.25
arctic_a0267,Vietnamese,HQTV,0.5,0.25
arctic_a0267,Vietnamese,HQTV,0.75,0.125
arctic_a0267,Vietnamese,HQTV,1.0,0.0
arctic_a0267,Hindi,SVBI,0.0,0.0
arctic_a0267,Hindi,SVBI,0.25,0.125
arctic_a0267,Hindi,SVBI,0.5,0.375
arctic_a0267,Hindi,SVBI,0.75,0.125
arctic_a0267,Hindi,SVBI,1.0,0.0
arctic_a0267,Arabic,ZHAA,0.0,0.0
arctic_a0267,Arabic,ZHAA,0.25,0.0
arctic_a0267,Arabic,ZHAA,0.5,0.0
arctic_a0267,Arabic,ZHAA,0.75,0.0
arctic_a0267,Arabic,ZHAA,1.0,0.0
arctic_a0278,Chinese,BWC,0.0,0.16666666666666666
arctic_a0278,Chinese,BWC,0.25,0.16666666666666666
arctic_a0278,Chinese,BWC,0.5,0.3333333333333333
arctic_a0278,Chinese,BWC,0.75,0.0
arctic_a0278,Chinese,BWC,1.0,0.0
arctic_a0278,Spanish,EBVS,0.0,0.0
arctic_a0278,Spanish,EBVS,0.25,0.3333333333333333
arctic_a0278,Spanish,EBVS,0.5,0.3333333333333333
arctic_a0278,Spanish,EBVS,0.75,0.0
arctic_a0278,Spanish,EBVS,1.0,0.0
arctic_a0278,Korean,HJK,0.0,0.16666666666666666
arctic_a0278,Korean,HJK,0.25,0.16666666666666666
arctic_a0278,Korean,HJK,0.5,0.3333333333333333
arctic_a0278,Korean,HJK,0.75,0.0
arctic_a0278,Korean,HJK,1.0,0.0
arctic_a0278,Vietnamese,HQTV,0.0,0.5
arctic_a0278,Vietnamese,HQTV,0.25,0.3333333333333333
arctic_a0278,Vietnamese,HQTV,0.5,0.3333333333333333
arctic_a0278,Vietnamese,HQTV,0.75,0.16666666666666666
arctic_a0278,Vietnamese,HQTV,1.0,0.0
arctic_a0278,Hindi,SVBI,0.0,0.0
arctic_a0278,Hindi,SVBI,0.25,0.16666666666666666
arctic_a0278,Hindi,SVBI,0.5,0.16666666666666666
arctic_a0278,Hindi,SVBI,0.75,0.0
arctic_a0278,Hindi,SVBI,1.0,0.0
arctic_a0278,Arabic,ZHAA,0.0,0.8333333333333334
arctic_a0278,Arabic,ZHAA,0.25,0.5
arctic_a0278,Arabic,ZHAA,0.5,0.6666666666666666
arctic_a0278,Arabic,ZHAA,0.75,0.0
arctic_a0278,Arabic,ZHAA,1.0,0.0
arctic_a0284,Chinese,BWC,0.0,0.25
arctic_a0284,Chinese,BWC,0.25,0.25
arctic_a0284,Chinese,BWC,0.5,0.625
arctic_a0284,Chinese,BWC,0.75,0.25
arctic_a0284,Chinese,BWC,1.0,0.0
arctic_a0284,Spanish,EBVS,0.0,0.125
arctic_a0284,Spanish,EBVS,0.25,0.25
arctic_a0284,Spanish,EBVS,0.5,0.125
arctic_a0284,Spanish,EBVS,0.75,0.125
arctic_a0284,Spanish,EBVS,1.0,0.0
arctic_a0284,Korean,HJK,0.0,0.125
arctic_a0284,Korean,HJK,0.25,0.375
arctic_a0284,Korean,HJK,0.5,0.125
arctic_a0284,Korean,HJK,0.75,0.125
arctic_a0284,Korean,HJK,1.0,0.0
arctic_a0284,Vietnamese,HQTV,0.0,0.0
arctic_a0284,Vietnamese,HQTV,0.25,0.25
arctic_a0284,Vietnamese,HQTV,0.5,0.25
arctic_a0284,Vietnamese,HQTV,0.75,0.125
arctic_a0284,Vietnamese,HQTV,1.0,0.0
arctic_a0284,Hindi,SVBI,0.0,0.0
arctic_a0284,Hindi,SVBI,0.25,0.125
arctic_a0284,Hindi,SVBI,0.5,0.125
arctic_a0284,Hindi,SVBI,0.75,0.0
arctic_a0284,Hindi,SVBI,1.0,0.0
arctic_a0284,Arabic,ZHAA,0.0,0.0
arctic_a0284,Arabic,ZHAA,0.25,0.25
arctic_a0284,Arabic,ZHAA,0.5,0.375
arctic_a0284,Arabic,ZHAA,0.75,0.125
arctic_a0284,Arabic,ZHAA,1.0,0.0
arctic_a0292,Chinese,BWC,0.0,0.25
arctic_a0292,Chinese,BWC,0.25,0.375
arctic_a0292,Chinese,BWC,0.5,0.5
arctic_a0292,Chinese,BWC,0.75,0.25
arctic_a0292,Chinese,BWC,1.0,0.0
arctic_a0292,Spanish,EBVS,0.0,0.0
arctic_a0292,Spanish,EBVS,0.25,0.25
arctic_a0292,Spanish,EBVS,0.5,0.25
arctic_a0292,Spanish,EBVS,0.75,0.25
arctic_a0292,Spanish,EBVS,1.0,0.125
arctic_a0292,Korean,HJK,0.0,0.0
arctic_a0292,Korean,HJK,0.25,0.125
arctic_a0292,Korean,HJK,0.5,0.125
arctic_a0292,Korean,HJK,0.75,0.25
arctic_a0292,Korean,HJK,1.0,0.125
arctic_a0292,Vietnamese,HQTV,0.0,0.0
arctic_a0292,Vietnamese,HQTV,0.25,0.125
arctic_a0292,Vietnamese,HQTV,0.5,0.25
arctic_a0292,Vietnamese,HQTV,0.75,0.25
arctic_a0292,Vietnamese,HQTV,1.0,0.125
arctic_a0292,Hindi,SVBI,0.0,0.0
arctic_a0292,Hindi,SVBI,0.25,0.125
arctic_a0292,Hindi,SVBI,0.5,0.25
arctic_a0292,Hindi,SVBI,0.75,0.25
arctic_a0292,Hindi,SVBI,1.0,0.0
arctic_a0292,Arabic,ZHAA,0.0,0.125
arctic_a0292,Arabic,ZHAA,0.25,0.25
arctic_a0292,Arabic,ZHAA,0.5,0.25
arctic_a0292,Arabic,ZHAA,0.75,0.25
arctic_a0292,Arabic,ZHAA,1.0,0.0
arctic_a0306,Chinese,BWC,0.0,0.1111111111111111
arctic_a0306,Chinese,BWC,0.25,0.3333333333333333
arctic_a0306,Chinese,BWC,0.5,0.5555555555555556
arctic_a0306,Chinese,BWC,0.75,0.2222222222222222
arctic_a0306,Chinese,BWC,1.0,0.0
arctic_a0306,Spanish,EBVS,0.0,0.0
arctic_a0306,Spanish,EBVS,0.25,0.1111111111111111
arctic_a0306,Spanish,EBVS,0.5,0.3333333333333333
arctic_a0306,Spanish,EBVS,0.75,0.1111111111111111
arctic_a0306,Spanish,EBVS,1.0,0.0
arctic_a0306,Korean,HJK,0.0,0.0
arctic_a0306,Korean,HJK,0.25,0.1111111111111111
arctic_a0306,Korean,HJK,0.5,0.3333333333333333
arctic_a0306,Korean,HJK,0.75,0.3333333333333333
arctic_a0306,Korean,HJK,1.0,0.0
arctic_a0306,Vietnamese,HQTV,0.0,0.1111111111111111
arctic_a0306,Vietnamese,HQTV,0.25,0.4444444444444444
arctic_a0306,Vietnamese,HQTV,0.5,0.4444444444444444
arctic_a0306,Vietnamese,HQTV,0.75,0.3333333333333333
arctic_a0306,Vietnamese,HQTV,1.0,0.0
arctic_a0306,Hindi,SVBI,0.0,0.0
arctic_a0306,Hindi,SVBI,0.25,0.1111111111111111
arctic_a0306,Hindi,SVBI,0.5,0.3333333333333333
arctic_a0306,Hindi,SVBI,0.75,0.3333333333333333
arctic_a0306,Hindi,SVBI,1.0,0.0
arctic_a0306,Arabic,ZHAA,0.0,0.0
arctic_a0306,Arabic,ZHAA,0.25,0.2222222222222222
arctic_a0306,Arabic,ZHAA,0.5,0.2222222222222222
arctic_a0306,Arabic,ZHAA,0.75,0.2222222222222222
arctic_a0306,Arabic,ZHAA,1.0,0.0
arctic_a0317,Chinese,BWC,0.0,0.0
arctic_a0317,Chinese,BWC,0.25,0.0
arctic_a0317,Chinese,BWC,0.5,0.4
arctic_a0317,Chinese,BWC,0.75,0.0
arctic_a0317,Chinese,BWC,1.0,0.0
arctic_a0317,Spanish,EBVS,0.0,0.0
arctic_a0317,Spanish,EBVS,0.25,0.0
arctic_a0317,Spanish,EBVS,0.5,0.0
arctic_a0317,Spanish,EBVS,0.75,0.0
arctic_a0317,Spanish,EBVS,1.0,0.0
arctic_a0317,Korean,HJK,0.0,0.0
arctic_a0317,Korean,HJK,0.25,0.0
arctic_a0317,Korean,HJK,0.5,0.0
arctic_a0317,Korean,HJK,0.75,0.0
arctic_a0317,Korean,HJK,1.0,0.0
arctic_a0317,Vietnamese,HQTV,0.0,0.0
arctic_a0317,Vietnamese,HQTV,0.25,0.0
arctic_a0317,Vietnamese,HQTV,0.5,0.4
arctic_a0317,Vietnamese,HQTV,0.75,0.0
arctic_a0317,Vietnamese,HQTV,1.0,0.0
arctic_a0317,Hindi,SVBI,0.0,0.2
arctic_a0317,Hindi,SVBI,0.25,0.4
arctic_a0317,Hindi,SVBI,0.5,0.4
arctic_a0317,Hindi,SVBI,0.75,0.0
arctic_a0317,Hindi,SVBI,1.0,0.0
arctic_a0317,Arabic,ZHAA,0.0,0.0
arctic_a0317,Arabic,ZHAA,0.25,0.0
arctic_a0317,Arabic,ZHAA,0.5,0.0
arctic_a0317,Arabic,ZHAA,0.75,0.0
arctic_a0317,Arabic,ZHAA,1.0,0.0
arctic_a0322,Chinese,BWC,0.0,0.0
arctic_a0322,Chinese,BWC,0.25,0.1111111111111111
arctic_a0322,Chinese,BWC,0.5,0.3333333333333333
arctic_a0322,Chinese,BWC,0.75,0.2222222222222222
arctic_a0322,Chinese,BWC,1.0,0.0
arctic_a0322,Spanish,EBVS,0.0,0.0
arctic_a0322,Spanish,EBVS,0.25,0.0
arctic_a0322,Spanish,EBVS,0.5,0.2222222222222222
arctic_a0322,Spanish,EBVS,0.75,0.1111111111111111
arctic_a0322,Spanish,EBVS,1.0,0.0
arctic_a0322,Korean,HJK,0.0,0.0
arctic_a0322,Korean,HJK,0.25,0.1111111111111111
arctic_a0322,Korean,HJK,0.5,0.1111111111111111
arctic_a0322,Korean,HJK,0.75,0.1111111111111111
arctic_a0322,Korean,HJK,1.0,0.0
arctic_a0322,Vietnamese,HQTV,0.0,0.0
arctic_a0322,Vietnamese,HQTV,0.25,0.0
arctic_a0322,Vietnamese,HQTV,0.5,0.0
arctic_a0322,Vietnamese,HQTV,0.75,0.0
arctic_a0322,Vietnamese,HQTV,1.0,0.0
arctic_a0322,Hindi,SVBI,0.0,0.0
arctic_a0322,Hindi,SVBI,0.25,0.1111111111111111
arctic_a0322,Hindi,SVBI,0.5,0.1111111111111111
arctic_a0322,Hindi,SVBI,0.75,0.1111111111111111
arctic_a0322,Hindi,SVBI,1.0,0.0
arctic_a0322,Arabic,ZHAA,0.0,0.0
arctic_a0322,Arabic,ZHAA,0.25,0.0
arctic_a0322,Arabic,ZHAA,0.5,0.1111111111111111
arctic_a0322,Arabic,ZHAA,0.75,0.1111111111111111
arctic_a0322,Arabic,ZHAA,1.0,0.0
arctic_a0340,Chinese,BWC,0.0,0.0
arctic_a0340,Chinese,BWC,0.25,0.14285714285714285
arctic_a0340,Chinese,BWC,0.5,0.42857142857142855
arctic_a0340,Chinese,BWC,0.75,0.14285714285714285
arctic_a0340,Chinese,BWC,1.0,0.0
arctic_a0340,Spanish,EBVS,0.0,0.0
arctic_a0340,Spanish,EBVS,0.25,0.14285714285714285
arctic_a0340,Spanish,EBVS,0.5,0.2857142857142857
arctic_a0340,Spanish,EBVS,0.75,0.0
arctic_a0340,Spanish,EBVS,1.0,0.0
arctic_a0340,Korean,HJK,0.0,0.0
arctic_a0340,Korean,HJK,0.25,0.14285714285714285
arctic_a0340,Korean,HJK,0.5,0.2857142857142857
arctic_a0340,Korean,HJK,0.75,0.0
arctic_a0340,Korean,HJK,1.0,0.0
arctic_a0340,Vietnamese,HQTV,0.0,0.14285714285714285
arctic_a0340,Vietnamese,HQTV,0.25,0.2857142857142857
arctic_a0340,Vietnamese,HQTV,0.5,0.42857142857142855
arctic_a0340,Vietnamese,HQTV,0.75,0.14285714285714285
arctic_a0340,Vietnamese,HQTV,1.0,0.0
arctic_a0340,Hindi,SVBI,0.0,0.0
arctic_a0340,Hindi,SVBI,0.25,0.14285714285714285
arctic_a0340,Hindi,SVBI,0.5,0.14285714285714285
arctic_a0340,Hindi,SVBI,0.75,0.14285714285714285
arctic_a0340,Hindi,SVBI,1.0,0.0
arctic_a0340,Arabic,ZHAA,0.0,0.0
arctic_a0340,Arabic,ZHAA,0.25,0.14285714285714285
arctic_a0340,Arabic,ZHAA,0.5,0.14285714285714285
arctic_a0340,Arabic,ZHAA,0.75,0.14285714285714285
arctic_a0340,Arabic,ZHAA,1.0,0.0
arctic_a0349,Chinese,BWC,0.0,0.0
arctic_a0349,Chinese,BWC,0.25,0.18181818181818182
arctic_a0349,Chinese,BWC,0.5,0.45454545454545453
arctic_a0349,Chinese,BWC,0.75,0.0
arctic_a0349,Chinese,BWC,1.0,0.0
arctic_a0349,Spanish,EBVS,0.0,0.18181818181818182
arctic_a0349,Spanish,EBVS,0.25,0.18181818181818182
arctic_a0349,Spanish,EBVS,0.5,0.09090909090909091
arctic_a0349,Spanish,EBVS,0.75,0.09090909090909091
arctic_a0349,Spanish,EBVS,1.0,0.0
arctic_a0349,Korean,HJK,0.0,0.0
arctic_a0349,Korean,HJK,0.25,0.0
arctic_a0349,Korean,HJK,0.5,0.0
arctic_a0349,Korean,HJK,0.75,0.09090909090909091
arctic_a0349,Korean,HJK,1.0,0.0
arctic_a0349,Vietnamese,HQTV,0.0,0.0
arctic_a0349,Vietnamese,HQTV,0.25,0.0
arctic_a0349,Vietnamese,HQTV,0.5,0.18181818181818182
arctic_a0349,Vietnamese,HQTV,0.75,0.0
arctic_a0349,Vietnamese,HQTV,1.0,0.0
arctic_a0349,Hindi,SVBI,0.0,0.0
arctic_a0349,Hindi,SVBI,0.25,0.0
arctic_a0349,Hindi,SVBI,0.5,0.09090909090909091
arctic_a0349,Hindi,SVBI,0.75,0.0
arctic_a0349,Hindi,SVBI,1.0,0.0
arctic_a0349,Arabic,ZHAA,0.0,0.0
arctic_a0349,Arabic,ZHAA,0.25,0.0
arctic_a0349,Arabic,ZHAA,0.5,0.0
arctic_a0349,Arabic,ZHAA,0.75,0.09090909090909091
arctic_a0349,Arabic,ZHAA,1.0,0.0
arctic_a0372,Chinese,BWC,0.0,0.0
arctic_a0372,Chinese,BWC,0.25,0.0
arctic_a0372,Chinese,BWC,0.5,0.1
arctic_a0372,Chinese,BWC,0.75,0.0
arctic_a0372,Chinese,BWC,1.0,0.0
arctic_a0372,Spanish,EBVS,0.0,0.2
arctic_a0372,Spanish,EBVS,0.25,0.0
arctic_a0372,Spanish,EBVS,0.5,0.1
arctic_a0372,Spanish,EBVS,0.75,0.0
arctic_a0372,Spanish,EBVS,1.0,0.0
arctic_a0372,Korean,HJK,0.0,0.0
arctic_a0372,Korean,HJK,0.25,0.1
arctic_a0372,Korean,HJK,0.5,0.2
arctic_a0372,Korean,HJK,0.75,0.1
arctic_a0372,Korean,HJK,1.0,0.0
arctic_a0372,Vietnamese,HQTV,0.0,0.0
arctic_a0372,Vietnamese,HQTV,0.25,0.1
arctic_a0372,Vietnamese,HQTV,0.5,0.1
arctic_a0372,Vietnamese,HQTV,0.75,0.1
arctic_a0372,Vietnamese,HQTV,1.0,0.0
arctic_a0372,Hindi,SVBI,0.0,0.0
arctic_a0372,Hindi,SVBI,0.25,0.1
arctic_a0372,Hindi,SVBI,0.5,0.1
arctic_a0372,Hindi,SVBI,0.75,0.1
arctic_a0372,Hindi,SVBI,1.0,0.0
arctic_a0372,Arabic,ZHAA,0.0,0.0
arctic_a0372,Arabic,ZHAA,0.25,0.1
arctic_a0372,Arabic,ZHAA,0.5,0.1
arctic_a0372,Arabic,ZHAA,0.75,0.0
arctic_a0372,Arabic,ZHAA,1.0,0.0
arctic_a0385,Chinese,BWC,0.0,0.0
arctic_a0385,Chinese,BWC,0.25,0.25
arctic_a0385,Chinese,BWC,0.5,0.25
arctic_a0385,Chinese,BWC,0.75,0.25
arctic_a0385,Chinese,BWC,1.0,0.0
arctic_a0385,Spanish,EBVS,0.0,0.5
arctic_a0385,Spanish,EBVS,0.25,0.5
arctic_a0385,Spanish,EBVS,0.5,0.25
arctic_a0385,Spanish,EBVS,0.75,0.0
arctic_a0385,Spanish,EBVS,1.0,0.0
arctic_a0385,Korean,HJK,0.0,0.0
arctic_a0385,Korean,HJK,0.25,0.0
arctic_a0385,Korean,HJK,0.5,0.0
arctic_a0385,Korean,HJK,0.75,0.0
arctic_a0385,Korean,HJK,1.0,0.0
arctic_a0385,Vietnamese,HQTV,0.0,0.25
arctic_a0385,Vietnamese,HQTV,0.25,0.25
arctic_a0385,Vietnamese,HQTV,0.5,0.5
arctic_a0385,Vietnamese,HQTV,0.75,0.25
arctic_a0385,Vietnamese,HQTV,1.0,0.0
arctic_a0385,Hindi,SVBI,0.0,0.0
arctic_a0385,Hindi,SVBI,0.25,0.0
arctic_a0385,Hindi,SVBI,0.5,0.25
arctic_a0385,Hindi,SVBI,0.75,0.0
arctic_a0385,Hindi,SVBI,1.0,0.0
arctic_a0385,Arabic,ZHAA,0.0,0.25
arctic_a0385,Arabic,ZHAA,0.25,0.5
arctic_a0385,Arabic,ZHAA,0.5,0.5
arctic_a0385,Arabic,ZHAA,0.75,0.25
arctic_a0385,Arabic,ZHAA,1.0,0.0
arctic_a0394,Chinese,BWC,0.0,0.5454545454545454
arctic_a0394,Chinese,BWC,0.25,0.45454545454545453
arctic_a0394,Chinese,BWC,0.5,0.45454545454545453
arctic_a0394,Chinese,BWC,0.75,0.5454545454545454
arctic_a0394,Chinese,BWC,1.0,0.36363636363636365
arctic_a0394,Spanish,EBVS,0.0,0.5454545454545454
arctic_a0394,Spanish,EBVS,0.25,0.36363636363636365
arctic_a0394,Spanish,EBVS,0.5,0.6363636363636364
arctic_a0394,Spanish,EBVS,0.75,0.09090909090909091
arctic_a0394,Spanish,EBVS,1.0,0.18181818181818182
arctic_a0394,Korean,HJK,0.0,0.0
arctic_a0394,Korean,HJK,0.25,0.1
arctic_a0394,Korean,HJK,0.5,0.2
arctic_a0394,Korean,HJK,0.75,0.2
arctic_a0394,Korean,HJK,1.0,0.0
arctic_a0394,Vietnamese,HQTV,0.0,0.2
arctic_a0394,Vietnamese,HQTV,0.25,0.7
arctic_a0394,Vietnamese,HQTV,0.5,0.9
arctic_a0394,Vietnamese,HQTV,0.75,0.4
arctic_a0394,Vietnamese,HQTV,1.0,0.0
arctic_a0394,Hindi,SVBI,0.0,0.3
arctic_a0394,Hindi,SVBI,0.25,0.4
arctic_a0394,Hindi,SVBI,0.5,0.4
arctic_a0394,Hindi,SVBI,0.75,0.2
arctic_a0394,Hindi,SVBI,1.0,0.0
arctic_a0394,Arabic,ZHAA,0.0,0.0
arctic_a0394,Arabic,ZHAA,0.25,0.2
arctic_a0394,Arabic,ZHAA,0.5,0.3
arctic_a0394,Arabic,ZHAA,0.75,0.2
arctic_a0394,Arabic,ZHAA,1.0,0.0
arctic_a0400,Chinese,BWC,0.0,0.4
arctic_a0400,Chinese,BWC,0.25,0.6
arctic_a0400,Chinese,BWC,0.5,0.6
arctic_a0400,Chinese,BWC,0.75,0.8
arctic_a0400,Chinese,BWC,1.0,0.2
arctic_a0400,Spanish,EBVS,0.0,0.6
arctic_a0400,Spanish,EBVS,0.25,0.6
arctic_a0400,Spanish,EBVS,0.5,0.8
arctic_a0400,Spanish,EBVS,0.75,0.4
arctic_a0400,Spanish,EBVS,1.0,0.6
arctic_a0400,Korean,HJK,0.0,0.0
arctic_a0400,Korean,HJK,0.25,0.0
arctic_a0400,Korean,HJK,0.5,0.2
arctic_a0400,Korean,HJK,0.75,0.6
arctic_a0400,Korean,HJK,1.0,0.4
arctic_a0400,Vietnamese,HQTV,0.0,0.4
arctic_a0400,Vietnamese,HQTV,0.25,0.4
arctic_a0400,Vietnamese,HQTV,0.5,0.6
arctic_a0400,Vietnamese,HQTV,0.75,0.6
arctic_a0400,Vietnamese,HQTV,1.0,0.6
arctic_a0400,Hindi,SVBI,0.0,0.0
arctic_a0400,Hindi,SVBI,0.25,0.0
arctic_a0400,Hindi,SVBI,0.5,0.6
arctic_a0400,Hindi,SVBI,0.75,0.6
arctic_a0400,Hindi,SVBI,1.0,0.6
arctic_a0400,Arabic,ZHAA,0.0,0.0
arctic_a0400,Arabic,ZHAA,0.25,0.0
arctic_a0400,Arabic,ZHAA,0.5,0.0
arctic_a0400,Arabic,ZHAA,0.75,0.4
arctic_a0400,Arabic,ZHAA,1.0,0.2
arctic_a0419,Chinese,BWC,0.0,0.3333333333333333
arctic_a0419,Chinese,BWC,0.25,0.5
arctic_a0419,Chinese,BWC,0.5,0.16666666666666666
arctic_a0419,Chinese,BWC,0.75,0.0
arctic_a0419,Chinese,BWC,1.0,0.0
arctic_a0419,Spanish,EBVS,0.0,0.0
arctic_a0419,Spanish,EBVS,0.25,0.0
arctic_a0419,Spanish,EBVS,0.5,0.16666666666666666
arctic_a0419,Spanish,EBVS,0.75,0.0
arctic_a0419,Spanish,EBVS,1.0,0.0
arctic_a0419,Korean,HJK,0.0,0.0
arctic_a0419,Korean,HJK,0.25,0.0
arctic_a0419,Korean,HJK,0.5,0.0
arctic_a0419,Korean,HJK,0.75,0.0
arctic_a0419,Korean,HJK,1.0,0.0
arctic_a0419,Vietnamese,HQTV,0.0,0.0
arctic_a0419,Vietnamese,HQTV,0.25,0.0
arctic_a0419,Vietnamese,HQTV,0.5,0.0
arctic_a0419,Vietnamese,HQTV,0.75,0.0
arctic_a0419,Vietnamese,HQTV,1.0,0.0
arctic_a0419,Hindi,SVBI,0.0,0.0
arctic_a0419,Hindi,SVBI,0.25,0.0
arctic_a0419,Hindi,SVBI,0.5,0.0
arctic_a0419,Hindi,SVBI,0.75,0.0
arctic_a0419,Hindi,SVBI,1.0,0.0
arctic_a0419,Arabic,ZHAA,0.0,0.0
arctic_a0419,Arabic,ZHAA,0.25,0.0
arctic_a0419,Arabic,ZHAA,0.5,0.0
arctic_a0419,Arabic,ZHAA,0.75,0.0
arctic_a0419,Arabic,ZHAA,1.0,0.0
arctic_a0425,Chinese,BWC,0.0,0.0
arctic_a0425,Chinese,BWC,0.25,0.375
arctic_a0425,Chinese,BWC,0.5,0.25
arctic_a0425,Chinese,BWC,0.75,0.125
arctic_a0425,Chinese,BWC,1.0,0.0
arctic_a0425,Spanish,EBVS,0.0,0.375
arctic_a0425,Spanish,EBVS,0.25,0.5
arctic_a0425,Spanish,EBVS,0.5,0.5
arctic_a0425,Spanish,EBVS,0.75,0.0
arctic_a0425,Spanish,EBVS,1.0,0.0
arctic_a0425,Korean,HJK,0.0,0.0
arctic_a0425,Korean,HJK,0.25,0.0
arctic_a0425,Korean,HJK,0.5,0.0
arctic_a0425,Korean,HJK,0.75,0.0
arctic_a0425,Korean,HJK,1.0,0.0
arctic_a0425,Vietnamese,HQTV,0.0,0.375
arctic_a0425,Vietnamese,HQTV,0.25,0.5
arctic_a0425,Vietnamese,HQTV,0.5,0.25
arctic_a0425,Vietnamese,HQTV,0.75,0.0
arctic_a0425,Vietnamese,HQTV,1.0,0.0
arctic_a0425,Hindi,SVBI,0.0,0.0
arctic_a0425,Hindi,SVBI,0.25,0.125
arctic_a0425,Hindi,SVBI,0.5,0.125
arctic_a0425,Hindi,SVBI,0.75,0.125
arctic_a0425,Hindi,SVBI,1.0,0.0
arctic_a0425,Arabic,ZHAA,0.0,0.0
arctic_a0425,Arabic,ZHAA,0.25,0.25
arctic_a0425,Arabic,ZHAA,0.5,0.25
arctic_a0425,Arabic,ZHAA,0.75,0.125
arctic_a0425,Arabic,ZHAA,1.0,0.0
arctic_a0434,Chinese,BWC,0.0,0.2
arctic_a0434,Chinese,BWC,0.25,0.0
arctic_a0434,Chinese,BWC,0.5,0.2
arctic_a0434,Chinese,BWC,0.75,0.3
arctic_a0434,Chinese,BWC,1.0,0.0
arctic_a0434,Spanish,EBVS,0.0,0.3
arctic_a0434,Spanish,EBVS,0.25,0.3
arctic_a0434,Spanish,EBVS,0.5,0.4
arctic_a0434,Spanish,EBVS,0.75,0.0
arctic_a0434,Spanish,EBVS,1.0,0.0
arctic_a0434,Korean,HJK,0.0,0.0
arctic_a0434,Korean,HJK,0.25,0.2
arctic_a0434,Korean,HJK,0.5,0.1
arctic_a0434,Korean,HJK,0.75,0.1
arctic_a0434,Korean,HJK,1.0,0.0
arctic_a0434,Vietnamese,HQTV,0.0,0.3
arctic_a0434,Vietnamese,HQTV,0.25,0.4
arctic_a0434,Vietnamese,HQTV,0.5,0.4
arctic_a0434,Vietnamese,HQTV,0.75,0.1
arctic_a0434,Vietnamese,HQTV,1.0,0.0
arctic_a0434,Hindi,SVBI,0.0,0.0
arctic_a0434,Hindi,SVBI,0.25,0.1
arctic_a0434,Hindi,SVBI,0.5,0.2
arctic_a0434,Hindi,SVBI,0.75,0.1
arctic_a0434,Hindi,SVBI,1.0,0.0
arctic_a0434,Arabic,ZHAA,0.0,0.0
arctic_a0434,Arabic,ZHAA,0.25,0.1
arctic_a0434,Arabic,ZHAA,0.5,0.2
arctic_a0434,Arabic,ZHAA,0.75,0.2
arctic_a0434,Arabic,ZHAA,1.0,0.0
arctic_a0486,Chinese,BWC,0.0,0.0
arctic_a0486,Chinese,BWC,0.25,0.125
arctic_a0486,Chinese,BWC,0.5,0.25
arctic_a0486,Chinese,BWC,0.75,0.125
arctic_a0486,Chinese,BWC,1.0,0.0
arctic_a0486,Spanish,EBVS,0.0,0.125
arctic_a0486,Spanish,EBVS,0.25,0.125
arctic_a0486,Spanish,EBVS,0.5,0.25
arctic_a0486,Spanish,EBVS,0.75,0.125
arctic_a0486,Spanish,EBVS,1.0,0.0
arctic_a0486,Korean,HJK,0.0,0.0
arctic_a0486,Korean,HJK,0.25,0.0
arctic_a0486,Korean,HJK,0.5,0.0
arctic_a0486,Korean,HJK,0.75,0.0
arctic_a0486,Korean,HJK,1.0,0.0
arctic_a0486,Vietnamese,HQTV,0.0,0.0
arctic_a0486,Vietnamese,HQTV,0.25,0.125
arctic_a0486,Vietnamese,HQTV,0.5,0.25
arctic_a0486,Vietnamese,HQTV,0.75,0.125
arctic_a0486,Vietnamese,HQTV,1.0,0.125
arctic_a0486,Hindi,SVBI,0.0,0.0
arctic_a0486,Hindi,SVBI,0.25,0.0
arctic_a0486,Hindi,SVBI,0.5,0.0
arctic_a0486,Hindi,SVBI,0.75,0.0
arctic_a0486,Hindi,SVBI,1.0,0.0
arctic_a0486,Arabic,ZHAA,0.0,0.0
arctic_a0486,Arabic,ZHAA,0.25,0.0
arctic_a0486,Arabic,ZHAA,0.5,0.125
arctic_a0486,Arabic,ZHAA,0.75,0.0
arctic_a0486,Arabic,ZHAA,1.0,0.0
arctic_a0490,Chinese,BWC,0.0,0.0
arctic_a0490,Chinese,BWC,0.25,0.2727272727272727
arctic_a0490,Chinese,BWC,0.5,0.5454545454545454
arctic_a0490,Chinese,BWC,0.75,0.09090909090909091
arctic_a0490,Chinese,BWC,1.0,0.0
arctic_a0490,Spanish,EBVS,0.0,0.2727272727272727
arctic_a0490,Spanish,EBVS,0.25,0.2727272727272727
arctic_a0490,Spanish,EBVS,0.5,0.6363636363636364
arctic_a0490,Spanish,EBVS,0.75,0.09090909090909091
arctic_a0490,Spanish,EBVS,1.0,0.0
arctic_a0490,Korean,HJK,0.0,0.0
arctic_a0490,Korean,HJK,0.25,0.0
arctic_a0490,Korean,HJK,0.5,0.18181818181818182
arctic_a0490,Korean,HJK,0.75,0.18181818181818182
arctic_a0490,Korean,HJK,1.0,0.0
arctic_a0490,Vietnamese,HQTV,0.0,0.2727272727272727
arctic_a0490,Vietnamese,HQTV,0.25,0.2727272727272727
arctic_a0490,Vietnamese,HQTV,0.5,0.5454545454545454
arctic_a0490,Vietnamese,HQTV,0.75,0.09090909090909091
arctic_a0490,Vietnamese,HQTV,1.0,0.0
arctic_a0490,Hindi,SVBI,0.0,0.0
arctic_a0490,Hindi,SVBI,0.25,0.09090909090909091
arctic_a0490,Hindi,SVBI,0.5,0.2727272727272727
arctic_a0490,Hindi,SVBI,0.75,0.0
arctic_a0490,Hindi,SVBI,1.0,0.0
arctic_a0490,Arabic,ZHAA,0.0,0.0
arctic_a0490,Arabic,ZHAA,0.25,0.09090909090909091
arctic_a0490,Arabic,ZHAA,0.5,0.09090909090909091
arctic_a0490,Arabic,ZHAA,0.75,0.09090909090909091
arctic_a0490,Arabic,ZHAA,1.0,0.0
arctic_a0501,Chinese,BWC,0.0,0.0
arctic_a0501,Chinese,BWC,0.25,0.4444444444444444
arctic_a0501,Chinese,BWC,0.5,0.2222222222222222
arctic_a0501,Chinese,BWC,0.75,0.2222222222222222
arctic_a0501,Chinese,BWC,1.0,0.0
arctic_a0501,Spanish,EBVS,0.0,0.4444444444444444
arctic_a0501,Spanish,EBVS,0.25,0.3333333333333333
arctic_a0501,Spanish,EBVS,0.5,0.3333333333333333
arctic_a0501,Spanish,EBVS,0.75,0.0
arctic_a0501,Spanish,EBVS,1.0,0.0
arctic_a0501,Korean,HJK,0.0,0.0
arctic_a0501,Korean,HJK,0.25,0.0
arctic_a0501,Korean,HJK,0.5,0.0
arctic_a0501,Korean,HJK,0.75,0.1111111111111111
arctic_a0501,Korean,HJK,1.0,0.1111111111111111
arctic_a0501,Vietnamese,HQTV,0.0,0.0
arctic_a0501,Vietnamese,HQTV,0.25,0.1111111111111111
arctic_a0501,Vietnamese,HQTV,0.5,0.2222222222222222
arctic_a0501,Vietnamese,HQTV,0.75,0.2222222222222222
arctic_a0501,Vietnamese,HQTV,1.0,0.0
arctic_a0501,Hindi,SVBI,0.0,0.0
arctic_a0501,Hindi,SVBI,0.25,0.0
arctic_a0501,Hindi,SVBI,0.5,0.0
arctic_a0501,Hindi,SVBI,0.75,0.1111111111111111
arctic_a0501,Hindi,SVBI,1.0,0.1111111111111111
arctic_a0501,Arabic,ZHAA,0.0,0.1111111111111111
arctic_a0501,Arabic,ZHAA,0.25,0.3333333333333333
arctic_a0501,Arabic,ZHAA,0.5,0.5555555555555556
arctic_a0501,Arabic,ZHAA,0.75,0.2222222222222222
arctic_a0501,Arabic,ZHAA,1.0,0.0
arctic_a0508,Chinese,BWC,0.0,0.1
arctic_a0508,Chinese,BWC,0.25,0.3
arctic_a0508,Chinese,BWC,0.5,0.3
arctic_a0508,Chinese,BWC,0.75,0.1
arctic_a0508,Chinese,BWC,1.0,0.0
arctic_a0508,Spanish,EBVS,0.0,0.7
arctic_a0508,Spanish,EBVS,0.25,0.5
arctic_a0508,Spanish,EBVS,0.5,0.6
arctic_a0508,Spanish,EBVS,0.75,0.5
arctic_a0508,Spanish,EBVS,1.0,0.0
arctic_a0508,Korean,HJK,0.0,0.1
arctic_a0508,Korean,HJK,0.25,0.1
arctic_a0508,Korean,HJK,0.5,0.3
arctic_a0508,Korean,HJK,0.75,0.1
arctic_a0508,Korean,HJK,1.0,0.0
arctic_a0508,Vietnamese,HQTV,0.0,0.1
arctic_a0508,Vietnamese,HQTV,0.25,0.3
arctic_a0508,Vietnamese,HQTV,0.5,0.5
arctic_a0508,Vietnamese,HQTV,0.75,0.2
arctic_a0508,Vietnamese,HQTV,1.0,0.2
arctic_a0508,Hindi,SVBI,0.0,0.0
arctic_a0508,Hindi,SVBI,0.25,0.1
arctic_a0508,Hindi,SVBI,0.5,0.3
arctic_a0508,Hindi,SVBI,0.75,0.1
arctic_a0508,Hindi,SVBI,1.0,0.0
arctic_a0508,Arabic,ZHAA,0.0,0.0
arctic_a0508,Arabic,ZHAA,0.25,0.1
arctic_a0508,Arabic,ZHAA,0.5,0.2
arctic_a0508,Arabic,ZHAA,0.75,0.2
arctic_a0508,Arabic,ZHAA,1.0,0.0
arctic_a0511,Chinese,BWC,0.0,0.0
arctic_a0511,Chinese,BWC,0.25,0.1
arctic_a0511,Chinese,BWC,0.5,0.1
arctic_a0511,Chinese,BWC,0.75,0.0
arctic_a0511,Chinese,BWC,1.0,0.0
arctic_a0511,Spanish,EBVS,0.0,0.0
arctic_a0511,Spanish,EBVS,0.25,0.3
arctic_a0511,Spanish,EBVS,0.5,0.6
arctic_a0511,Spanish,EBVS,0.75,0.1
arctic_a0511,Spanish,EBVS,1.0,0.0
arctic_a0511,Korean,HJK,0.0,0.0
arctic_a0511,Korean,HJK,0.25,0.1
arctic_a0511,Korean,HJK,0.5,0.2
arctic_a0511,Korean,HJK,0.75,0.2
arctic_a0511,Korean,HJK,1.0,0.0
arctic_a0511,Vietnamese,HQTV,0.0,0.0
arctic_a0511,Vietnamese,HQTV,0.25,0.2
arctic_a0511,Vietnamese,HQTV,0.5,0.4
arctic_a0511,Vietnamese,HQTV,0.75,0.1
arctic_a0511,Vietnamese,HQTV,1.0,0.0
arctic_a0511,Hindi,SVBI,0.0,0.0
arctic_a0511,Hindi,SVBI,0.25,0.1
arctic_a0511,Hindi,SVBI,0.5,0.1
arctic_a0511,Hindi,SVBI,0.75,0.0
arctic_a0511,Hindi,SVBI,1.0,0.0
arctic_a0511,Arabic,ZHAA,0.0,0.0
arctic_a0511,Arabic,ZHAA,0.25,0.0
arctic_a0511,Arabic,ZHAA,0.5,0.1
arctic_a0511,Arabic,ZHAA,0.75,0.0
arctic_a0511,Arabic,ZHAA,1.0,0.0
arctic_a0515,Chinese,BWC,0.0,0.0
arctic_a0515,Chinese,BWC,0.25,0.25
arctic_a0515,Chinese,BWC,0.5,0.375
arctic_a0515,Chinese,BWC,0.75,0.0
arctic_a0515,Chinese,BWC,1.0,0.0
arctic_a0515,Spanish,EBVS,0.0,0.25
arctic_a0515,Spanish,EBVS,0.25,0.375
arctic_a0515,Spanish,EBVS,0.5,0.25
arctic_a0515,Spanish,EBVS,0.75,0.0
arctic_a0515,Spanish,EBVS,1.0,0.0
arctic_a0515,Korean,HJK,0.0,0.0
arctic_a0515,Korean,HJK,0.25,0.0
arctic_a0515,Korean,HJK,0.5,0.125
arctic_a0515,Korean,HJK,0.75,0.0
arctic_a0515,Korean,HJK,1.0,0.0
arctic_a0515,Vietnamese,HQTV,0.0,0.125
arctic_a0515,Vietnamese,HQTV,0.25,0.125
arctic_a0515,Vietnamese,HQTV,0.5,0.0
arctic_a0515,Vietnamese,HQTV,0.75,0.0
arctic_a0515,Vietnamese,HQTV,1.0,0.0
arctic_a0515,Hindi,SVBI,0.0,0.0
arctic_a0515,Hindi,SVBI,0.25,0.0
arctic_a0515,Hindi,SVBI,0.5,0.25
arctic_a0515,Hindi,SVBI,0.75,0.0
arctic_a0515,Hindi,SVBI,1.0,0.0
arctic_a0515,Arabic,ZHAA,0.0,0.0
arctic_a0515,Arabic,ZHAA,0.25,0.125
arctic_a0515,Arabic,ZHAA,0.5,0.125
arctic_a0515,Arabic,ZHAA,0.75,0.0
arctic_a0515,Arabic,ZHAA,1.0,0.0
arctic_a0516,Chinese,BWC,0.0,0.0
arctic_a0516,Chinese,BWC,0.25,0.14285714285714285
arctic_a0516,Chinese,BWC,0.5,0.42857142857142855
arctic_a0516,Chinese,BWC,0.75,0.14285714285714285
arctic_a0516,Chinese,BWC,1.0,0.0
arctic_a0516,Spanish,EBVS,0.0,0.0
arctic_a0516,Spanish,EBVS,0.25,0.14285714285714285
arctic_a0516,Spanish,EBVS,0.5,0.5714285714285714
arctic_a0516,Spanish,EBVS,0.75,0.14285714285714285
arctic_a0516,Spanish,EBVS,1.0,0.0
arctic_a0516,Korean,HJK,0.0,0.0
arctic_a0516,Korean,HJK,0.25,0.14285714285714285
arctic_a0516,Korean,HJK,0.5,0.14285714285714285
arctic_a0516,Korean,HJK,0.75,0.14285714285714285
arctic_a0516,Korean,HJK,1.0,0.0
arctic_a0516,Vietnamese,HQTV,0.0,0.2857142857142857
arctic_a0516,Vietnamese,HQTV,0.25,0.2857142857142857
arctic_a0516,Vietnamese,HQTV,0.5,0.7142857142857143
arctic_a0516,Vietnamese,HQTV,0.75,0.14285714285714285
arctic_a0516,Vietnamese,HQTV,1.0,0.0
arctic_a0516,Hindi,SVBI,0.0,0.0
arctic_a0516,Hindi,SVBI,0.25,0.14285714285714285
arctic_a0516,Hindi,SVBI,0.5,0.14285714285714285
arctic_a0516,Hindi,SVBI,0.75,0.14285714285714285
arctic_a0516,Hindi,SVBI,1.0,0.0
arctic_a0516,Arabic,ZHAA,0.0,0.0
arctic_a0516,Arabic,ZHAA,0.25,0.14285714285714285
arctic_a0516,Arabic,ZHAA,0.5,0.42857142857142855
arctic_a0516,Arabic,ZHAA,0.75,0.14285714285714285
arctic_a0516,Arabic,ZHAA,1.0,0.0
arctic_a0537,Chinese,BWC,0.0,0.25
arctic_a0537,Chinese,BWC,0.25,0.125
arctic_a0537,Chinese,BWC,0.5,0.625
arctic_a0537,Chinese,BWC,0.75,0.125
arctic_a0537,Chinese,BWC,1.0,0.0
arctic_a0537,Spanish,EBVS,0.0,0.125
arctic_a0537,Spanish,EBVS,0.25,0.25
arctic_a0537,Spanish,EBVS,0.5,0.25
arctic_a0537,Spanish,EBVS,0.75,0.125
arctic_a0537,Spanish,EBVS,1.0,0.0
arctic_a0537,Korean,HJK,0.0,0.0
arctic_a0537,Korean,HJK,0.25,0.0
arctic_a0537,Korean,HJK,0.5,0.0
arctic_a0537,Korean,HJK,0.75,0.125
arctic_a0537,Korean,HJK,1.0,0.0
arctic_a0537,Vietnamese,HQTV,0.0,0.375
arctic_a0537,Vietnamese,HQTV,0.25,0.5
arctic_a0537,Vietnamese,HQTV,0.5,0.25
arctic_a0537,Vietnamese,HQTV,0.75,0.375
arctic_a0537,Vietnamese,HQTV,1.0,0.0
arctic_a0537,Hindi,SVBI,0.0,0.0
arctic_a0537,Hindi,SVBI,0.25,0.125
arctic_a0537,Hindi,SVBI,0.5,0.25
arctic_a0537,Hindi,SVBI,0.75,0.125
arctic_a0537,Hindi,SVBI,1.0,0.0
arctic_a0537,Arabic,ZHAA,0.0,0.0
arctic_a0537,Arabic,ZHAA,0.25,0.125
arctic_a0537,Arabic,ZHAA,0.5,0.25
arctic_a0537,Arabic,ZHAA,0.75,0.25
arctic_a0537,Arabic,ZHAA,1.0,0.0
arctic_a0540,Chinese,BWC,0.0,0.1
arctic_a0540,Chinese,BWC,0.25,0.3
arctic_a0540,Chinese,BWC,0.5,0.5
arctic_a0540,Chinese,BWC,0.75,0.1
arctic_a0540,Chinese,BWC,1.0,0.0
arctic_a0540,Spanish,EBVS,0.0,0.0
arctic_a0540,Spanish,EBVS,0.25,0.4
arctic_a0540,Spanish,EBVS,0.5,0.6
arctic_a0540,Spanish,EBVS,0.75,0.3
arctic_a0540,Spanish,EBVS,1.0,0.0
arctic_a0540,Korean,HJK,0.0,0.0
arctic_a0540,Korean,HJK,0.25,0.1
arctic_a0540,Korean,HJK,0.5,0.5
arctic_a0540,Korean,HJK,0.75,0.2
arctic_a0540,Korean,HJK,1.0,0.1
arctic_a0540,Vietnamese,HQTV,0.0,0.4
arctic_a0540,Vietnamese,HQTV,0.25,0.3
arctic_a0540,Vietnamese,HQTV,0.5,0.2
arctic_a0540,Vietnamese,HQTV,0.75,0.2
arctic_a0540,Vietnamese,HQTV,1.0,0.0
arctic_a0540,Hindi,SVBI,0.0,0.0
arctic_a0540,Hindi,SVBI,0.25,0.1
arctic_a0540,Hindi,SVBI,0.5,0.2
arctic_a0540,Hindi,SVBI,0.75,0.1
arctic_a0540,Hindi,SVBI,1.0,0.0
arctic_a0540,Arabic,ZHAA,0.0,0.0
arctic_a0540,Arabic,ZHAA,0.25,0.3
arctic_a0540,Arabic,ZHAA,0.5,0.7
arctic_a0540,Arabic,ZHAA,0.75,0.2
arctic_a0540,Arabic,ZHAA,1.0,0.1
arctic_a0545,Chinese,BWC,0.0,0.14285714285714285
arctic_a0545,Chinese,BWC,0.25,0.14285714285714285
arctic_a0545,Chinese,BWC,0.5,0.2857142857142857
arctic_a0545,Chinese,BWC,0.75,0.14285714285714285
arctic_a0545,Chinese,BWC,1.0,0.0
arctic_a0545,Spanish,EBVS,0.0,0.14285714285714285
arctic_a0545,Spanish,EBVS,0.25,0.14285714285714285
arctic_a0545,Spanish,EBVS,0.5,0.2857142857142857
arctic_a0545,Spanish,EBVS,0.75,0.14285714285714285
arctic_a0545,Spanish,EBVS,1.0,0.0
arctic_a0545,Korean,HJK,0.0,0.14285714285714285
arctic_a0545,Korean,HJK,0.25,0.0
arctic_a0545,Korean,HJK,0.5,0.0
arctic_a0545,Korean,HJK,0.75,0.0
arctic_a0545,Korean,HJK,1.0,0.0
arctic_a0545,Vietnamese,HQTV,0.0,0.5714285714285714
arctic_a0545,Vietnamese,HQTV,0.25,0.14285714285714285
arctic_a0545,Vietnamese,HQTV,0.5,0.2857142857142857
arctic_a0545,Vietnamese,HQTV,0.75,0.14285714285714285
arctic_a0545,Vietnamese,HQTV,1.0,0.0
arctic_a0545,Hindi,SVBI,0.0,0.0
arctic_a0545,Hindi,SVBI,0.25,0.14285714285714285
arctic_a0545,Hindi,SVBI,0.5,0.14285714285714285
arctic_a0545,Hindi,SVBI,0.75,0.14285714285714285
arctic_a0545,Hindi,SVBI,1.0,0.0
arctic_a0545,Arabic,ZHAA,0.0,0.0
arctic_a0545,Arabic,ZHAA,0.25,0.5714285714285714
arctic_a0545,Arabic,ZHAA,0.5,0.5714285714285714
arctic_a0545,Arabic,ZHAA,0.75,0.14285714285714285
arctic_a0545,Arabic,ZHAA,1.0,0.0
arctic_a0558,Chinese,BWC,0.0,0.0
arctic_a0558,Chinese,BWC,0.25,0.18181818181818182
arctic_a0558,Chinese,BWC,0.5,0.45454545454545453
arctic_a0558,Chinese,BWC,0.75,0.09090909090909091
arctic_a0558,Chinese,BWC,1.0,0.0
arctic_a0558,Spanish,EBVS,0.0,0.0
arctic_a0558,Spanish,EBVS,0.25,0.09090909090909091
arctic_a0558,Spanish,EBVS,0.5,0.09090909090909091
arctic_a0558,Spanish,EBVS,0.75,0.0
arctic_a0558,Spanish,EBVS,1.0,0.0
arctic_a0558,Korean,HJK,0.0,0.18181818181818182
arctic_a0558,Korean,HJK,0.25,0.2727272727272727
arctic_a0558,Korean,HJK,0.5,0.36363636363636365
arctic_a0558,Korean,HJK,0.75,0.09090909090909091
arctic_a0558,Korean,HJK,1.0,0.18181818181818182
arctic_a0558,Vietnamese,HQTV,0.0,0.18181818181818182
arctic_a0558,Vietnamese,HQTV,0.25,0.18181818181818182
arctic_a0558,Vietnamese,HQTV,0.5,0.45454545454545453
arctic_a0558,Vietnamese,HQTV,0.75,0.18181818181818182
arctic_a0558,Vietnamese,HQTV,1.0,0.0
arctic_a0558,Hindi,SVBI,0.0,0.0
arctic_a0558,Hindi,SVBI,0.25,0.0
arctic_a0558,Hindi,SVBI,0.5,0.0
arctic_a0558,Hindi,SVBI,0.75,0.09090909090909091
arctic_a0558,Hindi,SVBI,1.0,0.0
arctic_a0558,Arabic,ZHAA,0.0,0.18181818181818182
arctic_a0558,Arabic,ZHAA,0.25,0.0
arctic_a0558,Arabic,ZHAA,0.5,0.0
arctic_a0558,Arabic,ZHAA,0.75,0.09090909090909091
arctic_a0558,Arabic,ZHAA,1.0,0.0
arctic_a0575,Chinese,BWC,0.0,0.2727272727272727
arctic_a0575,Chinese,BWC,0.25,0.36363636363636365
arctic_a0575,Chinese,BWC,0.5,0.36363636363636365
arctic_a0575,Chinese,BWC,0.75,0.2727272727272727
arctic_a0575,Chinese,BWC,1.0,0.0
arctic_a0575,Spanish,EBVS,0.0,0.18181818181818182
arctic_a0575,Spanish,EBVS,0.25,0.2727272727272727
arctic_a0575,Spanish,EBVS,0.5,0.7272727272727273
arctic_a0575,Spanish,EBVS,0.75,0.2727272727272727
arctic_a0575,Spanish,EBVS,1.0,0.0
arctic_a0575,Korean,HJK,0.0,0.0
arctic_a0575,Korean,HJK,0.25,0.09090909090909091
arctic_a0575,Korean,HJK,0.5,0.18181818181818182
arctic_a0575,Korean,HJK,0.75,0.09090909090909091
arctic_a0575,Korean,HJK,1.0,0.0
arctic_a0575,Vietnamese,HQTV,0.0,0.2727272727272727
arctic_a0575,Vietnamese,HQTV,0.25,0.36363636363636365
arctic_a0575,Vietnamese,HQTV,0.5,0.45454545454545453
arctic_a0575,Vietnamese,HQTV,0.75,0.36363636363636365
arctic_a0575,Vietnamese,HQTV,1.0,0.0
arctic_a0575,Hindi,SVBI,0.0,0.0
arctic_a0575,Hindi,SVBI,0.25,0.09090909090909091
arctic_a0575,Hindi,SVBI,0.5,0.18181818181818182
arctic_a0575,Hindi,SVBI,0.75,0.09090909090909091
arctic_a0575,Hindi,SVBI,1.0,0.0
arctic_a0575,Arabic,ZHAA,0.0,0.0
arctic_a0575,Arabic,ZHAA,0.25,0.18181818181818182
arctic_a0575,Arabic,ZHAA,0.5,0.45454545454545453
arctic_a0575,Arabic,ZHAA,0.75,0.18181818181818182
arctic_a0575,Arabic,ZHAA,1.0,0.0
arctic_a0582,Chinese,BWC,0.0,0.2
arctic_a0582,Chinese,BWC,0.25,0.4
arctic_a0582,Chinese,BWC,0.5,0.4
arctic_a0582,Chinese,BWC,0.75,0.3
arctic_a0582,Chinese,BWC,1.0,0.0
arctic_a0582,Spanish,EBVS,0.0,0.0
arctic_a0582,Spanish,EBVS,0.25,0.2
arctic_a0582,Spanish,EBVS,0.5,0.6
arctic_a0582,Spanish,EBVS,0.75,0.3
arctic_a0582,Spanish,EBVS,1.0,0.0
arctic_a0582,Korean,HJK,0.0,0.0
arctic_a0582,Korean,HJK,0.25,0.1
arctic_a0582,Korean,HJK,0.5,0.5
arctic_a0582,Korean,HJK,0.75,0.2
arctic_a0582,Korean,HJK,1.0,0.1
arctic_a0582,Vietnamese,HQTV,0.0,0.4
arctic_a0582,Vietnamese,HQTV,0.25,0.3
arctic_a0582,Vietnamese,HQTV,0.5,0.7
arctic_a0582,Vietnamese,HQTV,0.75,0.4
arctic_a0582,Vietnamese,HQTV,1.0,0.0
arctic_a0582,Hindi,SVBI,0.0,0.0
arctic_a0582,Hindi,SVBI,0.25,0.2
arctic_a0582,Hindi,SVBI,0.5,0.6
arctic_a0582,Hindi,SVBI,0.75,0.3
arctic_a0582,Hindi,SVBI,1.0,0.0
arctic_a0582,Arabic,ZHAA,0.0,0.0
arctic_a0582,Arabic,ZHAA,0.25,0.1
arctic_a0582,Arabic,ZHAA,0.5,0.4
arctic_a0582,Arabic,ZHAA,0.75,0.1
arctic_a0582,Arabic,ZHAA,1.0,0.0
arctic_b0017,Chinese,BWC,0.0,0.0
arctic_b0017,Chinese,BWC,0.25,0.2222222222222222
arctic_b0017,Chinese,BWC,0.5,0.4444444444444444
arctic_b0017,Chinese,BWC,0.75,0.0
arctic_b0017,Chinese,BWC,1.0,0.0
arctic_b0017,Spanish,EBVS,0.0,0.0
arctic_b0017,Spanish,EBVS,0.25,0.2222222222222222
arctic_b0017,Spanish,EBVS,0.5,0.5555555555555556
arctic_b0017,Spanish,EBVS,0.75,0.2222222222222222
arctic_b0017,Spanish,EBVS,1.0,0.1111111111111111
arctic_b0017,Korean,HJK,0.0,0.0
arctic_b0017,Korean,HJK,0.25,0.0
arctic_b0017,Korean,HJK,0.5,0.0
arctic_b0017,Korean,HJK,0.75,0.1111111111111111
arctic_b0017,Korean,HJK,1.0,0.1111111111111111
arctic_b0017,Vietnamese,HQTV,0.0,0.0
arctic_b0017,Vietnamese,HQTV,0.25,0.2222222222222222
arctic_b0017,Vietnamese,HQTV,0.5,0.6666666666666666
arctic_b0017,Vietnamese,HQTV,0.75,0.0
arctic_b0017,Vietnamese,HQTV,1.0,0.1111111111111111
arctic_b0017,Hindi,SVBI,0.0,0.0
arctic_b0017,Hindi,SVBI,0.25,0.1111111111111111
arctic_b0017,Hindi,SVBI,0.5,0.6666666666666666
arctic_b0017,Hindi,SVBI,0.75,0.2222222222222222
arctic_b0017,Hindi,SVBI,1.0,0.1111111111111111
arctic_b0017,Arabic,ZHAA,0.0,0.0
arctic_b0017,Arabic,ZHAA,0.25,0.0
arctic_b0017,Arabic,ZHAA,0.5,0.3333333333333333
arctic_b0017,Arabic,ZHAA,0.75,0.1111111111111111
arctic_b0017,Arabic,ZHAA,1.0,0.1111111111111111
arctic_b0022,Chinese,BWC,0.0,0.0
arctic_b0022,Chinese,BWC,0.25,0.08333333333333333
arctic_b0022,Chinese,BWC,0.5,0.3333333333333333
arctic_b0022,Chinese,BWC,0.75,0.25
arctic_b0022,Chinese,BWC,1.0,0.0
arctic_b0022,Spanish,EBVS,0.0,0.08333333333333333
arctic_b0022,Spanish,EBVS,0.25,0.25
arctic_b0022,Spanish,EBVS,0.5,0.4166666666666667
arctic_b0022,Spanish,EBVS,0.75,0.25
arctic_b0022,Spanish,EBVS,1.0,0.0
arctic_b0022,Korean,HJK,0.0,0.0
arctic_b0022,Korean,HJK,0.25,0.08333333333333333
arctic_b0022,Korean,HJK,0.5,0.08333333333333333
arctic_b0022,Korean,HJK,0.75,0.08333333333333333
arctic_b0022,Korean,HJK,1.0,0.0
arctic_b0022,Vietnamese,HQTV,0.0,0.0
arctic_b0022,Vietnamese,HQTV,0.25,0.08333333333333333
arctic_b0022,Vietnamese,HQTV,0.5,0.3333333333333333
arctic_b0022,Vietnamese,HQTV,0.75,0.16666666666666666
arctic_b0022,Vietnamese,HQTV,1.0,0.0
arctic_b0022,Hindi,SVBI,0.0,0.0
arctic_b0022,Hindi,SVBI,0.25,0.08333333333333333
arctic_b0022,Hindi,SVBI,0.5,0.16666666666666666
arctic_b0022,Hindi,SVBI,0.75,0.08333333333333333
arctic_b0022,Hindi,SVBI,1.0,0.0
arctic_b0022,Arabic,ZHAA,0.0,0.0
arctic_b0022,Arabic,ZHAA,0.25,0.08333333333333333
arctic_b0022,Arabic,ZHAA,0.5,0.16666666666666666
arctic_b0022,Arabic,ZHAA,0.75,0.08333333333333333
arctic_b0022,Arabic,ZHAA,1.0,0.08333333333333333
arctic_b0023,Chinese,BWC,0.0,0.2
arctic_b0023,Chinese,BWC,0.25,0.4
arctic_b0023,Chinese,BWC,0.5,0.0
arctic_b0023,Chinese,BWC,0.75,0.0
arctic_b0023,Chinese,BWC,1.0,0.0
arctic_b0023,Spanish,EBVS,0.0,0.0
arctic_b0023,Spanish,EBVS,0.25,0.2
arctic_b0023,Spanish,EBVS,0.5,0.2
arctic_b0023,Spanish,EBVS,0.75,0.0
arctic_b0023,Spanish,EBVS,1.0,0.2
arctic_b0023,Korean,HJK,0.0,0.0
arctic_b0023,Korean,HJK,0.25,0.0
arctic_b0023,Korean,HJK,0.5,0.0
arctic_b0023,Korean,HJK,0.75,0.0
arctic_b0023,Korean,HJK,1.0,0.0
arctic_b0023,Vietnamese,HQTV,0.0,0.0
arctic_b0023,Vietnamese,HQTV,0.25,0.0
arctic_b0023,Vietnamese,HQTV,0.5,0.4
arctic_b0023,Vietnamese,HQTV,0.75,0.0
arctic_b0023,Vietnamese,HQTV,1.0,0.2
arctic_b0023,Hindi,SVBI,0.0,0.0
arctic_b0023,Hindi,SVBI,0.25,0.2
arctic_b0023,Hindi,SVBI,0.5,0.2
arctic_b0023,Hindi,SVBI,0.75,0.2
arctic_b0023,Hindi,SVBI,1.0,0.2
arctic_b0023,Arabic,ZHAA,0.0,0.2
arctic_b0023,Arabic,ZHAA,0.25,0.2
arctic_b0023,Arabic,ZHAA,0.5,0.2
arctic_b0023,Arabic,ZHAA,0.75,0.6
arctic_b0023,Arabic,ZHAA,1.0,0.0
arctic_b0036,Chinese,BWC,0.0,0.0
arctic_b0036,Chinese,BWC,0.25,0.16666666666666666
arctic_b0036,Chinese,BWC,0.5,0.5
arctic_b0036,Chinese,BWC,0.75,0.16666666666666666
arctic_b0036,Chinese,BWC,1.0,0.0
arctic_b0036,Spanish,EBVS,0.0,0.0
arctic_b0036,Spanish,EBVS,0.25,0.16666666666666666
arctic_b0036,Spanish,EBVS,0.5,0.5
arctic_b0036,Spanish,EBVS,0.75,0.16666666666666666
arctic_b0036,Spanish,EBVS,1.0,0.0
arctic_b0036,Korean,HJK,0.0,0.16666666666666666
arctic_b0036,Korean,HJK,0.25,0.0
arctic_b0036,Korean,HJK,0.5,0.5
arctic_b0036,Korean,HJK,0.75,0.16666666666666666
arctic_b0036,Korean,HJK,1.0,0.0
arctic_b0036,Vietnamese,HQTV,0.0,0.3333333333333333
arctic_b0036,Vietnamese,HQTV,0.25,0.3333333333333333
arctic_b0036,Vietnamese,HQTV,0.5,0.3333333333333333
arctic_b0036,Vietnamese,HQTV,0.75,0.3333333333333333
arctic_b0036,Vietnamese,HQTV,1.0,0.0
arctic_b0036,Hindi,SVBI,0.0,0.16666666666666666
arctic_b0036,Hindi,SVBI,0.25,0.16666666666666666
arctic_b0036,Hindi,SVBI,0.5,0.3333333333333333
arctic_b0036,Hindi,SVBI,0.75,0.0
arctic_b0036,Hindi,SVBI,1.0,0.0
arctic_b0036,Arabic,ZHAA,0.0,0.0
arctic_b0036,Arabic,ZHAA,0.25,0.16666666666666666
arctic_b0036,Arabic,ZHAA,0.5,0.3333333333333333
arctic_b0036,Arabic,ZHAA,0.75,0.16666666666666666
arctic_b0036,Arabic,ZHAA,1.0,0.0
arctic_b0061,Chinese,BWC,0.0,0.18181818181818182
arctic_b0061,Chinese,BWC,0.25,0.45454545454545453
arctic_b0061,Chinese,BWC,0.5,0.7272727272727273
arctic_b0061,Chinese,BWC,0.75,0.2727272727272727
arctic_b0061,Chinese,BWC,1.0,0.2727272727272727
arctic_b0061,Spanish,EBVS,0.0,0.36363636363636365
arctic_b0061,Spanish,EBVS,0.25,0.36363636363636365
arctic_b0061,Spanish,EBVS,0.5,0.5454545454545454
arctic_b0061,Spanish,EBVS,0.75,0.36363636363636365
arctic_b0061,Spanish,EBVS,1.0,0.18181818181818182
arctic_b0061,Korean,HJK,0.0,0.09090909090909091
arctic_b0061,Korean,HJK,0.25,0.18181818181818182
arctic_b0061,Korean,HJK,0.5,0.18181818181818182
arctic_b0061,Korean,HJK,0.75,0.09090909090909091
arctic_b0061,Korean,HJK,1.0,0.0
arctic_b0061,Vietnamese,HQTV,0.0,0.0
arctic_b0061,Vietnamese,HQTV,0.25,0.18181818181818182
arctic_b0061,Vietnamese,HQTV,0.5,0.6363636363636364
arctic_b0061,Vietnamese,HQTV,0.75,0.09090909090909091
arctic_b0061,Vietnamese,HQTV,1.0,0.18181818181818182
arctic_b0061,Hindi,SVBI,0.0,0.0
arctic_b0061,Hindi,SVBI,0.25,0.2727272727272727
arctic_b0061,Hindi,SVBI,0.5,0.2727272727272727
arctic_b0061,Hindi,SVBI,0.75,0.18181818181818182
arctic_b0061,Hindi,SVBI,1.0,0.18181818181818182
arctic_b0061,Arabic,ZHAA,0.0,0.0
arctic_b0061,Arabic,ZHAA,0.25,0.0
arctic_b0061,Arabic,ZHAA,0.5,0.45454545454545453
arctic_b0061,Arabic,ZHAA,0.75,0.2727272727272727
arctic_b0061,Arabic,ZHAA,1.0,0.18181818181818182
arctic_b0073,Chinese,BWC,0.0,0.0
arctic_b0073,Chinese,BWC,0.25,0.16666666666666666
arctic_b0073,Chinese,BWC,0.5,0.3333333333333333
arctic_b0073,Chinese,BWC,0.75,0.0
arctic_b0073,Chinese,BWC,1.0,0.0
arctic_b0073,Spanish,EBVS,0.0,0.0
arctic_b0073,Spanish,EBVS,0.25,0.25
arctic_b0073,Spanish,EBVS,0.5,0.3333333333333333
arctic_b0073,Spanish,EBVS,0.75,0.16666666666666666
arctic_b0073,Spanish,EBVS,1.0,0.0
arctic_b0073,Korean,HJK,0.0,0.0
arctic_b0073,Korean,HJK,0.25,0.0
arctic_b0073,Korean,HJK,0.5,0.16666666666666666
arctic_b0073,Korean,HJK,0.75,0.0
arctic_b0073,Korean,HJK,1.0,0.0
arctic_b0073,Vietnamese,HQTV,0.0,0.0
arctic_b0073,Vietnamese,HQTV,0.25,0.25
arctic_b0073,Vietnamese,HQTV,0.5,0.25
arctic_b0073,Vietnamese,HQTV,0.75,0.0
arctic_b0073,Vietnamese,HQTV,1.0,0.0
arctic_b0073,Hindi,SVBI,0.0,0.0
arctic_b0073,Hindi,SVBI,0.25,0.0
arctic_b0073,Hindi,SVBI,0.5,0.0
arctic_b0073,Hindi,SVBI,0.75,0.0
arctic_b0073,Hindi,SVBI,1.0,0.0
arctic_b0073,Arabic,ZHAA,0.0,0.0
arctic_b0073,Arabic,ZHAA,0.25,0.25
arctic_b0073,Arabic,ZHAA,0.5,0.16666666666666666
arctic_b0073,Arabic,ZHAA,0.75,0.0
arctic_b0073,Arabic,ZHAA,1.0,0.0
arctic_b0091,Chinese,BWC,0.0,0.0
arctic_b0091,Chinese,BWC,0.25,0.0
arctic_b0091,Chinese,BWC,0.5,0.36363636363636365
arctic_b0091,Chinese,BWC,0.75,0.09090909090909091
arctic_b0091,Chinese,BWC,1.0,0.0
arctic_b0091,Spanish,EBVS,0.0,0.09090909090909091
arctic_b0091,Spanish,EBVS,0.25,0.18181818181818182
arctic_b0091,Spanish,EBVS,0.5,0.36363636363636365
arctic_b0091,Spanish,EBVS,0.75,0.09090909090909091
arctic_b0091,Spanish,EBVS,1.0,0.0
arctic_b0091,Korean,HJK,0.0,0.0
arctic_b0091,Korean,HJK,0.25,0.0
arctic_b0091,Korean,HJK,0.5,0.18181818181818182
arctic_b0091,Korean,HJK,0.75,0.0
arctic_b0091,Korean,HJK,1.0,0.0
arctic_b0091,Vietnamese,HQTV,0.0,0.0
arctic_b0091,Vietnamese,HQTV,0.25,0.18181818181818182
arctic_b0091,Vietnamese,HQTV,0.5,0.2727272727272727
arctic_b0091,Vietnamese,HQTV,0.75,0.36363636363636365
arctic_b0091,Vietnamese,HQTV,1.0,0.0
arctic_b0091,Hindi,SVBI,0.0,0.0
arctic_b0091,Hindi,SVBI,0.25,0.18181818181818182
arctic_b0091,Hindi,SVBI,0.5,0.18181818181818182
arctic_b0091,Hindi,SVBI,0.75,0.09090909090909091
arctic_b0091,Hindi,SVBI,1.0,0.0
arctic_b0091,Arabic,ZHAA,0.0,0.09090909090909091
arctic_b0091,Arabic,ZHAA,0.25,0.18181818181818182
arctic_b0091,Arabic,ZHAA,0.5,0.36363636363636365
arctic_b0091,Arabic,ZHAA,0.75,0.18181818181818182
arctic_b0091,Arabic,ZHAA,1.0,0.0
arctic_b0092,Chinese,BWC,0.0,0.0
arctic_b0092,Chinese,BWC,0.25,0.0
arctic_b0092,Chinese,BWC,0.5,0.16666666666666666
arctic_b0092,Chinese,BWC,0.75,0.0
arctic_b0092,Chinese,BWC,1.0,0.0
arctic_b0092,Spanish,EBVS,0.0,0.5
arctic_b0092,Spanish,EBVS,0.25,0.3333333333333333
arctic_b0092,Spanish,EBVS,0.5,0.5
arctic_b0092,Spanish,EBVS,0.75,0.0
arctic_b0092,Spanish,EBVS,1.0,0.0
arctic_b0092,Korean,HJK,0.0,0.0
arctic_b0092,Korean,HJK,0.25,0.0
arctic_b0092,Korean,HJK,0.5,0.0
arctic_b0092,Korean,HJK,0.75,0.0
arctic_b0092,Korean,HJK,1.0,0.0
arctic_b0092,Vietnamese,HQTV,0.0,0.3333333333333333
arctic_b0092,Vietnamese,HQTV,0.25,0.16666666666666666
arctic_b0092,Vietnamese,HQTV,0.5,0.16666666666666666
arctic_b0092,Vietnamese,HQTV,0.75,0.0
arctic_b0092,Vietnamese,HQTV,1.0,0.0
arctic_b0092,Hindi,SVBI,0.0,0.0
arctic_b0092,Hindi,SVBI,0.25,0.0
arctic_b0092,Hindi,SVBI,0.5,0.0
arctic_b0092,Hindi,SVBI,0.75,0.0
arctic_b0092,Hindi,SVBI,1.0,0.0
arctic_b0092,Arabic,ZHAA,0.0,0.0
arctic_b0092,Arabic,ZHAA,0.25,0.0
arctic_b0092,Arabic,ZHAA,0.5,0.16666666666666666
arctic_b0092,Arabic,ZHAA,0.75,0.0
arctic_b0092,Arabic,ZHAA,1.0,0.0
arctic_b0096,Chinese,BWC,0.0,0.0
arctic_b0096,Chinese,BWC,0.25,0.2222222222222222
arctic_b0096,Chinese,BWC,0.5,0.3333333333333333
arctic_b0096,Chinese,BWC,0.75,0.0
arctic_b0096,Chinese,BWC,1.0,0.1111111111111111
arctic_b0096,Spanish,EBVS,0.0,0.1111111111111111
arctic_b0096,Spanish,EBVS,0.25,0.2222222222222222
arctic_b0096,Spanish,EBVS,0.5,0.2222222222222222
arctic_b0096,Spanish,EBVS,0.75,0.2222222222222222
arctic_b0096,Spanish,EBVS,1.0,0.1111111111111111
arctic_b0096,Korean,HJK,0.0,0.0
arctic_b0096,Korean,HJK,0.25,0.0
arctic_b0096,Korean,HJK,0.5,0.2222222222222222
arctic_b0096,Korean,HJK,0.75,0.2222222222222222
arctic_b0096,Korean,HJK,1.0,0.1111111111111111
arctic_b0096,Vietnamese,HQTV,0.0,0.0
arctic_b0096,Vietnamese,HQTV,0.25,0.3333333333333333
arctic_b0096,Vietnamese,HQTV,0.5,0.6666666666666666
arctic_b0096,Vietnamese,HQTV,0.75,0.1111111111111111
arctic_b0096,Vietnamese,HQTV,1.0,0.1111111111111111
arctic_b0096,Hindi,SVBI,0.0,0.0
arctic_b0096,Hindi,SVBI,0.25,0.0
arctic_b0096,Hindi,SVBI,0.5,0.0
arctic_b0096,Hindi,SVBI,0.75,0.0
arctic_b0096,Hindi,SVBI,1.0,0.1111111111111111
arctic_b0096,Arabic,ZHAA,0.0,0.0
arctic_b0096,Arabic,ZHAA,0.25,0.3333333333333333
arctic_b0096,Arabic,ZHAA,0.5,0.5555555555555556
arctic_b0096,Arabic,ZHAA,0.75,0.0
arctic_b0096,Arabic,ZHAA,1.0,0.1111111111111111
arctic_b0101,Chinese,BWC,0.0,0.0
arctic_b0101,Chinese,BWC,0.25,0.3333333333333333
arctic_b0101,Chinese,BWC,0.5,0.2222222222222222
arctic_b0101,Chinese,BWC,0.75,0.2222222222222222
arctic_b0101,Chinese,BWC,1.0,0.0
arctic_b0101,Spanish,EBVS,0.0,0.1111111111111111
arctic_b0101,Spanish,EBVS,0.25,0.2222222222222222
arctic_b0101,Spanish,EBVS,0.5,0.3333333333333333
arctic_b0101,Spanish,EBVS,0.75,0.2222222222222222
arctic_b0101,Spanish,EBVS,1.0,0.0
arctic_b0101,Korean,HJK,0.0,0.0
arctic_b0101,Korean,HJK,0.25,0.0
arctic_b0101,Korean,HJK,0.5,0.2222222222222222
arctic_b0101,Korean,HJK,0.75,0.1111111111111111
arctic_b0101,Korean,HJK,1.0,0.0
arctic_b0101,Vietnamese,HQTV,0.0,0.0
arctic_b0101,Vietnamese,HQTV,0.25,0.3333333333333333
arctic_b0101,Vietnamese,HQTV,0.5,0.1111111111111111
arctic_b0101,Vietnamese,HQTV,0.75,0.2222222222222222
arctic_b0101,Vietnamese,HQTV,1.0,0.0
arctic_b0101,Hindi,SVBI,0.0,0.0
arctic_b0101,Hindi,SVBI,0.25,0.1111111111111111
arctic_b0101,Hindi,SVBI,0.5,0.2222222222222222
arctic_b0101,Hindi,SVBI,0.75,0.0
arctic_b0101,Hindi,SVBI,1.0,0.0
arctic_b0101,Arabic,ZHAA,0.0,0.0
arctic_b0101,Arabic,ZHAA,0.25,0.1111111111111111
arctic_b0101,Arabic,ZHAA,0.5,0.4444444444444444
arctic_b0101,Arabic,ZHAA,0.75,0.1111111111111111
arctic_b0101,Arabic,ZHAA,1.0,0.0
arctic_b0118,Chinese,BWC,0.0,0.36363636363636365
arctic_b0118,Chinese,BWC,0.25,0.45454545454545453
arctic_b0118,Chinese,BWC,0.5,0.5454545454545454
arctic_b0118,Chinese,BWC,0.75,0.2727272727272727
arctic_b0118,Chinese,BWC,1.0,0.0
arctic_b0118,Spanish,EBVS,0.0,0.6363636363636364
arctic_b0118,Spanish,EBVS,0.25,0.45454545454545453
arctic_b0118,Spanish,EBVS,0.5,0.2727272727272727
arctic_b0118,Spanish,EBVS,0.75,0.18181818181818182
arctic_b0118,Spanish,EBVS,1.0,0.0
arctic_b0118,Korean,HJK,0.0,0.0
arctic_b0118,Korean,HJK,0.25,0.2727272727272727
arctic_b0118,Korean,HJK,0.5,0.2727272727272727
arctic_b0118,Korean,HJK,0.75,0.18181818181818182
arctic_b0118,Korean,HJK,1.0,0.0
arctic_b0118,Vietnamese,HQTV,0.0,0.09090909090909091
arctic_b0118,Vietnamese,HQTV,0.25,0.2727272727272727
arctic_b0118,Vietnamese,HQTV,0.5,0.5454545454545454
arctic_b0118,Vietnamese,HQTV,0.75,0.18181818181818182
arctic_b0118,Vietnamese,HQTV,1.0,0.0
arctic_b0118,Hindi,SVBI,0.0,0.09090909090909091
arctic_b0118,Hindi,SVBI,0.25,0.36363636363636365
arctic_b0118,Hindi,SVBI,0.5,0.45454545454545453
arctic_b0118,Hindi,SVBI,0.75,0.18181818181818182
arctic_b0118,Hindi,SVBI,1.0,0.0
arctic_b0118,Arabic,ZHAA,0.0,0.0
arctic_b0118,Arabic,ZHAA,0.25,0.09090909090909091
arctic_b0118,Arabic,ZHAA,0.5,0.45454545454545453
arctic_b0118,Arabic,ZHAA,0.75,0.18181818181818182
arctic_b0118,Arabic,ZHAA,1.0,0.0
arctic_b0124,Chinese,BWC,0.0,0.25
arctic_b0124,Chinese,BWC,0.25,0.16666666666666666
arctic_b0124,Chinese,BWC,0.5,0.75
arctic_b0124,Chinese,BWC,0.75,0.25
arctic_b0124,Chinese,BWC,1.0,0.25
arctic_b0124,Spanish,EBVS,0.0,0.25
arctic_b0124,Spanish,EBVS,0.25,0.4166666666666667
arctic_b0124,Spanish,EBVS,0.5,0.5
arctic_b0124,Spanish,EBVS,0.75,0.25
arctic_b0124,Spanish,EBVS,1.0,0.08333333333333333
arctic_b0124,Korean,HJK,0.0,0.0
arctic_b0124,Korean,HJK,0.25,0.16666666666666666
arctic_b0124,Korean,HJK,0.5,0.08333333333333333
arctic_b0124,Korean,HJK,0.75,0.08333333333333333
arctic_b0124,Korean,HJK,1.0,0.08333333333333333
arctic_b0124,Vietnamese,HQTV,0.0,0.3333333333333333
arctic_b0124,Vietnamese,HQTV,0.25,0.3333333333333333
arctic_b0124,Vietnamese,HQTV,0.5,0.5
arctic_b0124,Vietnamese,HQTV,0.75,0.25
arctic_b0124,Vietnamese,HQTV,1.0,0.08333333333333333
arctic_b0124,Hindi,SVBI,0.0,0.0
arctic_b0124,Hindi,SVBI,0.25,0.25
arctic_b0124,Hindi,SVBI,0.5,0.3333333333333333
arctic_b0124,Hindi,SVBI,0.75,0.16666666666666666
arctic_b0124,Hindi,SVBI,1.0,0.08333333333333333
arctic_b0124,Arabic,ZHAA,0.0,0.0
arctic_b0124,Arabic,ZHAA,0.25,0.08333333333333333
arctic_b0124,Arabic,ZHAA,0.5,0.3333333333333333
arctic_b0124,Arabic,ZHAA,0.75,0.08333333333333333
arctic_b0124,Arabic,ZHAA,1.0,0.25
arctic_b0137,Chinese,BWC,0.0,0.0
arctic_b0137,Chinese,BWC,0.25,0.0
arctic_b0137,Chinese,BWC,0.5,0.125
arctic_b0137,Chinese,BWC,0.75,0.0
arctic_b0137,Chinese,BWC,1.0,0.0
arctic_b0137,Spanish,EBVS,0.0,0.0
arctic_b0137,Spanish,EBVS,0.25,0.25
arctic_b0137,Spanish,EBVS,0.5,0.125
arctic_b0137,Spanish,EBVS,0.75,0.0
arctic_b0137,Spanish,EBVS,1.0,0.0
arctic_b0137,Korean,HJK,0.0,0.125
arctic_b0137,Korean,HJK,0.25,0.0
arctic_b0137,Korean,HJK,0.5,0.0
arctic_b0137,Korean,HJK,0.75,0.0
arctic_b0137,Korean,HJK,1.0,0.0
arctic_b0137,Vietnamese,HQTV,0.0,0.125
arctic_b0137,Vietnamese,HQTV,0.25,0.125
arctic_b0137,Vietnamese,HQTV,0.5,0.0
arctic_b0137,Vietnamese,HQTV,0.75,0.0
arctic_b0137,Vietnamese,HQTV,1.0,0.0
arctic_b0137,Hindi,SVBI,0.0,0.0
arctic_b0137,Hindi,SVBI,0.25,0.0
arctic_b0137,Hindi,SVBI,0.5,0.0
arctic_b0137,Hindi,SVBI,0.75,0.0
arctic_b0137,Hindi,SVBI,1.0,0.0
arctic_b0137,Arabic,ZHAA,0.0,0.0
arctic_b0137,Arabic,ZHAA,0.25,0.0
arctic_b0137,Arabic,ZHAA,0.5,0.125
arctic_b0137,Arabic,ZHAA,0.75,0.0
arctic_b0137,Arabic,ZHAA,1.0,0.0
arctic_b0143,Chinese,BWC,0.0,0.0
arctic_b0143,Chinese,BWC,0.25,0.08333333333333333
arctic_b0143,Chinese,BWC,0.5,0.4166666666666667
arctic_b0143,Chinese,BWC,0.75,0.16666666666666666
arctic_b0143,Chinese,BWC,1.0,0.08333333333333333
arctic_b0143,Spanish,EBVS,0.0,0.16666666666666666
arctic_b0143,Spanish,EBVS,0.25,0.3333333333333333
arctic_b0143,Spanish,EBVS,0.5,0.5833333333333334
arctic_b0143,Spanish,EBVS,0.75,0.25
arctic_b0143,Spanish,EBVS,1.0,0.08333333333333333
arctic_b0143,Korean,HJK,0.0,0.08333333333333333
arctic_b0143,Korean,HJK,0.25,0.16666666666666666
arctic_b0143,Korean,HJK,0.5,0.16666666666666666
arctic_b0143,Korean,HJK,0.75,0.08333333333333333
arctic_b0143,Korean,HJK,1.0,0.08333333333333333
arctic_b0143,Vietnamese,HQTV,0.0,0.0
arctic_b0143,Vietnamese,HQTV,0.25,0.16666666666666666
arctic_b0143,Vietnamese,HQTV,0.5,0.3333333333333333
arctic_b0143,Vietnamese,HQTV,0.75,0.08333333333333333
arctic_b0143,Vietnamese,HQTV,1.0,0.08333333333333333
arctic_b0143,Hindi,SVBI,0.0,0.0
arctic_b0143,Hindi,SVBI,0.25,0.08333333333333333
arctic_b0143,Hindi,SVBI,0.5,0.08333333333333333
arctic_b0143,Hindi,SVBI,0.75,0.08333333333333333
arctic_b0143,Hindi,SVBI,1.0,0.08333333333333333
arctic_b0143,Arabic,ZHAA,0.0,0.0
arctic_b0143,Arabic,ZHAA,0.25,0.08333333333333333
arctic_b0143,Arabic,ZHAA,0.5,0.25
arctic_b0143,Arabic,ZHAA,0.75,0.08333333333333333
arctic_b0143,Arabic,ZHAA,1.0,0.08333333333333333
arctic_b0184,Chinese,BWC,0.0,0.07692307692307693
arctic_b0184,Chinese,BWC,0.25,0.3076923076923077
arctic_b0184,Chinese,BWC,0.5,0.5384615384615384
arctic_b0184,Chinese,BWC,0.75,0.15384615384615385
arctic_b0184,Chinese,BWC,1.0,0.0
arctic_b0184,Spanish,EBVS,0.0,0.0
arctic_b0184,Spanish,EBVS,0.25,0.5384615384615384
arctic_b0184,Spanish,EBVS,0.5,0.8461538461538461
arctic_b0184,Spanish,EBVS,0.75,0.23076923076923078
arctic_b0184,Spanish,EBVS,1.0,0.0
arctic_b0184,Korean,HJK,0.0,0.0
arctic_b0184,Korean,HJK,0.25,0.15384615384615385
arctic_b0184,Korean,HJK,0.5,0.3076923076923077
arctic_b0184,Korean,HJK,0.75,0.15384615384615385
arctic_b0184,Korean,HJK,1.0,0.0
arctic_b0184,Vietnamese,HQTV,0.0,0.23076923076923078
arctic_b0184,Vietnamese,HQTV,0.25,0.6153846153846154
arctic_b0184,Vietnamese,HQTV,0.5,0.5384615384615384
arctic_b0184,Vietnamese,HQTV,0.75,0.23076923076923078
arctic_b0184,Vietnamese,HQTV,1.0,0.0
arctic_b0184,Hindi,SVBI,0.0,0.0
arctic_b0184,Hindi,SVBI,0.25,0.15384615384615385
arctic_b0184,Hindi,SVBI,0.5,0.23076923076923078
arctic_b0184,Hindi,SVBI,0.75,0.15384615384615385
arctic_b0184,Hindi,SVBI,1.0,0.0
arctic_b0184,Arabic,ZHAA,0.0,0.0
arctic_b0184,Arabic,ZHAA,0.25,0.15384615384615385
arctic_b0184,Arabic,ZHAA,0.5,0.3076923076923077
arctic_b0184,Arabic,ZHAA,0.75,0.15384615384615385
arctic_b0184,Arabic,ZHAA,1.0,0.0
arctic_b0188,Chinese,BWC,0.0,0.1
arctic_b0188,Chinese,BWC,0.25,0.3
arctic_b0188,Chinese,BWC,0.5,0.7
arctic_b0188,Chinese,BWC,0.75,0.4
arctic_b0188,Chinese,BWC,1.0,0.1
arctic_b0188,Spanish,EBVS,0.0,0.1
arctic_b0188,Spanish,EBVS,0.25,0.3
arctic_b0188,Spanish,EBVS,0.5,0.6
arctic_b0188,Spanish,EBVS,0.75,0.6
arctic_b0188,Spanish,EBVS,1.0,0.1
arctic_b0188,Korean,HJK,0.0,0.2
arctic_b0188,Korean,HJK,0.25,0.2
arctic_b0188,Korean,HJK,0.5,0.4
arctic_b0188,Korean,HJK,0.75,0.4
arctic_b0188,Korean,HJK,1.0,0.1
arctic_b0188,Vietnamese,HQTV,0.0,0.3
arctic_b0188,Vietnamese,HQTV,0.25,0.4
arctic_b0188,Vietnamese,HQTV,0.5,0.7
arctic_b0188,Vietnamese,HQTV,0.75,0.4
arctic_b0188,Vietnamese,HQTV,1.0,0.1
arctic_b0188,Hindi,SVBI,0.0,0.1
arctic_b0188,Hindi,SVBI,0.25,0.4
arctic_b0188,Hindi,SVBI,0.5,0.3
arctic_b0188,Hindi,SVBI,0.75,0.3
arctic_b0188,Hindi,SVBI,1.0,0.1
arctic_b0188,Arabic,ZHAA,0.0,0.0
arctic_b0188,Arabic,ZHAA,0.25,0.2
arctic_b0188,Arabic,ZHAA,0.5,0.6
arctic_b0188,Arabic,ZHAA,0.75,0.4
arctic_b0188,Arabic,ZHAA,1.0,0.1
arctic_b0195,Chinese,BWC,0.0,0.0
arctic_b0195,Chinese,BWC,0.25,0.14285714285714285
arctic_b0195,Chinese,BWC,0.5,0.14285714285714285
arctic_b0195,Chinese,BWC,0.75,0.2857142857142857
arctic_b0195,Chinese,BWC,1.0,0.0
arctic_b0195,Spanish,EBVS,0.0,0.42857142857142855
arctic_b0195,Spanish,EBVS,0.25,0.2857142857142857
arctic_b0195,Spanish,EBVS,0.5,0.14285714285714285
arctic_b0195,Spanish,EBVS,0.75,0.14285714285714285
arctic_b0195,Spanish,EBVS,1.0,0.0
arctic_b0195,Korean,HJK,0.0,0.0
arctic_b0195,Korean,HJK,0.25,0.14285714285714285
arctic_b0195,Korean,HJK,0.5,0.14285714285714285
arctic_b0195,Korean,HJK,0.75,0.14285714285714285
arctic_b0195,Korean,HJK,1.0,0.0
arctic_b0195,Vietnamese,HQTV,0.0,0.14285714285714285
arctic_b0195,Vietnamese,HQTV,0.25,0.2857142857142857
arctic_b0195,Vietnamese,HQTV,0.5,0.42857142857142855
arctic_b0195,Vietnamese,HQTV,0.75,0.2857142857142857
arctic_b0195,Vietnamese,HQTV,1.0,0.0
arctic_b0195,Hindi,SVBI,0.0,0.0
arctic_b0195,Hindi,SVBI,0.25,0.14285714285714285
arctic_b0195,Hindi,SVBI,0.5,0.2857142857142857
arctic_b0195,Hindi,SVBI,0.75,0.0
arctic_b0195,Hindi,SVBI,1.0,0.0
arctic_b0195,Arabic,ZHAA,0.0,0.14285714285714285
arctic_b0195,Arabic,ZHAA,0.25,0.0
arctic_b0195,Arabic,ZHAA,0.5,0.14285714285714285
arctic_b0195,Arabic,ZHAA,0.75,0.14285714285714285
arctic_b0195,Arabic,ZHAA,1.0,0.0
arctic_b0196,Chinese,BWC,0.0,0.0
arctic_b0196,Chinese,BWC,0.25,0.125
arctic_b0196,Chinese,BWC,0.5,0.5
arctic_b0196,Chinese,BWC,0.75,0.375
arctic_b0196,Chinese,BWC,1.0,0.25
arctic_b0196,Spanish,EBVS,0.0,0.25
arctic_b0196,Spanish,EBVS,0.25,0.25
arctic_b0196,Spanish,EBVS,0.5,0.5
arctic_b0196,Spanish,EBVS,0.75,0.375
arctic_b0196,Spanish,EBVS,1.0,0.25
arctic_b0196,Korean,HJK,0.0,0.0
arctic_b0196,Korean,HJK,0.25,0.0
arctic_b0196,Korean,HJK,0.5,0.25
arctic_b0196,Korean,HJK,0.75,0.125
arctic_b0196,Korean,HJK,1.0,0.25
arctic_b0196,Vietnamese,HQTV,0.0,0.25
arctic_b0196,Vietnamese,HQTV,0.25,0.25
arctic_b0196,Vietnamese,HQTV,0.5,0.25
arctic_b0196,Vietnamese,HQTV,0.75,0.25
arctic_b0196,Vietnamese,HQTV,1.0,0.25
arctic_b0196,Hindi,SVBI,0.0,0.0
arctic_b0196,Hindi,SVBI,0.25,0.0
arctic_b0196,Hindi,SVBI,0.5,0.0
arctic_b0196,Hindi,SVBI,0.75,0.125
arctic_b0196,Hindi,SVBI,1.0,0.25
arctic_b0196,Arabic,ZHAA,0.0,0.0
arctic_b0196,Arabic,ZHAA,0.25,0.125
arctic_b0196,Arabic,ZHAA,0.5,0.375
arctic_b0196,Arabic,ZHAA,0.75,0.25
arctic_b0196,Arabic,ZHAA,1.0,0.25
arctic_b0206,Chinese,BWC,0.0,0.16666666666666666
arctic_b0206,Chinese,BWC,0.25,0.4166666666666667
arctic_b0206,Chinese,BWC,0.5,0.5833333333333334
arctic_b0206,Chinese,BWC,0.75,0.3333333333333333
arctic_b0206,Chinese,BWC,1.0,0.08333333333333333
arctic_b0206,Spanish,EBVS,0.0,0.08333333333333333
arctic_b0206,Spanish,EBVS,0.25,0.5
arctic_b0206,Spanish,EBVS,0.5,0.6666666666666666
arctic_b0206,Spanish,EBVS,0.75,0.5
arctic_b0206,Spanish,EBVS,1.0,0.08333333333333333
arctic_b0206,Korean,HJK,0.0,0.0
arctic_b0206,Korean,HJK,0.25,0.08333333333333333
arctic_b0206,Korean,HJK,0.5,0.4166666666666667
arctic_b0206,Korean,HJK,0.75,0.25
arctic_b0206,Korean,HJK,1.0,0.08333333333333333
arctic_b0206,Vietnamese,HQTV,0.0,0.16666666666666666
arctic_b0206,Vietnamese,HQTV,0.25,0.3333333333333333
arctic_b0206,Vietnamese,HQTV,0.5,0.75
arctic_b0206,Vietnamese,HQTV,0.75,0.5
arctic_b0206,Vietnamese,HQTV,1.0,0.08333333333333333
arctic_b0206,Hindi,SVBI,0.0,0.08333333333333333
arctic_b0206,Hindi,SVBI,0.25,0.3333333333333333
arctic_b0206,Hindi,SVBI,0.5,0.4166666666666667
arctic_b0206,Hindi,SVBI,0.75,0.25
arctic_b0206,Hindi,SVBI,1.0,0.08333333333333333
arctic_b0206,Arabic,ZHAA,0.0,0.0
arctic_b0206,Arabic,ZHAA,0.25,0.16666666666666666
arctic_b0206,Arabic,ZHAA,0.5,0.3333333333333333
arctic_b0206,Arabic,ZHAA,0.75,0.25
arctic_b0206,Arabic,ZHAA,1.0,0.08333333333333333
arctic_b0217,Chinese,BWC,0.0,0.0
arctic_b0217,Chinese,BWC,0.25,0.0
arctic_b0217,Chinese,BWC,0.5,0.5
arctic_b0217,Chinese,BWC,0.75,0.125
arctic_b0217,Chinese,BWC,1.0,0.0
arctic_b0217,Spanish,EBVS,0.0,0.125
arctic_b0217,Spanish,EBVS,0.25,0.0
arctic_b0217,Spanish,EBVS,0.5,0.125
arctic_b0217,Spanish,EBVS,0.75,0.0
arctic_b0217,Spanish,EBVS,1.0,0.0
arctic_b0217,Korean,HJK,0.0,0.0
arctic_b0217,Korean,HJK,0.25,0.125
arctic_b0217,Korean,HJK,0.5,0.25
arctic_b0217,Korean,HJK,0.75,0.0
arctic_b0217,Korean,HJK,1.0,0.0
arctic_b0217,Vietnamese,HQTV,0.0,0.375
arctic_b0217,Vietnamese,HQTV,0.25,0.375
arctic_b0217,Vietnamese,HQTV,0.5,0.25
arctic_b0217,Vietnamese,HQTV,0.75,0.125
arctic_b0217,Vietnamese,HQTV,1.0,0.0
arctic_b0217,Hindi,SVBI,0.0,0.125
arctic_b0217,Hindi,SVBI,0.25,0.125
arctic_b0217,Hindi,SVBI,0.5,0.125
arctic_b0217,Hindi,SVBI,0.75,0.125
arctic_b0217,Hindi,SVBI,1.0,0.0
arctic_b0217,Arabic,ZHAA,0.0,0.125
arctic_b0217,Arabic,ZHAA,0.25,0.25
arctic_b0217,Arabic,ZHAA,0.5,0.375
arctic_b0217,Arabic,ZHAA,0.75,0.125
arctic_b0217,Arabic,ZHAA,1.0,0.0
arctic_b0219,Chinese,BWC,0.0,0.2222222222222222
arctic_b0219,Chinese,BWC,0.25,0.3333333333333333
arctic_b0219,Chinese,BWC,0.5,0.6666666666666666
arctic_b0219,Chinese,BWC,0.75,0.2222222222222222
arctic_b0219,Chinese,BWC,1.0,0.2222222222222222
arctic_b0219,Spanish,EBVS,0.0,0.4444444444444444
arctic_b0219,Spanish,EBVS,0.25,0.3333333333333333
arctic_b0219,Spanish,EBVS,0.5,0.3333333333333333
arctic_b0219,Spanish,EBVS,0.75,0.1111111111111111
arctic_b0219,Spanish,EBVS,1.0,0.2222222222222222
arctic_b0219,Korean,HJK,0.0,0.0
arctic_b0219,Korean,HJK,0.25,0.2222222222222222
arctic_b0219,Korean,HJK,0.5,0.3333333333333333
arctic_b0219,Korean,HJK,0.75,0.1111111111111111
arctic_b0219,Korean,HJK,1.0,0.1111111111111111
arctic_b0219,Vietnamese,HQTV,0.0,0.4444444444444444
arctic_b0219,Vietnamese,HQTV,0.25,0.3333333333333333
arctic_b0219,Vietnamese,HQTV,0.5,0.4444444444444444
arctic_b0219,Vietnamese,HQTV,0.75,0.2222222222222222
arctic_b0219,Vietnamese,HQTV,1.0,0.1111111111111111
arctic_b0219,Hindi,SVBI,0.0,0.0
arctic_b0219,Hindi,SVBI,0.25,0.2222222222222222
arctic_b0219,Hindi,SVBI,0.5,0.3333333333333333
arctic_b0219,Hindi,SVBI,0.75,0.2222222222222222
arctic_b0219,Hindi,SVBI,1.0,0.1111111111111111
arctic_b0219,Arabic,ZHAA,0.0,0.0
arctic_b0219,Arabic,ZHAA,0.25,0.3333333333333333
arctic_b0219,Arabic,ZHAA,0.5,0.3333333333333333
arctic_b0219,Arabic,ZHAA,0.75,0.3333333333333333
arctic_b0219,Arabic,ZHAA,1.0,0.1111111111111111
arctic_b0236,Chinese,BWC,0.0,0.0
arctic_b0236,Chinese,BWC,0.25,0.09090909090909091
arctic_b0236,Chinese,BWC,0.5,0.09090909090909091
arctic_b0236,Chinese,BWC,0.75,0.09090909090909091
arctic_b0236,Chinese,BWC,1.0,0.0
arctic_b0236,Spanish,EBVS,0.0,0.0
arctic_b0236,Spanish,EBVS,0.25,0.0
arctic_b0236,Spanish,EBVS,0.5,0.09090909090909091
arctic_b0236,Spanish,EBVS,0.75,0.09090909090909091
arctic_b0236,Spanish,EBVS,1.0,0.0
arctic_b0236,Korean,HJK,0.0,0.0
arctic_b0236,Korean,HJK,0.25,0.09090909090909091
arctic_b0236,Korean,HJK,0.5,0.18181818181818182
arctic_b0236,Korean,HJK,0.75,0.09090909090909091
arctic_b0236,Korean,HJK,1.0,0.0
arctic_b0236,Vietnamese,HQTV,0.0,0.0
arctic_b0236,Vietnamese,HQTV,0.25,0.09090909090909091
arctic_b0236,Vietnamese,HQTV,0.5,0.2727272727272727
arctic_b0236,Vietnamese,HQTV,0.75,0.09090909090909091
arctic_b0236,Vietnamese,HQTV,1.0,0.0
arctic_b0236,Hindi,SVBI,0.0,0.09090909090909091
arctic_b0236,Hindi,SVBI,0.25,0.09090909090909091
arctic_b0236,Hindi,SVBI,0.5,0.09090909090909091
arctic_b0236,Hindi,SVBI,0.75,0.18181818181818182
arctic_b0236,Hindi,SVBI,1.0,0.0
arctic_b0236,Arabic,ZHAA,0.0,0.2727272727272727
arctic_b0236,Arabic,ZHAA,0.25,0.09090909090909091
arctic_b0236,Arabic,ZHAA,0.5,0.09090909090909091
arctic_b0236,Arabic,ZHAA,0.75,0.09090909090909091
arctic_b0236,Arabic,ZHAA,1.0,0.0
arctic_b0237,Chinese,BWC,0.0,0.0
arctic_b0237,Chinese,BWC,0.25,0.1
arctic_b0237,Chinese,BWC,0.5,0.5
arctic_b0237,Chinese,BWC,0.75,0.4
arctic_b0237,Chinese,BWC,1.0,0.3
arctic_b0237,Spanish,EBVS,0.0,0.4
arctic_b0237,Spanish,EBVS,0.25,0.5
arctic_b0237,Spanish,EBVS,0.5,0.7
arctic_b0237,Spanish,EBVS,0.75,0.4
arctic_b0237,Spanish,EBVS,1.0,0.3
arctic_b0237,Korean,HJK,0.0,0.0
arctic_b0237,Korean,HJK,0.25,0.1
arctic_b0237,Korean,HJK,0.5,0.4
arctic_b0237,Korean,HJK,0.75,0.3
arctic_b0237,Korean,HJK,1.0,0.3
arctic_b0237,Vietnamese,HQTV,0.0,0.4
arctic_b0237,Vietnamese,HQTV,0.25,0.3
arctic_b0237,Vietnamese,HQTV,0.5,0.6
arctic_b0237,Vietnamese,HQTV,0.75,0.4
arctic_b0237,Vietnamese,HQTV,1.0,0.3
arctic_b0237,Hindi,SVBI,0.0,0.0
arctic_b0237,Hindi,SVBI,0.25,0.1
arctic_b0237,Hindi,SVBI,0.5,0.4
arctic_b0237,Hindi,SVBI,0.75,0.5
arctic_b0237,Hindi,SVBI,1.0,0.3
arctic_b0237,Arabic,ZHAA,0.0,0.1
arctic_b0237,Arabic,ZHAA,0.25,0.1
arctic_b0237,Arabic,ZHAA,0.5,0.5
arctic_b0237,Arabic,ZHAA,0.75,0.5
arctic_b0237,Arabic,ZHAA,1.0,0.3
arctic_b0253,Chinese,BWC,0.0,0.4444444444444444
arctic_b0253,Chinese,BWC,0.25,0.5555555555555556
arctic_b0253,Chinese,BWC,0.5,0.2222222222222222
arctic_b0253,Chinese,BWC,0.75,0.3333333333333333
arctic_b0253,Chinese,BWC,1.0,0.0
arctic_b0253,Spanish,EBVS,0.0,0.2222222222222222
arctic_b0253,Spanish,EBVS,0.25,0.3333333333333333
arctic_b0253,Spanish,EBVS,0.5,0.4444444444444444
arctic_b0253,Spanish,EBVS,0.75,0.3333333333333333
arctic_b0253,Spanish,EBVS,1.0,0.0
arctic_b0253,Korean,HJK,0.0,0.0
arctic_b0253,Korean,HJK,0.25,0.2222222222222222
arctic_b0253,Korean,HJK,0.5,0.3333333333333333
arctic_b0253,Korean,HJK,0.75,0.2222222222222222
arctic_b0253,Korean,HJK,1.0,0.0
arctic_b0253,Vietnamese,HQTV,0.0,0.2222222222222222
arctic_b0253,Vietnamese,HQTV,0.25,0.3333333333333333
arctic_b0253,Vietnamese,HQTV,0.5,0.4444444444444444
arctic_b0253,Vietnamese,HQTV,0.75,0.3333333333333333
arctic_b0253,Vietnamese,HQTV,1.0,0.0
arctic_b0253,Hindi,SVBI,0.0,0.1111111111111111
arctic_b0253,Hindi,SVBI,0.25,0.1111111111111111
arctic_b0253,Hindi,SVBI,0.5,0.2222222222222222
arctic_b0253,Hindi,SVBI,0.75,0.1111111111111111
arctic_b0253,Hindi,SVBI,1.0,0.0
arctic_b0253,Arabic,ZHAA,0.0,0.1111111111111111
arctic_b0253,Arabic,ZHAA,0.25,0.2222222222222222
arctic_b0253,Arabic,ZHAA,0.5,0.2222222222222222
arctic_b0253,Arabic,ZHAA,0.75,0.3333333333333333
arctic_b0253,Arabic,ZHAA,1.0,0.0
arctic_b0257,Chinese,BWC,0.0,0.16666666666666666
arctic_b0257,Chinese,BWC,0.25,0.3333333333333333
arctic_b0257,Chinese,BWC,0.5,0.3333333333333333
arctic_b0257,Chinese,BWC,0.75,0.6666666666666666
arctic_b0257,Chinese,BWC,1.0,0.0
arctic_b0257,Spanish,EBVS,0.0,0.16666666666666666
arctic_b0257,Spanish,EBVS,0.25,0.5
arctic_b0257,Spanish,EBVS,0.5,0.5
arctic_b0257,Spanish,EBVS,0.75,0.3333333333333333
arctic_b0257,Spanish,EBVS,1.0,0.0
arctic_b0257,Korean,HJK,0.0,0.0
arctic_b0257,Korean,HJK,0.25,0.3333333333333333
arctic_b0257,Korean,HJK,0.5,0.5
arctic_b0257,Korean,HJK,0.75,0.3333333333333333
arctic_b0257,Korean,HJK,1.0,0.0
arctic_b0257,Vietnamese,HQTV,0.0,0.6666666666666666
arctic_b0257,Vietnamese,HQTV,0.25,0.5
arctic_b0257,Vietnamese,HQTV,0.5,0.5
arctic_b0257,Vietnamese,HQTV,0.75,0.5
arctic_b0257,Vietnamese,HQTV,1.0,0.0
arctic_b0257,Hindi,SVBI,0.0,0.0
arctic_b0257,Hindi,SVBI,0.25,0.16666666666666666
arctic_b0257,Hindi,SVBI,0.5,0.16666666666666666
arctic_b0257,Hindi,SVBI,0.75,0.5
arctic_b0257,Hindi,SVBI,1.0,0.0
arctic_b0257,Arabic,ZHAA,0.0,0.3333333333333333
arctic_b0257,Arabic,ZHAA,0.25,0.6666666666666666
arctic_b0257,Arabic,ZHAA,0.5,0.8333333333333334
arctic_b0257,Arabic,ZHAA,0.75,0.5
arctic_b0257,Arabic,ZHAA,1.0,0.0
arctic_b0268,Chinese,BWC,0.0,0.16666666666666666
arctic_b0268,Chinese,BWC,0.25,0.5
arctic_b0268,Chinese,BWC,0.5,0.5
arctic_b0268,Chinese,BWC,0.75,0.3333333333333333
arctic_b0268,Chinese,BWC,1.0,0.0
arctic_b0268,Spanish,EBVS,0.0,0.5
arctic_b0268,Spanish,EBVS,0.25,0.16666666666666666
arctic_b0268,Spanish,EBVS,0.5,0.3333333333333333
arctic_b0268,Spanish,EBVS,0.75,0.16666666666666666
arctic_b0268,Spanish,EBVS,1.0,0.0
arctic_b0268,Korean,HJK,0.0,0.0
arctic_b0268,Korean,HJK,0.25,0.0
arctic_b0268,Korean,HJK,0.5,0.0
arctic_b0268,Korean,HJK,0.75,0.0
arctic_b0268,Korean,HJK,1.0,0.0
arctic_b0268,Vietnamese,HQTV,0.0,0.16666666666666666
arctic_b0268,Vietnamese,HQTV,0.25,0.6666666666666666
arctic_b0268,Vietnamese,HQTV,0.5,0.16666666666666666
arctic_b0268,Vietnamese,HQTV,0.75,0.16666666666666666
arctic_b0268,Vietnamese,HQTV,1.0,0.0
arctic_b0268,Hindi,SVBI,0.0,0.0
arctic_b0268,Hindi,SVBI,0.25,0.0
arctic_b0268,Hindi,SVBI,0.5,0.0
arctic_b0268,Hindi,SVBI,0.75,0.0
arctic_b0268,Hindi,SVBI,1.0,0.3333333333333333
arctic_b0268,Arabic,ZHAA,0.0,0.0
arctic_b0268,Arabic,ZHAA,0.25,0.0
arctic_b0268,Arabic,ZHAA,0.5,0.3333333333333333
arctic_b0268,Arabic,ZHAA,0.75,0.16666666666666666
arctic_b0268,Arabic,ZHAA,1.0,0.0
arctic_b0269,Chinese,BWC,0.0,0.4444444444444444
arctic_b0269,Chinese,BWC,0.25,0.3333333333333333
arctic_b0269,Chinese,BWC,0.5,0.3333333333333333
arctic_b0269,Chinese,BWC,0.75,0.1111111111111111
arctic_b0269,Chinese,BWC,1.0,0.0
arctic_b0269,Spanish,EBVS,0.0,0.5
arctic_b0269,Spanish,EBVS,0.25,0.25
arctic_b0269,Spanish,EBVS,0.5,0.25
arctic_b0269,Spanish,EBVS,0.75,0.25
arctic_b0269,Spanish,EBVS,1.0,0.125
arctic_b0269,Korean,HJK,0.0,0.0
arctic_b0269,Korean,HJK,0.25,0.1111111111111111
arctic_b0269,Korean,HJK,0.5,0.2222222222222222
arctic_b0269,Korean,HJK,0.75,0.1111111111111111
arctic_b0269,Korean,HJK,1.0,0.0
arctic_b0269,Vietnamese,HQTV,0.0,0.2222222222222222
arctic_b0269,Vietnamese,HQTV,0.25,0.3333333333333333
arctic_b0269,Vietnamese,HQTV,0.5,0.6666666666666666
arctic_b0269,Vietnamese,HQTV,0.75,0.1111111111111111
arctic_b0269,Vietnamese,HQTV,1.0,0.0
arctic_b0269,Hindi,SVBI,0.0,0.1111111111111111
arctic_b0269,Hindi,SVBI,0.25,0.1111111111111111
arctic_b0269,Hindi,SVBI,0.5,0.1111111111111111
arctic_b0269,Hindi,SVBI,0.75,0.0
arctic_b0269,Hindi,SVBI,1.0,0.0
arctic_b0269,Arabic,ZHAA,0.0,0.0
arctic_b0269,Arabic,ZHAA,0.25,0.3333333333333333
arctic_b0269,Arabic,ZHAA,0.5,0.2222222222222222
arctic_b0269,Arabic,ZHAA,0.75,0.0
arctic_b0269,Arabic,ZHAA,1.0,0.0
arctic_b0275,Chinese,BWC,0.0,0.0
arctic_b0275,Chinese,BWC,0.25,0.14285714285714285
arctic_b0275,Chinese,BWC,0.5,0.14285714285714285
arctic_b0275,Chinese,BWC,0.75,0.0
arctic_b0275,Chinese,BWC,1.0,0.0
arctic_b0275,Spanish,EBVS,0.0,0.0
arctic_b0275,Spanish,EBVS,0.25,0.14285714285714285
arctic_b0275,Spanish,EBVS,0.5,0.2857142857142857
arctic_b0275,Spanish,EBVS,0.75,0.2857142857142857
arctic_b0275,Spanish,EBVS,1.0,0.0
arctic_b0275,Korean,HJK,0.0,0.0
arctic_b0275,Korean,HJK,0.25,0.0
arctic_b0275,Korean,HJK,0.5,0.0
arctic_b0275,Korean,HJK,0.75,0.0
arctic_b0275,Korean,HJK,1.0,0.0
arctic_b0275,Vietnamese,HQTV,0.0,0.14285714285714285
arctic_b0275,Vietnamese,HQTV,0.25,0.14285714285714285
arctic_b0275,Vietnamese,HQTV,0.5,0.14285714285714285
arctic_b0275,Vietnamese,HQTV,0.75,0.0
arctic_b0275,Vietnamese,HQTV,1.0,0.0
arctic_b0275,Hindi,SVBI,0.0,0.0
arctic_b0275,Hindi,SVBI,0.25,0.0
arctic_b0275,Hindi,SVBI,0.5,0.0
arctic_b0275,Hindi,SVBI,0.75,0.0
arctic_b0275,Hindi,SVBI,1.0,0.0
arctic_b0275,Arabic,ZHAA,0.0,0.0
arctic_b0275,Arabic,ZHAA,0.25,0.14285714285714285
arctic_b0275,Arabic,ZHAA,0.5,0.42857142857142855
arctic_b0275,Arabic,ZHAA,0.75,0.14285714285714285
arctic_b0275,Arabic,ZHAA,1.0,0.0
arctic_b0282,Chinese,BWC,0.0,0.0
arctic_b0282,Chinese,BWC,0.25,0.3333333333333333
arctic_b0282,Chinese,BWC,0.5,0.3333333333333333
arctic_b0282,Chinese,BWC,0.75,0.3333333333333333
arctic_b0282,Chinese,BWC,1.0,0.1111111111111111
arctic_b0282,Spanish,EBVS,0.0,0.4444444444444444
arctic_b0282,Spanish,EBVS,0.25,0.3333333333333333
arctic_b0282,Spanish,EBVS,0.5,0.2222222222222222
arctic_b0282,Spanish,EBVS,0.75,0.2222222222222222
arctic_b0282,Spanish,EBVS,1.0,0.1111111111111111
arctic_b0282,Korean,HJK,0.0,0.0
arctic_b0282,Korean,HJK,0.25,0.1111111111111111
arctic_b0282,Korean,HJK,0.5,0.2222222222222222
arctic_b0282,Korean,HJK,0.75,0.2222222222222222
arctic_b0282,Korean,HJK,1.0,0.1111111111111111
arctic_b0282,Vietnamese,HQTV,0.0,0.2222222222222222
arctic_b0282,Vietnamese,HQTV,0.25,0.2222222222222222
arctic_b0282,Vietnamese,HQTV,0.5,0.3333333333333333
arctic_b0282,Vietnamese,HQTV,0.75,0.2222222222222222
arctic_b0282,Vietnamese,HQTV,1.0,0.1111111111111111
arctic_b0282,Hindi,SVBI,0.0,0.0
arctic_b0282,Hindi,SVBI,0.25,0.1111111111111111
arctic_b0282,Hindi,SVBI,0.5,0.1111111111111111
arctic_b0282,Hindi,SVBI,0.75,0.1111111111111111
arctic_b0282,Hindi,SVBI,1.0,0.1111111111111111
arctic_b0282,Arabic,ZHAA,0.0,0.3333333333333333
arctic_b0282,Arabic,ZHAA,0.25,0.3333333333333333
arctic_b0282,Arabic,ZHAA,0.5,0.3333333333333333
arctic_b0282,Arabic,ZHAA,0.75,0.1111111111111111
arctic_b0282,Arabic,ZHAA,1.0,0.1111111111111111
arctic_b0291,Chinese,BWC,0.0,0.25
arctic_b0291,Chinese,BWC,0.25,0.125
arctic_b0291,Chinese,BWC,0.5,0.125
arctic_b0291,Chinese,BWC,0.75,0.375
arctic_b0291,Chinese,BWC,1.0,0.0
arctic_b0291,Spanish,EBVS,0.0,0.5
arctic_b0291,Spanish,EBVS,0.25,0.375
arctic_b0291,Spanish,EBVS,0.5,0.375
arctic_b0291,Spanish,EBVS,0.75,0.125
arctic_b0291,Spanish,EBVS,1.0,0.0
arctic_b0291,Korean,HJK,0.0,0.0
arctic_b0291,Korean,HJK,0.25,0.125
arctic_b0291,Korean,HJK,0.5,0.375
arctic_b0291,Korean,HJK,0.75,0.125
arctic_b0291,Korean,HJK,1.0,0.125
arctic_b0291,Vietnamese,HQTV,0.0,0.125
arctic_b0291,Vietnamese,HQTV,0.25,0.125
arctic_b0291,Vietnamese,HQTV,0.5,0.25
arctic_b0291,Vietnamese,HQTV,0.75,0.125
arctic_b0291,Vietnamese,HQTV,1.0,0.0
arctic_b0291,Hindi,SVBI,0.0,0.0
arctic_b0291,Hindi,SVBI,0.25,0.375
arctic_b0291,Hindi,SVBI,0.5,0.375
arctic_b0291,Hindi,SVBI,0.75,0.125
arctic_b0291,Hindi,SVBI,1.0,0.0
arctic_b0291,Arabic,ZHAA,0.0,0.375
arctic_b0291,Arabic,ZHAA,0.25,0.125
arctic_b0291,Arabic,ZHAA,0.5,0.375
arctic_b0291,Arabic,ZHAA,0.75,0.375
arctic_b0291,Arabic,ZHAA,1.0,0.0
arctic_b0298,Chinese,BWC,0.0,0.09090909090909091
arctic_b0298,Chinese,BWC,0.25,0.36363636363636365
arctic_b0298,Chinese,BWC,0.5,0.5454545454545454
arctic_b0298,Chinese,BWC,0.75,0.18181818181818182
arctic_b0298,Chinese,BWC,1.0,0.2727272727272727
arctic_b0298,Spanish,EBVS,0.0,0.2727272727272727
arctic_b0298,Spanish,EBVS,0.25,0.09090909090909091
arctic_b0298,Spanish,EBVS,0.5,0.45454545454545453
arctic_b0298,Spanish,EBVS,0.75,0.18181818181818182
arctic_b0298,Spanish,EBVS,1.0,0.0
arctic_b0298,Korean,HJK,0.0,0.09090909090909091
arctic_b0298,Korean,HJK,0.25,0.09090909090909091
arctic_b0298,Korean,HJK,0.5,0.6363636363636364
arctic_b0298,Korean,HJK,0.75,0.18181818181818182
arctic_b0298,Korean,HJK,1.0,0.2727272727272727
arctic_b0298,Vietnamese,HQTV,0.0,0.18181818181818182
arctic_b0298,Vietnamese,HQTV,0.25,0.5454545454545454
arctic_b0298,Vietnamese,HQTV,0.5,0.5454545454545454
arctic_b0298,Vietnamese,HQTV,0.75,0.2727272727272727
arctic_b0298,Vietnamese,HQTV,1.0,0.09090909090909091
arctic_b0298,Hindi,SVBI,0.0,0.0
arctic_b0298,Hindi,SVBI,0.25,0.09090909090909091
arctic_b0298,Hindi,SVBI,0.5,0.18181818181818182
arctic_b0298,Hindi,SVBI,0.75,0.09090909090909091
arctic_b0298,Hindi,SVBI,1.0,0.0
arctic_b0298,Arabic,ZHAA,0.0,0.0
arctic_b0298,Arabic,ZHAA,0.25,0.09090909090909091
arctic_b0298,Arabic,ZHAA,0.5,0.36363636363636365
arctic_b0298,Arabic,ZHAA,0.75,0.18181818181818182
arctic_b0298,Arabic,ZHAA,1.0,0.18181818181818182
arctic_b0308,Chinese,BWC,0.0,0.0
arctic_b0308,Chinese,BWC,0.25,0.0
arctic_b0308,Chinese,BWC,0.5,0.0
arctic_b0308,Chinese,BWC,0.75,0.0
arctic_b0308,Chinese,BWC,1.0,0.0
arctic_b0308,Spanish,EBVS,0.0,0.0
arctic_b0308,Spanish,EBVS,0.25,0.0
arctic_b0308,Spanish,EBVS,0.5,0.0
arctic_b0308,Spanish,EBVS,0.75,0.0
arctic_b0308,Spanish,EBVS,1.0,0.0
arctic_b0308,Korean,HJK,0.0,0.0
arctic_b0308,Korean,HJK,0.25,0.0
arctic_b0308,Korean,HJK,0.5,0.0
arctic_b0308,Korean,HJK,0.75,0.2
arctic_b0308,Korean,HJK,1.0,0.0
arctic_b0308,Vietnamese,HQTV,0.0,0.4
arctic_b0308,Vietnamese,HQTV,0.25,0.4
arctic_b0308,Vietnamese,HQTV,0.5,0.0
arctic_b0308,Vietnamese,HQTV,0.75,0.0
arctic_b0308,Vietnamese,HQTV,1.0,0.0
arctic_b0308,Hindi,SVBI,0.0,0.0
arctic_b0308,Hindi,SVBI,0.25,0.0
arctic_b0308,Hindi,SVBI,0.5,0.0
arctic_b0308,Hindi,SVBI,0.75,0.0
arctic_b0308,Hindi,SVBI,1.0,0.0
arctic_b0308,Arabic,ZHAA,0.0,0.0
arctic_b0308,Arabic,ZHAA,0.25,0.0
arctic_b0308,Arabic,ZHAA,0.5,0.0
arctic_b0308,Arabic,ZHAA,0.75,0.0
arctic_b0308,Arabic,ZHAA,1.0,0.0
arctic_b0315,Chinese,BWC,0.0,0.2222222222222222
arctic_b0315,Chinese,BWC,0.25,0.3333333333333333
arctic_b0315,Chinese,BWC,0.5,0.3333333333333333
arctic_b0315,Chinese,BWC,0.75,0.1111111111111111
arctic_b0315,Chinese,BWC,1.0,0.0
arctic_b0315,Spanish,EBVS,0.0,0.0
arctic_b0315,Spanish,EBVS,0.25,0.1111111111111111
arctic_b0315,Spanish,EBVS,0.5,0.1111111111111111
arctic_b0315,Spanish,EBVS,0.75,0.1111111111111111
arctic_b0315,Spanish,EBVS,1.0,0.0
arctic_b0315,Korean,HJK,0.0,0.0
arctic_b0315,Korean,HJK,0.25,0.0
arctic_b0315,Korean,HJK,0.5,0.0
arctic_b0315,Korean,HJK,0.75,0.0
arctic_b0315,Korean,HJK,1.0,0.0
arctic_b0315,Vietnamese,HQTV,0.0,0.2222222222222222
arctic_b0315,Vietnamese,HQTV,0.25,0.1111111111111111
arctic_b0315,Vietnamese,HQTV,0.5,0.1111111111111111
arctic_b0315,Vietnamese,HQTV,0.75,0.1111111111111111
arctic_b0315,Vietnamese,HQTV,1.0,0.0
arctic_b0315,Hindi,SVBI,0.0,0.0
arctic_b0315,Hindi,SVBI,0.25,0.0
arctic_b0315,Hindi,SVBI,0.5,0.0
arctic_b0315,Hindi,SVBI,0.75,0.0
arctic_b0315,Hindi,SVBI,1.0,0.0
arctic_b0315,Arabic,ZHAA,0.0,0.0
arctic_b0315,Arabic,ZHAA,0.25,0.0
arctic_b0315,Arabic,ZHAA,0.5,0.1111111111111111
arctic_b0315,Arabic,ZHAA,0.75,0.1111111111111111
arctic_b0315,Arabic,ZHAA,1.0,0.0
arctic_b0349,Chinese,BWC,0.0,0.18181818181818182
arctic_b0349,Chinese,BWC,0.25,0.36363636363636365
arctic_b0349,Chinese,BWC,0.5,0.36363636363636365
arctic_b0349,Chinese,BWC,0.75,0.09090909090909091
arctic_b0349,Chinese,BWC,1.0,0.0
arctic_b0349,Spanish,EBVS,0.0,0.09090909090909091
arctic_b0349,Spanish,EBVS,0.25,0.09090909090909091
arctic_b0349,Spanish,EBVS,0.5,0.09090909090909091
arctic_b0349,Spanish,EBVS,0.75,0.09090909090909091
arctic_b0349,Spanish,EBVS,1.0,0.0
arctic_b0349,Korean,HJK,0.0,0.0
arctic_b0349,Korean,HJK,0.25,0.09090909090909091
arctic_b0349,Korean,HJK,0.5,0.18181818181818182
arctic_b0349,Korean,HJK,0.75,0.09090909090909091
arctic_b0349,Korean,HJK,1.0,0.0
arctic_b0349,Vietnamese,HQTV,0.0,0.2727272727272727
arctic_b0349,Vietnamese,HQTV,0.25,0.09090909090909091
arctic_b0349,Vietnamese,HQTV,0.5,0.2727272727272727
arctic_b0349,Vietnamese,HQTV,0.75,0.18181818181818182
arctic_b0349,Vietnamese,HQTV,1.0,0.0
arctic_b0349,Hindi,SVBI,0.0,0.09090909090909091
arctic_b0349,Hindi,SVBI,0.25,0.18181818181818182
arctic_b0349,Hindi,SVBI,0.5,0.36363636363636365
arctic_b0349,Hindi,SVBI,0.75,0.18181818181818182
arctic_b0349,Hindi,SVBI,1.0,0.09090909090909091
arctic_b0349,Arabic,ZHAA,0.0,0.0
arctic_b0349,Arabic,ZHAA,0.25,0.09090909090909091
arctic_b0349,Arabic,ZHAA,0.5,0.45454545454545453
arctic_b0349,Arabic,ZHAA,0.75,0.18181818181818182
arctic_b0349,Arabic,ZHAA,1.0,0.0
arctic_b0362,Chinese,BWC,0.0,0.0
arctic_b0362,Chinese,BWC,0.25,0.23076923076923078
arctic_b0362,Chinese,BWC,0.5,0.46153846153846156
arctic_b0362,Chinese,BWC,0.75,0.23076923076923078
arctic_b0362,Chinese,BWC,1.0,0.07692307692307693
arctic_b0362,Spanish,EBVS,0.0,0.0
arctic_b0362,Spanish,EBVS,0.25,0.3076923076923077
arctic_b0362,Spanish,EBVS,0.5,0.5384615384615384
arctic_b0362,Spanish,EBVS,0.75,0.15384615384615385
arctic_b0362,Spanish,EBVS,1.0,0.07692307692307693
arctic_b0362,Korean,HJK,0.0,0.0
arctic_b0362,Korean,HJK,0.25,0.07692307692307693
arctic_b0362,Korean,HJK,0.5,0.38461538461538464
arctic_b0362,Korean,HJK,0.75,0.07692307692307693
arctic_b0362,Korean,HJK,1.0,0.07692307692307693
arctic_b0362,Vietnamese,HQTV,0.0,0.15384615384615385
arctic_b0362,Vietnamese,HQTV,0.25,0.38461538461538464
arctic_b0362,Vietnamese,HQTV,0.5,0.5384615384615384
arctic_b0362,Vietnamese,HQTV,0.75,0.15384615384615385
arctic_b0362,Vietnamese,HQTV,1.0,0.07692307692307693
arctic_b0362,Hindi,SVBI,0.0,0.0
arctic_b0362,Hindi,SVBI,0.25,0.23076923076923078
arctic_b0362,Hindi,SVBI,0.5,0.38461538461538464
arctic_b0362,Hindi,SVBI,0.75,0.23076923076923078
arctic_b0362,Hindi,SVBI,1.0,0.07692307692307693
arctic_b0362,Arabic,ZHAA,0.0,0.07692307692307693
arctic_b0362,Arabic,ZHAA,0.25,0.15384615384615385
arctic_b0362,Arabic,ZHAA,0.5,0.46153846153846156
arctic_b0362,Arabic,ZHAA,0.75,0.07692307692307693
arctic_b0362,Arabic,ZHAA,1.0,0.07692307692307693
arctic_b0370,Chinese,BWC,0.0,0.0
arctic_b0370,Chinese,BWC,0.25,0.42857142857142855
arctic_b0370,Chinese,BWC,0.5,0.5714285714285714
arctic_b0370,Chinese,BWC,0.75,0.2857142857142857
arctic_b0370,Chinese,BWC,1.0,0.0
arctic_b0370,Spanish,EBVS,0.0,0.0
arctic_b0370,Spanish,EBVS,0.25,0.2857142857142857
arctic_b0370,Spanish,EBVS,0.5,0.42857142857142855
arctic_b0370,Spanish,EBVS,0.75,0.2857142857142857
arctic_b0370,Spanish,EBVS,1.0,0.0
arctic_b0370,Korean,HJK,0.0,0.0
arctic_b0370,Korean,HJK,0.25,0.14285714285714285
arctic_b0370,Korean,HJK,0.5,0.42857142857142855
arctic_b0370,Korean,HJK,0.75,0.2857142857142857
arctic_b0370,Korean,HJK,1.0,0.0
arctic_b0370,Vietnamese,HQTV,0.0,0.14285714285714285
arctic_b0370,Vietnamese,HQTV,0.25,0.2857142857142857
arctic_b0370,Vietnamese,HQTV,0.5,0.42857142857142855
arctic_b0370,Vietnamese,HQTV,0.75,0.42857142857142855
arctic_b0370,Vietnamese,HQTV,1.0,0.0
arctic_b0370,Hindi,SVBI,0.0,0.14285714285714285
arctic_b0370,Hindi,SVBI,0.25,0.2857142857142857
arctic_b0370,Hindi,SVBI,0.5,0.2857142857142857
arctic_b0370,Hindi,SVBI,0.75,0.42857142857142855
arctic_b0370,Hindi,SVBI,1.0,0.0
arctic_b0370,Arabic,ZHAA,0.0,0.14285714285714285
arctic_b0370,Arabic,ZHAA,0.25,0.5714285714285714
arctic_b0370,Arabic,ZHAA,0.5,0.5714285714285714
arctic_b0370,Arabic,ZHAA,0.75,0.2857142857142857
arctic_b0370,Arabic,ZHAA,1.0,0.0
arctic_b0380,Chinese,BWC,0.0,0.0
arctic_b0380,Chinese,BWC,0.25,0.36363636363636365
arctic_b0380,Chinese,BWC,0.5,0.6363636363636364
arctic_b0380,Chinese,BWC,0.75,0.36363636363636365
arctic_b0380,Chinese,BWC,1.0,0.18181818181818182
arctic_b0380,Spanish,EBVS,0.0,0.0
arctic_b0380,Spanish,EBVS,0.25,0.2727272727272727
arctic_b0380,Spanish,EBVS,0.5,0.36363636363636365
arctic_b0380,Spanish,EBVS,0.75,0.2727272727272727
arctic_b0380,Spanish,EBVS,1.0,0.0
arctic_b0380,Korean,HJK,0.0,0.18181818181818182
arctic_b0380,Korean,HJK,0.25,0.18181818181818182
arctic_b0380,Korean,HJK,0.5,0.18181818181818182
arctic_b0380,Korean,HJK,0.75,0.2727272727272727
arctic_b0380,Korean,HJK,1.0,0.0
arctic_b0380,Vietnamese,HQTV,0.0,0.2727272727272727
arctic_b0380,Vietnamese,HQTV,0.25,0.2727272727272727
arctic_b0380,Vietnamese,HQTV,0.5,0.45454545454545453
arctic_b0380,Vietnamese,HQTV,0.75,0.36363636363636365
arctic_b0380,Vietnamese,HQTV,1.0,0.0
arctic_b0380,Hindi,SVBI,0.0,0.18181818181818182
arctic_b0380,Hindi,SVBI,0.25,0.18181818181818182
arctic_b0380,Hindi,SVBI,0.5,0.2727272727272727
arctic_b0380,Hindi,SVBI,0.75,0.18181818181818182
arctic_b0380,Hindi,SVBI,1.0,0.0
arctic_b0380,Arabic,ZHAA,0.0,0.0
arctic_b0380,Arabic,ZHAA,0.25,0.18181818181818182
arctic_b0380,Arabic,ZHAA,0.5,0.2727272727272727
arctic_b0380,Arabic,ZHAA,0.75,0.18181818181818182
arctic_b0380,Arabic,ZHAA,1.0,0.0
arctic_b0410,Chinese,BWC,0.0,0.0
arctic_b0410,Chinese,BWC,0.25,0.1
arctic_b0410,Chinese,BWC,0.5,0.3
arctic_b0410,Chinese,BWC,0.75,0.2
arctic_b0410,Chinese,BWC,1.0,0.0
arctic_b0410,Korean,HJK,0.0,0.0
arctic_b0410,Korean,HJK,0.25,0.0
arctic_b0410,Korean,HJK,0.5,0.0
arctic_b0410,Korean,HJK,0.75,0.0
arctic_b0410,Korean,HJK,1.0,0.0
arctic_b0410,Vietnamese,HQTV,0.0,0.0
arctic_b0410,Vietnamese,HQTV,0.25,0.2
arctic_b0410,Vietnamese,HQTV,0.5,0.2
arctic_b0410,Vietnamese,HQTV,0.75,0.1
arctic_b0410,Vietnamese,HQTV,1.0,0.0
arctic_b0410,Hindi,SVBI,0.0,0.3
arctic_b0410,Hindi,SVBI,0.25,0.3
arctic_b0410,Hindi,SVBI,0.5,0.3
arctic_b0410,Hindi,SVBI,0.75,0.1
arctic_b0410,Hindi,SVBI,1.0,0.0
arctic_b0410,Arabic,ZHAA,0.0,0.0
arctic_b0410,Arabic,ZHAA,0.25,0.1
arctic_b0410,Arabic,ZHAA,0.5,0.1
arctic_b0410,Arabic,ZHAA,0.75,0.1
arctic_b0410,Arabic,ZHAA,1.0,0.0
arctic_b0418,Chinese,BWC,0.0,0.2727272727272727
arctic_b0418,Chinese,BWC,0.25,0.36363636363636365
arctic_b0418,Chinese,BWC,0.5,0.18181818181818182
arctic_b0418,Chinese,BWC,0.75,0.09090909090909091
arctic_b0418,Chinese,BWC,1.0,0.0
arctic_b0418,Korean,HJK,0.0,0.0
arctic_b0418,Korean,HJK,0.25,0.0
arctic_b0418,Korean,HJK,0.5,0.0
arctic_b0418,Korean,HJK,0.75,0.0
arctic_b0418,Korean,HJK,1.0,0.0
arctic_b0418,Vietnamese,HQTV,0.0,0.09090909090909091
arctic_b0418,Vietnamese,HQTV,0.25,0.09090909090909091
arctic_b0418,Vietnamese,HQTV,0.5,0.2727272727272727
arctic_b0418,Vietnamese,HQTV,0.75,0.09090909090909091
arctic_b0418,Vietnamese,HQTV,1.0,0.0
arctic_b0418,Hindi,SVBI,0.0,0.0
arctic_b0418,Hindi,SVBI,0.25,0.18181818181818182
arctic_b0418,Hindi,SVBI,0.5,0.18181818181818182
arctic_b0418,Hindi,SVBI,0.75,0.0
arctic_b0418,Hindi,SVBI,1.0,0.0
arctic_b0418,Arabic,ZHAA,0.0,0.0
arctic_b0418,Arabic,ZHAA,0.25,0.0
arctic_b0418,Arabic,ZHAA,0.5,0.09090909090909091
arctic_b0418,Arabic,ZHAA,0.75,0.09090909090909091
arctic_b0418,Arabic,ZHAA,1.0,0.0
arctic_b0427,Chinese,BWC,0.0,0.23076923076923078
arctic_b0427,Chinese,BWC,0.25,0.15384615384615385
arctic_b0427,Chinese,BWC,0.5,0.38461538461538464
arctic_b0427,Chinese,BWC,0.75,0.3076923076923077
arctic_b0427,Chinese,BWC,1.0,0.07692307692307693
arctic_b0427,Korean,HJK,0.0,0.0
arctic_b0427,Korean,HJK,0.25,0.15384615384615385
arctic_b0427,Korean,HJK,0.5,0.3076923076923077
arctic_b0427,Korean,HJK,0.75,0.15384615384615385
arctic_b0427,Korean,HJK,1.0,0.07692307692307693
arctic_b0427,Vietnamese,HQTV,0.0,0.07692307692307693
arctic_b0427,Vietnamese,HQTV,0.25,0.23076923076923078
arctic_b0427,Vietnamese,HQTV,0.5,0.38461538461538464
arctic_b0427,Vietnamese,HQTV,0.75,0.23076923076923078
arctic_b0427,Vietnamese,HQTV,1.0,0.0
arctic_b0427,Hindi,SVBI,0.0,0.0
arctic_b0427,Hindi,SVBI,0.25,0.23076923076923078
arctic_b0427,Hindi,SVBI,0.5,0.15384615384615385
arctic_b0427,Hindi,SVBI,0.75,0.15384615384615385
arctic_b0427,Hindi,SVBI,1.0,0.0
arctic_b0427,Arabic,ZHAA,0.0,0.0
arctic_b0427,Arabic,ZHAA,0.25,0.15384615384615385
arctic_b0427,Arabic,ZHAA,0.5,0.15384615384615385
arctic_b0427,Arabic,ZHAA,0.75,0.15384615384615385
arctic_b0427,Arabic,ZHAA,1.0,0.07692307692307693
arctic_b0429,Chinese,BWC,0.0,0.0
arctic_b0429,Chinese,BWC,0.25,0.125
arctic_b0429,Chinese,BWC,0.5,0.5
arctic_b0429,Chinese,BWC,0.75,0.125
arctic_b0429,Chinese,BWC,1.0,0.0
arctic_b0429,Korean,HJK,0.0,0.125
arctic_b0429,Korean,HJK,0.25,0.0
arctic_b0429,Korean,HJK,0.5,0.375
arctic_b0429,Korean,HJK,0.75,0.0
arctic_b0429,Korean,HJK,1.0,0.0
arctic_b0429,Vietnamese,HQTV,0.0,0.125
arctic_b0429,Vietnamese,HQTV,0.25,0.25
arctic_b0429,Vietnamese,HQTV,0.5,0.5
arctic_b0429,Vietnamese,HQTV,0.75,0.125
arctic_b0429,Vietnamese,HQTV,1.0,0.0
arctic_b0429,Hindi,SVBI,0.0,0.0
arctic_b0429,Hindi,SVBI,0.25,0.125
arctic_b0429,Hindi,SVBI,0.5,0.375
arctic_b0429,Hindi,SVBI,0.75,0.25
arctic_b0429,Hindi,SVBI,1.0,0.25
arctic_b0429,Arabic,ZHAA,0.0,0.0
arctic_b0429,Arabic,ZHAA,0.25,0.125
arctic_b0429,Arabic,ZHAA,0.5,0.5
arctic_b0429,Arabic,ZHAA,0.75,0.125
arctic_b0429,Arabic,ZHAA,1.0,0.0
arctic_b0461,Chinese,BWC,0.0,0.0
arctic_b0461,Chinese,BWC,0.25,0.2
arctic_b0461,Chinese,BWC,0.5,0.3
arctic_b0461,Chinese,BWC,0.75,0.1
arctic_b0461,Chinese,BWC,1.0,0.0
arctic_b0461,Spanish,EBVS,0.0,0.1
arctic_b0461,Spanish,EBVS,0.25,0.2
arctic_b0461,Spanish,EBVS,0.5,0.4
arctic_b0461,Spanish,EBVS,0.75,0.0
arctic_b0461,Spanish,EBVS,1.0,0.0
arctic_b0461,Korean,HJK,0.0,0.0
arctic_b0461,Korean,HJK,0.25,0.0
arctic_b0461,Korean,HJK,0.5,0.0
arctic_b0461,Korean,HJK,0.75,0.0
arctic_b0461,Korean,HJK,1.0,0.0
arctic_b0461,Vietnamese,HQTV,0.0,0.2
arctic_b0461,Vietnamese,HQTV,0.25,0.2
arctic_b0461,Vietnamese,HQTV,0.5,0.0
arctic_b0461,Vietnamese,HQTV,0.75,0.0
arctic_b0461,Vietnamese,HQTV,1.0,0.0
arctic_b0461,Hindi,SVBI,0.0,0.0
arctic_b0461,Hindi,SVBI,0.25,0.0
arctic_b0461,Hindi,SVBI,0.5,0.0
arctic_b0461,Hindi,SVBI,0.75,0.0
arctic_b0461,Hindi,SVBI,1.0,0.0
arctic_b0461,Arabic,ZHAA,0.0,0.0
arctic_b0461,Arabic,ZHAA,0.25,0.0
arctic_b0461,Arabic,ZHAA,0.5,0.0
arctic_b0461,Arabic,ZHAA,0.75,0.0
arctic_b0461,Arabic,ZHAA,1.0,0.0
arctic_b0493,Chinese,BWC,0.0,0.0
arctic_b0493,Chinese,BWC,0.25,0.14285714285714285
arctic_b0493,Chinese,BWC,0.5,0.14285714285714285
arctic_b0493,Chinese,BWC,0.75,0.14285714285714285
arctic_b0493,Chinese,BWC,1.0,0.0
arctic_b0493,Korean,HJK,0.0,0.0
arctic_b0493,Korean,HJK,0.25,0.14285714285714285
arctic_b0493,Korean,HJK,0.5,0.14285714285714285
arctic_b0493,Korean,HJK,0.75,0.14285714285714285
arctic_b0493,Korean,HJK,1.0,0.0
arctic_b0493,Vietnamese,HQTV,0.0,0.14285714285714285
arctic_b0493,Vietnamese,HQTV,0.25,0.14285714285714285
arctic_b0493,Vietnamese,HQTV,0.5,0.2857142857142857
arctic_b0493,Vietnamese,HQTV,0.75,0.14285714285714285
arctic_b0493,Vietnamese,HQTV,1.0,0.0
arctic_b0493,Hindi,SVBI,0.0,0.14285714285714285
arctic_b0493,Hindi,SVBI,0.25,0.2857142857142857
arctic_b0493,Hindi,SVBI,0.5,0.42857142857142855
arctic_b0493,Hindi,SVBI,0.75,0.14285714285714285
arctic_b0493,Hindi,SVBI,1.0,0.0
arctic_b0493,Arabic,ZHAA,0.0,0.0
arctic_b0493,Arabic,ZHAA,0.25,0.42857142857142855
arctic_b0493,Arabic,ZHAA,0.5,0.42857142857142855
arctic_b0493,Arabic,ZHAA,0.75,0.2857142857142857
arctic_b0493,Arabic,ZHAA,1.0,0.0
arctic_b0505,Chinese,BWC,0.0,0.0
arctic_b0505,Chinese,BWC,0.25,0.3333333333333333
arctic_b0505,Chinese,BWC,0.5,0.6666666666666666
arctic_b0505,Chinese,BWC,0.75,0.2222222222222222
arctic_b0505,Chinese,BWC,1.0,0.0
arctic_b0505,Korean,HJK,0.0,0.0
arctic_b0505,Korean,HJK,0.25,0.0
arctic_b0505,Korean,HJK,0.5,0.2222222222222222
arctic_b0505,Korean,HJK,0.75,0.2222222222222222
arctic_b0505,Korean,HJK,1.0,0.0
arctic_b0505,Vietnamese,HQTV,0.0,0.2222222222222222
arctic_b0505,Vietnamese,HQTV,0.25,0.4444444444444444
arctic_b0505,Vietnamese,HQTV,0.5,0.7777777777777778
arctic_b0505,Vietnamese,HQTV,0.75,0.4444444444444444
arctic_b0505,Vietnamese,HQTV,1.0,0.0
arctic_b0505,Hindi,SVBI,0.0,0.2222222222222222
arctic_b0505,Hindi,SVBI,0.25,0.1111111111111111
arctic_b0505,Hindi,SVBI,0.5,0.1111111111111111
arctic_b0505,Hindi,SVBI,0.75,0.0
arctic_b0505,Hindi,SVBI,1.0,0.0
arctic_b0505,Arabic,ZHAA,0.0,0.0
arctic_b0505,Arabic,ZHAA,0.25,0.1111111111111111
arctic_b0505,Arabic,ZHAA,0.5,0.3333333333333333
arctic_b0505,Arabic,ZHAA,0.75,0.1111111111111111
arctic_b0505,Arabic,ZHAA,1.0,0.0
arctic_b0516,Chinese,BWC,0.0,0.18181818181818182
arctic_b0516,Chinese,BWC,0.25,0.09090909090909091
arctic_b0516,Chinese,BWC,0.5,0.5454545454545454
arctic_b0516,Chinese,BWC,0.75,0.45454545454545453
arctic_b0516,Chinese,BWC,1.0,0.09090909090909091
arctic_b0516,Korean,HJK,0.0,0.0
arctic_b0516,Korean,HJK,0.25,0.2727272727272727
arctic_b0516,Korean,HJK,0.5,0.5454545454545454
arctic_b0516,Korean,HJK,0.75,0.2727272727272727
arctic_b0516,Korean,HJK,1.0,0.0
arctic_b0516,Vietnamese,HQTV,0.0,0.0
arctic_b0516,Vietnamese,HQTV,0.25,0.18181818181818182
arctic_b0516,Vietnamese,HQTV,0.5,0.6363636363636364
arctic_b0516,Vietnamese,HQTV,0.75,0.45454545454545453
arctic_b0516,Vietnamese,HQTV,1.0,0.0
arctic_b0516,Hindi,SVBI,0.0,0.18181818181818182
arctic_b0516,Hindi,SVBI,0.25,0.09090909090909091
arctic_b0516,Hindi,SVBI,0.5,0.2727272727272727
arctic_b0516,Hindi,SVBI,0.75,0.2727272727272727
arctic_b0516,Hindi,SVBI,1.0,0.09090909090909091
arctic_b0516,Arabic,ZHAA,0.0,0.0
arctic_b0516,Arabic,ZHAA,0.25,0.09090909090909091
arctic_b0516,Arabic,ZHAA,0.5,0.5454545454545454
arctic_b0516,Arabic,ZHAA,0.75,0.5454545454545454
arctic_b0516,Arabic,ZHAA,1.0,0.09090909090909091
arctic_b0517,Chinese,BWC,0.0,0.0
arctic_b0517,Chinese,BWC,0.25,0.16666666666666666
arctic_b0517,Chinese,BWC,0.5,0.16666666666666666
arctic_b0517,Chinese,BWC,0.75,0.16666666666666666
arctic_b0517,Chinese,BWC,1.0,0.0
arctic_b0517,Korean,HJK,0.0,0.0
arctic_b0517,Korean,HJK,0.25,0.0
arctic_b0517,Korean,HJK,0.5,0.16666666666666666
arctic_b0517,Korean,HJK,0.75,0.16666666666666666
arctic_b0517,Korean,HJK,1.0,0.0
arctic_b0517,Vietnamese,HQTV,0.0,0.0
arctic_b0517,Vietnamese,HQTV,0.25,0.16666666666666666
arctic_b0517,Vietnamese,HQTV,0.5,0.16666666666666666
arctic_b0517,Vietnamese,HQTV,0.75,0.16666666666666666
arctic_b0517,Vietnamese,HQTV,1.0,0.0
arctic_b0517,Hindi,SVBI,0.0,0.0
arctic_b0517,Hindi,SVBI,0.25,0.16666666666666666
arctic_b0517,Hindi,SVBI,0.5,0.16666666666666666
arctic_b0517,Hindi,SVBI,0.75,0.16666666666666666
arctic_b0517,Hindi,SVBI,1.0,0.0
arctic_b0517,Arabic,ZHAA,0.0,0.0
arctic_b0517,Arabic,ZHAA,0.25,0.16666666666666666
arctic_b0517,Arabic,ZHAA,0.5,0.5
arctic_b0517,Arabic,ZHAA,0.75,0.16666666666666666
arctic_b0517,Arabic,ZHAA,1.0,0.0
