prompt_id,L1,speaker,alpha,wer,method
arctic_a0001,Chinese,BWC,0.0,0.3333333333333333,position_based
arctic_a0001,Chinese,BWC,0.25,0.2222222222222222,position_based
arctic_a0001,Chinese,BWC,0.5,0.3333333333333333,position_based
arctic_a0001,Chinese,BWC,0.75,0.3333333333333333,position_based
arctic_a0001,Chinese,BWC,1.0,0.1111111111111111,position_based
arctic_a0001,Spanish,EBVS,0.0,0.0,position_based
arctic_a0001,Spanish,EBVS,0.25,0.125,position_based
arctic_a0001,Spanish,EBVS,0.5,0.125,position_based
arctic_a0001,Spanish,EBVS,0.75,0.125,position_based
arctic_a0001,Spanish,EBVS,1.0,0.0,position_based
arctic_a0001,Korean,HJK,0.0,0.125,position_based
arctic_a0001,Korean,HJK,0.25,0.0,position_based
arctic_a0001,Korean,HJK,0.5,0.0,position_based
arctic_a0001,Korean,HJK,0.75,0.125,position_based
arctic_a0001,Korean,HJK,1.0,0.0,position_based
arctic_a0001,Vietnamese,HQTV,0.0,0.0,position_based
arctic_a0001,Vietnamese,HQTV,0.25,0.125,position_based
arctic_a0001,Vietnamese,HQTV,0.5,0.25,position_based
arctic_a0001,Vietnamese,HQTV,0.75,0.125,position_based
arctic_a0001,Vietnamese,HQTV,1.0,0.0,position_based
arctic_a0001,Hindi,SVBI,0.0,0.25,position_based
arctic_a0001,Hindi,SVBI,0.25,0.0,position_based
arctic_a0001,Hindi,SVBI,0.5,0.125,position_based
arctic_a0001,Hindi,SVBI,0.75,0.0,position_based
arctic_a0001,Hindi,SVBI,1.0,0.0,position_based
arctic_a0001,Arabic,ZHAA,0.0,0.0,position_based
arctic_a0001,Arabic,ZHAA,0.25,0.0,position_based
arctic_a0001,Arabic,ZHAA,0.5,0.0,position_based
arctic_a0001,Arabic,ZHAA,0.75,0.0,position_based
arctic_a0001,Arabic,ZHAA,1.0,0.0,position_based
arctic_a0033,Chinese,BWC,0.0,0.0,position_based
arctic_a0033,Chinese,BWC,0.25,0.1818181818181818,position_based
arctic_a0033,Chinese,BWC,0.5,0.5454545454545454,position_based
arctic_a0033,Chinese,BWC,0.75,0.0,position_based
arctic_a0033,Chinese,BWC,1.0,0.0,position_based
arctic_a0033,Spanish,EBVS,0.0,0.2727272727272727,position_based
arctic_a0033,Spanish,EBVS,0.25,0.4545454545454545,position_based
arctic_a0033,Spanish,EBVS,0.5,0.5454545454545454,position_based
arctic_a0033,Spanish,EBVS,0.75,0.0909090909090909,position_based
arctic_a0033,Spanish,EBVS,1.0,0.0,position_based
arctic_a0033,Korean,HJK,0.0,0.0,position_based
arctic_a0033,Korean,HJK,0.25,0.0,position_based
arctic_a0033,Korean,HJK,0.5,0.0909090909090909,position_based
arctic_a0033,Korean,HJK,0.75,0.0909090909090909,position_based
arctic_a0033,Korean,HJK,1.0,0.0,position_based
arctic_a0033,Vietnamese,HQTV,0.0,0.0909090909090909,position_based
arctic_a0033,Vietnamese,HQTV,0.25,0.2727272727272727,position_based
arctic_a0033,Vietnamese,HQTV,0.5,0.3636363636363636,position_based
arctic_a0033,Vietnamese,HQTV,0.75,0.0,position_based
arctic_a0033,Vietnamese,HQTV,1.0,0.0,position_based
arctic_a0033,Hindi,SVBI,0.0,0.0,position_based
arctic_a0033,Hindi,SVBI,0.25,0.0,position_based
arctic_a0033,Hindi,SVBI,0.5,0.0909090909090909,position_based
arctic_a0033,Hindi,SVBI,0.75,0.0909090909090909,position_based
arctic_a0033,Hindi,SVBI,1.0,0.0,position_based
arctic_a0033,Arabic,ZHAA,0.0,0.0,position_based
arctic_a0033,Arabic,ZHAA,0.25,0.0909090909090909,position_based
arctic_a0033,Arabic,ZHAA,0.5,0.3636363636363636,position_based
arctic_a0033,Arabic,ZHAA,0.75,0.0,position_based
arctic_a0033,Arabic,ZHAA,1.0,0.0,position_based
arctic_a0041,Chinese,BWC,0.0,0.2222222222222222,position_based
arctic_a0041,Chinese,BWC,0.25,0.3333333333333333,position_based
arctic_a0041,Chinese,BWC,0.5,0.4444444444444444,position_based
arctic_a0041,Chinese,BWC,0.75,0.6666666666666666,position_based
arctic_a0041,Chinese,BWC,1.0,0.2222222222222222,position_based
arctic_a0041,Spanish,EBVS,0.0,0.25,position_based
arctic_a0041,Spanish,EBVS,0.25,0.5,position_based
arctic_a0041,Spanish,EBVS,0.5,0.625,position_based
arctic_a0041,Spanish,EBVS,0.75,0.25,position_based
arctic_a0041,Spanish,EBVS,1.0,0.0,position_based
arctic_a0041,Korean,HJK,0.0,0.0,position_based
arctic_a0041,Korean,HJK,0.25,0.25,position_based
arctic_a0041,Korean,HJK,0.5,0.5,position_based
arctic_a0041,Korean,HJK,0.75,0.5,position_based
arctic_a0041,Korean,HJK,1.0,0.0,position_based
arctic_a0041,Vietnamese,HQTV,0.0,0.375,position_based
arctic_a0041,Vietnamese,HQTV,0.25,0.375,position_based
arctic_a0041,Vietnamese,HQTV,0.5,0.375,position_based
arctic_a0041,Vietnamese,HQTV,0.75,0.5,position_based
arctic_a0041,Vietnamese,HQTV,1.0,0.0,position_based
arctic_a0041,Hindi,SVBI,0.0,0.0,position_based
arctic_a0041,Hindi,SVBI,0.25,0.125,position_based
arctic_a0041,Hindi,SVBI,0.5,0.125,position_based
arctic_a0041,Hindi,SVBI,0.75,0.125,position_based
arctic_a0041,Hindi,SVBI,1.0,0.0,position_based
arctic_a0041,Arabic,ZHAA,0.0,0.0,position_based
arctic_a0041,Arabic,ZHAA,0.25,0.25,position_based
arctic_a0041,Arabic,ZHAA,0.5,0.5,position_based
arctic_a0041,Arabic,ZHAA,0.75,0.375,position_based
arctic_a0041,Arabic,ZHAA,1.0,0.0,position_based
arctic_a0050,Chinese,BWC,0.0,0.6,position_based
arctic_a0050,Chinese,BWC,0.25,0.5,position_based
arctic_a0050,Chinese,BWC,0.5,0.5,position_based
arctic_a0050,Chinese,BWC,0.75,0.2,position_based
arctic_a0050,Chinese,BWC,1.0,0.0,position_based
arctic_a0050,Spanish,EBVS,0.0,0.0,position_based
arctic_a0050,Spanish,EBVS,0.25,0.0,position_based
arctic_a0050,Spanish,EBVS,0.5,0.0,position_based
arctic_a0050,Spanish,EBVS,0.75,0.2,position_based
arctic_a0050,Spanish,EBVS,1.0,0.0,position_based
arctic_a0050,Korean,HJK,0.0,0.1,position_based
arctic_a0050,Korean,HJK,0.25,0.2,position_based
arctic_a0050,Korean,HJK,0.5,0.0,position_based
arctic_a0050,Korean,HJK,0.75,0.0,position_based
arctic_a0050,Korean,HJK,1.0,0.0,position_based
arctic_a0050,Vietnamese,HQTV,0.0,0.3,position_based
arctic_a0050,Vietnamese,HQTV,0.25,0.3,position_based
arctic_a0050,Vietnamese,HQTV,0.5,0.6,position_based
arctic_a0050,Vietnamese,HQTV,0.75,0.1,position_based
arctic_a0050,Vietnamese,HQTV,1.0,0.0,position_based
arctic_a0050,Hindi,SVBI,0.0,0.0,position_based
arctic_a0050,Hindi,SVBI,0.25,0.0,position_based
arctic_a0050,Hindi,SVBI,0.5,0.0,position_based
arctic_a0050,Hindi,SVBI,0.75,0.0,position_based
arctic_a0050,Hindi,SVBI,1.0,0.0,position_based
arctic_a0050,Arabic,ZHAA,0.0,0.0,position_based
arctic_a0050,Arabic,ZHAA,0.25,0.2,position_based
arctic_a0050,Arabic,ZHAA,0.5,0.3,position_based
arctic_a0050,Arabic,ZHAA,0.75,0.2,position_based
arctic_a0050,Arabic,ZHAA,1.0,0.0,position_based
arctic_a0053,Chinese,BWC,0.0,0.25,position_based
arctic_a0053,Chinese,BWC,0.25,0.25,position_based
arctic_a0053,Chinese,BWC,0.5,0.5,position_based
arctic_a0053,Chinese,BWC,0.75,0.25,position_based
arctic_a0053,Chinese,BWC,1.0,0.0,position_based
arctic_a0053,Spanish,EBVS,0.0,0.0,position_based
arctic_a0053,Spanish,EBVS,0.25,0.125,position_based
arctic_a0053,Spanish,EBVS,0.5,0.25,position_based
arctic_a0053,Spanish,EBVS,0.75,0.125,position_based
arctic_a0053,Spanish,EBVS,1.0,0.0,position_based
arctic_a0053,Korean,HJK,0.0,0.0,position_based
arctic_a0053,Korean,HJK,0.25,0.125,position_based
arctic_a0053,Korean,HJK,0.5,0.125,position_based
arctic_a0053,Korean,HJK,0.75,0.25,position_based
arctic_a0053,Korean,HJK,1.0,0.0,position_based
arctic_a0053,Vietnamese,HQTV,0.0,0.0,position_based
arctic_a0053,Vietnamese,HQTV,0.25,0.25,position_based
arctic_a0053,Vietnamese,HQTV,0.5,0.25,position_based
arctic_a0053,Vietnamese,HQTV,0.75,0.25,position_based
arctic_a0053,Vietnamese,HQTV,1.0,0.0,position_based
arctic_a0053,Hindi,SVBI,0.0,0.0,position_based
arctic_a0053,Hindi,SVBI,0.25,0.125,position_based
arctic_a0053,Hindi,SVBI,0.5,0.25,position_based
arctic_a0053,Hindi,SVBI,0.75,0.125,position_based
arctic_a0053,Hindi,SVBI,1.0,0.0,position_based
arctic_a0053,Arabic,ZHAA,0.0,0.0,position_based
arctic_a0053,Arabic,ZHAA,0.25,0.125,position_based
arctic_a0053,Arabic,ZHAA,0.5,0.125,position_based
arctic_a0053,Arabic,ZHAA,0.75,0.125,position_based
arctic_a0053,Arabic,ZHAA,1.0,0.0,position_based
arctic_a0066,Chinese,BWC,0.0,0.2857142857142857,position_based
arctic_a0066,Chinese,BWC,0.25,0.2857142857142857,position_based
arctic_a0066,Chinese,BWC,0.5,0.1428571428571428,position_based
arctic_a0066,Chinese,BWC,0.75,0.0,position_based
arctic_a0066,Chinese,BWC,1.0,0.0,position_based
arctic_a0066,Spanish,EBVS,0.0,0.0,position_based
arctic_a0066,Spanish,EBVS,0.25,0.1428571428571428,position_based
arctic_a0066,Spanish,EBVS,0.5,0.4285714285714285,position_based
arctic_a0066,Spanish,EBVS,0.75,0.2857142857142857,position_based
arctic_a0066,Spanish,EBVS,1.0,0.0,position_based
arctic_a0066,Korean,HJK,0.0,0.0,position_based
arctic_a0066,Korean,HJK,0.25,0.0,position_based
arctic_a0066,Korean,HJK,0.5,0.1428571428571428,position_based
arctic_a0066,Korean,HJK,0.75,0.1428571428571428,position_based
arctic_a0066,Korean,HJK,1.0,0.0,position_based
arctic_a0066,Vietnamese,HQTV,0.0,0.1428571428571428,position_based
arctic_a0066,Vietnamese,HQTV,0.25,0.2857142857142857,position_based
arctic_a0066,Vietnamese,HQTV,0.5,0.4285714285714285,position_based
arctic_a0066,Vietnamese,HQTV,0.75,0.2857142857142857,position_based
arctic_a0066,Vietnamese,HQTV,1.0,0.0,position_based
arctic_a0066,Hindi,SVBI,0.0,0.0,position_based
arctic_a0066,Hindi,SVBI,0.25,0.0,position_based
arctic_a0066,Hindi,SVBI,0.5,0.0,position_based
arctic_a0066,Hindi,SVBI,0.75,0.0,position_based
arctic_a0066,Hindi,SVBI,1.0,0.0,position_based
arctic_a0066,Arabic,ZHAA,0.0,0.0,position_based
arctic_a0066,Arabic,ZHAA,0.25,0.1428571428571428,position_based
arctic_a0066,Arabic,ZHAA,0.5,0.7142857142857143,position_based
arctic_a0066,Arabic,ZHAA,0.75,0.1428571428571428,position_based
arctic_a0066,Arabic,ZHAA,1.0,0.0,position_based
arctic_a0075,Chinese,BWC,0.0,0.0,position_based
arctic_a0075,Chinese,BWC,0.25,0.0,position_based
arctic_a0075,Chinese,BWC,0.5,0.375,position_based
arctic_a0075,Chinese,BWC,0.75,0.0,position_based
arctic_a0075,Chinese,BWC,1.0,0.125,position_based
arctic_a0075,Spanish,EBVS,0.0,0.0,position_based
arctic_a0075,Spanish,EBVS,0.25,0.0,position_based
arctic_a0075,Spanish,EBVS,0.5,0.25,position_based
arctic_a0075,Spanish,EBVS,0.75,0.125,position_based
arctic_a0075,Spanish,EBVS,1.0,0.125,position_based
arctic_a0075,Korean,HJK,0.0,0.0,position_based
arctic_a0075,Korean,HJK,0.25,0.0,position_based
arctic_a0075,Korean,HJK,0.5,0.125,position_based
arctic_a0075,Korean,HJK,0.75,0.0,position_based
arctic_a0075,Korean,HJK,1.0,0.125,position_based
arctic_a0075,Vietnamese,HQTV,0.0,0.125,position_based
arctic_a0075,Vietnamese,HQTV,0.25,0.125,position_based
arctic_a0075,Vietnamese,HQTV,0.5,0.0,position_based
arctic_a0075,Vietnamese,HQTV,0.75,0.0,position_based
arctic_a0075,Vietnamese,HQTV,1.0,0.125,position_based
arctic_a0075,Hindi,SVBI,0.0,0.0,position_based
arctic_a0075,Hindi,SVBI,0.25,0.0,position_based
arctic_a0075,Hindi,SVBI,0.5,0.0,position_based
arctic_a0075,Hindi,SVBI,0.75,0.0,position_based
arctic_a0075,Hindi,SVBI,1.0,0.125,position_based
arctic_a0075,Arabic,ZHAA,0.0,0.125,position_based
arctic_a0075,Arabic,ZHAA,0.25,0.0,position_based
arctic_a0075,Arabic,ZHAA,0.5,0.375,position_based
arctic_a0075,Arabic,ZHAA,0.75,0.0,position_based
arctic_a0075,Arabic,ZHAA,1.0,0.125,position_based
arctic_a0087,Chinese,BWC,0.0,0.0833333333333333,position_based
arctic_a0087,Chinese,BWC,0.25,0.25,position_based
arctic_a0087,Chinese,BWC,0.5,0.4166666666666667,position_based
arctic_a0087,Chinese,BWC,0.75,0.0833333333333333,position_based
arctic_a0087,Chinese,BWC,1.0,0.0833333333333333,position_based
arctic_a0087,Spanish,EBVS,0.0,0.0,position_based
arctic_a0087,Spanish,EBVS,0.25,0.1666666666666666,position_based
arctic_a0087,Spanish,EBVS,0.5,0.25,position_based
arctic_a0087,Spanish,EBVS,0.75,0.0833333333333333,position_based
arctic_a0087,Spanish,EBVS,1.0,0.0,position_based
arctic_a0087,Korean,HJK,0.0,0.0,position_based
arctic_a0087,Korean,HJK,0.25,0.0833333333333333,position_based
arctic_a0087,Korean,HJK,0.5,0.0833333333333333,position_based
arctic_a0087,Korean,HJK,0.75,0.0833333333333333,position_based
arctic_a0087,Korean,HJK,1.0,0.0,position_based
arctic_a0087,Vietnamese,HQTV,0.0,0.1666666666666666,position_based
arctic_a0087,Vietnamese,HQTV,0.25,0.0833333333333333,position_based
arctic_a0087,Vietnamese,HQTV,0.5,0.0833333333333333,position_based
arctic_a0087,Vietnamese,HQTV,0.75,0.0833333333333333,position_based
arctic_a0087,Vietnamese,HQTV,1.0,0.0833333333333333,position_based
arctic_a0087,Hindi,SVBI,0.0,0.0833333333333333,position_based
arctic_a0087,Hindi,SVBI,0.25,0.25,position_based
arctic_a0087,Hindi,SVBI,0.5,0.0833333333333333,position_based
arctic_a0087,Hindi,SVBI,0.75,0.0833333333333333,position_based
arctic_a0087,Hindi,SVBI,1.0,0.0833333333333333,position_based
arctic_a0087,Arabic,ZHAA,0.0,0.0833333333333333,position_based
arctic_a0087,Arabic,ZHAA,0.25,0.0833333333333333,position_based
arctic_a0087,Arabic,ZHAA,0.5,0.0833333333333333,position_based
arctic_a0087,Arabic,ZHAA,0.75,0.0833333333333333,position_based
arctic_a0087,Arabic,ZHAA,1.0,0.0,position_based
arctic_a0090,Chinese,BWC,0.0,0.4,position_based
arctic_a0090,Chinese,BWC,0.25,0.0,position_based
arctic_a0090,Chinese,BWC,0.5,0.0,position_based
arctic_a0090,Chinese,BWC,0.75,0.0,position_based
arctic_a0090,Chinese,BWC,1.0,0.0,position_based
arctic_a0090,Spanish,EBVS,0.0,0.0,position_based
arctic_a0090,Spanish,EBVS,0.25,0.0,position_based
arctic_a0090,Spanish,EBVS,0.5,0.0,position_based
arctic_a0090,Spanish,EBVS,0.75,0.0,position_based
arctic_a0090,Spanish,EBVS,1.0,0.0,position_based
arctic_a0090,Korean,HJK,0.0,0.0,position_based
arctic_a0090,Korean,HJK,0.25,0.0,position_based
arctic_a0090,Korean,HJK,0.5,0.0,position_based
arctic_a0090,Korean,HJK,0.75,0.0,position_based
arctic_a0090,Korean,HJK,1.0,0.0,position_based
arctic_a0090,Vietnamese,HQTV,0.0,0.0,position_based
arctic_a0090,Vietnamese,HQTV,0.25,0.0,position_based
arctic_a0090,Vietnamese,HQTV,0.5,0.0,position_based
arctic_a0090,Vietnamese,HQTV,0.75,0.0,position_based
arctic_a0090,Vietnamese,HQTV,1.0,0.0,position_based
arctic_a0090,Hindi,SVBI,0.0,0.0,position_based
arctic_a0090,Hindi,SVBI,0.25,0.0,position_based
arctic_a0090,Hindi,SVBI,0.5,0.0,position_based
arctic_a0090,Hindi,SVBI,0.75,0.0,position_based
arctic_a0090,Hindi,SVBI,1.0,0.0,position_based
arctic_a0090,Arabic,ZHAA,0.0,0.2,position_based
arctic_a0090,Arabic,ZHAA,0.25,0.0,position_based
arctic_a0090,Arabic,ZHAA,0.5,0.0,position_based
arctic_a0090,Arabic,ZHAA,0.75,0.0,position_based
arctic_a0090,Arabic,ZHAA,1.0,0.0,position_based
arctic_a0095,Chinese,BWC,0.0,0.0769230769230769,position_based
arctic_a0095,Chinese,BWC,0.25,0.3846153846153846,position_based
arctic_a0095,Chinese,BWC,0.5,0.6923076923076923,position_based
arctic_a0095,Chinese,BWC,0.75,0.0769230769230769,position_based
arctic_a0095,Chinese,BWC,1.0,0.0,position_based
arctic_a0095,Spanish,EBVS,0.0,0.0769230769230769,position_based
arctic_a0095,Spanish,EBVS,0.25,0.2307692307692307,position_based
arctic_a0095,Spanish,EBVS,0.5,0.5384615384615384,position_based
arctic_a0095,Spanish,EBVS,0.75,0.0769230769230769,position_based
arctic_a0095,Spanish,EBVS,1.0,0.0,position_based
arctic_a0095,Korean,HJK,0.0,0.0,position_based
arctic_a0095,Korean,HJK,0.25,0.0,position_based
arctic_a0095,Korean,HJK,0.5,0.1538461538461538,position_based
arctic_a0095,Korean,HJK,0.75,0.0,position_based
arctic_a0095,Korean,HJK,1.0,0.0,position_based
arctic_a0095,Vietnamese,HQTV,0.0,0.0,position_based
arctic_a0095,Vietnamese,HQTV,0.25,0.1538461538461538,position_based
arctic_a0095,Vietnamese,HQTV,0.5,0.3846153846153846,position_based
arctic_a0095,Vietnamese,HQTV,0.75,0.0769230769230769,position_based
arctic_a0095,Vietnamese,HQTV,1.0,0.0,position_based
arctic_a0095,Hindi,SVBI,0.0,0.0,position_based
arctic_a0095,Hindi,SVBI,0.25,0.0769230769230769,position_based
arctic_a0095,Hindi,SVBI,0.5,0.0769230769230769,position_based
arctic_a0095,Hindi,SVBI,0.75,0.0,position_based
arctic_a0095,Hindi,SVBI,1.0,0.0,position_based
arctic_a0095,Arabic,ZHAA,0.0,0.0769230769230769,position_based
arctic_a0095,Arabic,ZHAA,0.25,0.0769230769230769,position_based
arctic_a0095,Arabic,ZHAA,0.5,0.0769230769230769,position_based
arctic_a0095,Arabic,ZHAA,0.75,0.0769230769230769,position_based
arctic_a0095,Arabic,ZHAA,1.0,0.0,position_based
arctic_a0097,Chinese,BWC,0.0,0.0,position_based
arctic_a0097,Chinese,BWC,0.25,0.25,position_based
arctic_a0097,Chinese,BWC,0.5,0.4166666666666667,position_based
arctic_a0097,Chinese,BWC,0.75,0.1666666666666666,position_based
arctic_a0097,Chinese,BWC,1.0,0.0,position_based
arctic_a0097,Spanish,EBVS,0.0,0.0,position_based
arctic_a0097,Spanish,EBVS,0.25,0.4166666666666667,position_based
arctic_a0097,Spanish,EBVS,0.5,0.5,position_based
arctic_a0097,Spanish,EBVS,0.75,0.1666666666666666,position_based
arctic_a0097,Spanish,EBVS,1.0,0.0,position_based
arctic_a0097,Korean,HJK,0.0,0.0,position_based
arctic_a0097,Korean,HJK,0.25,0.0833333333333333,position_based
arctic_a0097,Korean,HJK,0.5,0.1666666666666666,position_based
arctic_a0097,Korean,HJK,0.75,0.1666666666666666,position_based
arctic_a0097,Korean,HJK,1.0,0.0,position_based
arctic_a0097,Vietnamese,HQTV,0.0,0.0833333333333333,position_based
arctic_a0097,Vietnamese,HQTV,0.25,0.0833333333333333,position_based
arctic_a0097,Vietnamese,HQTV,0.5,0.25,position_based
arctic_a0097,Vietnamese,HQTV,0.75,0.1666666666666666,position_based
arctic_a0097,Vietnamese,HQTV,1.0,0.0,position_based
arctic_a0097,Hindi,SVBI,0.0,0.0,position_based
arctic_a0097,Hindi,SVBI,0.25,0.0833333333333333,position_based
arctic_a0097,Hindi,SVBI,0.5,0.3333333333333333,position_based
arctic_a0097,Hindi,SVBI,0.75,0.3333333333333333,position_based
arctic_a0097,Hindi,SVBI,1.0,0.0,position_based
arctic_a0097,Arabic,ZHAA,0.0,0.0,position_based
arctic_a0097,Arabic,ZHAA,0.25,0.0833333333333333,position_based
arctic_a0097,Arabic,ZHAA,0.5,0.6666666666666666,position_based
arctic_a0097,Arabic,ZHAA,0.75,0.1666666666666666,position_based
arctic_a0097,Arabic,ZHAA,1.0,0.0,position_based
arctic_a0107,Chinese,BWC,0.0,0.0,position_based
arctic_a0107,Chinese,BWC,0.25,0.3333333333333333,position_based
arctic_a0107,Chinese,BWC,0.5,0.4444444444444444,position_based
arctic_a0107,Chinese,BWC,0.75,0.1111111111111111,position_based
arctic_a0107,Chinese,BWC,1.0,0.0,position_based
arctic_a0107,Spanish,EBVS,0.0,0.1111111111111111,position_based
arctic_a0107,Spanish,EBVS,0.25,0.0,position_based
arctic_a0107,Spanish,EBVS,0.5,0.1111111111111111,position_based
arctic_a0107,Spanish,EBVS,0.75,0.1111111111111111,position_based
arctic_a0107,Spanish,EBVS,1.0,0.0,position_based
arctic_a0107,Korean,HJK,0.0,0.0,position_based
arctic_a0107,Korean,HJK,0.25,0.0,position_based
arctic_a0107,Korean,HJK,0.5,0.0,position_based
arctic_a0107,Korean,HJK,0.75,0.0,position_based
arctic_a0107,Korean,HJK,1.0,0.0,position_based
arctic_a0107,Vietnamese,HQTV,0.0,0.0,position_based
arctic_a0107,Vietnamese,HQTV,0.25,0.0,position_based
arctic_a0107,Vietnamese,HQTV,0.5,0.1111111111111111,position_based
arctic_a0107,Vietnamese,HQTV,0.75,0.1111111111111111,position_based
arctic_a0107,Vietnamese,HQTV,1.0,0.0,position_based
arctic_a0107,Hindi,SVBI,0.0,0.1111111111111111,position_based
arctic_a0107,Hindi,SVBI,0.25,0.1111111111111111,position_based
arctic_a0107,Hindi,SVBI,0.5,0.0,position_based
arctic_a0107,Hindi,SVBI,0.75,0.0,position_based
arctic_a0107,Hindi,SVBI,1.0,0.0,position_based
arctic_a0107,Arabic,ZHAA,0.0,0.0,position_based
arctic_a0107,Arabic,ZHAA,0.25,0.0,position_based
arctic_a0107,Arabic,ZHAA,0.5,0.0,position_based
arctic_a0107,Arabic,ZHAA,0.75,0.0,position_based
arctic_a0107,Arabic,ZHAA,1.0,0.0,position_based
arctic_a0108,Chinese,BWC,0.0,0.0,position_based
arctic_a0108,Chinese,BWC,0.25,0.0833333333333333,position_based
arctic_a0108,Chinese,BWC,0.5,0.4166666666666667,position_based
arctic_a0108,Chinese,BWC,0.75,0.1666666666666666,position_based
arctic_a0108,Chinese,BWC,1.0,0.0,position_based
arctic_a0108,Spanish,EBVS,0.0,0.0833333333333333,position_based
arctic_a0108,Spanish,EBVS,0.25,0.25,position_based
arctic_a0108,Spanish,EBVS,0.5,0.1666666666666666,position_based
arctic_a0108,Spanish,EBVS,0.75,0.0833333333333333,position_based
arctic_a0108,Spanish,EBVS,1.0,0.0,position_based
arctic_a0108,Korean,HJK,0.0,0.0,position_based
arctic_a0108,Korean,HJK,0.25,0.0833333333333333,position_based
arctic_a0108,Korean,HJK,0.5,0.0833333333333333,position_based
arctic_a0108,Korean,HJK,0.75,0.0833333333333333,position_based
arctic_a0108,Korean,HJK,1.0,0.0,position_based
arctic_a0108,Vietnamese,HQTV,0.0,0.0833333333333333,position_based
arctic_a0108,Vietnamese,HQTV,0.25,0.1666666666666666,position_based
arctic_a0108,Vietnamese,HQTV,0.5,0.25,position_based
arctic_a0108,Vietnamese,HQTV,0.75,0.0833333333333333,position_based
arctic_a0108,Vietnamese,HQTV,1.0,0.0,position_based
arctic_a0108,Hindi,SVBI,0.0,0.0,position_based
arctic_a0108,Hindi,SVBI,0.25,0.1666666666666666,position_based
arctic_a0108,Hindi,SVBI,0.5,0.0833333333333333,position_based
arctic_a0108,Hindi,SVBI,0.75,0.0833333333333333,position_based
arctic_a0108,Hindi,SVBI,1.0,0.0,position_based
arctic_a0108,Arabic,ZHAA,0.0,0.0833333333333333,position_based
arctic_a0108,Arabic,ZHAA,0.25,0.1666666666666666,position_based
arctic_a0108,Arabic,ZHAA,0.5,0.1666666666666666,position_based
arctic_a0108,Arabic,ZHAA,0.75,0.0833333333333333,position_based
arctic_a0108,Arabic,ZHAA,1.0,0.0,position_based
arctic_a0125,Chinese,BWC,0.0,0.0,position_based
arctic_a0125,Chinese,BWC,0.25,0.25,position_based
arctic_a0125,Chinese,BWC,0.5,0.3333333333333333,position_based
arctic_a0125,Chinese,BWC,0.75,0.1666666666666666,position_based
arctic_a0125,Chinese,BWC,1.0,0.0,position_based
arctic_a0125,Spanish,EBVS,0.0,0.0,position_based
arctic_a0125,Spanish,EBVS,0.25,0.0833333333333333,position_based
arctic_a0125,Spanish,EBVS,0.5,0.25,position_based
arctic_a0125,Spanish,EBVS,0.75,0.0,position_based
arctic_a0125,Spanish,EBVS,1.0,0.0,position_based
arctic_a0125,Korean,HJK,0.0,0.0,position_based
arctic_a0125,Korean,HJK,0.25,0.0,position_based
arctic_a0125,Korean,HJK,0.5,0.0,position_based
arctic_a0125,Korean,HJK,0.75,0.0,position_based
arctic_a0125,Korean,HJK,1.0,0.0,position_based
arctic_a0125,Vietnamese,HQTV,0.0,0.0833333333333333,position_based
arctic_a0125,Vietnamese,HQTV,0.25,0.1666666666666666,position_based
arctic_a0125,Vietnamese,HQTV,0.5,0.0833333333333333,position_based
arctic_a0125,Vietnamese,HQTV,0.75,0.0,position_based
arctic_a0125,Vietnamese,HQTV,1.0,0.0,position_based
arctic_a0125,Hindi,SVBI,0.0,0.0,position_based
arctic_a0125,Hindi,SVBI,0.25,0.0,position_based
arctic_a0125,Hindi,SVBI,0.5,0.0,position_based
arctic_a0125,Hindi,SVBI,0.75,0.0,position_based
arctic_a0125,Hindi,SVBI,1.0,0.0,position_based
arctic_a0125,Arabic,ZHAA,0.0,0.0,position_based
arctic_a0125,Arabic,ZHAA,0.25,0.0,position_based
arctic_a0125,Arabic,ZHAA,0.5,0.0,position_based
arctic_a0125,Arabic,ZHAA,0.75,0.0,position_based
arctic_a0125,Arabic,ZHAA,1.0,0.0,position_based
arctic_a0137,Chinese,BWC,0.0,0.2,position_based
arctic_a0137,Chinese,BWC,0.25,0.1,position_based
arctic_a0137,Chinese,BWC,0.5,0.5,position_based
arctic_a0137,Chinese,BWC,0.75,0.1,position_based
arctic_a0137,Chinese,BWC,1.0,0.0,position_based
arctic_a0137,Spanish,EBVS,0.0,0.0,position_based
arctic_a0137,Spanish,EBVS,0.25,0.0,position_based
arctic_a0137,Spanish,EBVS,0.5,0.3,position_based
arctic_a0137,Spanish,EBVS,0.75,0.1,position_based
arctic_a0137,Spanish,EBVS,1.0,0.0,position_based
arctic_a0137,Korean,HJK,0.0,0.0,position_based
arctic_a0137,Korean,HJK,0.25,0.0,position_based
arctic_a0137,Korean,HJK,0.5,0.0,position_based
arctic_a0137,Korean,HJK,0.75,0.0,position_based
arctic_a0137,Korean,HJK,1.0,0.0,position_based
arctic_a0137,Vietnamese,HQTV,0.0,0.0,position_based
arctic_a0137,Vietnamese,HQTV,0.25,0.3,position_based
arctic_a0137,Vietnamese,HQTV,0.5,0.4,position_based
arctic_a0137,Vietnamese,HQTV,0.75,0.1,position_based
arctic_a0137,Vietnamese,HQTV,1.0,0.0,position_based
arctic_a0137,Hindi,SVBI,0.0,0.0,position_based
arctic_a0137,Hindi,SVBI,0.25,0.0,position_based
arctic_a0137,Hindi,SVBI,0.5,0.0,position_based
arctic_a0137,Hindi,SVBI,0.75,0.0,position_based
arctic_a0137,Hindi,SVBI,1.0,0.0,position_based
arctic_a0137,Arabic,ZHAA,0.0,0.0,position_based
arctic_a0137,Arabic,ZHAA,0.25,0.1,position_based
arctic_a0137,Arabic,ZHAA,0.5,0.2,position_based
arctic_a0137,Arabic,ZHAA,0.75,0.0,position_based
arctic_a0137,Arabic,ZHAA,1.0,0.0,position_based
arctic_a0143,Chinese,BWC,0.0,0.5,position_based
arctic_a0143,Chinese,BWC,0.25,0.0,position_based
arctic_a0143,Chinese,BWC,0.5,0.0,position_based
arctic_a0143,Chinese,BWC,0.75,0.1666666666666666,position_based
arctic_a0143,Chinese,BWC,1.0,0.1666666666666666,position_based
arctic_a0143,Spanish,EBVS,0.0,0.0,position_based
arctic_a0143,Spanish,EBVS,0.25,0.0,position_based
arctic_a0143,Spanish,EBVS,0.5,0.0,position_based
arctic_a0143,Spanish,EBVS,0.75,0.0,position_based
arctic_a0143,Spanish,EBVS,1.0,0.1666666666666666,position_based
arctic_a0143,Korean,HJK,0.0,0.0,position_based
arctic_a0143,Korean,HJK,0.25,0.3333333333333333,position_based
arctic_a0143,Korean,HJK,0.5,0.1666666666666666,position_based
arctic_a0143,Korean,HJK,0.75,0.1666666666666666,position_based
arctic_a0143,Korean,HJK,1.0,0.1666666666666666,position_based
arctic_a0143,Vietnamese,HQTV,0.0,0.0,position_based
arctic_a0143,Vietnamese,HQTV,0.25,0.0,position_based
arctic_a0143,Vietnamese,HQTV,0.5,0.0,position_based
arctic_a0143,Vietnamese,HQTV,0.75,0.0,position_based
arctic_a0143,Vietnamese,HQTV,1.0,0.1666666666666666,position_based
arctic_a0143,Hindi,SVBI,0.0,0.0,position_based
arctic_a0143,Hindi,SVBI,0.25,0.0,position_based
arctic_a0143,Hindi,SVBI,0.5,0.0,position_based
arctic_a0143,Hindi,SVBI,0.75,0.1666666666666666,position_based
arctic_a0143,Hindi,SVBI,1.0,0.1666666666666666,position_based
arctic_a0143,Arabic,ZHAA,0.0,0.3333333333333333,position_based
arctic_a0143,Arabic,ZHAA,0.25,0.0,position_based
arctic_a0143,Arabic,ZHAA,0.5,0.0,position_based
arctic_a0143,Arabic,ZHAA,0.75,0.1666666666666666,position_based
arctic_a0143,Arabic,ZHAA,1.0,0.1666666666666666,position_based
arctic_a0146,Chinese,BWC,0.0,0.0,position_based
arctic_a0146,Chinese,BWC,0.25,0.2857142857142857,position_based
arctic_a0146,Chinese,BWC,0.5,0.4285714285714285,position_based
arctic_a0146,Chinese,BWC,0.75,0.4285714285714285,position_based
arctic_a0146,Chinese,BWC,1.0,0.0,position_based
arctic_a0146,Spanish,EBVS,0.0,0.0,position_based
arctic_a0146,Spanish,EBVS,0.25,0.4285714285714285,position_based
arctic_a0146,Spanish,EBVS,0.5,0.5714285714285714,position_based
arctic_a0146,Spanish,EBVS,0.75,0.0,position_based
arctic_a0146,Spanish,EBVS,1.0,0.0,position_based
arctic_a0146,Korean,HJK,0.0,0.0,position_based
arctic_a0146,Korean,HJK,0.25,0.1428571428571428,position_based
arctic_a0146,Korean,HJK,0.5,0.0,position_based
arctic_a0146,Korean,HJK,0.75,0.0,position_based
arctic_a0146,Korean,HJK,1.0,0.0,position_based
arctic_a0146,Vietnamese,HQTV,0.0,0.0,position_based
arctic_a0146,Vietnamese,HQTV,0.25,0.2857142857142857,position_based
arctic_a0146,Vietnamese,HQTV,0.5,0.5714285714285714,position_based
arctic_a0146,Vietnamese,HQTV,0.75,0.2857142857142857,position_based
arctic_a0146,Vietnamese,HQTV,1.0,0.0,position_based
arctic_a0146,Hindi,SVBI,0.0,0.0,position_based
arctic_a0146,Hindi,SVBI,0.25,0.1428571428571428,position_based
arctic_a0146,Hindi,SVBI,0.5,0.2857142857142857,position_based
arctic_a0146,Hindi,SVBI,0.75,0.0,position_based
arctic_a0146,Hindi,SVBI,1.0,0.0,position_based
arctic_a0146,Arabic,ZHAA,0.0,0.0,position_based
arctic_a0146,Arabic,ZHAA,0.25,0.2857142857142857,position_based
arctic_a0146,Arabic,ZHAA,0.5,0.4285714285714285,position_based
arctic_a0146,Arabic,ZHAA,0.75,0.1428571428571428,position_based
arctic_a0146,Arabic,ZHAA,1.0,0.0,position_based
arctic_a0162,Chinese,BWC,0.0,0.3333333333333333,position_based
arctic_a0162,Chinese,BWC,0.25,0.1666666666666666,position_based
arctic_a0162,Chinese,BWC,0.5,0.3333333333333333,position_based
arctic_a0162,Chinese,BWC,0.75,0.0,position_based
arctic_a0162,Chinese,BWC,1.0,0.3333333333333333,position_based
arctic_a0162,Spanish,EBVS,0.0,0.6666666666666666,position_based
arctic_a0162,Spanish,EBVS,0.25,0.6666666666666666,position_based
arctic_a0162,Spanish,EBVS,0.5,0.3333333333333333,position_based
arctic_a0162,Spanish,EBVS,0.75,0.0,position_based
arctic_a0162,Spanish,EBVS,1.0,0.3333333333333333,position_based
arctic_a0162,Korean,HJK,0.0,0.0,position_based
arctic_a0162,Korean,HJK,0.25,0.1666666666666666,position_based
arctic_a0162,Korean,HJK,0.5,0.3333333333333333,position_based
arctic_a0162,Korean,HJK,0.75,0.3333333333333333,position_based
arctic_a0162,Korean,HJK,1.0,0.3333333333333333,position_based
arctic_a0162,Vietnamese,HQTV,0.0,0.6666666666666666,position_based
arctic_a0162,Vietnamese,HQTV,0.25,0.1666666666666666,position_based
arctic_a0162,Vietnamese,HQTV,0.5,0.3333333333333333,position_based
arctic_a0162,Vietnamese,HQTV,0.75,0.0,position_based
arctic_a0162,Vietnamese,HQTV,1.0,0.3333333333333333,position_based
arctic_a0162,Hindi,SVBI,0.0,0.0,position_based
arctic_a0162,Hindi,SVBI,0.25,0.0,position_based
arctic_a0162,Hindi,SVBI,0.5,0.0,position_based
arctic_a0162,Hindi,SVBI,0.75,0.3333333333333333,position_based
arctic_a0162,Hindi,SVBI,1.0,0.6666666666666666,position_based
arctic_a0162,Arabic,ZHAA,0.0,0.1666666666666666,position_based
arctic_a0162,Arabic,ZHAA,0.25,0.0,position_based
arctic_a0162,Arabic,ZHAA,0.5,0.1666666666666666,position_based
arctic_a0162,Arabic,ZHAA,0.75,0.1666666666666666,position_based
arctic_a0162,Arabic,ZHAA,1.0,0.5,position_based
arctic_a0222,Chinese,BWC,0.0,0.0,position_based
arctic_a0222,Chinese,BWC,0.25,0.0,position_based
arctic_a0222,Chinese,BWC,0.5,0.1111111111111111,position_based
arctic_a0222,Chinese,BWC,0.75,0.1111111111111111,position_based
arctic_a0222,Chinese,BWC,1.0,0.0,position_based
arctic_a0222,Spanish,EBVS,0.0,0.0,position_based
arctic_a0222,Spanish,EBVS,0.25,0.0,position_based
arctic_a0222,Spanish,EBVS,0.5,0.2222222222222222,position_based
arctic_a0222,Spanish,EBVS,0.75,0.1111111111111111,position_based
arctic_a0222,Spanish,EBVS,1.0,0.0,position_based
arctic_a0222,Korean,HJK,0.0,0.2222222222222222,position_based
arctic_a0222,Korean,HJK,0.25,0.1111111111111111,position_based
arctic_a0222,Korean,HJK,0.5,0.0,position_based
arctic_a0222,Korean,HJK,0.75,0.0,position_based
arctic_a0222,Korean,HJK,1.0,0.0,position_based
arctic_a0222,Vietnamese,HQTV,0.0,0.1111111111111111,position_based
arctic_a0222,Vietnamese,HQTV,0.25,0.1111111111111111,position_based
arctic_a0222,Vietnamese,HQTV,0.5,0.1111111111111111,position_based
arctic_a0222,Vietnamese,HQTV,0.75,0.1111111111111111,position_based
arctic_a0222,Vietnamese,HQTV,1.0,0.0,position_based
arctic_a0222,Hindi,SVBI,0.0,0.0,position_based
arctic_a0222,Hindi,SVBI,0.25,0.1111111111111111,position_based
arctic_a0222,Hindi,SVBI,0.5,0.1111111111111111,position_based
arctic_a0222,Hindi,SVBI,0.75,0.1111111111111111,position_based
arctic_a0222,Hindi,SVBI,1.0,0.0,position_based
arctic_a0222,Arabic,ZHAA,0.0,0.1111111111111111,position_based
arctic_a0222,Arabic,ZHAA,0.25,0.1111111111111111,position_based
arctic_a0222,Arabic,ZHAA,0.5,0.1111111111111111,position_based
arctic_a0222,Arabic,ZHAA,0.75,0.1111111111111111,position_based
arctic_a0222,Arabic,ZHAA,1.0,0.0,position_based
arctic_a0226,Chinese,BWC,0.0,0.0,position_based
arctic_a0226,Chinese,BWC,0.25,0.2857142857142857,position_based
arctic_a0226,Chinese,BWC,0.5,0.7142857142857143,position_based
arctic_a0226,Chinese,BWC,0.75,0.1428571428571428,position_based
arctic_a0226,Chinese,BWC,1.0,0.1428571428571428,position_based
arctic_a0226,Spanish,EBVS,0.0,0.2857142857142857,position_based
arctic_a0226,Spanish,EBVS,0.25,0.5714285714285714,position_based
arctic_a0226,Spanish,EBVS,0.5,0.5714285714285714,position_based
arctic_a0226,Spanish,EBVS,0.75,0.2857142857142857,position_based
arctic_a0226,Spanish,EBVS,1.0,0.0,position_based
arctic_a0226,Korean,HJK,0.0,0.0,position_based
arctic_a0226,Korean,HJK,0.25,0.0,position_based
arctic_a0226,Korean,HJK,0.5,0.1428571428571428,position_based
arctic_a0226,Korean,HJK,0.75,0.2857142857142857,position_based
arctic_a0226,Korean,HJK,1.0,0.0,position_based
arctic_a0226,Vietnamese,HQTV,0.0,0.1428571428571428,position_based
arctic_a0226,Vietnamese,HQTV,0.25,0.4285714285714285,position_based
arctic_a0226,Vietnamese,HQTV,0.5,0.2857142857142857,position_based
arctic_a0226,Vietnamese,HQTV,0.75,0.2857142857142857,position_based
arctic_a0226,Vietnamese,HQTV,1.0,0.0,position_based
arctic_a0226,Hindi,SVBI,0.0,0.0,position_based
arctic_a0226,Hindi,SVBI,0.25,0.0,position_based
arctic_a0226,Hindi,SVBI,0.5,0.1428571428571428,position_based
arctic_a0226,Hindi,SVBI,0.75,0.0,position_based
arctic_a0226,Hindi,SVBI,1.0,0.1428571428571428,position_based
arctic_a0226,Arabic,ZHAA,0.0,0.0,position_based
arctic_a0226,Arabic,ZHAA,0.25,0.0,position_based
arctic_a0226,Arabic,ZHAA,0.5,0.1428571428571428,position_based
arctic_a0226,Arabic,ZHAA,0.75,0.2857142857142857,position_based
arctic_a0226,Arabic,ZHAA,1.0,0.1428571428571428,position_based
arctic_a0228,Chinese,BWC,0.0,0.1666666666666666,position_based
arctic_a0228,Chinese,BWC,0.25,0.0,position_based
arctic_a0228,Chinese,BWC,0.5,0.1666666666666666,position_based
arctic_a0228,Chinese,BWC,0.75,0.3333333333333333,position_based
arctic_a0228,Chinese,BWC,1.0,0.0,position_based
arctic_a0228,Spanish,EBVS,0.0,0.0,position_based
arctic_a0228,Spanish,EBVS,0.25,0.1666666666666666,position_based
arctic_a0228,Spanish,EBVS,0.5,0.1666666666666666,position_based
arctic_a0228,Spanish,EBVS,0.75,0.1666666666666666,position_based
arctic_a0228,Spanish,EBVS,1.0,0.0,position_based
arctic_a0228,Korean,HJK,0.0,0.0,position_based
arctic_a0228,Korean,HJK,0.25,0.0,position_based
arctic_a0228,Korean,HJK,0.5,0.0,position_based
arctic_a0228,Korean,HJK,0.75,0.0,position_based
arctic_a0228,Korean,HJK,1.0,0.0,position_based
arctic_a0228,Vietnamese,HQTV,0.0,0.0,position_based
arctic_a0228,Vietnamese,HQTV,0.25,0.0,position_based
arctic_a0228,Vietnamese,HQTV,0.5,0.1666666666666666,position_based
arctic_a0228,Vietnamese,HQTV,0.75,0.1666666666666666,position_based
arctic_a0228,Vietnamese,HQTV,1.0,0.0,position_based
arctic_a0228,Hindi,SVBI,0.0,0.0,position_based
arctic_a0228,Hindi,SVBI,0.25,0.0,position_based
arctic_a0228,Hindi,SVBI,0.5,0.0,position_based
arctic_a0228,Hindi,SVBI,0.75,0.0,position_based
arctic_a0228,Hindi,SVBI,1.0,0.0,position_based
arctic_a0228,Arabic,ZHAA,0.0,0.0,position_based
arctic_a0228,Arabic,ZHAA,0.25,0.0,position_based
arctic_a0228,Arabic,ZHAA,0.5,0.0,position_based
arctic_a0228,Arabic,ZHAA,0.75,0.0,position_based
arctic_a0228,Arabic,ZHAA,1.0,0.0,position_based
arctic_a0234,Chinese,BWC,0.0,0.2727272727272727,position_based
arctic_a0234,Chinese,BWC,0.25,0.3636363636363636,position_based
arctic_a0234,Chinese,BWC,0.5,0.6363636363636364,position_based
arctic_a0234,Chinese,BWC,0.75,0.2727272727272727,position_based
arctic_a0234,Chinese,BWC,1.0,0.0,position_based
arctic_a0234,Spanish,EBVS,0.0,0.1818181818181818,position_based
arctic_a0234,Spanish,EBVS,0.25,0.1818181818181818,position_based
arctic_a0234,Spanish,EBVS,0.5,0.4545454545454545,position_based
arctic_a0234,Spanish,EBVS,0.75,0.2727272727272727,position_based
arctic_a0234,Spanish,EBVS,1.0,0.0,position_based
arctic_a0234,Korean,HJK,0.0,0.0,position_based
arctic_a0234,Korean,HJK,0.25,0.0,position_based
arctic_a0234,Korean,HJK,0.5,0.0,position_based
arctic_a0234,Korean,HJK,0.75,0.0909090909090909,position_based
arctic_a0234,Korean,HJK,1.0,0.0,position_based
arctic_a0234,Vietnamese,HQTV,0.0,0.1818181818181818,position_based
arctic_a0234,Vietnamese,HQTV,0.25,0.0909090909090909,position_based
arctic_a0234,Vietnamese,HQTV,0.5,0.1818181818181818,position_based
arctic_a0234,Vietnamese,HQTV,0.75,0.2727272727272727,position_based
arctic_a0234,Vietnamese,HQTV,1.0,0.0,position_based
arctic_a0234,Hindi,SVBI,0.0,0.0,position_based
arctic_a0234,Hindi,SVBI,0.25,0.0909090909090909,position_based
arctic_a0234,Hindi,SVBI,0.5,0.3636363636363636,position_based
arctic_a0234,Hindi,SVBI,0.75,0.2727272727272727,position_based
arctic_a0234,Hindi,SVBI,1.0,0.0,position_based
arctic_a0234,Arabic,ZHAA,0.0,0.0,position_based
arctic_a0234,Arabic,ZHAA,0.25,0.0909090909090909,position_based
arctic_a0234,Arabic,ZHAA,0.5,0.2727272727272727,position_based
arctic_a0234,Arabic,ZHAA,0.75,0.0909090909090909,position_based
arctic_a0234,Arabic,ZHAA,1.0,0.0,position_based
arctic_a0240,Chinese,BWC,0.0,0.2,position_based
arctic_a0240,Chinese,BWC,0.25,0.0,position_based
arctic_a0240,Chinese,BWC,0.5,0.2,position_based
arctic_a0240,Chinese,BWC,0.75,0.2,position_based
arctic_a0240,Chinese,BWC,1.0,0.0,position_based
arctic_a0240,Spanish,EBVS,0.0,0.4,position_based
arctic_a0240,Spanish,EBVS,0.25,0.2,position_based
arctic_a0240,Spanish,EBVS,0.5,0.2,position_based
arctic_a0240,Spanish,EBVS,0.75,0.2,position_based
arctic_a0240,Spanish,EBVS,1.0,0.0,position_based
arctic_a0240,Korean,HJK,0.0,0.0,position_based
arctic_a0240,Korean,HJK,0.25,0.0,position_based
arctic_a0240,Korean,HJK,0.5,0.0,position_based
arctic_a0240,Korean,HJK,0.75,0.0,position_based
arctic_a0240,Korean,HJK,1.0,0.0,position_based
arctic_a0240,Vietnamese,HQTV,0.0,0.0,position_based
arctic_a0240,Vietnamese,HQTV,0.25,0.0,position_based
arctic_a0240,Vietnamese,HQTV,0.5,0.0,position_based
arctic_a0240,Vietnamese,HQTV,0.75,0.0,position_based
arctic_a0240,Vietnamese,HQTV,1.0,0.0,position_based
arctic_a0240,Hindi,SVBI,0.0,0.0,position_based
arctic_a0240,Hindi,SVBI,0.25,0.0,position_based
arctic_a0240,Hindi,SVBI,0.5,0.0,position_based
arctic_a0240,Hindi,SVBI,0.75,0.0,position_based
arctic_a0240,Hindi,SVBI,1.0,0.0,position_based
arctic_a0240,Arabic,ZHAA,0.0,0.0,position_based
arctic_a0240,Arabic,ZHAA,0.25,0.2,position_based
arctic_a0240,Arabic,ZHAA,0.5,0.2,position_based
arctic_a0240,Arabic,ZHAA,0.75,0.0,position_based
arctic_a0240,Arabic,ZHAA,1.0,0.0,position_based
arctic_a0246,Chinese,BWC,0.0,0.0,position_based
arctic_a0246,Chinese,BWC,0.25,0.4615384615384615,position_based
arctic_a0246,Chinese,BWC,0.5,0.6153846153846154,position_based
arctic_a0246,Chinese,BWC,0.75,0.3076923076923077,position_based
arctic_a0246,Chinese,BWC,1.0,0.2307692307692307,position_based
arctic_a0246,Spanish,EBVS,0.0,0.1538461538461538,position_based
arctic_a0246,Spanish,EBVS,0.25,0.3846153846153846,position_based
arctic_a0246,Spanish,EBVS,0.5,0.6153846153846154,position_based
arctic_a0246,Spanish,EBVS,0.75,0.3076923076923077,position_based
arctic_a0246,Spanish,EBVS,1.0,0.0769230769230769,position_based
arctic_a0246,Korean,HJK,0.0,0.0,position_based
arctic_a0246,Korean,HJK,0.25,0.0769230769230769,position_based
arctic_a0246,Korean,HJK,0.5,0.1538461538461538,position_based
arctic_a0246,Korean,HJK,0.75,0.0769230769230769,position_based
arctic_a0246,Korean,HJK,1.0,0.0769230769230769,position_based
arctic_a0246,Vietnamese,HQTV,0.0,0.0,position_based
arctic_a0246,Vietnamese,HQTV,0.25,0.3846153846153846,position_based
arctic_a0246,Vietnamese,HQTV,0.5,0.6923076923076923,position_based
arctic_a0246,Vietnamese,HQTV,0.75,0.1538461538461538,position_based
arctic_a0246,Vietnamese,HQTV,1.0,0.0769230769230769,position_based
arctic_a0246,Hindi,SVBI,0.0,0.0769230769230769,position_based
arctic_a0246,Hindi,SVBI,0.25,0.0769230769230769,position_based
arctic_a0246,Hindi,SVBI,0.5,0.2307692307692307,position_based
arctic_a0246,Hindi,SVBI,0.75,0.0769230769230769,position_based
arctic_a0246,Hindi,SVBI,1.0,0.0769230769230769,position_based
arctic_a0246,Arabic,ZHAA,0.0,0.0,position_based
arctic_a0246,Arabic,ZHAA,0.25,0.1538461538461538,position_based
arctic_a0246,Arabic,ZHAA,0.5,0.2307692307692307,position_based
arctic_a0246,Arabic,ZHAA,0.75,0.2307692307692307,position_based
arctic_a0246,Arabic,ZHAA,1.0,0.0769230769230769,position_based
arctic_a0250,Chinese,BWC,0.0,0.3846153846153846,position_based
arctic_a0250,Chinese,BWC,0.25,0.5384615384615384,position_based
arctic_a0250,Chinese,BWC,0.5,0.6153846153846154,position_based
arctic_a0250,Chinese,BWC,0.75,0.2307692307692307,position_based
arctic_a0250,Chinese,BWC,1.0,0.0,position_based
arctic_a0250,Spanish,EBVS,0.0,0.0,position_based
arctic_a0250,Spanish,EBVS,0.25,0.0769230769230769,position_based
arctic_a0250,Spanish,EBVS,0.5,0.4615384615384615,position_based
arctic_a0250,Spanish,EBVS,0.75,0.0769230769230769,position_based
arctic_a0250,Spanish,EBVS,1.0,0.0,position_based
arctic_a0250,Korean,HJK,0.0,0.0,position_based
arctic_a0250,Korean,HJK,0.25,0.0769230769230769,position_based
arctic_a0250,Korean,HJK,0.5,0.0769230769230769,position_based
arctic_a0250,Korean,HJK,0.75,0.0769230769230769,position_based
arctic_a0250,Korean,HJK,1.0,0.0,position_based
arctic_a0250,Vietnamese,HQTV,0.0,0.0769230769230769,position_based
arctic_a0250,Vietnamese,HQTV,0.25,0.2307692307692307,position_based
arctic_a0250,Vietnamese,HQTV,0.5,0.3846153846153846,position_based
arctic_a0250,Vietnamese,HQTV,0.75,0.1538461538461538,position_based
arctic_a0250,Vietnamese,HQTV,1.0,0.0,position_based
arctic_a0250,Hindi,SVBI,0.0,0.0,position_based
arctic_a0250,Hindi,SVBI,0.25,0.1538461538461538,position_based
arctic_a0250,Hindi,SVBI,0.5,0.0769230769230769,position_based
arctic_a0250,Hindi,SVBI,0.75,0.1538461538461538,position_based
arctic_a0250,Hindi,SVBI,1.0,0.1538461538461538,position_based
arctic_a0250,Arabic,ZHAA,0.0,0.0,position_based
arctic_a0250,Arabic,ZHAA,0.25,0.0769230769230769,position_based
arctic_a0250,Arabic,ZHAA,0.5,0.0769230769230769,position_based
arctic_a0250,Arabic,ZHAA,0.75,0.1538461538461538,position_based
arctic_a0250,Arabic,ZHAA,1.0,0.0,position_based
arctic_a0267,Chinese,BWC,0.0,0.125,position_based
arctic_a0267,Chinese,BWC,0.25,0.375,position_based
arctic_a0267,Chinese,BWC,0.5,0.625,position_based
arctic_a0267,Chinese,BWC,0.75,0.125,position_based
arctic_a0267,Chinese,BWC,1.0,0.0,position_based
arctic_a0267,Spanish,EBVS,0.0,0.25,position_based
arctic_a0267,Spanish,EBVS,0.25,0.25,position_based
arctic_a0267,Spanish,EBVS,0.5,0.25,position_based
arctic_a0267,Spanish,EBVS,0.75,0.25,position_based
arctic_a0267,Spanish,EBVS,1.0,0.0,position_based
arctic_a0267,Korean,HJK,0.0,0.125,position_based
arctic_a0267,Korean,HJK,0.25,0.0,position_based
arctic_a0267,Korean,HJK,0.5,0.0,position_based
arctic_a0267,Korean,HJK,0.75,0.0,position_based
arctic_a0267,Korean,HJK,1.0,0.0,position_based
arctic_a0267,Vietnamese,HQTV,0.0,0.375,position_based
arctic_a0267,Vietnamese,HQTV,0.25,0.25,position_based
arctic_a0267,Vietnamese,HQTV,0.5,0.25,position_based
arctic_a0267,Vietnamese,HQTV,0.75,0.125,position_based
arctic_a0267,Vietnamese,HQTV,1.0,0.0,position_based
arctic_a0267,Hindi,SVBI,0.0,0.0,position_based
arctic_a0267,Hindi,SVBI,0.25,0.125,position_based
arctic_a0267,Hindi,SVBI,0.5,0.375,position_based
arctic_a0267,Hindi,SVBI,0.75,0.125,position_based
arctic_a0267,Hindi,SVBI,1.0,0.0,position_based
arctic_a0267,Arabic,ZHAA,0.0,0.0,position_based
arctic_a0267,Arabic,ZHAA,0.25,0.0,position_based
arctic_a0267,Arabic,ZHAA,0.5,0.0,position_based
arctic_a0267,Arabic,ZHAA,0.75,0.0,position_based
arctic_a0267,Arabic,ZHAA,1.0,0.0,position_based
arctic_a0278,Chinese,BWC,0.0,0.1666666666666666,position_based
arctic_a0278,Chinese,BWC,0.25,0.1666666666666666,position_based
arctic_a0278,Chinese,BWC,0.5,0.3333333333333333,position_based
arctic_a0278,Chinese,BWC,0.75,0.0,position_based
arctic_a0278,Chinese,BWC,1.0,0.0,position_based
arctic_a0278,Spanish,EBVS,0.0,0.0,position_based
arctic_a0278,Spanish,EBVS,0.25,0.3333333333333333,position_based
arctic_a0278,Spanish,EBVS,0.5,0.3333333333333333,position_based
arctic_a0278,Spanish,EBVS,0.75,0.0,position_based
arctic_a0278,Spanish,EBVS,1.0,0.0,position_based
arctic_a0278,Korean,HJK,0.0,0.1666666666666666,position_based
arctic_a0278,Korean,HJK,0.25,0.1666666666666666,position_based
arctic_a0278,Korean,HJK,0.5,0.3333333333333333,position_based
arctic_a0278,Korean,HJK,0.75,0.0,position_based
arctic_a0278,Korean,HJK,1.0,0.0,position_based
arctic_a0278,Vietnamese,HQTV,0.0,0.5,position_based
arctic_a0278,Vietnamese,HQTV,0.25,0.3333333333333333,position_based
arctic_a0278,Vietnamese,HQTV,0.5,0.3333333333333333,position_based
arctic_a0278,Vietnamese,HQTV,0.75,0.1666666666666666,position_based
arctic_a0278,Vietnamese,HQTV,1.0,0.0,position_based
arctic_a0278,Hindi,SVBI,0.0,0.0,position_based
arctic_a0278,Hindi,SVBI,0.25,0.1666666666666666,position_based
arctic_a0278,Hindi,SVBI,0.5,0.1666666666666666,position_based
arctic_a0278,Hindi,SVBI,0.75,0.0,position_based
arctic_a0278,Hindi,SVBI,1.0,0.0,position_based
arctic_a0278,Arabic,ZHAA,0.0,0.8333333333333334,position_based
arctic_a0278,Arabic,ZHAA,0.25,0.5,position_based
arctic_a0278,Arabic,ZHAA,0.5,0.6666666666666666,position_based
arctic_a0278,Arabic,ZHAA,0.75,0.0,position_based
arctic_a0278,Arabic,ZHAA,1.0,0.0,position_based
arctic_a0284,Chinese,BWC,0.0,0.25,position_based
arctic_a0284,Chinese,BWC,0.25,0.25,position_based
arctic_a0284,Chinese,BWC,0.5,0.625,position_based
arctic_a0284,Chinese,BWC,0.75,0.25,position_based
arctic_a0284,Chinese,BWC,1.0,0.0,position_based
arctic_a0284,Spanish,EBVS,0.0,0.125,position_based
arctic_a0284,Spanish,EBVS,0.25,0.25,position_based
arctic_a0284,Spanish,EBVS,0.5,0.125,position_based
arctic_a0284,Spanish,EBVS,0.75,0.125,position_based
arctic_a0284,Spanish,EBVS,1.0,0.0,position_based
arctic_a0284,Korean,HJK,0.0,0.125,position_based
arctic_a0284,Korean,HJK,0.25,0.375,position_based
arctic_a0284,Korean,HJK,0.5,0.125,position_based
arctic_a0284,Korean,HJK,0.75,0.125,position_based
arctic_a0284,Korean,HJK,1.0,0.0,position_based
arctic_a0284,Vietnamese,HQTV,0.0,0.0,position_based
arctic_a0284,Vietnamese,HQTV,0.25,0.25,position_based
arctic_a0284,Vietnamese,HQTV,0.5,0.25,position_based
arctic_a0284,Vietnamese,HQTV,0.75,0.125,position_based
arctic_a0284,Vietnamese,HQTV,1.0,0.0,position_based
arctic_a0284,Hindi,SVBI,0.0,0.0,position_based
arctic_a0284,Hindi,SVBI,0.25,0.125,position_based
arctic_a0284,Hindi,SVBI,0.5,0.125,position_based
arctic_a0284,Hindi,SVBI,0.75,0.0,position_based
arctic_a0284,Hindi,SVBI,1.0,0.0,position_based
arctic_a0284,Arabic,ZHAA,0.0,0.0,position_based
arctic_a0284,Arabic,ZHAA,0.25,0.25,position_based
arctic_a0284,Arabic,ZHAA,0.5,0.375,position_based
arctic_a0284,Arabic,ZHAA,0.75,0.125,position_based
arctic_a0284,Arabic,ZHAA,1.0,0.0,position_based
arctic_a0292,Chinese,BWC,0.0,0.25,position_based
arctic_a0292,Chinese,BWC,0.25,0.375,position_based
arctic_a0292,Chinese,BWC,0.5,0.5,position_based
arctic_a0292,Chinese,BWC,0.75,0.25,position_based
arctic_a0292,Chinese,BWC,1.0,0.0,position_based
arctic_a0292,Spanish,EBVS,0.0,0.0,position_based
arctic_a0292,Spanish,EBVS,0.25,0.25,position_based
arctic_a0292,Spanish,EBVS,0.5,0.25,position_based
arctic_a0292,Spanish,EBVS,0.75,0.25,position_based
arctic_a0292,Spanish,EBVS,1.0,0.125,position_based
arctic_a0292,Korean,HJK,0.0,0.0,position_based
arctic_a0292,Korean,HJK,0.25,0.125,position_based
arctic_a0292,Korean,HJK,0.5,0.125,position_based
arctic_a0292,Korean,HJK,0.75,0.25,position_based
arctic_a0292,Korean,HJK,1.0,0.125,position_based
arctic_a0292,Vietnamese,HQTV,0.0,0.0,position_based
arctic_a0292,Vietnamese,HQTV,0.25,0.125,position_based
arctic_a0292,Vietnamese,HQTV,0.5,0.25,position_based
arctic_a0292,Vietnamese,HQTV,0.75,0.25,position_based
arctic_a0292,Vietnamese,HQTV,1.0,0.125,position_based
arctic_a0292,Hindi,SVBI,0.0,0.0,position_based
arctic_a0292,Hindi,SVBI,0.25,0.125,position_based
arctic_a0292,Hindi,SVBI,0.5,0.25,position_based
arctic_a0292,Hindi,SVBI,0.75,0.25,position_based
arctic_a0292,Hindi,SVBI,1.0,0.0,position_based
arctic_a0292,Arabic,ZHAA,0.0,0.125,position_based
arctic_a0292,Arabic,ZHAA,0.25,0.25,position_based
arctic_a0292,Arabic,ZHAA,0.5,0.25,position_based
arctic_a0292,Arabic,ZHAA,0.75,0.25,position_based
arctic_a0292,Arabic,ZHAA,1.0,0.0,position_based
arctic_a0306,Chinese,BWC,0.0,0.1111111111111111,position_based
arctic_a0306,Chinese,BWC,0.25,0.3333333333333333,position_based
arctic_a0306,Chinese,BWC,0.5,0.5555555555555556,position_based
arctic_a0306,Chinese,BWC,0.75,0.2222222222222222,position_based
arctic_a0306,Chinese,BWC,1.0,0.0,position_based
arctic_a0306,Spanish,EBVS,0.0,0.0,position_based
arctic_a0306,Spanish,EBVS,0.25,0.1111111111111111,position_based
arctic_a0306,Spanish,EBVS,0.5,0.3333333333333333,position_based
arctic_a0306,Spanish,EBVS,0.75,0.1111111111111111,position_based
arctic_a0306,Spanish,EBVS,1.0,0.0,position_based
arctic_a0306,Korean,HJK,0.0,0.0,position_based
arctic_a0306,Korean,HJK,0.25,0.1111111111111111,position_based
arctic_a0306,Korean,HJK,0.5,0.3333333333333333,position_based
arctic_a0306,Korean,HJK,0.75,0.3333333333333333,position_based
arctic_a0306,Korean,HJK,1.0,0.0,position_based
arctic_a0306,Vietnamese,HQTV,0.0,0.1111111111111111,position_based
arctic_a0306,Vietnamese,HQTV,0.25,0.4444444444444444,position_based
arctic_a0306,Vietnamese,HQTV,0.5,0.4444444444444444,position_based
arctic_a0306,Vietnamese,HQTV,0.75,0.3333333333333333,position_based
arctic_a0306,Vietnamese,HQTV,1.0,0.0,position_based
arctic_a0306,Hindi,SVBI,0.0,0.0,position_based
arctic_a0306,Hindi,SVBI,0.25,0.1111111111111111,position_based
arctic_a0306,Hindi,SVBI,0.5,0.3333333333333333,position_based
arctic_a0306,Hindi,SVBI,0.75,0.3333333333333333,position_based
arctic_a0306,Hindi,SVBI,1.0,0.0,position_based
arctic_a0306,Arabic,ZHAA,0.0,0.0,position_based
arctic_a0306,Arabic,ZHAA,0.25,0.2222222222222222,position_based
arctic_a0306,Arabic,ZHAA,0.5,0.2222222222222222,position_based
arctic_a0306,Arabic,ZHAA,0.75,0.2222222222222222,position_based
arctic_a0306,Arabic,ZHAA,1.0,0.0,position_based
arctic_a0317,Chinese,BWC,0.0,0.0,position_based
arctic_a0317,Chinese,BWC,0.25,0.0,position_based
arctic_a0317,Chinese,BWC,0.5,0.4,position_based
arctic_a0317,Chinese,BWC,0.75,0.0,position_based
arctic_a0317,Chinese,BWC,1.0,0.0,position_based
arctic_a0317,Spanish,EBVS,0.0,0.0,position_based
arctic_a0317,Spanish,EBVS,0.25,0.0,position_based
arctic_a0317,Spanish,EBVS,0.5,0.0,position_based
arctic_a0317,Spanish,EBVS,0.75,0.0,position_based
arctic_a0317,Spanish,EBVS,1.0,0.0,position_based
arctic_a0317,Korean,HJK,0.0,0.0,position_based
arctic_a0317,Korean,HJK,0.25,0.0,position_based
arctic_a0317,Korean,HJK,0.5,0.0,position_based
arctic_a0317,Korean,HJK,0.75,0.0,position_based
arctic_a0317,Korean,HJK,1.0,0.0,position_based
arctic_a0317,Vietnamese,HQTV,0.0,0.0,position_based
arctic_a0317,Vietnamese,HQTV,0.25,0.0,position_based
arctic_a0317,Vietnamese,HQTV,0.5,0.4,position_based
arctic_a0317,Vietnamese,HQTV,0.75,0.0,position_based
arctic_a0317,Vietnamese,HQTV,1.0,0.0,position_based
arctic_a0317,Hindi,SVBI,0.0,0.2,position_based
arctic_a0317,Hindi,SVBI,0.25,0.4,position_based
arctic_a0317,Hindi,SVBI,0.5,0.4,position_based
arctic_a0317,Hindi,SVBI,0.75,0.0,position_based
arctic_a0317,Hindi,SVBI,1.0,0.0,position_based
arctic_a0317,Arabic,ZHAA,0.0,0.0,position_based
arctic_a0317,Arabic,ZHAA,0.25,0.0,position_based
arctic_a0317,Arabic,ZHAA,0.5,0.0,position_based
arctic_a0317,Arabic,ZHAA,0.75,0.0,position_based
arctic_a0317,Arabic,ZHAA,1.0,0.0,position_based
arctic_a0322,Chinese,BWC,0.0,0.0,position_based
arctic_a0322,Chinese,BWC,0.25,0.1111111111111111,position_based
arctic_a0322,Chinese,BWC,0.5,0.3333333333333333,position_based
arctic_a0322,Chinese,BWC,0.75,0.2222222222222222,position_based
arctic_a0322,Chinese,BWC,1.0,0.0,position_based
arctic_a0322,Spanish,EBVS,0.0,0.0,position_based
arctic_a0322,Spanish,EBVS,0.25,0.0,position_based
arctic_a0322,Spanish,EBVS,0.5,0.2222222222222222,position_based
arctic_a0322,Spanish,EBVS,0.75,0.1111111111111111,position_based
arctic_a0322,Spanish,EBVS,1.0,0.0,position_based
arctic_a0322,Korean,HJK,0.0,0.0,position_based
arctic_a0322,Korean,HJK,0.25,0.1111111111111111,position_based
arctic_a0322,Korean,HJK,0.5,0.1111111111111111,position_based
arctic_a0322,Korean,HJK,0.75,0.1111111111111111,position_based
arctic_a0322,Korean,HJK,1.0,0.0,position_based
arctic_a0322,Vietnamese,HQTV,0.0,0.0,position_based
arctic_a0322,Vietnamese,HQTV,0.25,0.0,position_based
arctic_a0322,Vietnamese,HQTV,0.5,0.0,position_based
arctic_a0322,Vietnamese,HQTV,0.75,0.0,position_based
arctic_a0322,Vietnamese,HQTV,1.0,0.0,position_based
arctic_a0322,Hindi,SVBI,0.0,0.0,position_based
arctic_a0322,Hindi,SVBI,0.25,0.1111111111111111,position_based
arctic_a0322,Hindi,SVBI,0.5,0.1111111111111111,position_based
arctic_a0322,Hindi,SVBI,0.75,0.1111111111111111,position_based
arctic_a0322,Hindi,SVBI,1.0,0.0,position_based
arctic_a0322,Arabic,ZHAA,0.0,0.0,position_based
arctic_a0322,Arabic,ZHAA,0.25,0.0,position_based
arctic_a0322,Arabic,ZHAA,0.5,0.1111111111111111,position_based
arctic_a0322,Arabic,ZHAA,0.75,0.1111111111111111,position_based
arctic_a0322,Arabic,ZHAA,1.0,0.0,position_based
arctic_a0340,Chinese,BWC,0.0,0.0,position_based
arctic_a0340,Chinese,BWC,0.25,0.1428571428571428,position_based
arctic_a0340,Chinese,BWC,0.5,0.4285714285714285,position_based
arctic_a0340,Chinese,BWC,0.75,0.1428571428571428,position_based
arctic_a0340,Chinese,BWC,1.0,0.0,position_based
arctic_a0340,Spanish,EBVS,0.0,0.0,position_based
arctic_a0340,Spanish,EBVS,0.25,0.1428571428571428,position_based
arctic_a0340,Spanish,EBVS,0.5,0.2857142857142857,position_based
arctic_a0340,Spanish,EBVS,0.75,0.0,position_based
arctic_a0340,Spanish,EBVS,1.0,0.0,position_based
arctic_a0340,Korean,HJK,0.0,0.0,position_based
arctic_a0340,Korean,HJK,0.25,0.1428571428571428,position_based
arctic_a0340,Korean,HJK,0.5,0.2857142857142857,position_based
arctic_a0340,Korean,HJK,0.75,0.0,position_based
arctic_a0340,Korean,HJK,1.0,0.0,position_based
arctic_a0340,Vietnamese,HQTV,0.0,0.1428571428571428,position_based
arctic_a0340,Vietnamese,HQTV,0.25,0.2857142857142857,position_based
arctic_a0340,Vietnamese,HQTV,0.5,0.4285714285714285,position_based
arctic_a0340,Vietnamese,HQTV,0.75,0.1428571428571428,position_based
arctic_a0340,Vietnamese,HQTV,1.0,0.0,position_based
arctic_a0340,Hindi,SVBI,0.0,0.0,position_based
arctic_a0340,Hindi,SVBI,0.25,0.1428571428571428,position_based
arctic_a0340,Hindi,SVBI,0.5,0.1428571428571428,position_based
arctic_a0340,Hindi,SVBI,0.75,0.1428571428571428,position_based
arctic_a0340,Hindi,SVBI,1.0,0.0,position_based
arctic_a0340,Arabic,ZHAA,0.0,0.0,position_based
arctic_a0340,Arabic,ZHAA,0.25,0.1428571428571428,position_based
arctic_a0340,Arabic,ZHAA,0.5,0.1428571428571428,position_based
arctic_a0340,Arabic,ZHAA,0.75,0.1428571428571428,position_based
arctic_a0340,Arabic,ZHAA,1.0,0.0,position_based
arctic_a0349,Chinese,BWC,0.0,0.0,position_based
arctic_a0349,Chinese,BWC,0.25,0.1818181818181818,position_based
arctic_a0349,Chinese,BWC,0.5,0.4545454545454545,position_based
arctic_a0349,Chinese,BWC,0.75,0.0,position_based
arctic_a0349,Chinese,BWC,1.0,0.0,position_based
arctic_a0349,Spanish,EBVS,0.0,0.1818181818181818,position_based
arctic_a0349,Spanish,EBVS,0.25,0.1818181818181818,position_based
arctic_a0349,Spanish,EBVS,0.5,0.0909090909090909,position_based
arctic_a0349,Spanish,EBVS,0.75,0.0909090909090909,position_based
arctic_a0349,Spanish,EBVS,1.0,0.0,position_based
arctic_a0349,Korean,HJK,0.0,0.0,position_based
arctic_a0349,Korean,HJK,0.25,0.0,position_based
arctic_a0349,Korean,HJK,0.5,0.0,position_based
arctic_a0349,Korean,HJK,0.75,0.0909090909090909,position_based
arctic_a0349,Korean,HJK,1.0,0.0,position_based
arctic_a0349,Vietnamese,HQTV,0.0,0.0,position_based
arctic_a0349,Vietnamese,HQTV,0.25,0.0,position_based
arctic_a0349,Vietnamese,HQTV,0.5,0.1818181818181818,position_based
arctic_a0349,Vietnamese,HQTV,0.75,0.0,position_based
arctic_a0349,Vietnamese,HQTV,1.0,0.0,position_based
arctic_a0349,Hindi,SVBI,0.0,0.0,position_based
arctic_a0349,Hindi,SVBI,0.25,0.0,position_based
arctic_a0349,Hindi,SVBI,0.5,0.0909090909090909,position_based
arctic_a0349,Hindi,SVBI,0.75,0.0,position_based
arctic_a0349,Hindi,SVBI,1.0,0.0,position_based
arctic_a0349,Arabic,ZHAA,0.0,0.0,position_based
arctic_a0349,Arabic,ZHAA,0.25,0.0,position_based
arctic_a0349,Arabic,ZHAA,0.5,0.0,position_based
arctic_a0349,Arabic,ZHAA,0.75,0.0909090909090909,position_based
arctic_a0349,Arabic,ZHAA,1.0,0.0,position_based
arctic_a0372,Chinese,BWC,0.0,0.0,position_based
arctic_a0372,Chinese,BWC,0.25,0.0,position_based
arctic_a0372,Chinese,BWC,0.5,0.1,position_based
arctic_a0372,Chinese,BWC,0.75,0.0,position_based
arctic_a0372,Chinese,BWC,1.0,0.0,position_based
arctic_a0372,Spanish,EBVS,0.0,0.2,position_based
arctic_a0372,Spanish,EBVS,0.25,0.0,position_based
arctic_a0372,Spanish,EBVS,0.5,0.1,position_based
arctic_a0372,Spanish,EBVS,0.75,0.0,position_based
arctic_a0372,Spanish,EBVS,1.0,0.0,position_based
arctic_a0372,Korean,HJK,0.0,0.0,position_based
arctic_a0372,Korean,HJK,0.25,0.1,position_based
arctic_a0372,Korean,HJK,0.5,0.2,position_based
arctic_a0372,Korean,HJK,0.75,0.1,position_based
arctic_a0372,Korean,HJK,1.0,0.0,position_based
arctic_a0372,Vietnamese,HQTV,0.0,0.0,position_based
arctic_a0372,Vietnamese,HQTV,0.25,0.1,position_based
arctic_a0372,Vietnamese,HQTV,0.5,0.1,position_based
arctic_a0372,Vietnamese,HQTV,0.75,0.1,position_based
arctic_a0372,Vietnamese,HQTV,1.0,0.0,position_based
arctic_a0372,Hindi,SVBI,0.0,0.0,position_based
arctic_a0372,Hindi,SVBI,0.25,0.1,position_based
arctic_a0372,Hindi,SVBI,0.5,0.1,position_based
arctic_a0372,Hindi,SVBI,0.75,0.1,position_based
arctic_a0372,Hindi,SVBI,1.0,0.0,position_based
arctic_a0372,Arabic,ZHAA,0.0,0.0,position_based
arctic_a0372,Arabic,ZHAA,0.25,0.1,position_based
arctic_a0372,Arabic,ZHAA,0.5,0.1,position_based
arctic_a0372,Arabic,ZHAA,0.75,0.0,position_based
arctic_a0372,Arabic,ZHAA,1.0,0.0,position_based
arctic_a0385,Chinese,BWC,0.0,0.0,position_based
arctic_a0385,Chinese,BWC,0.25,0.25,position_based
arctic_a0385,Chinese,BWC,0.5,0.25,position_based
arctic_a0385,Chinese,BWC,0.75,0.25,position_based
arctic_a0385,Chinese,BWC,1.0,0.0,position_based
arctic_a0385,Spanish,EBVS,0.0,0.5,position_based
arctic_a0385,Spanish,EBVS,0.25,0.5,position_based
arctic_a0385,Spanish,EBVS,0.5,0.25,position_based
arctic_a0385,Spanish,EBVS,0.75,0.0,position_based
arctic_a0385,Spanish,EBVS,1.0,0.0,position_based
arctic_a0385,Korean,HJK,0.0,0.0,position_based
arctic_a0385,Korean,HJK,0.25,0.0,position_based
arctic_a0385,Korean,HJK,0.5,0.0,position_based
arctic_a0385,Korean,HJK,0.75,0.0,position_based
arctic_a0385,Korean,HJK,1.0,0.0,position_based
arctic_a0385,Vietnamese,HQTV,0.0,0.25,position_based
arctic_a0385,Vietnamese,HQTV,0.25,0.25,position_based
arctic_a0385,Vietnamese,HQTV,0.5,0.5,position_based
arctic_a0385,Vietnamese,HQTV,0.75,0.25,position_based
arctic_a0385,Vietnamese,HQTV,1.0,0.0,position_based
arctic_a0385,Hindi,SVBI,0.0,0.0,position_based
arctic_a0385,Hindi,SVBI,0.25,0.0,position_based
arctic_a0385,Hindi,SVBI,0.5,0.25,position_based
arctic_a0385,Hindi,SVBI,0.75,0.0,position_based
arctic_a0385,Hindi,SVBI,1.0,0.0,position_based
arctic_a0385,Arabic,ZHAA,0.0,0.25,position_based
arctic_a0385,Arabic,ZHAA,0.25,0.5,position_based
arctic_a0385,Arabic,ZHAA,0.5,0.5,position_based
arctic_a0385,Arabic,ZHAA,0.75,0.25,position_based
arctic_a0385,Arabic,ZHAA,1.0,0.0,position_based
arctic_a0394,Chinese,BWC,0.0,0.5454545454545454,position_based
arctic_a0394,Chinese,BWC,0.25,0.4545454545454545,position_based
arctic_a0394,Chinese,BWC,0.5,0.4545454545454545,position_based
arctic_a0394,Chinese,BWC,0.75,0.5454545454545454,position_based
arctic_a0394,Chinese,BWC,1.0,0.3636363636363636,position_based
arctic_a0394,Spanish,EBVS,0.0,0.5454545454545454,position_based
arctic_a0394,Spanish,EBVS,0.25,0.3636363636363636,position_based
arctic_a0394,Spanish,EBVS,0.5,0.6363636363636364,position_based
arctic_a0394,Spanish,EBVS,0.75,0.0909090909090909,position_based
arctic_a0394,Spanish,EBVS,1.0,0.1818181818181818,position_based
arctic_a0394,Korean,HJK,0.0,0.0,position_based
arctic_a0394,Korean,HJK,0.25,0.1,position_based
arctic_a0394,Korean,HJK,0.5,0.2,position_based
arctic_a0394,Korean,HJK,0.75,0.2,position_based
arctic_a0394,Korean,HJK,1.0,0.0,position_based
arctic_a0394,Vietnamese,HQTV,0.0,0.2,position_based
arctic_a0394,Vietnamese,HQTV,0.25,0.7,position_based
arctic_a0394,Vietnamese,HQTV,0.5,0.9,position_based
arctic_a0394,Vietnamese,HQTV,0.75,0.4,position_based
arctic_a0394,Vietnamese,HQTV,1.0,0.0,position_based
arctic_a0394,Hindi,SVBI,0.0,0.3,position_based
arctic_a0394,Hindi,SVBI,0.25,0.4,position_based
arctic_a0394,Hindi,SVBI,0.5,0.4,position_based
arctic_a0394,Hindi,SVBI,0.75,0.2,position_based
arctic_a0394,Hindi,SVBI,1.0,0.0,position_based
arctic_a0394,Arabic,ZHAA,0.0,0.0,position_based
arctic_a0394,Arabic,ZHAA,0.25,0.2,position_based
arctic_a0394,Arabic,ZHAA,0.5,0.3,position_based
arctic_a0394,Arabic,ZHAA,0.75,0.2,position_based
arctic_a0394,Arabic,ZHAA,1.0,0.0,position_based
arctic_a0400,Chinese,BWC,0.0,0.4,position_based
arctic_a0400,Chinese,BWC,0.25,0.6,position_based
arctic_a0400,Chinese,BWC,0.5,0.6,position_based
arctic_a0400,Chinese,BWC,0.75,0.8,position_based
arctic_a0400,Chinese,BWC,1.0,0.2,position_based
arctic_a0400,Spanish,EBVS,0.0,0.6,position_based
arctic_a0400,Spanish,EBVS,0.25,0.6,position_based
arctic_a0400,Spanish,EBVS,0.5,0.8,position_based
arctic_a0400,Spanish,EBVS,0.75,0.4,position_based
arctic_a0400,Spanish,EBVS,1.0,0.6,position_based
arctic_a0400,Korean,HJK,0.0,0.0,position_based
arctic_a0400,Korean,HJK,0.25,0.0,position_based
arctic_a0400,Korean,HJK,0.5,0.2,position_based
arctic_a0400,Korean,HJK,0.75,0.6,position_based
arctic_a0400,Korean,HJK,1.0,0.4,position_based
arctic_a0400,Vietnamese,HQTV,0.0,0.4,position_based
arctic_a0400,Vietnamese,HQTV,0.25,0.4,position_based
arctic_a0400,Vietnamese,HQTV,0.5,0.6,position_based
arctic_a0400,Vietnamese,HQTV,0.75,0.6,position_based
arctic_a0400,Vietnamese,HQTV,1.0,0.6,position_based
arctic_a0400,Hindi,SVBI,0.0,0.0,position_based
arctic_a0400,Hindi,SVBI,0.25,0.0,position_based
arctic_a0400,Hindi,SVBI,0.5,0.6,position_based
arctic_a0400,Hindi,SVBI,0.75,0.6,position_based
arctic_a0400,Hindi,SVBI,1.0,0.6,position_based
arctic_a0400,Arabic,ZHAA,0.0,0.0,position_based
arctic_a0400,Arabic,ZHAA,0.25,0.0,position_based
arctic_a0400,Arabic,ZHAA,0.5,0.0,position_based
arctic_a0400,Arabic,ZHAA,0.75,0.4,position_based
arctic_a0400,Arabic,ZHAA,1.0,0.2,position_based
arctic_a0419,Chinese,BWC,0.0,0.3333333333333333,position_based
arctic_a0419,Chinese,BWC,0.25,0.5,position_based
arctic_a0419,Chinese,BWC,0.5,0.1666666666666666,position_based
arctic_a0419,Chinese,BWC,0.75,0.0,position_based
arctic_a0419,Chinese,BWC,1.0,0.0,position_based
arctic_a0419,Spanish,EBVS,0.0,0.0,position_based
arctic_a0419,Spanish,EBVS,0.25,0.0,position_based
arctic_a0419,Spanish,EBVS,0.5,0.1666666666666666,position_based
arctic_a0419,Spanish,EBVS,0.75,0.0,position_based
arctic_a0419,Spanish,EBVS,1.0,0.0,position_based
arctic_a0419,Korean,HJK,0.0,0.0,position_based
arctic_a0419,Korean,HJK,0.25,0.0,position_based
arctic_a0419,Korean,HJK,0.5,0.0,position_based
arctic_a0419,Korean,HJK,0.75,0.0,position_based
arctic_a0419,Korean,HJK,1.0,0.0,position_based
arctic_a0419,Vietnamese,HQTV,0.0,0.0,position_based
arctic_a0419,Vietnamese,HQTV,0.25,0.0,position_based
arctic_a0419,Vietnamese,HQTV,0.5,0.0,position_based
arctic_a0419,Vietnamese,HQTV,0.75,0.0,position_based
arctic_a0419,Vietnamese,HQTV,1.0,0.0,position_based
arctic_a0419,Hindi,SVBI,0.0,0.0,position_based
arctic_a0419,Hindi,SVBI,0.25,0.0,position_based
arctic_a0419,Hindi,SVBI,0.5,0.0,position_based
arctic_a0419,Hindi,SVBI,0.75,0.0,position_based
arctic_a0419,Hindi,SVBI,1.0,0.0,position_based
arctic_a0419,Arabic,ZHAA,0.0,0.0,position_based
arctic_a0419,Arabic,ZHAA,0.25,0.0,position_based
arctic_a0419,Arabic,ZHAA,0.5,0.0,position_based
arctic_a0419,Arabic,ZHAA,0.75,0.0,position_based
arctic_a0419,Arabic,ZHAA,1.0,0.0,position_based
arctic_a0425,Chinese,BWC,0.0,0.0,position_based
arctic_a0425,Chinese,BWC,0.25,0.375,position_based
arctic_a0425,Chinese,BWC,0.5,0.25,position_based
arctic_a0425,Chinese,BWC,0.75,0.125,position_based
arctic_a0425,Chinese,BWC,1.0,0.0,position_based
arctic_a0425,Spanish,EBVS,0.0,0.375,position_based
arctic_a0425,Spanish,EBVS,0.25,0.5,position_based
arctic_a0425,Spanish,EBVS,0.5,0.5,position_based
arctic_a0425,Spanish,EBVS,0.75,0.0,position_based
arctic_a0425,Spanish,EBVS,1.0,0.0,position_based
arctic_a0425,Korean,HJK,0.0,0.0,position_based
arctic_a0425,Korean,HJK,0.25,0.0,position_based
arctic_a0425,Korean,HJK,0.5,0.0,position_based
arctic_a0425,Korean,HJK,0.75,0.0,position_based
arctic_a0425,Korean,HJK,1.0,0.0,position_based
arctic_a0425,Vietnamese,HQTV,0.0,0.375,position_based
arctic_a0425,Vietnamese,HQTV,0.25,0.5,position_based
arctic_a0425,Vietnamese,HQTV,0.5,0.25,position_based
arctic_a0425,Vietnamese,HQTV,0.75,0.0,position_based
arctic_a0425,Vietnamese,HQTV,1.0,0.0,position_based
arctic_a0425,Hindi,SVBI,0.0,0.0,position_based
arctic_a0425,Hindi,SVBI,0.25,0.125,position_based
arctic_a0425,Hindi,SVBI,0.5,0.125,position_based
arctic_a0425,Hindi,SVBI,0.75,0.125,position_based
arctic_a0425,Hindi,SVBI,1.0,0.0,position_based
arctic_a0425,Arabic,ZHAA,0.0,0.0,position_based
arctic_a0425,Arabic,ZHAA,0.25,0.25,position_based
arctic_a0425,Arabic,ZHAA,0.5,0.25,position_based
arctic_a0425,Arabic,ZHAA,0.75,0.125,position_based
arctic_a0425,Arabic,ZHAA,1.0,0.0,position_based
arctic_a0434,Chinese,BWC,0.0,0.2,position_based
arctic_a0434,Chinese,BWC,0.25,0.0,position_based
arctic_a0434,Chinese,BWC,0.5,0.2,position_based
arctic_a0434,Chinese,BWC,0.75,0.3,position_based
arctic_a0434,Chinese,BWC,1.0,0.0,position_based
arctic_a0434,Spanish,EBVS,0.0,0.3,position_based
arctic_a0434,Spanish,EBVS,0.25,0.3,position_based
arctic_a0434,Spanish,EBVS,0.5,0.4,position_based
arctic_a0434,Spanish,EBVS,0.75,0.0,position_based
arctic_a0434,Spanish,EBVS,1.0,0.0,position_based
arctic_a0434,Korean,HJK,0.0,0.0,position_based
arctic_a0434,Korean,HJK,0.25,0.2,position_based
arctic_a0434,Korean,HJK,0.5,0.1,position_based
arctic_a0434,Korean,HJK,0.75,0.1,position_based
arctic_a0434,Korean,HJK,1.0,0.0,position_based
arctic_a0434,Vietnamese,HQTV,0.0,0.3,position_based
arctic_a0434,Vietnamese,HQTV,0.25,0.4,position_based
arctic_a0434,Vietnamese,HQTV,0.5,0.4,position_based
arctic_a0434,Vietnamese,HQTV,0.75,0.1,position_based
arctic_a0434,Vietnamese,HQTV,1.0,0.0,position_based
arctic_a0434,Hindi,SVBI,0.0,0.0,position_based
arctic_a0434,Hindi,SVBI,0.25,0.1,position_based
arctic_a0434,Hindi,SVBI,0.5,0.2,position_based
arctic_a0434,Hindi,SVBI,0.75,0.1,position_based
arctic_a0434,Hindi,SVBI,1.0,0.0,position_based
arctic_a0434,Arabic,ZHAA,0.0,0.0,position_based
arctic_a0434,Arabic,ZHAA,0.25,0.1,position_based
arctic_a0434,Arabic,ZHAA,0.5,0.2,position_based
arctic_a0434,Arabic,ZHAA,0.75,0.2,position_based
arctic_a0434,Arabic,ZHAA,1.0,0.0,position_based
arctic_a0486,Chinese,BWC,0.0,0.0,position_based
arctic_a0486,Chinese,BWC,0.25,0.125,position_based
arctic_a0486,Chinese,BWC,0.5,0.25,position_based
arctic_a0486,Chinese,BWC,0.75,0.125,position_based
arctic_a0486,Chinese,BWC,1.0,0.0,position_based
arctic_a0486,Spanish,EBVS,0.0,0.125,position_based
arctic_a0486,Spanish,EBVS,0.25,0.125,position_based
arctic_a0486,Spanish,EBVS,0.5,0.25,position_based
arctic_a0486,Spanish,EBVS,0.75,0.125,position_based
arctic_a0486,Spanish,EBVS,1.0,0.0,position_based
arctic_a0486,Korean,HJK,0.0,0.0,position_based
arctic_a0486,Korean,HJK,0.25,0.0,position_based
arctic_a0486,Korean,HJK,0.5,0.0,position_based
arctic_a0486,Korean,HJK,0.75,0.0,position_based
arctic_a0486,Korean,HJK,1.0,0.0,position_based
arctic_a0486,Vietnamese,HQTV,0.0,0.0,position_based
arctic_a0486,Vietnamese,HQTV,0.25,0.125,position_based
arctic_a0486,Vietnamese,HQTV,0.5,0.25,position_based
arctic_a0486,Vietnamese,HQTV,0.75,0.125,position_based
arctic_a0486,Vietnamese,HQTV,1.0,0.125,position_based
arctic_a0486,Hindi,SVBI,0.0,0.0,position_based
arctic_a0486,Hindi,SVBI,0.25,0.0,position_based
arctic_a0486,Hindi,SVBI,0.5,0.0,position_based
arctic_a0486,Hindi,SVBI,0.75,0.0,position_based
arctic_a0486,Hindi,SVBI,1.0,0.0,position_based
arctic_a0486,Arabic,ZHAA,0.0,0.0,position_based
arctic_a0486,Arabic,ZHAA,0.25,0.0,position_based
arctic_a0486,Arabic,ZHAA,0.5,0.125,position_based
arctic_a0486,Arabic,ZHAA,0.75,0.0,position_based
arctic_a0486,Arabic,ZHAA,1.0,0.0,position_based
arctic_a0490,Chinese,BWC,0.0,0.0,position_based
arctic_a0490,Chinese,BWC,0.25,0.2727272727272727,position_based
arctic_a0490,Chinese,BWC,0.5,0.5454545454545454,position_based
arctic_a0490,Chinese,BWC,0.75,0.0909090909090909,position_based
arctic_a0490,Chinese,BWC,1.0,0.0,position_based
arctic_a0490,Spanish,EBVS,0.0,0.2727272727272727,position_based
arctic_a0490,Spanish,EBVS,0.25,0.2727272727272727,position_based
arctic_a0490,Spanish,EBVS,0.5,0.6363636363636364,position_based
arctic_a0490,Spanish,EBVS,0.75,0.0909090909090909,position_based
arctic_a0490,Spanish,EBVS,1.0,0.0,position_based
arctic_a0490,Korean,HJK,0.0,0.0,position_based
arctic_a0490,Korean,HJK,0.25,0.0,position_based
arctic_a0490,Korean,HJK,0.5,0.1818181818181818,position_based
arctic_a0490,Korean,HJK,0.75,0.1818181818181818,position_based
arctic_a0490,Korean,HJK,1.0,0.0,position_based
arctic_a0490,Vietnamese,HQTV,0.0,0.2727272727272727,position_based
arctic_a0490,Vietnamese,HQTV,0.25,0.2727272727272727,position_based
arctic_a0490,Vietnamese,HQTV,0.5,0.5454545454545454,position_based
arctic_a0490,Vietnamese,HQTV,0.75,0.0909090909090909,position_based
arctic_a0490,Vietnamese,HQTV,1.0,0.0,position_based
arctic_a0490,Hindi,SVBI,0.0,0.0,position_based
arctic_a0490,Hindi,SVBI,0.25,0.0909090909090909,position_based
arctic_a0490,Hindi,SVBI,0.5,0.2727272727272727,position_based
arctic_a0490,Hindi,SVBI,0.75,0.0,position_based
arctic_a0490,Hindi,SVBI,1.0,0.0,position_based
arctic_a0490,Arabic,ZHAA,0.0,0.0,position_based
arctic_a0490,Arabic,ZHAA,0.25,0.0909090909090909,position_based
arctic_a0490,Arabic,ZHAA,0.5,0.0909090909090909,position_based
arctic_a0490,Arabic,ZHAA,0.75,0.0909090909090909,position_based
arctic_a0490,Arabic,ZHAA,1.0,0.0,position_based
arctic_a0501,Chinese,BWC,0.0,0.0,position_based
arctic_a0501,Chinese,BWC,0.25,0.4444444444444444,position_based
arctic_a0501,Chinese,BWC,0.5,0.2222222222222222,position_based
arctic_a0501,Chinese,BWC,0.75,0.2222222222222222,position_based
arctic_a0501,Chinese,BWC,1.0,0.0,position_based
arctic_a0501,Spanish,EBVS,0.0,0.4444444444444444,position_based
arctic_a0501,Spanish,EBVS,0.25,0.3333333333333333,position_based
arctic_a0501,Spanish,EBVS,0.5,0.3333333333333333,position_based
arctic_a0501,Spanish,EBVS,0.75,0.0,position_based
arctic_a0501,Spanish,EBVS,1.0,0.0,position_based
arctic_a0501,Korean,HJK,0.0,0.0,position_based
arctic_a0501,Korean,HJK,0.25,0.0,position_based
arctic_a0501,Korean,HJK,0.5,0.0,position_based
arctic_a0501,Korean,HJK,0.75,0.1111111111111111,position_based
arctic_a0501,Korean,HJK,1.0,0.1111111111111111,position_based
arctic_a0501,Vietnamese,HQTV,0.0,0.0,position_based
arctic_a0501,Vietnamese,HQTV,0.25,0.1111111111111111,position_based
arctic_a0501,Vietnamese,HQTV,0.5,0.2222222222222222,position_based
arctic_a0501,Vietnamese,HQTV,0.75,0.2222222222222222,position_based
arctic_a0501,Vietnamese,HQTV,1.0,0.0,position_based
arctic_a0501,Hindi,SVBI,0.0,0.0,position_based
arctic_a0501,Hindi,SVBI,0.25,0.0,position_based
arctic_a0501,Hindi,SVBI,0.5,0.0,position_based
arctic_a0501,Hindi,SVBI,0.75,0.1111111111111111,position_based
arctic_a0501,Hindi,SVBI,1.0,0.1111111111111111,position_based
arctic_a0501,Arabic,ZHAA,0.0,0.1111111111111111,position_based
arctic_a0501,Arabic,ZHAA,0.25,0.3333333333333333,position_based
arctic_a0501,Arabic,ZHAA,0.5,0.5555555555555556,position_based
arctic_a0501,Arabic,ZHAA,0.75,0.2222222222222222,position_based
arctic_a0501,Arabic,ZHAA,1.0,0.0,position_based
arctic_a0508,Chinese,BWC,0.0,0.1,position_based
arctic_a0508,Chinese,BWC,0.25,0.3,position_based
arctic_a0508,Chinese,BWC,0.5,0.3,position_based
arctic_a0508,Chinese,BWC,0.75,0.1,position_based
arctic_a0508,Chinese,BWC,1.0,0.0,position_based
arctic_a0508,Spanish,EBVS,0.0,0.7,position_based
arctic_a0508,Spanish,EBVS,0.25,0.5,position_based
arctic_a0508,Spanish,EBVS,0.5,0.6,position_based
arctic_a0508,Spanish,EBVS,0.75,0.5,position_based
arctic_a0508,Spanish,EBVS,1.0,0.0,position_based
arctic_a0508,Korean,HJK,0.0,0.1,position_based
arctic_a0508,Korean,HJK,0.25,0.1,position_based
arctic_a0508,Korean,HJK,0.5,0.3,position_based
arctic_a0508,Korean,HJK,0.75,0.1,position_based
arctic_a0508,Korean,HJK,1.0,0.0,position_based
arctic_a0508,Vietnamese,HQTV,0.0,0.1,position_based
arctic_a0508,Vietnamese,HQTV,0.25,0.3,position_based
arctic_a0508,Vietnamese,HQTV,0.5,0.5,position_based
arctic_a0508,Vietnamese,HQTV,0.75,0.2,position_based
arctic_a0508,Vietnamese,HQTV,1.0,0.2,position_based
arctic_a0508,Hindi,SVBI,0.0,0.0,position_based
arctic_a0508,Hindi,SVBI,0.25,0.1,position_based
arctic_a0508,Hindi,SVBI,0.5,0.3,position_based
arctic_a0508,Hindi,SVBI,0.75,0.1,position_based
arctic_a0508,Hindi,SVBI,1.0,0.0,position_based
arctic_a0508,Arabic,ZHAA,0.0,0.0,position_based
arctic_a0508,Arabic,ZHAA,0.25,0.1,position_based
arctic_a0508,Arabic,ZHAA,0.5,0.2,position_based
arctic_a0508,Arabic,ZHAA,0.75,0.2,position_based
arctic_a0508,Arabic,ZHAA,1.0,0.0,position_based
arctic_a0511,Chinese,BWC,0.0,0.0,position_based
arctic_a0511,Chinese,BWC,0.25,0.1,position_based
arctic_a0511,Chinese,BWC,0.5,0.1,position_based
arctic_a0511,Chinese,BWC,0.75,0.0,position_based
arctic_a0511,Chinese,BWC,1.0,0.0,position_based
arctic_a0511,Spanish,EBVS,0.0,0.0,position_based
arctic_a0511,Spanish,EBVS,0.25,0.3,position_based
arctic_a0511,Spanish,EBVS,0.5,0.6,position_based
arctic_a0511,Spanish,EBVS,0.75,0.1,position_based
arctic_a0511,Spanish,EBVS,1.0,0.0,position_based
arctic_a0511,Korean,HJK,0.0,0.0,position_based
arctic_a0511,Korean,HJK,0.25,0.1,position_based
arctic_a0511,Korean,HJK,0.5,0.2,position_based
arctic_a0511,Korean,HJK,0.75,0.2,position_based
arctic_a0511,Korean,HJK,1.0,0.0,position_based
arctic_a0511,Vietnamese,HQTV,0.0,0.0,position_based
arctic_a0511,Vietnamese,HQTV,0.25,0.2,position_based
arctic_a0511,Vietnamese,HQTV,0.5,0.4,position_based
arctic_a0511,Vietnamese,HQTV,0.75,0.1,position_based
arctic_a0511,Vietnamese,HQTV,1.0,0.0,position_based
arctic_a0511,Hindi,SVBI,0.0,0.0,position_based
arctic_a0511,Hindi,SVBI,0.25,0.1,position_based
arctic_a0511,Hindi,SVBI,0.5,0.1,position_based
arctic_a0511,Hindi,SVBI,0.75,0.0,position_based
arctic_a0511,Hindi,SVBI,1.0,0.0,position_based
arctic_a0511,Arabic,ZHAA,0.0,0.0,position_based
arctic_a0511,Arabic,ZHAA,0.25,0.0,position_based
arctic_a0511,Arabic,ZHAA,0.5,0.1,position_based
arctic_a0511,Arabic,ZHAA,0.75,0.0,position_based
arctic_a0511,Arabic,ZHAA,1.0,0.0,position_based
arctic_a0515,Chinese,BWC,0.0,0.0,position_based
arctic_a0515,Chinese,BWC,0.25,0.25,position_based
arctic_a0515,Chinese,BWC,0.5,0.375,position_based
arctic_a0515,Chinese,BWC,0.75,0.0,position_based
arctic_a0515,Chinese,BWC,1.0,0.0,position_based
arctic_a0515,Spanish,EBVS,0.0,0.25,position_based
arctic_a0515,Spanish,EBVS,0.25,0.375,position_based
arctic_a0515,Spanish,EBVS,0.5,0.25,position_based
arctic_a0515,Spanish,EBVS,0.75,0.0,position_based
arctic_a0515,Spanish,EBVS,1.0,0.0,position_based
arctic_a0515,Korean,HJK,0.0,0.0,position_based
arctic_a0515,Korean,HJK,0.25,0.0,position_based
arctic_a0515,Korean,HJK,0.5,0.125,position_based
arctic_a0515,Korean,HJK,0.75,0.0,position_based
arctic_a0515,Korean,HJK,1.0,0.0,position_based
arctic_a0515,Vietnamese,HQTV,0.0,0.125,position_based
arctic_a0515,Vietnamese,HQTV,0.25,0.125,position_based
arctic_a0515,Vietnamese,HQTV,0.5,0.0,position_based
arctic_a0515,Vietnamese,HQTV,0.75,0.0,position_based
arctic_a0515,Vietnamese,HQTV,1.0,0.0,position_based
arctic_a0515,Hindi,SVBI,0.0,0.0,position_based
arctic_a0515,Hindi,SVBI,0.25,0.0,position_based
arctic_a0515,Hindi,SVBI,0.5,0.25,position_based
arctic_a0515,Hindi,SVBI,0.75,0.0,position_based
arctic_a0515,Hindi,SVBI,1.0,0.0,position_based
arctic_a0515,Arabic,ZHAA,0.0,0.0,position_based
arctic_a0515,Arabic,ZHAA,0.25,0.125,position_based
arctic_a0515,Arabic,ZHAA,0.5,0.125,position_based
arctic_a0515,Arabic,ZHAA,0.75,0.0,position_based
arctic_a0515,Arabic,ZHAA,1.0,0.0,position_based
arctic_a0516,Chinese,BWC,0.0,0.0,position_based
arctic_a0516,Chinese,BWC,0.25,0.1428571428571428,position_based
arctic_a0516,Chinese,BWC,0.5,0.4285714285714285,position_based
arctic_a0516,Chinese,BWC,0.75,0.1428571428571428,position_based
arctic_a0516,Chinese,BWC,1.0,0.0,position_based
arctic_a0516,Spanish,EBVS,0.0,0.0,position_based
arctic_a0516,Spanish,EBVS,0.25,0.1428571428571428,position_based
arctic_a0516,Spanish,EBVS,0.5,0.5714285714285714,position_based
arctic_a0516,Spanish,EBVS,0.75,0.1428571428571428,position_based
arctic_a0516,Spanish,EBVS,1.0,0.0,position_based
arctic_a0516,Korean,HJK,0.0,0.0,position_based
arctic_a0516,Korean,HJK,0.25,0.1428571428571428,position_based
arctic_a0516,Korean,HJK,0.5,0.1428571428571428,position_based
arctic_a0516,Korean,HJK,0.75,0.1428571428571428,position_based
arctic_a0516,Korean,HJK,1.0,0.0,position_based
arctic_a0516,Vietnamese,HQTV,0.0,0.2857142857142857,position_based
arctic_a0516,Vietnamese,HQTV,0.25,0.2857142857142857,position_based
arctic_a0516,Vietnamese,HQTV,0.5,0.7142857142857143,position_based
arctic_a0516,Vietnamese,HQTV,0.75,0.1428571428571428,position_based
arctic_a0516,Vietnamese,HQTV,1.0,0.0,position_based
arctic_a0516,Hindi,SVBI,0.0,0.0,position_based
arctic_a0516,Hindi,SVBI,0.25,0.1428571428571428,position_based
arctic_a0516,Hindi,SVBI,0.5,0.1428571428571428,position_based
arctic_a0516,Hindi,SVBI,0.75,0.1428571428571428,position_based
arctic_a0516,Hindi,SVBI,1.0,0.0,position_based
arctic_a0516,Arabic,ZHAA,0.0,0.0,position_based
arctic_a0516,Arabic,ZHAA,0.25,0.1428571428571428,position_based
arctic_a0516,Arabic,ZHAA,0.5,0.4285714285714285,position_based
arctic_a0516,Arabic,ZHAA,0.75,0.1428571428571428,position_based
arctic_a0516,Arabic,ZHAA,1.0,0.0,position_based
arctic_a0537,Chinese,BWC,0.0,0.25,position_based
arctic_a0537,Chinese,BWC,0.25,0.125,position_based
arctic_a0537,Chinese,BWC,0.5,0.625,position_based
arctic_a0537,Chinese,BWC,0.75,0.125,position_based
arctic_a0537,Chinese,BWC,1.0,0.0,position_based
arctic_a0537,Spanish,EBVS,0.0,0.125,position_based
arctic_a0537,Spanish,EBVS,0.25,0.25,position_based
arctic_a0537,Spanish,EBVS,0.5,0.25,position_based
arctic_a0537,Spanish,EBVS,0.75,0.125,position_based
arctic_a0537,Spanish,EBVS,1.0,0.0,position_based
arctic_a0537,Korean,HJK,0.0,0.0,position_based
arctic_a0537,Korean,HJK,0.25,0.0,position_based
arctic_a0537,Korean,HJK,0.5,0.0,position_based
arctic_a0537,Korean,HJK,0.75,0.125,position_based
arctic_a0537,Korean,HJK,1.0,0.0,position_based
arctic_a0537,Vietnamese,HQTV,0.0,0.375,position_based
arctic_a0537,Vietnamese,HQTV,0.25,0.5,position_based
arctic_a0537,Vietnamese,HQTV,0.5,0.25,position_based
arctic_a0537,Vietnamese,HQTV,0.75,0.375,position_based
arctic_a0537,Vietnamese,HQTV,1.0,0.0,position_based
arctic_a0537,Hindi,SVBI,0.0,0.0,position_based
arctic_a0537,Hindi,SVBI,0.25,0.125,position_based
arctic_a0537,Hindi,SVBI,0.5,0.25,position_based
arctic_a0537,Hindi,SVBI,0.75,0.125,position_based
arctic_a0537,Hindi,SVBI,1.0,0.0,position_based
arctic_a0537,Arabic,ZHAA,0.0,0.0,position_based
arctic_a0537,Arabic,ZHAA,0.25,0.125,position_based
arctic_a0537,Arabic,ZHAA,0.5,0.25,position_based
arctic_a0537,Arabic,ZHAA,0.75,0.25,position_based
arctic_a0537,Arabic,ZHAA,1.0,0.0,position_based
arctic_a0540,Chinese,BWC,0.0,0.1,position_based
arctic_a0540,Chinese,BWC,0.25,0.3,position_based
arctic_a0540,Chinese,BWC,0.5,0.5,position_based
arctic_a0540,Chinese,BWC,0.75,0.1,position_based
arctic_a0540,Chinese,BWC,1.0,0.0,position_based
arctic_a0540,Spanish,EBVS,0.0,0.0,position_based
arctic_a0540,Spanish,EBVS,0.25,0.4,position_based
arctic_a0540,Spanish,EBVS,0.5,0.6,position_based
arctic_a0540,Spanish,EBVS,0.75,0.3,position_based
arctic_a0540,Spanish,EBVS,1.0,0.0,position_based
arctic_a0540,Korean,HJK,0.0,0.0,position_based
arctic_a0540,Korean,HJK,0.25,0.1,position_based
arctic_a0540,Korean,HJK,0.5,0.5,position_based
arctic_a0540,Korean,HJK,0.75,0.2,position_based
arctic_a0540,Korean,HJK,1.0,0.1,position_based
arctic_a0540,Vietnamese,HQTV,0.0,0.4,position_based
arctic_a0540,Vietnamese,HQTV,0.25,0.3,position_based
arctic_a0540,Vietnamese,HQTV,0.5,0.2,position_based
arctic_a0540,Vietnamese,HQTV,0.75,0.2,position_based
arctic_a0540,Vietnamese,HQTV,1.0,0.0,position_based
arctic_a0540,Hindi,SVBI,0.0,0.0,position_based
arctic_a0540,Hindi,SVBI,0.25,0.1,position_based
arctic_a0540,Hindi,SVBI,0.5,0.2,position_based
arctic_a0540,Hindi,SVBI,0.75,0.1,position_based
arctic_a0540,Hindi,SVBI,1.0,0.0,position_based
arctic_a0540,Arabic,ZHAA,0.0,0.0,position_based
arctic_a0540,Arabic,ZHAA,0.25,0.3,position_based
arctic_a0540,Arabic,ZHAA,0.5,0.7,position_based
arctic_a0540,Arabic,ZHAA,0.75,0.2,position_based
arctic_a0540,Arabic,ZHAA,1.0,0.1,position_based
arctic_a0545,Chinese,BWC,0.0,0.1428571428571428,position_based
arctic_a0545,Chinese,BWC,0.25,0.1428571428571428,position_based
arctic_a0545,Chinese,BWC,0.5,0.2857142857142857,position_based
arctic_a0545,Chinese,BWC,0.75,0.1428571428571428,position_based
arctic_a0545,Chinese,BWC,1.0,0.0,position_based
arctic_a0545,Spanish,EBVS,0.0,0.1428571428571428,position_based
arctic_a0545,Spanish,EBVS,0.25,0.1428571428571428,position_based
arctic_a0545,Spanish,EBVS,0.5,0.2857142857142857,position_based
arctic_a0545,Spanish,EBVS,0.75,0.1428571428571428,position_based
arctic_a0545,Spanish,EBVS,1.0,0.0,position_based
arctic_a0545,Korean,HJK,0.0,0.1428571428571428,position_based
arctic_a0545,Korean,HJK,0.25,0.0,position_based
arctic_a0545,Korean,HJK,0.5,0.0,position_based
arctic_a0545,Korean,HJK,0.75,0.0,position_based
arctic_a0545,Korean,HJK,1.0,0.0,position_based
arctic_a0545,Vietnamese,HQTV,0.0,0.5714285714285714,position_based
arctic_a0545,Vietnamese,HQTV,0.25,0.1428571428571428,position_based
arctic_a0545,Vietnamese,HQTV,0.5,0.2857142857142857,position_based
arctic_a0545,Vietnamese,HQTV,0.75,0.1428571428571428,position_based
arctic_a0545,Vietnamese,HQTV,1.0,0.0,position_based
arctic_a0545,Hindi,SVBI,0.0,0.0,position_based
arctic_a0545,Hindi,SVBI,0.25,0.1428571428571428,position_based
arctic_a0545,Hindi,SVBI,0.5,0.1428571428571428,position_based
arctic_a0545,Hindi,SVBI,0.75,0.1428571428571428,position_based
arctic_a0545,Hindi,SVBI,1.0,0.0,position_based
arctic_a0545,Arabic,ZHAA,0.0,0.0,position_based
arctic_a0545,Arabic,ZHAA,0.25,0.5714285714285714,position_based
arctic_a0545,Arabic,ZHAA,0.5,0.5714285714285714,position_based
arctic_a0545,Arabic,ZHAA,0.75,0.1428571428571428,position_based
arctic_a0545,Arabic,ZHAA,1.0,0.0,position_based
arctic_a0558,Chinese,BWC,0.0,0.0,position_based
arctic_a0558,Chinese,BWC,0.25,0.1818181818181818,position_based
arctic_a0558,Chinese,BWC,0.5,0.4545454545454545,position_based
arctic_a0558,Chinese,BWC,0.75,0.0909090909090909,position_based
arctic_a0558,Chinese,BWC,1.0,0.0,position_based
arctic_a0558,Spanish,EBVS,0.0,0.0,position_based
arctic_a0558,Spanish,EBVS,0.25,0.0909090909090909,position_based
arctic_a0558,Spanish,EBVS,0.5,0.0909090909090909,position_based
arctic_a0558,Spanish,EBVS,0.75,0.0,position_based
arctic_a0558,Spanish,EBVS,1.0,0.0,position_based
arctic_a0558,Korean,HJK,0.0,0.1818181818181818,position_based
arctic_a0558,Korean,HJK,0.25,0.2727272727272727,position_based
arctic_a0558,Korean,HJK,0.5,0.3636363636363636,position_based
arctic_a0558,Korean,HJK,0.75,0.0909090909090909,position_based
arctic_a0558,Korean,HJK,1.0,0.1818181818181818,position_based
arctic_a0558,Vietnamese,HQTV,0.0,0.1818181818181818,position_based
arctic_a0558,Vietnamese,HQTV,0.25,0.1818181818181818,position_based
arctic_a0558,Vietnamese,HQTV,0.5,0.4545454545454545,position_based
arctic_a0558,Vietnamese,HQTV,0.75,0.1818181818181818,position_based
arctic_a0558,Vietnamese,HQTV,1.0,0.0,position_based
arctic_a0558,Hindi,SVBI,0.0,0.0,position_based
arctic_a0558,Hindi,SVBI,0.25,0.0,position_based
arctic_a0558,Hindi,SVBI,0.5,0.0,position_based
arctic_a0558,Hindi,SVBI,0.75,0.0909090909090909,position_based
arctic_a0558,Hindi,SVBI,1.0,0.0,position_based
arctic_a0558,Arabic,ZHAA,0.0,0.1818181818181818,position_based
arctic_a0558,Arabic,ZHAA,0.25,0.0,position_based
arctic_a0558,Arabic,ZHAA,0.5,0.0,position_based
arctic_a0558,Arabic,ZHAA,0.75,0.0909090909090909,position_based
arctic_a0558,Arabic,ZHAA,1.0,0.0,position_based
arctic_a0575,Chinese,BWC,0.0,0.2727272727272727,position_based
arctic_a0575,Chinese,BWC,0.25,0.3636363636363636,position_based
arctic_a0575,Chinese,BWC,0.5,0.3636363636363636,position_based
arctic_a0575,Chinese,BWC,0.75,0.2727272727272727,position_based
arctic_a0575,Chinese,BWC,1.0,0.0,position_based
arctic_a0575,Spanish,EBVS,0.0,0.1818181818181818,position_based
arctic_a0575,Spanish,EBVS,0.25,0.2727272727272727,position_based
arctic_a0575,Spanish,EBVS,0.5,0.7272727272727273,position_based
arctic_a0575,Spanish,EBVS,0.75,0.2727272727272727,position_based
arctic_a0575,Spanish,EBVS,1.0,0.0,position_based
arctic_a0575,Korean,HJK,0.0,0.0,position_based
arctic_a0575,Korean,HJK,0.25,0.0909090909090909,position_based
arctic_a0575,Korean,HJK,0.5,0.1818181818181818,position_based
arctic_a0575,Korean,HJK,0.75,0.0909090909090909,position_based
arctic_a0575,Korean,HJK,1.0,0.0,position_based
arctic_a0575,Vietnamese,HQTV,0.0,0.2727272727272727,position_based
arctic_a0575,Vietnamese,HQTV,0.25,0.3636363636363636,position_based
arctic_a0575,Vietnamese,HQTV,0.5,0.4545454545454545,position_based
arctic_a0575,Vietnamese,HQTV,0.75,0.3636363636363636,position_based
arctic_a0575,Vietnamese,HQTV,1.0,0.0,position_based
arctic_a0575,Hindi,SVBI,0.0,0.0,position_based
arctic_a0575,Hindi,SVBI,0.25,0.0909090909090909,position_based
arctic_a0575,Hindi,SVBI,0.5,0.1818181818181818,position_based
arctic_a0575,Hindi,SVBI,0.75,0.0909090909090909,position_based
arctic_a0575,Hindi,SVBI,1.0,0.0,position_based
arctic_a0575,Arabic,ZHAA,0.0,0.0,position_based
arctic_a0575,Arabic,ZHAA,0.25,0.1818181818181818,position_based
arctic_a0575,Arabic,ZHAA,0.5,0.4545454545454545,position_based
arctic_a0575,Arabic,ZHAA,0.75,0.1818181818181818,position_based
arctic_a0575,Arabic,ZHAA,1.0,0.0,position_based
arctic_a0582,Chinese,BWC,0.0,0.2,position_based
arctic_a0582,Chinese,BWC,0.25,0.4,position_based
arctic_a0582,Chinese,BWC,0.5,0.4,position_based
arctic_a0582,Chinese,BWC,0.75,0.3,position_based
arctic_a0582,Chinese,BWC,1.0,0.0,position_based
arctic_a0582,Spanish,EBVS,0.0,0.0,position_based
arctic_a0582,Spanish,EBVS,0.25,0.2,position_based
arctic_a0582,Spanish,EBVS,0.5,0.6,position_based
arctic_a0582,Spanish,EBVS,0.75,0.3,position_based
arctic_a0582,Spanish,EBVS,1.0,0.0,position_based
arctic_a0582,Korean,HJK,0.0,0.0,position_based
arctic_a0582,Korean,HJK,0.25,0.1,position_based
arctic_a0582,Korean,HJK,0.5,0.5,position_based
arctic_a0582,Korean,HJK,0.75,0.2,position_based
arctic_a0582,Korean,HJK,1.0,0.1,position_based
arctic_a0582,Vietnamese,HQTV,0.0,0.4,position_based
arctic_a0582,Vietnamese,HQTV,0.25,0.3,position_based
arctic_a0582,Vietnamese,HQTV,0.5,0.7,position_based
arctic_a0582,Vietnamese,HQTV,0.75,0.4,position_based
arctic_a0582,Vietnamese,HQTV,1.0,0.0,position_based
arctic_a0582,Hindi,SVBI,0.0,0.0,position_based
arctic_a0582,Hindi,SVBI,0.25,0.2,position_based
arctic_a0582,Hindi,SVBI,0.5,0.6,position_based
arctic_a0582,Hindi,SVBI,0.75,0.3,position_based
arctic_a0582,Hindi,SVBI,1.0,0.0,position_based
arctic_a0582,Arabic,ZHAA,0.0,0.0,position_based
arctic_a0582,Arabic,ZHAA,0.25,0.1,position_based
arctic_a0582,Arabic,ZHAA,0.5,0.4,position_based
arctic_a0582,Arabic,ZHAA,0.75,0.1,position_based
arctic_a0582,Arabic,ZHAA,1.0,0.0,position_based
arctic_b0017,Chinese,BWC,0.0,0.0,position_based
arctic_b0017,Chinese,BWC,0.25,0.2222222222222222,position_based
arctic_b0017,Chinese,BWC,0.5,0.4444444444444444,position_based
arctic_b0017,Chinese,BWC,0.75,0.0,position_based
arctic_b0017,Chinese,BWC,1.0,0.0,position_based
arctic_b0017,Spanish,EBVS,0.0,0.0,position_based
arctic_b0017,Spanish,EBVS,0.25,0.2222222222222222,position_based
arctic_b0017,Spanish,EBVS,0.5,0.5555555555555556,position_based
arctic_b0017,Spanish,EBVS,0.75,0.2222222222222222,position_based
arctic_b0017,Spanish,EBVS,1.0,0.1111111111111111,position_based
arctic_b0017,Korean,HJK,0.0,0.0,position_based
arctic_b0017,Korean,HJK,0.25,0.0,position_based
arctic_b0017,Korean,HJK,0.5,0.0,position_based
arctic_b0017,Korean,HJK,0.75,0.1111111111111111,position_based
arctic_b0017,Korean,HJK,1.0,0.1111111111111111,position_based
arctic_b0017,Vietnamese,HQTV,0.0,0.0,position_based
arctic_b0017,Vietnamese,HQTV,0.25,0.2222222222222222,position_based
arctic_b0017,Vietnamese,HQTV,0.5,0.6666666666666666,position_based
arctic_b0017,Vietnamese,HQTV,0.75,0.0,position_based
arctic_b0017,Vietnamese,HQTV,1.0,0.1111111111111111,position_based
arctic_b0017,Hindi,SVBI,0.0,0.0,position_based
arctic_b0017,Hindi,SVBI,0.25,0.1111111111111111,position_based
arctic_b0017,Hindi,SVBI,0.5,0.6666666666666666,position_based
arctic_b0017,Hindi,SVBI,0.75,0.2222222222222222,position_based
arctic_b0017,Hindi,SVBI,1.0,0.1111111111111111,position_based
arctic_b0017,Arabic,ZHAA,0.0,0.0,position_based
arctic_b0017,Arabic,ZHAA,0.25,0.0,position_based
arctic_b0017,Arabic,ZHAA,0.5,0.3333333333333333,position_based
arctic_b0017,Arabic,ZHAA,0.75,0.1111111111111111,position_based
arctic_b0017,Arabic,ZHAA,1.0,0.1111111111111111,position_based
arctic_b0022,Chinese,BWC,0.0,0.0,position_based
arctic_b0022,Chinese,BWC,0.25,0.0833333333333333,position_based
arctic_b0022,Chinese,BWC,0.5,0.3333333333333333,position_based
arctic_b0022,Chinese,BWC,0.75,0.25,position_based
arctic_b0022,Chinese,BWC,1.0,0.0,position_based
arctic_b0022,Spanish,EBVS,0.0,0.0833333333333333,position_based
arctic_b0022,Spanish,EBVS,0.25,0.25,position_based
arctic_b0022,Spanish,EBVS,0.5,0.4166666666666667,position_based
arctic_b0022,Spanish,EBVS,0.75,0.25,position_based
arctic_b0022,Spanish,EBVS,1.0,0.0,position_based
arctic_b0022,Korean,HJK,0.0,0.0,position_based
arctic_b0022,Korean,HJK,0.25,0.0833333333333333,position_based
arctic_b0022,Korean,HJK,0.5,0.0833333333333333,position_based
arctic_b0022,Korean,HJK,0.75,0.0833333333333333,position_based
arctic_b0022,Korean,HJK,1.0,0.0,position_based
arctic_b0022,Vietnamese,HQTV,0.0,0.0,position_based
arctic_b0022,Vietnamese,HQTV,0.25,0.0833333333333333,position_based
arctic_b0022,Vietnamese,HQTV,0.5,0.3333333333333333,position_based
arctic_b0022,Vietnamese,HQTV,0.75,0.1666666666666666,position_based
arctic_b0022,Vietnamese,HQTV,1.0,0.0,position_based
arctic_b0022,Hindi,SVBI,0.0,0.0,position_based
arctic_b0022,Hindi,SVBI,0.25,0.0833333333333333,position_based
arctic_b0022,Hindi,SVBI,0.5,0.1666666666666666,position_based
arctic_b0022,Hindi,SVBI,0.75,0.0833333333333333,position_based
arctic_b0022,Hindi,SVBI,1.0,0.0,position_based
arctic_b0022,Arabic,ZHAA,0.0,0.0,position_based
arctic_b0022,Arabic,ZHAA,0.25,0.0833333333333333,position_based
arctic_b0022,Arabic,ZHAA,0.5,0.1666666666666666,position_based
arctic_b0022,Arabic,ZHAA,0.75,0.0833333333333333,position_based
arctic_b0022,Arabic,ZHAA,1.0,0.0833333333333333,position_based
arctic_b0023,Chinese,BWC,0.0,0.2,position_based
arctic_b0023,Chinese,BWC,0.25,0.4,position_based
arctic_b0023,Chinese,BWC,0.5,0.0,position_based
arctic_b0023,Chinese,BWC,0.75,0.0,position_based
arctic_b0023,Chinese,BWC,1.0,0.0,position_based
arctic_b0023,Spanish,EBVS,0.0,0.0,position_based
arctic_b0023,Spanish,EBVS,0.25,0.2,position_based
arctic_b0023,Spanish,EBVS,0.5,0.2,position_based
arctic_b0023,Spanish,EBVS,0.75,0.0,position_based
arctic_b0023,Spanish,EBVS,1.0,0.2,position_based
arctic_b0023,Korean,HJK,0.0,0.0,position_based
arctic_b0023,Korean,HJK,0.25,0.0,position_based
arctic_b0023,Korean,HJK,0.5,0.0,position_based
arctic_b0023,Korean,HJK,0.75,0.0,position_based
arctic_b0023,Korean,HJK,1.0,0.0,position_based
arctic_b0023,Vietnamese,HQTV,0.0,0.0,position_based
arctic_b0023,Vietnamese,HQTV,0.25,0.0,position_based
arctic_b0023,Vietnamese,HQTV,0.5,0.4,position_based
arctic_b0023,Vietnamese,HQTV,0.75,0.0,position_based
arctic_b0023,Vietnamese,HQTV,1.0,0.2,position_based
arctic_b0023,Hindi,SVBI,0.0,0.0,position_based
arctic_b0023,Hindi,SVBI,0.25,0.2,position_based
arctic_b0023,Hindi,SVBI,0.5,0.2,position_based
arctic_b0023,Hindi,SVBI,0.75,0.2,position_based
arctic_b0023,Hindi,SVBI,1.0,0.2,position_based
arctic_b0023,Arabic,ZHAA,0.0,0.2,position_based
arctic_b0023,Arabic,ZHAA,0.25,0.2,position_based
arctic_b0023,Arabic,ZHAA,0.5,0.2,position_based
arctic_b0023,Arabic,ZHAA,0.75,0.6,position_based
arctic_b0023,Arabic,ZHAA,1.0,0.0,position_based
arctic_b0036,Chinese,BWC,0.0,0.0,position_based
arctic_b0036,Chinese,BWC,0.25,0.1666666666666666,position_based
arctic_b0036,Chinese,BWC,0.5,0.5,position_based
arctic_b0036,Chinese,BWC,0.75,0.1666666666666666,position_based
arctic_b0036,Chinese,BWC,1.0,0.0,position_based
arctic_b0036,Spanish,EBVS,0.0,0.0,position_based
arctic_b0036,Spanish,EBVS,0.25,0.1666666666666666,position_based
arctic_b0036,Spanish,EBVS,0.5,0.5,position_based
arctic_b0036,Spanish,EBVS,0.75,0.1666666666666666,position_based
arctic_b0036,Spanish,EBVS,1.0,0.0,position_based
arctic_b0036,Korean,HJK,0.0,0.1666666666666666,position_based
arctic_b0036,Korean,HJK,0.25,0.0,position_based
arctic_b0036,Korean,HJK,0.5,0.5,position_based
arctic_b0036,Korean,HJK,0.75,0.1666666666666666,position_based
arctic_b0036,Korean,HJK,1.0,0.0,position_based
arctic_b0036,Vietnamese,HQTV,0.0,0.3333333333333333,position_based
arctic_b0036,Vietnamese,HQTV,0.25,0.3333333333333333,position_based
arctic_b0036,Vietnamese,HQTV,0.5,0.3333333333333333,position_based
arctic_b0036,Vietnamese,HQTV,0.75,0.3333333333333333,position_based
arctic_b0036,Vietnamese,HQTV,1.0,0.0,position_based
arctic_b0036,Hindi,SVBI,0.0,0.1666666666666666,position_based
arctic_b0036,Hindi,SVBI,0.25,0.1666666666666666,position_based
arctic_b0036,Hindi,SVBI,0.5,0.3333333333333333,position_based
arctic_b0036,Hindi,SVBI,0.75,0.0,position_based
arctic_b0036,Hindi,SVBI,1.0,0.0,position_based
arctic_b0036,Arabic,ZHAA,0.0,0.0,position_based
arctic_b0036,Arabic,ZHAA,0.25,0.1666666666666666,position_based
arctic_b0036,Arabic,ZHAA,0.5,0.3333333333333333,position_based
arctic_b0036,Arabic,ZHAA,0.75,0.1666666666666666,position_based
arctic_b0036,Arabic,ZHAA,1.0,0.0,position_based
arctic_b0061,Chinese,BWC,0.0,0.1818181818181818,position_based
arctic_b0061,Chinese,BWC,0.25,0.4545454545454545,position_based
arctic_b0061,Chinese,BWC,0.5,0.7272727272727273,position_based
arctic_b0061,Chinese,BWC,0.75,0.2727272727272727,position_based
arctic_b0061,Chinese,BWC,1.0,0.2727272727272727,position_based
arctic_b0061,Spanish,EBVS,0.0,0.3636363636363636,position_based
arctic_b0061,Spanish,EBVS,0.25,0.3636363636363636,position_based
arctic_b0061,Spanish,EBVS,0.5,0.5454545454545454,position_based
arctic_b0061,Spanish,EBVS,0.75,0.3636363636363636,position_based
arctic_b0061,Spanish,EBVS,1.0,0.1818181818181818,position_based
arctic_b0061,Korean,HJK,0.0,0.0909090909090909,position_based
arctic_b0061,Korean,HJK,0.25,0.1818181818181818,position_based
arctic_b0061,Korean,HJK,0.5,0.1818181818181818,position_based
arctic_b0061,Korean,HJK,0.75,0.0909090909090909,position_based
arctic_b0061,Korean,HJK,1.0,0.0,position_based
arctic_b0061,Vietnamese,HQTV,0.0,0.0,position_based
arctic_b0061,Vietnamese,HQTV,0.25,0.1818181818181818,position_based
arctic_b0061,Vietnamese,HQTV,0.5,0.6363636363636364,position_based
arctic_b0061,Vietnamese,HQTV,0.75,0.0909090909090909,position_based
arctic_b0061,Vietnamese,HQTV,1.0,0.1818181818181818,position_based
arctic_b0061,Hindi,SVBI,0.0,0.0,position_based
arctic_b0061,Hindi,SVBI,0.25,0.2727272727272727,position_based
arctic_b0061,Hindi,SVBI,0.5,0.2727272727272727,position_based
arctic_b0061,Hindi,SVBI,0.75,0.1818181818181818,position_based
arctic_b0061,Hindi,SVBI,1.0,0.1818181818181818,position_based
arctic_b0061,Arabic,ZHAA,0.0,0.0,position_based
arctic_b0061,Arabic,ZHAA,0.25,0.0,position_based
arctic_b0061,Arabic,ZHAA,0.5,0.4545454545454545,position_based
arctic_b0061,Arabic,ZHAA,0.75,0.2727272727272727,position_based
arctic_b0061,Arabic,ZHAA,1.0,0.1818181818181818,position_based
arctic_b0073,Chinese,BWC,0.0,0.0,position_based
arctic_b0073,Chinese,BWC,0.25,0.1666666666666666,position_based
arctic_b0073,Chinese,BWC,0.5,0.3333333333333333,position_based
arctic_b0073,Chinese,BWC,0.75,0.0,position_based
arctic_b0073,Chinese,BWC,1.0,0.0,position_based
arctic_b0073,Spanish,EBVS,0.0,0.0,position_based
arctic_b0073,Spanish,EBVS,0.25,0.25,position_based
arctic_b0073,Spanish,EBVS,0.5,0.3333333333333333,position_based
arctic_b0073,Spanish,EBVS,0.75,0.1666666666666666,position_based
arctic_b0073,Spanish,EBVS,1.0,0.0,position_based
arctic_b0073,Korean,HJK,0.0,0.0,position_based
arctic_b0073,Korean,HJK,0.25,0.0,position_based
arctic_b0073,Korean,HJK,0.5,0.1666666666666666,position_based
arctic_b0073,Korean,HJK,0.75,0.0,position_based
arctic_b0073,Korean,HJK,1.0,0.0,position_based
arctic_b0073,Vietnamese,HQTV,0.0,0.0,position_based
arctic_b0073,Vietnamese,HQTV,0.25,0.25,position_based
arctic_b0073,Vietnamese,HQTV,0.5,0.25,position_based
arctic_b0073,Vietnamese,HQTV,0.75,0.0,position_based
arctic_b0073,Vietnamese,HQTV,1.0,0.0,position_based
arctic_b0073,Hindi,SVBI,0.0,0.0,position_based
arctic_b0073,Hindi,SVBI,0.25,0.0,position_based
arctic_b0073,Hindi,SVBI,0.5,0.0,position_based
arctic_b0073,Hindi,SVBI,0.75,0.0,position_based
arctic_b0073,Hindi,SVBI,1.0,0.0,position_based
arctic_b0073,Arabic,ZHAA,0.0,0.0,position_based
arctic_b0073,Arabic,ZHAA,0.25,0.25,position_based
arctic_b0073,Arabic,ZHAA,0.5,0.1666666666666666,position_based
arctic_b0073,Arabic,ZHAA,0.75,0.0,position_based
arctic_b0073,Arabic,ZHAA,1.0,0.0,position_based
arctic_b0091,Chinese,BWC,0.0,0.0,position_based
arctic_b0091,Chinese,BWC,0.25,0.0,position_based
arctic_b0091,Chinese,BWC,0.5,0.3636363636363636,position_based
arctic_b0091,Chinese,BWC,0.75,0.0909090909090909,position_based
arctic_b0091,Chinese,BWC,1.0,0.0,position_based
arctic_b0091,Spanish,EBVS,0.0,0.0909090909090909,position_based
arctic_b0091,Spanish,EBVS,0.25,0.1818181818181818,position_based
arctic_b0091,Spanish,EBVS,0.5,0.3636363636363636,position_based
arctic_b0091,Spanish,EBVS,0.75,0.0909090909090909,position_based
arctic_b0091,Spanish,EBVS,1.0,0.0,position_based
arctic_b0091,Korean,HJK,0.0,0.0,position_based
arctic_b0091,Korean,HJK,0.25,0.0,position_based
arctic_b0091,Korean,HJK,0.5,0.1818181818181818,position_based
arctic_b0091,Korean,HJK,0.75,0.0,position_based
arctic_b0091,Korean,HJK,1.0,0.0,position_based
arctic_b0091,Vietnamese,HQTV,0.0,0.0,position_based
arctic_b0091,Vietnamese,HQTV,0.25,0.1818181818181818,position_based
arctic_b0091,Vietnamese,HQTV,0.5,0.2727272727272727,position_based
arctic_b0091,Vietnamese,HQTV,0.75,0.3636363636363636,position_based
arctic_b0091,Vietnamese,HQTV,1.0,0.0,position_based
arctic_b0091,Hindi,SVBI,0.0,0.0,position_based
arctic_b0091,Hindi,SVBI,0.25,0.1818181818181818,position_based
arctic_b0091,Hindi,SVBI,0.5,0.1818181818181818,position_based
arctic_b0091,Hindi,SVBI,0.75,0.0909090909090909,position_based
arctic_b0091,Hindi,SVBI,1.0,0.0,position_based
arctic_b0091,Arabic,ZHAA,0.0,0.0909090909090909,position_based
arctic_b0091,Arabic,ZHAA,0.25,0.1818181818181818,position_based
arctic_b0091,Arabic,ZHAA,0.5,0.3636363636363636,position_based
arctic_b0091,Arabic,ZHAA,0.75,0.1818181818181818,position_based
arctic_b0091,Arabic,ZHAA,1.0,0.0,position_based
arctic_b0092,Chinese,BWC,0.0,0.0,position_based
arctic_b0092,Chinese,BWC,0.25,0.0,position_based
arctic_b0092,Chinese,BWC,0.5,0.1666666666666666,position_based
arctic_b0092,Chinese,BWC,0.75,0.0,position_based
arctic_b0092,Chinese,BWC,1.0,0.0,position_based
arctic_b0092,Spanish,EBVS,0.0,0.5,position_based
arctic_b0092,Spanish,EBVS,0.25,0.3333333333333333,position_based
arctic_b0092,Spanish,EBVS,0.5,0.5,position_based
arctic_b0092,Spanish,EBVS,0.75,0.0,position_based
arctic_b0092,Spanish,EBVS,1.0,0.0,position_based
arctic_b0092,Korean,HJK,0.0,0.0,position_based
arctic_b0092,Korean,HJK,0.25,0.0,position_based
arctic_b0092,Korean,HJK,0.5,0.0,position_based
arctic_b0092,Korean,HJK,0.75,0.0,position_based
arctic_b0092,Korean,HJK,1.0,0.0,position_based
arctic_b0092,Vietnamese,HQTV,0.0,0.3333333333333333,position_based
arctic_b0092,Vietnamese,HQTV,0.25,0.1666666666666666,position_based
arctic_b0092,Vietnamese,HQTV,0.5,0.1666666666666666,position_based
arctic_b0092,Vietnamese,HQTV,0.75,0.0,position_based
arctic_b0092,Vietnamese,HQTV,1.0,0.0,position_based
arctic_b0092,Hindi,SVBI,0.0,0.0,position_based
arctic_b0092,Hindi,SVBI,0.25,0.0,position_based
arctic_b0092,Hindi,SVBI,0.5,0.0,position_based
arctic_b0092,Hindi,SVBI,0.75,0.0,position_based
arctic_b0092,Hindi,SVBI,1.0,0.0,position_based
arctic_b0092,Arabic,ZHAA,0.0,0.0,position_based
arctic_b0092,Arabic,ZHAA,0.25,0.0,position_based
arctic_b0092,Arabic,ZHAA,0.5,0.1666666666666666,position_based
arctic_b0092,Arabic,ZHAA,0.75,0.0,position_based
arctic_b0092,Arabic,ZHAA,1.0,0.0,position_based
arctic_b0096,Chinese,BWC,0.0,0.0,position_based
arctic_b0096,Chinese,BWC,0.25,0.2222222222222222,position_based
arctic_b0096,Chinese,BWC,0.5,0.3333333333333333,position_based
arctic_b0096,Chinese,BWC,0.75,0.0,position_based
arctic_b0096,Chinese,BWC,1.0,0.1111111111111111,position_based
arctic_b0096,Spanish,EBVS,0.0,0.1111111111111111,position_based
arctic_b0096,Spanish,EBVS,0.25,0.2222222222222222,position_based
arctic_b0096,Spanish,EBVS,0.5,0.2222222222222222,position_based
arctic_b0096,Spanish,EBVS,0.75,0.2222222222222222,position_based
arctic_b0096,Spanish,EBVS,1.0,0.1111111111111111,position_based
arctic_b0096,Korean,HJK,0.0,0.0,position_based
arctic_b0096,Korean,HJK,0.25,0.0,position_based
arctic_b0096,Korean,HJK,0.5,0.2222222222222222,position_based
arctic_b0096,Korean,HJK,0.75,0.2222222222222222,position_based
arctic_b0096,Korean,HJK,1.0,0.1111111111111111,position_based
arctic_b0096,Vietnamese,HQTV,0.0,0.0,position_based
arctic_b0096,Vietnamese,HQTV,0.25,0.3333333333333333,position_based
arctic_b0096,Vietnamese,HQTV,0.5,0.6666666666666666,position_based
arctic_b0096,Vietnamese,HQTV,0.75,0.1111111111111111,position_based
arctic_b0096,Vietnamese,HQTV,1.0,0.1111111111111111,position_based
arctic_b0096,Hindi,SVBI,0.0,0.0,position_based
arctic_b0096,Hindi,SVBI,0.25,0.0,position_based
arctic_b0096,Hindi,SVBI,0.5,0.0,position_based
arctic_b0096,Hindi,SVBI,0.75,0.0,position_based
arctic_b0096,Hindi,SVBI,1.0,0.1111111111111111,position_based
arctic_b0096,Arabic,ZHAA,0.0,0.0,position_based
arctic_b0096,Arabic,ZHAA,0.25,0.3333333333333333,position_based
arctic_b0096,Arabic,ZHAA,0.5,0.5555555555555556,position_based
arctic_b0096,Arabic,ZHAA,0.75,0.0,position_based
arctic_b0096,Arabic,ZHAA,1.0,0.1111111111111111,position_based
arctic_b0101,Chinese,BWC,0.0,0.0,position_based
arctic_b0101,Chinese,BWC,0.25,0.3333333333333333,position_based
arctic_b0101,Chinese,BWC,0.5,0.2222222222222222,position_based
arctic_b0101,Chinese,BWC,0.75,0.2222222222222222,position_based
arctic_b0101,Chinese,BWC,1.0,0.0,position_based
arctic_b0101,Spanish,EBVS,0.0,0.1111111111111111,position_based
arctic_b0101,Spanish,EBVS,0.25,0.2222222222222222,position_based
arctic_b0101,Spanish,EBVS,0.5,0.3333333333333333,position_based
arctic_b0101,Spanish,EBVS,0.75,0.2222222222222222,position_based
arctic_b0101,Spanish,EBVS,1.0,0.0,position_based
arctic_b0101,Korean,HJK,0.0,0.0,position_based
arctic_b0101,Korean,HJK,0.25,0.0,position_based
arctic_b0101,Korean,HJK,0.5,0.2222222222222222,position_based
arctic_b0101,Korean,HJK,0.75,0.1111111111111111,position_based
arctic_b0101,Korean,HJK,1.0,0.0,position_based
arctic_b0101,Vietnamese,HQTV,0.0,0.0,position_based
arctic_b0101,Vietnamese,HQTV,0.25,0.3333333333333333,position_based
arctic_b0101,Vietnamese,HQTV,0.5,0.1111111111111111,position_based
arctic_b0101,Vietnamese,HQTV,0.75,0.2222222222222222,position_based
arctic_b0101,Vietnamese,HQTV,1.0,0.0,position_based
arctic_b0101,Hindi,SVBI,0.0,0.0,position_based
arctic_b0101,Hindi,SVBI,0.25,0.1111111111111111,position_based
arctic_b0101,Hindi,SVBI,0.5,0.2222222222222222,position_based
arctic_b0101,Hindi,SVBI,0.75,0.0,position_based
arctic_b0101,Hindi,SVBI,1.0,0.0,position_based
arctic_b0101,Arabic,ZHAA,0.0,0.0,position_based
arctic_b0101,Arabic,ZHAA,0.25,0.1111111111111111,position_based
arctic_b0101,Arabic,ZHAA,0.5,0.4444444444444444,position_based
arctic_b0101,Arabic,ZHAA,0.75,0.1111111111111111,position_based
arctic_b0101,Arabic,ZHAA,1.0,0.0,position_based
arctic_b0118,Chinese,BWC,0.0,0.3636363636363636,position_based
arctic_b0118,Chinese,BWC,0.25,0.4545454545454545,position_based
arctic_b0118,Chinese,BWC,0.5,0.5454545454545454,position_based
arctic_b0118,Chinese,BWC,0.75,0.2727272727272727,position_based
arctic_b0118,Chinese,BWC,1.0,0.0,position_based
arctic_b0118,Spanish,EBVS,0.0,0.6363636363636364,position_based
arctic_b0118,Spanish,EBVS,0.25,0.4545454545454545,position_based
arctic_b0118,Spanish,EBVS,0.5,0.2727272727272727,position_based
arctic_b0118,Spanish,EBVS,0.75,0.1818181818181818,position_based
arctic_b0118,Spanish,EBVS,1.0,0.0,position_based
arctic_b0118,Korean,HJK,0.0,0.0,position_based
arctic_b0118,Korean,HJK,0.25,0.2727272727272727,position_based
arctic_b0118,Korean,HJK,0.5,0.2727272727272727,position_based
arctic_b0118,Korean,HJK,0.75,0.1818181818181818,position_based
arctic_b0118,Korean,HJK,1.0,0.0,position_based
arctic_b0118,Vietnamese,HQTV,0.0,0.0909090909090909,position_based
arctic_b0118,Vietnamese,HQTV,0.25,0.2727272727272727,position_based
arctic_b0118,Vietnamese,HQTV,0.5,0.5454545454545454,position_based
arctic_b0118,Vietnamese,HQTV,0.75,0.1818181818181818,position_based
arctic_b0118,Vietnamese,HQTV,1.0,0.0,position_based
arctic_b0118,Hindi,SVBI,0.0,0.0909090909090909,position_based
arctic_b0118,Hindi,SVBI,0.25,0.3636363636363636,position_based
arctic_b0118,Hindi,SVBI,0.5,0.4545454545454545,position_based
arctic_b0118,Hindi,SVBI,0.75,0.1818181818181818,position_based
arctic_b0118,Hindi,SVBI,1.0,0.0,position_based
arctic_b0118,Arabic,ZHAA,0.0,0.0,position_based
arctic_b0118,Arabic,ZHAA,0.25,0.0909090909090909,position_based
arctic_b0118,Arabic,ZHAA,0.5,0.4545454545454545,position_based
arctic_b0118,Arabic,ZHAA,0.75,0.1818181818181818,position_based
arctic_b0118,Arabic,ZHAA,1.0,0.0,position_based
arctic_b0124,Chinese,BWC,0.0,0.25,position_based
arctic_b0124,Chinese,BWC,0.25,0.1666666666666666,position_based
arctic_b0124,Chinese,BWC,0.5,0.75,position_based
arctic_b0124,Chinese,BWC,0.75,0.25,position_based
arctic_b0124,Chinese,BWC,1.0,0.25,position_based
arctic_b0124,Spanish,EBVS,0.0,0.25,position_based
arctic_b0124,Spanish,EBVS,0.25,0.4166666666666667,position_based
arctic_b0124,Spanish,EBVS,0.5,0.5,position_based
arctic_b0124,Spanish,EBVS,0.75,0.25,position_based
arctic_b0124,Spanish,EBVS,1.0,0.0833333333333333,position_based
arctic_b0124,Korean,HJK,0.0,0.0,position_based
arctic_b0124,Korean,HJK,0.25,0.1666666666666666,position_based
arctic_b0124,Korean,HJK,0.5,0.0833333333333333,position_based
arctic_b0124,Korean,HJK,0.75,0.0833333333333333,position_based
arctic_b0124,Korean,HJK,1.0,0.0833333333333333,position_based
arctic_b0124,Vietnamese,HQTV,0.0,0.3333333333333333,position_based
arctic_b0124,Vietnamese,HQTV,0.25,0.3333333333333333,position_based
arctic_b0124,Vietnamese,HQTV,0.5,0.5,position_based
arctic_b0124,Vietnamese,HQTV,0.75,0.25,position_based
arctic_b0124,Vietnamese,HQTV,1.0,0.0833333333333333,position_based
arctic_b0124,Hindi,SVBI,0.0,0.0,position_based
arctic_b0124,Hindi,SVBI,0.25,0.25,position_based
arctic_b0124,Hindi,SVBI,0.5,0.3333333333333333,position_based
arctic_b0124,Hindi,SVBI,0.75,0.1666666666666666,position_based
arctic_b0124,Hindi,SVBI,1.0,0.0833333333333333,position_based
arctic_b0124,Arabic,ZHAA,0.0,0.0,position_based
arctic_b0124,Arabic,ZHAA,0.25,0.0833333333333333,position_based
arctic_b0124,Arabic,ZHAA,0.5,0.3333333333333333,position_based
arctic_b0124,Arabic,ZHAA,0.75,0.0833333333333333,position_based
arctic_b0124,Arabic,ZHAA,1.0,0.25,position_based
arctic_b0137,Chinese,BWC,0.0,0.0,position_based
arctic_b0137,Chinese,BWC,0.25,0.0,position_based
arctic_b0137,Chinese,BWC,0.5,0.125,position_based
arctic_b0137,Chinese,BWC,0.75,0.0,position_based
arctic_b0137,Chinese,BWC,1.0,0.0,position_based
arctic_b0137,Spanish,EBVS,0.0,0.0,position_based
arctic_b0137,Spanish,EBVS,0.25,0.25,position_based
arctic_b0137,Spanish,EBVS,0.5,0.125,position_based
arctic_b0137,Spanish,EBVS,0.75,0.0,position_based
arctic_b0137,Spanish,EBVS,1.0,0.0,position_based
arctic_b0137,Korean,HJK,0.0,0.125,position_based
arctic_b0137,Korean,HJK,0.25,0.0,position_based
arctic_b0137,Korean,HJK,0.5,0.0,position_based
arctic_b0137,Korean,HJK,0.75,0.0,position_based
arctic_b0137,Korean,HJK,1.0,0.0,position_based
arctic_b0137,Vietnamese,HQTV,0.0,0.125,position_based
arctic_b0137,Vietnamese,HQTV,0.25,0.125,position_based
arctic_b0137,Vietnamese,HQTV,0.5,0.0,position_based
arctic_b0137,Vietnamese,HQTV,0.75,0.0,position_based
arctic_b0137,Vietnamese,HQTV,1.0,0.0,position_based
arctic_b0137,Hindi,SVBI,0.0,0.0,position_based
arctic_b0137,Hindi,SVBI,0.25,0.0,position_based
arctic_b0137,Hindi,SVBI,0.5,0.0,position_based
arctic_b0137,Hindi,SVBI,0.75,0.0,position_based
arctic_b0137,Hindi,SVBI,1.0,0.0,position_based
arctic_b0137,Arabic,ZHAA,0.0,0.0,position_based
arctic_b0137,Arabic,ZHAA,0.25,0.0,position_based
arctic_b0137,Arabic,ZHAA,0.5,0.125,position_based
arctic_b0137,Arabic,ZHAA,0.75,0.0,position_based
arctic_b0137,Arabic,ZHAA,1.0,0.0,position_based
arctic_b0143,Chinese,BWC,0.0,0.0,position_based
arctic_b0143,Chinese,BWC,0.25,0.0833333333333333,position_based
arctic_b0143,Chinese,BWC,0.5,0.4166666666666667,position_based
arctic_b0143,Chinese,BWC,0.75,0.1666666666666666,position_based
arctic_b0143,Chinese,BWC,1.0,0.0833333333333333,position_based
arctic_b0143,Spanish,EBVS,0.0,0.1666666666666666,position_based
arctic_b0143,Spanish,EBVS,0.25,0.3333333333333333,position_based
arctic_b0143,Spanish,EBVS,0.5,0.5833333333333334,position_based
arctic_b0143,Spanish,EBVS,0.75,0.25,position_based
arctic_b0143,Spanish,EBVS,1.0,0.0833333333333333,position_based
arctic_b0143,Korean,HJK,0.0,0.0833333333333333,position_based
arctic_b0143,Korean,HJK,0.25,0.1666666666666666,position_based
arctic_b0143,Korean,HJK,0.5,0.1666666666666666,position_based
arctic_b0143,Korean,HJK,0.75,0.0833333333333333,position_based
arctic_b0143,Korean,HJK,1.0,0.0833333333333333,position_based
arctic_b0143,Vietnamese,HQTV,0.0,0.0,position_based
arctic_b0143,Vietnamese,HQTV,0.25,0.1666666666666666,position_based
arctic_b0143,Vietnamese,HQTV,0.5,0.3333333333333333,position_based
arctic_b0143,Vietnamese,HQTV,0.75,0.0833333333333333,position_based
arctic_b0143,Vietnamese,HQTV,1.0,0.0833333333333333,position_based
arctic_b0143,Hindi,SVBI,0.0,0.0,position_based
arctic_b0143,Hindi,SVBI,0.25,0.0833333333333333,position_based
arctic_b0143,Hindi,SVBI,0.5,0.0833333333333333,position_based
arctic_b0143,Hindi,SVBI,0.75,0.0833333333333333,position_based
arctic_b0143,Hindi,SVBI,1.0,0.0833333333333333,position_based
arctic_b0143,Arabic,ZHAA,0.0,0.0,position_based
arctic_b0143,Arabic,ZHAA,0.25,0.0833333333333333,position_based
arctic_b0143,Arabic,ZHAA,0.5,0.25,position_based
arctic_b0143,Arabic,ZHAA,0.75,0.0833333333333333,position_based
arctic_b0143,Arabic,ZHAA,1.0,0.0833333333333333,position_based
arctic_b0184,Chinese,BWC,0.0,0.0769230769230769,position_based
arctic_b0184,Chinese,BWC,0.25,0.3076923076923077,position_based
arctic_b0184,Chinese,BWC,0.5,0.5384615384615384,position_based
arctic_b0184,Chinese,BWC,0.75,0.1538461538461538,position_based
arctic_b0184,Chinese,BWC,1.0,0.0,position_based
arctic_b0184,Spanish,EBVS,0.0,0.0,position_based
arctic_b0184,Spanish,EBVS,0.25,0.5384615384615384,position_based
arctic_b0184,Spanish,EBVS,0.5,0.8461538461538461,position_based
arctic_b0184,Spanish,EBVS,0.75,0.2307692307692307,position_based
arctic_b0184,Spanish,EBVS,1.0,0.0,position_based
arctic_b0184,Korean,HJK,0.0,0.0,position_based
arctic_b0184,Korean,HJK,0.25,0.1538461538461538,position_based
arctic_b0184,Korean,HJK,0.5,0.3076923076923077,position_based
arctic_b0184,Korean,HJK,0.75,0.1538461538461538,position_based
arctic_b0184,Korean,HJK,1.0,0.0,position_based
arctic_b0184,Vietnamese,HQTV,0.0,0.2307692307692307,position_based
arctic_b0184,Vietnamese,HQTV,0.25,0.6153846153846154,position_based
arctic_b0184,Vietnamese,HQTV,0.5,0.5384615384615384,position_based
arctic_b0184,Vietnamese,HQTV,0.75,0.2307692307692307,position_based
arctic_b0184,Vietnamese,HQTV,1.0,0.0,position_based
arctic_b0184,Hindi,SVBI,0.0,0.0,position_based
arctic_b0184,Hindi,SVBI,0.25,0.1538461538461538,position_based
arctic_b0184,Hindi,SVBI,0.5,0.2307692307692307,position_based
arctic_b0184,Hindi,SVBI,0.75,0.1538461538461538,position_based
arctic_b0184,Hindi,SVBI,1.0,0.0,position_based
arctic_b0184,Arabic,ZHAA,0.0,0.0,position_based
arctic_b0184,Arabic,ZHAA,0.25,0.1538461538461538,position_based
arctic_b0184,Arabic,ZHAA,0.5,0.3076923076923077,position_based
arctic_b0184,Arabic,ZHAA,0.75,0.1538461538461538,position_based
arctic_b0184,Arabic,ZHAA,1.0,0.0,position_based
arctic_b0188,Chinese,BWC,0.0,0.1,position_based
arctic_b0188,Chinese,BWC,0.25,0.3,position_based
arctic_b0188,Chinese,BWC,0.5,0.7,position_based
arctic_b0188,Chinese,BWC,0.75,0.4,position_based
arctic_b0188,Chinese,BWC,1.0,0.1,position_based
arctic_b0188,Spanish,EBVS,0.0,0.1,position_based
arctic_b0188,Spanish,EBVS,0.25,0.3,position_based
arctic_b0188,Spanish,EBVS,0.5,0.6,position_based
arctic_b0188,Spanish,EBVS,0.75,0.6,position_based
arctic_b0188,Spanish,EBVS,1.0,0.1,position_based
arctic_b0188,Korean,HJK,0.0,0.2,position_based
arctic_b0188,Korean,HJK,0.25,0.2,position_based
arctic_b0188,Korean,HJK,0.5,0.4,position_based
arctic_b0188,Korean,HJK,0.75,0.4,position_based
arctic_b0188,Korean,HJK,1.0,0.1,position_based
arctic_b0188,Vietnamese,HQTV,0.0,0.3,position_based
arctic_b0188,Vietnamese,HQTV,0.25,0.4,position_based
arctic_b0188,Vietnamese,HQTV,0.5,0.7,position_based
arctic_b0188,Vietnamese,HQTV,0.75,0.4,position_based
arctic_b0188,Vietnamese,HQTV,1.0,0.1,position_based
arctic_b0188,Hindi,SVBI,0.0,0.1,position_based
arctic_b0188,Hindi,SVBI,0.25,0.4,position_based
arctic_b0188,Hindi,SVBI,0.5,0.3,position_based
arctic_b0188,Hindi,SVBI,0.75,0.3,position_based
arctic_b0188,Hindi,SVBI,1.0,0.1,position_based
arctic_b0188,Arabic,ZHAA,0.0,0.0,position_based
arctic_b0188,Arabic,ZHAA,0.25,0.2,position_based
arctic_b0188,Arabic,ZHAA,0.5,0.6,position_based
arctic_b0188,Arabic,ZHAA,0.75,0.4,position_based
arctic_b0188,Arabic,ZHAA,1.0,0.1,position_based
arctic_b0195,Chinese,BWC,0.0,0.0,position_based
arctic_b0195,Chinese,BWC,0.25,0.1428571428571428,position_based
arctic_b0195,Chinese,BWC,0.5,0.1428571428571428,position_based
arctic_b0195,Chinese,BWC,0.75,0.2857142857142857,position_based
arctic_b0195,Chinese,BWC,1.0,0.0,position_based
arctic_b0195,Spanish,EBVS,0.0,0.4285714285714285,position_based
arctic_b0195,Spanish,EBVS,0.25,0.2857142857142857,position_based
arctic_b0195,Spanish,EBVS,0.5,0.1428571428571428,position_based
arctic_b0195,Spanish,EBVS,0.75,0.1428571428571428,position_based
arctic_b0195,Spanish,EBVS,1.0,0.0,position_based
arctic_b0195,Korean,HJK,0.0,0.0,position_based
arctic_b0195,Korean,HJK,0.25,0.1428571428571428,position_based
arctic_b0195,Korean,HJK,0.5,0.1428571428571428,position_based
arctic_b0195,Korean,HJK,0.75,0.1428571428571428,position_based
arctic_b0195,Korean,HJK,1.0,0.0,position_based
arctic_b0195,Vietnamese,HQTV,0.0,0.1428571428571428,position_based
arctic_b0195,Vietnamese,HQTV,0.25,0.2857142857142857,position_based
arctic_b0195,Vietnamese,HQTV,0.5,0.4285714285714285,position_based
arctic_b0195,Vietnamese,HQTV,0.75,0.2857142857142857,position_based
arctic_b0195,Vietnamese,HQTV,1.0,0.0,position_based
arctic_b0195,Hindi,SVBI,0.0,0.0,position_based
arctic_b0195,Hindi,SVBI,0.25,0.1428571428571428,position_based
arctic_b0195,Hindi,SVBI,0.5,0.2857142857142857,position_based
arctic_b0195,Hindi,SVBI,0.75,0.0,position_based
arctic_b0195,Hindi,SVBI,1.0,0.0,position_based
arctic_b0195,Arabic,ZHAA,0.0,0.1428571428571428,position_based
arctic_b0195,Arabic,ZHAA,0.25,0.0,position_based
arctic_b0195,Arabic,ZHAA,0.5,0.1428571428571428,position_based
arctic_b0195,Arabic,ZHAA,0.75,0.1428571428571428,position_based
arctic_b0195,Arabic,ZHAA,1.0,0.0,position_based
arctic_b0196,Chinese,BWC,0.0,0.0,position_based
arctic_b0196,Chinese,BWC,0.25,0.125,position_based
arctic_b0196,Chinese,BWC,0.5,0.5,position_based
arctic_b0196,Chinese,BWC,0.75,0.375,position_based
arctic_b0196,Chinese,BWC,1.0,0.25,position_based
arctic_b0196,Spanish,EBVS,0.0,0.25,position_based
arctic_b0196,Spanish,EBVS,0.25,0.25,position_based
arctic_b0196,Spanish,EBVS,0.5,0.5,position_based
arctic_b0196,Spanish,EBVS,0.75,0.375,position_based
arctic_b0196,Spanish,EBVS,1.0,0.25,position_based
arctic_b0196,Korean,HJK,0.0,0.0,position_based
arctic_b0196,Korean,HJK,0.25,0.0,position_based
arctic_b0196,Korean,HJK,0.5,0.25,position_based
arctic_b0196,Korean,HJK,0.75,0.125,position_based
arctic_b0196,Korean,HJK,1.0,0.25,position_based
arctic_b0196,Vietnamese,HQTV,0.0,0.25,position_based
arctic_b0196,Vietnamese,HQTV,0.25,0.25,position_based
arctic_b0196,Vietnamese,HQTV,0.5,0.25,position_based
arctic_b0196,Vietnamese,HQTV,0.75,0.25,position_based
arctic_b0196,Vietnamese,HQTV,1.0,0.25,position_based
arctic_b0196,Hindi,SVBI,0.0,0.0,position_based
arctic_b0196,Hindi,SVBI,0.25,0.0,position_based
arctic_b0196,Hindi,SVBI,0.5,0.0,position_based
arctic_b0196,Hindi,SVBI,0.75,0.125,position_based
arctic_b0196,Hindi,SVBI,1.0,0.25,position_based
arctic_b0196,Arabic,ZHAA,0.0,0.0,position_based
arctic_b0196,Arabic,ZHAA,0.25,0.125,position_based
arctic_b0196,Arabic,ZHAA,0.5,0.375,position_based
arctic_b0196,Arabic,ZHAA,0.75,0.25,position_based
arctic_b0196,Arabic,ZHAA,1.0,0.25,position_based
arctic_b0206,Chinese,BWC,0.0,0.1666666666666666,position_based
arctic_b0206,Chinese,BWC,0.25,0.4166666666666667,position_based
arctic_b0206,Chinese,BWC,0.5,0.5833333333333334,position_based
arctic_b0206,Chinese,BWC,0.75,0.3333333333333333,position_based
arctic_b0206,Chinese,BWC,1.0,0.0833333333333333,position_based
arctic_b0206,Spanish,EBVS,0.0,0.0833333333333333,position_based
arctic_b0206,Spanish,EBVS,0.25,0.5,position_based
arctic_b0206,Spanish,EBVS,0.5,0.6666666666666666,position_based
arctic_b0206,Spanish,EBVS,0.75,0.5,position_based
arctic_b0206,Spanish,EBVS,1.0,0.0833333333333333,position_based
arctic_b0206,Korean,HJK,0.0,0.0,position_based
arctic_b0206,Korean,HJK,0.25,0.0833333333333333,position_based
arctic_b0206,Korean,HJK,0.5,0.4166666666666667,position_based
arctic_b0206,Korean,HJK,0.75,0.25,position_based
arctic_b0206,Korean,HJK,1.0,0.0833333333333333,position_based
arctic_b0206,Vietnamese,HQTV,0.0,0.1666666666666666,position_based
arctic_b0206,Vietnamese,HQTV,0.25,0.3333333333333333,position_based
arctic_b0206,Vietnamese,HQTV,0.5,0.75,position_based
arctic_b0206,Vietnamese,HQTV,0.75,0.5,position_based
arctic_b0206,Vietnamese,HQTV,1.0,0.0833333333333333,position_based
arctic_b0206,Hindi,SVBI,0.0,0.0833333333333333,position_based
arctic_b0206,Hindi,SVBI,0.25,0.3333333333333333,position_based
arctic_b0206,Hindi,SVBI,0.5,0.4166666666666667,position_based
arctic_b0206,Hindi,SVBI,0.75,0.25,position_based
arctic_b0206,Hindi,SVBI,1.0,0.0833333333333333,position_based
arctic_b0206,Arabic,ZHAA,0.0,0.0,position_based
arctic_b0206,Arabic,ZHAA,0.25,0.1666666666666666,position_based
arctic_b0206,Arabic,ZHAA,0.5,0.3333333333333333,position_based
arctic_b0206,Arabic,ZHAA,0.75,0.25,position_based
arctic_b0206,Arabic,ZHAA,1.0,0.0833333333333333,position_based
arctic_b0217,Chinese,BWC,0.0,0.0,position_based
arctic_b0217,Chinese,BWC,0.25,0.0,position_based
arctic_b0217,Chinese,BWC,0.5,0.5,position_based
arctic_b0217,Chinese,BWC,0.75,0.125,position_based
arctic_b0217,Chinese,BWC,1.0,0.0,position_based
arctic_b0217,Spanish,EBVS,0.0,0.125,position_based
arctic_b0217,Spanish,EBVS,0.25,0.0,position_based
arctic_b0217,Spanish,EBVS,0.5,0.125,position_based
arctic_b0217,Spanish,EBVS,0.75,0.0,position_based
arctic_b0217,Spanish,EBVS,1.0,0.0,position_based
arctic_b0217,Korean,HJK,0.0,0.0,position_based
arctic_b0217,Korean,HJK,0.25,0.125,position_based
arctic_b0217,Korean,HJK,0.5,0.25,position_based
arctic_b0217,Korean,HJK,0.75,0.0,position_based
arctic_b0217,Korean,HJK,1.0,0.0,position_based
arctic_b0217,Vietnamese,HQTV,0.0,0.375,position_based
arctic_b0217,Vietnamese,HQTV,0.25,0.375,position_based
arctic_b0217,Vietnamese,HQTV,0.5,0.25,position_based
arctic_b0217,Vietnamese,HQTV,0.75,0.125,position_based
arctic_b0217,Vietnamese,HQTV,1.0,0.0,position_based
arctic_b0217,Hindi,SVBI,0.0,0.125,position_based
arctic_b0217,Hindi,SVBI,0.25,0.125,position_based
arctic_b0217,Hindi,SVBI,0.5,0.125,position_based
arctic_b0217,Hindi,SVBI,0.75,0.125,position_based
arctic_b0217,Hindi,SVBI,1.0,0.0,position_based
arctic_b0217,Arabic,ZHAA,0.0,0.125,position_based
arctic_b0217,Arabic,ZHAA,0.25,0.25,position_based
arctic_b0217,Arabic,ZHAA,0.5,0.375,position_based
arctic_b0217,Arabic,ZHAA,0.75,0.125,position_based
arctic_b0217,Arabic,ZHAA,1.0,0.0,position_based
arctic_b0219,Chinese,BWC,0.0,0.2222222222222222,position_based
arctic_b0219,Chinese,BWC,0.25,0.3333333333333333,position_based
arctic_b0219,Chinese,BWC,0.5,0.6666666666666666,position_based
arctic_b0219,Chinese,BWC,0.75,0.2222222222222222,position_based
arctic_b0219,Chinese,BWC,1.0,0.2222222222222222,position_based
arctic_b0219,Spanish,EBVS,0.0,0.4444444444444444,position_based
arctic_b0219,Spanish,EBVS,0.25,0.3333333333333333,position_based
arctic_b0219,Spanish,EBVS,0.5,0.3333333333333333,position_based
arctic_b0219,Spanish,EBVS,0.75,0.1111111111111111,position_based
arctic_b0219,Spanish,EBVS,1.0,0.2222222222222222,position_based
arctic_b0219,Korean,HJK,0.0,0.0,position_based
arctic_b0219,Korean,HJK,0.25,0.2222222222222222,position_based
arctic_b0219,Korean,HJK,0.5,0.3333333333333333,position_based
arctic_b0219,Korean,HJK,0.75,0.1111111111111111,position_based
arctic_b0219,Korean,HJK,1.0,0.1111111111111111,position_based
arctic_b0219,Vietnamese,HQTV,0.0,0.4444444444444444,position_based
arctic_b0219,Vietnamese,HQTV,0.25,0.3333333333333333,position_based
arctic_b0219,Vietnamese,HQTV,0.5,0.4444444444444444,position_based
arctic_b0219,Vietnamese,HQTV,0.75,0.2222222222222222,position_based
arctic_b0219,Vietnamese,HQTV,1.0,0.1111111111111111,position_based
arctic_b0219,Hindi,SVBI,0.0,0.0,position_based
arctic_b0219,Hindi,SVBI,0.25,0.2222222222222222,position_based
arctic_b0219,Hindi,SVBI,0.5,0.3333333333333333,position_based
arctic_b0219,Hindi,SVBI,0.75,0.2222222222222222,position_based
arctic_b0219,Hindi,SVBI,1.0,0.1111111111111111,position_based
arctic_b0219,Arabic,ZHAA,0.0,0.0,position_based
arctic_b0219,Arabic,ZHAA,0.25,0.3333333333333333,position_based
arctic_b0219,Arabic,ZHAA,0.5,0.3333333333333333,position_based
arctic_b0219,Arabic,ZHAA,0.75,0.3333333333333333,position_based
arctic_b0219,Arabic,ZHAA,1.0,0.1111111111111111,position_based
arctic_b0236,Chinese,BWC,0.0,0.0,position_based
arctic_b0236,Chinese,BWC,0.25,0.0909090909090909,position_based
arctic_b0236,Chinese,BWC,0.5,0.0909090909090909,position_based
arctic_b0236,Chinese,BWC,0.75,0.0909090909090909,position_based
arctic_b0236,Chinese,BWC,1.0,0.0,position_based
arctic_b0236,Spanish,EBVS,0.0,0.0,position_based
arctic_b0236,Spanish,EBVS,0.25,0.0,position_based
arctic_b0236,Spanish,EBVS,0.5,0.0909090909090909,position_based
arctic_b0236,Spanish,EBVS,0.75,0.0909090909090909,position_based
arctic_b0236,Spanish,EBVS,1.0,0.0,position_based
arctic_b0236,Korean,HJK,0.0,0.0,position_based
arctic_b0236,Korean,HJK,0.25,0.0909090909090909,position_based
arctic_b0236,Korean,HJK,0.5,0.1818181818181818,position_based
arctic_b0236,Korean,HJK,0.75,0.0909090909090909,position_based
arctic_b0236,Korean,HJK,1.0,0.0,position_based
arctic_b0236,Vietnamese,HQTV,0.0,0.0,position_based
arctic_b0236,Vietnamese,HQTV,0.25,0.0909090909090909,position_based
arctic_b0236,Vietnamese,HQTV,0.5,0.2727272727272727,position_based
arctic_b0236,Vietnamese,HQTV,0.75,0.0909090909090909,position_based
arctic_b0236,Vietnamese,HQTV,1.0,0.0,position_based
arctic_b0236,Hindi,SVBI,0.0,0.0909090909090909,position_based
arctic_b0236,Hindi,SVBI,0.25,0.0909090909090909,position_based
arctic_b0236,Hindi,SVBI,0.5,0.0909090909090909,position_based
arctic_b0236,Hindi,SVBI,0.75,0.1818181818181818,position_based
arctic_b0236,Hindi,SVBI,1.0,0.0,position_based
arctic_b0236,Arabic,ZHAA,0.0,0.2727272727272727,position_based
arctic_b0236,Arabic,ZHAA,0.25,0.0909090909090909,position_based
arctic_b0236,Arabic,ZHAA,0.5,0.0909090909090909,position_based
arctic_b0236,Arabic,ZHAA,0.75,0.0909090909090909,position_based
arctic_b0236,Arabic,ZHAA,1.0,0.0,position_based
arctic_b0237,Chinese,BWC,0.0,0.0,position_based
arctic_b0237,Chinese,BWC,0.25,0.1,position_based
arctic_b0237,Chinese,BWC,0.5,0.5,position_based
arctic_b0237,Chinese,BWC,0.75,0.4,position_based
arctic_b0237,Chinese,BWC,1.0,0.3,position_based
arctic_b0237,Spanish,EBVS,0.0,0.4,position_based
arctic_b0237,Spanish,EBVS,0.25,0.5,position_based
arctic_b0237,Spanish,EBVS,0.5,0.7,position_based
arctic_b0237,Spanish,EBVS,0.75,0.4,position_based
arctic_b0237,Spanish,EBVS,1.0,0.3,position_based
arctic_b0237,Korean,HJK,0.0,0.0,position_based
arctic_b0237,Korean,HJK,0.25,0.1,position_based
arctic_b0237,Korean,HJK,0.5,0.4,position_based
arctic_b0237,Korean,HJK,0.75,0.3,position_based
arctic_b0237,Korean,HJK,1.0,0.3,position_based
arctic_b0237,Vietnamese,HQTV,0.0,0.4,position_based
arctic_b0237,Vietnamese,HQTV,0.25,0.3,position_based
arctic_b0237,Vietnamese,HQTV,0.5,0.6,position_based
arctic_b0237,Vietnamese,HQTV,0.75,0.4,position_based
arctic_b0237,Vietnamese,HQTV,1.0,0.3,position_based
arctic_b0237,Hindi,SVBI,0.0,0.0,position_based
arctic_b0237,Hindi,SVBI,0.25,0.1,position_based
arctic_b0237,Hindi,SVBI,0.5,0.4,position_based
arctic_b0237,Hindi,SVBI,0.75,0.5,position_based
arctic_b0237,Hindi,SVBI,1.0,0.3,position_based
arctic_b0237,Arabic,ZHAA,0.0,0.1,position_based
arctic_b0237,Arabic,ZHAA,0.25,0.1,position_based
arctic_b0237,Arabic,ZHAA,0.5,0.5,position_based
arctic_b0237,Arabic,ZHAA,0.75,0.5,position_based
arctic_b0237,Arabic,ZHAA,1.0,0.3,position_based
arctic_b0253,Chinese,BWC,0.0,0.4444444444444444,position_based
arctic_b0253,Chinese,BWC,0.25,0.5555555555555556,position_based
arctic_b0253,Chinese,BWC,0.5,0.2222222222222222,position_based
arctic_b0253,Chinese,BWC,0.75,0.3333333333333333,position_based
arctic_b0253,Chinese,BWC,1.0,0.0,position_based
arctic_b0253,Spanish,EBVS,0.0,0.2222222222222222,position_based
arctic_b0253,Spanish,EBVS,0.25,0.3333333333333333,position_based
arctic_b0253,Spanish,EBVS,0.5,0.4444444444444444,position_based
arctic_b0253,Spanish,EBVS,0.75,0.3333333333333333,position_based
arctic_b0253,Spanish,EBVS,1.0,0.0,position_based
arctic_b0253,Korean,HJK,0.0,0.0,position_based
arctic_b0253,Korean,HJK,0.25,0.2222222222222222,position_based
arctic_b0253,Korean,HJK,0.5,0.3333333333333333,position_based
arctic_b0253,Korean,HJK,0.75,0.2222222222222222,position_based
arctic_b0253,Korean,HJK,1.0,0.0,position_based
arctic_b0253,Vietnamese,HQTV,0.0,0.2222222222222222,position_based
arctic_b0253,Vietnamese,HQTV,0.25,0.3333333333333333,position_based
arctic_b0253,Vietnamese,HQTV,0.5,0.4444444444444444,position_based
arctic_b0253,Vietnamese,HQTV,0.75,0.3333333333333333,position_based
arctic_b0253,Vietnamese,HQTV,1.0,0.0,position_based
arctic_b0253,Hindi,SVBI,0.0,0.1111111111111111,position_based
arctic_b0253,Hindi,SVBI,0.25,0.1111111111111111,position_based
arctic_b0253,Hindi,SVBI,0.5,0.2222222222222222,position_based
arctic_b0253,Hindi,SVBI,0.75,0.1111111111111111,position_based
arctic_b0253,Hindi,SVBI,1.0,0.0,position_based
arctic_b0253,Arabic,ZHAA,0.0,0.1111111111111111,position_based
arctic_b0253,Arabic,ZHAA,0.25,0.2222222222222222,position_based
arctic_b0253,Arabic,ZHAA,0.5,0.2222222222222222,position_based
arctic_b0253,Arabic,ZHAA,0.75,0.3333333333333333,position_based
arctic_b0253,Arabic,ZHAA,1.0,0.0,position_based
arctic_b0257,Chinese,BWC,0.0,0.1666666666666666,position_based
arctic_b0257,Chinese,BWC,0.25,0.3333333333333333,position_based
arctic_b0257,Chinese,BWC,0.5,0.3333333333333333,position_based
arctic_b0257,Chinese,BWC,0.75,0.6666666666666666,position_based
arctic_b0257,Chinese,BWC,1.0,0.0,position_based
arctic_b0257,Spanish,EBVS,0.0,0.1666666666666666,position_based
arctic_b0257,Spanish,EBVS,0.25,0.5,position_based
arctic_b0257,Spanish,EBVS,0.5,0.5,position_based
arctic_b0257,Spanish,EBVS,0.75,0.3333333333333333,position_based
arctic_b0257,Spanish,EBVS,1.0,0.0,position_based
arctic_b0257,Korean,HJK,0.0,0.0,position_based
arctic_b0257,Korean,HJK,0.25,0.3333333333333333,position_based
arctic_b0257,Korean,HJK,0.5,0.5,position_based
arctic_b0257,Korean,HJK,0.75,0.3333333333333333,position_based
arctic_b0257,Korean,HJK,1.0,0.0,position_based
arctic_b0257,Vietnamese,HQTV,0.0,0.6666666666666666,position_based
arctic_b0257,Vietnamese,HQTV,0.25,0.5,position_based
arctic_b0257,Vietnamese,HQTV,0.5,0.5,position_based
arctic_b0257,Vietnamese,HQTV,0.75,0.5,position_based
arctic_b0257,Vietnamese,HQTV,1.0,0.0,position_based
arctic_b0257,Hindi,SVBI,0.0,0.0,position_based
arctic_b0257,Hindi,SVBI,0.25,0.1666666666666666,position_based
arctic_b0257,Hindi,SVBI,0.5,0.1666666666666666,position_based
arctic_b0257,Hindi,SVBI,0.75,0.5,position_based
arctic_b0257,Hindi,SVBI,1.0,0.0,position_based
arctic_b0257,Arabic,ZHAA,0.0,0.3333333333333333,position_based
arctic_b0257,Arabic,ZHAA,0.25,0.6666666666666666,position_based
arctic_b0257,Arabic,ZHAA,0.5,0.8333333333333334,position_based
arctic_b0257,Arabic,ZHAA,0.75,0.5,position_based
arctic_b0257,Arabic,ZHAA,1.0,0.0,position_based
arctic_b0268,Chinese,BWC,0.0,0.1666666666666666,position_based
arctic_b0268,Chinese,BWC,0.25,0.5,position_based
arctic_b0268,Chinese,BWC,0.5,0.5,position_based
arctic_b0268,Chinese,BWC,0.75,0.3333333333333333,position_based
arctic_b0268,Chinese,BWC,1.0,0.0,position_based
arctic_b0268,Spanish,EBVS,0.0,0.5,position_based
arctic_b0268,Spanish,EBVS,0.25,0.1666666666666666,position_based
arctic_b0268,Spanish,EBVS,0.5,0.3333333333333333,position_based
arctic_b0268,Spanish,EBVS,0.75,0.1666666666666666,position_based
arctic_b0268,Spanish,EBVS,1.0,0.0,position_based
arctic_b0268,Korean,HJK,0.0,0.0,position_based
arctic_b0268,Korean,HJK,0.25,0.0,position_based
arctic_b0268,Korean,HJK,0.5,0.0,position_based
arctic_b0268,Korean,HJK,0.75,0.0,position_based
arctic_b0268,Korean,HJK,1.0,0.0,position_based
arctic_b0268,Vietnamese,HQTV,0.0,0.1666666666666666,position_based
arctic_b0268,Vietnamese,HQTV,0.25,0.6666666666666666,position_based
arctic_b0268,Vietnamese,HQTV,0.5,0.1666666666666666,position_based
arctic_b0268,Vietnamese,HQTV,0.75,0.1666666666666666,position_based
arctic_b0268,Vietnamese,HQTV,1.0,0.0,position_based
arctic_b0268,Hindi,SVBI,0.0,0.0,position_based
arctic_b0268,Hindi,SVBI,0.25,0.0,position_based
arctic_b0268,Hindi,SVBI,0.5,0.0,position_based
arctic_b0268,Hindi,SVBI,0.75,0.0,position_based
arctic_b0268,Hindi,SVBI,1.0,0.3333333333333333,position_based
arctic_b0268,Arabic,ZHAA,0.0,0.0,position_based
arctic_b0268,Arabic,ZHAA,0.25,0.0,position_based
arctic_b0268,Arabic,ZHAA,0.5,0.3333333333333333,position_based
arctic_b0268,Arabic,ZHAA,0.75,0.1666666666666666,position_based
arctic_b0268,Arabic,ZHAA,1.0,0.0,position_based
arctic_b0269,Chinese,BWC,0.0,0.4444444444444444,position_based
arctic_b0269,Chinese,BWC,0.25,0.3333333333333333,position_based
arctic_b0269,Chinese,BWC,0.5,0.3333333333333333,position_based
arctic_b0269,Chinese,BWC,0.75,0.1111111111111111,position_based
arctic_b0269,Chinese,BWC,1.0,0.0,position_based
arctic_b0269,Spanish,EBVS,0.0,0.5,position_based
arctic_b0269,Spanish,EBVS,0.25,0.25,position_based
arctic_b0269,Spanish,EBVS,0.5,0.25,position_based
arctic_b0269,Spanish,EBVS,0.75,0.25,position_based
arctic_b0269,Spanish,EBVS,1.0,0.125,position_based
arctic_b0269,Korean,HJK,0.0,0.0,position_based
arctic_b0269,Korean,HJK,0.25,0.1111111111111111,position_based
arctic_b0269,Korean,HJK,0.5,0.2222222222222222,position_based
arctic_b0269,Korean,HJK,0.75,0.1111111111111111,position_based
arctic_b0269,Korean,HJK,1.0,0.0,position_based
arctic_b0269,Vietnamese,HQTV,0.0,0.2222222222222222,position_based
arctic_b0269,Vietnamese,HQTV,0.25,0.3333333333333333,position_based
arctic_b0269,Vietnamese,HQTV,0.5,0.6666666666666666,position_based
arctic_b0269,Vietnamese,HQTV,0.75,0.1111111111111111,position_based
arctic_b0269,Vietnamese,HQTV,1.0,0.0,position_based
arctic_b0269,Hindi,SVBI,0.0,0.1111111111111111,position_based
arctic_b0269,Hindi,SVBI,0.25,0.1111111111111111,position_based
arctic_b0269,Hindi,SVBI,0.5,0.1111111111111111,position_based
arctic_b0269,Hindi,SVBI,0.75,0.0,position_based
arctic_b0269,Hindi,SVBI,1.0,0.0,position_based
arctic_b0269,Arabic,ZHAA,0.0,0.0,position_based
arctic_b0269,Arabic,ZHAA,0.25,0.3333333333333333,position_based
arctic_b0269,Arabic,ZHAA,0.5,0.2222222222222222,position_based
arctic_b0269,Arabic,ZHAA,0.75,0.0,position_based
arctic_b0269,Arabic,ZHAA,1.0,0.0,position_based
arctic_b0275,Chinese,BWC,0.0,0.0,position_based
arctic_b0275,Chinese,BWC,0.25,0.1428571428571428,position_based
arctic_b0275,Chinese,BWC,0.5,0.1428571428571428,position_based
arctic_b0275,Chinese,BWC,0.75,0.0,position_based
arctic_b0275,Chinese,BWC,1.0,0.0,position_based
arctic_b0275,Spanish,EBVS,0.0,0.0,position_based
arctic_b0275,Spanish,EBVS,0.25,0.1428571428571428,position_based
arctic_b0275,Spanish,EBVS,0.5,0.2857142857142857,position_based
arctic_b0275,Spanish,EBVS,0.75,0.2857142857142857,position_based
arctic_b0275,Spanish,EBVS,1.0,0.0,position_based
arctic_b0275,Korean,HJK,0.0,0.0,position_based
arctic_b0275,Korean,HJK,0.25,0.0,position_based
arctic_b0275,Korean,HJK,0.5,0.0,position_based
arctic_b0275,Korean,HJK,0.75,0.0,position_based
arctic_b0275,Korean,HJK,1.0,0.0,position_based
arctic_b0275,Vietnamese,HQTV,0.0,0.1428571428571428,position_based
arctic_b0275,Vietnamese,HQTV,0.25,0.1428571428571428,position_based
arctic_b0275,Vietnamese,HQTV,0.5,0.1428571428571428,position_based
arctic_b0275,Vietnamese,HQTV,0.75,0.0,position_based
arctic_b0275,Vietnamese,HQTV,1.0,0.0,position_based
arctic_b0275,Hindi,SVBI,0.0,0.0,position_based
arctic_b0275,Hindi,SVBI,0.25,0.0,position_based
arctic_b0275,Hindi,SVBI,0.5,0.0,position_based
arctic_b0275,Hindi,SVBI,0.75,0.0,position_based
arctic_b0275,Hindi,SVBI,1.0,0.0,position_based
arctic_b0275,Arabic,ZHAA,0.0,0.0,position_based
arctic_b0275,Arabic,ZHAA,0.25,0.1428571428571428,position_based
arctic_b0275,Arabic,ZHAA,0.5,0.4285714285714285,position_based
arctic_b0275,Arabic,ZHAA,0.75,0.1428571428571428,position_based
arctic_b0275,Arabic,ZHAA,1.0,0.0,position_based
arctic_b0282,Chinese,BWC,0.0,0.0,position_based
arctic_b0282,Chinese,BWC,0.25,0.3333333333333333,position_based
arctic_b0282,Chinese,BWC,0.5,0.3333333333333333,position_based
arctic_b0282,Chinese,BWC,0.75,0.3333333333333333,position_based
arctic_b0282,Chinese,BWC,1.0,0.1111111111111111,position_based
arctic_b0282,Spanish,EBVS,0.0,0.4444444444444444,position_based
arctic_b0282,Spanish,EBVS,0.25,0.3333333333333333,position_based
arctic_b0282,Spanish,EBVS,0.5,0.2222222222222222,position_based
arctic_b0282,Spanish,EBVS,0.75,0.2222222222222222,position_based
arctic_b0282,Spanish,EBVS,1.0,0.1111111111111111,position_based
arctic_b0282,Korean,HJK,0.0,0.0,position_based
arctic_b0282,Korean,HJK,0.25,0.1111111111111111,position_based
arctic_b0282,Korean,HJK,0.5,0.2222222222222222,position_based
arctic_b0282,Korean,HJK,0.75,0.2222222222222222,position_based
arctic_b0282,Korean,HJK,1.0,0.1111111111111111,position_based
arctic_b0282,Vietnamese,HQTV,0.0,0.2222222222222222,position_based
arctic_b0282,Vietnamese,HQTV,0.25,0.2222222222222222,position_based
arctic_b0282,Vietnamese,HQTV,0.5,0.3333333333333333,position_based
arctic_b0282,Vietnamese,HQTV,0.75,0.2222222222222222,position_based
arctic_b0282,Vietnamese,HQTV,1.0,0.1111111111111111,position_based
arctic_b0282,Hindi,SVBI,0.0,0.0,position_based
arctic_b0282,Hindi,SVBI,0.25,0.1111111111111111,position_based
arctic_b0282,Hindi,SVBI,0.5,0.1111111111111111,position_based
arctic_b0282,Hindi,SVBI,0.75,0.1111111111111111,position_based
arctic_b0282,Hindi,SVBI,1.0,0.1111111111111111,position_based
arctic_b0282,Arabic,ZHAA,0.0,0.3333333333333333,position_based
arctic_b0282,Arabic,ZHAA,0.25,0.3333333333333333,position_based
arctic_b0282,Arabic,ZHAA,0.5,0.3333333333333333,position_based
arctic_b0282,Arabic,ZHAA,0.75,0.1111111111111111,position_based
arctic_b0282,Arabic,ZHAA,1.0,0.1111111111111111,position_based
arctic_b0291,Chinese,BWC,0.0,0.25,position_based
arctic_b0291,Chinese,BWC,0.25,0.125,position_based
arctic_b0291,Chinese,BWC,0.5,0.125,position_based
arctic_b0291,Chinese,BWC,0.75,0.375,position_based
arctic_b0291,Chinese,BWC,1.0,0.0,position_based
arctic_b0291,Spanish,EBVS,0.0,0.5,position_based
arctic_b0291,Spanish,EBVS,0.25,0.375,position_based
arctic_b0291,Spanish,EBVS,0.5,0.375,position_based
arctic_b0291,Spanish,EBVS,0.75,0.125,position_based
arctic_b0291,Spanish,EBVS,1.0,0.0,position_based
arctic_b0291,Korean,HJK,0.0,0.0,position_based
arctic_b0291,Korean,HJK,0.25,0.125,position_based
arctic_b0291,Korean,HJK,0.5,0.375,position_based
arctic_b0291,Korean,HJK,0.75,0.125,position_based
arctic_b0291,Korean,HJK,1.0,0.125,position_based
arctic_b0291,Vietnamese,HQTV,0.0,0.125,position_based
arctic_b0291,Vietnamese,HQTV,0.25,0.125,position_based
arctic_b0291,Vietnamese,HQTV,0.5,0.25,position_based
arctic_b0291,Vietnamese,HQTV,0.75,0.125,position_based
arctic_b0291,Vietnamese,HQTV,1.0,0.0,position_based
arctic_b0291,Hindi,SVBI,0.0,0.0,position_based
arctic_b0291,Hindi,SVBI,0.25,0.375,position_based
arctic_b0291,Hindi,SVBI,0.5,0.375,position_based
arctic_b0291,Hindi,SVBI,0.75,0.125,position_based
arctic_b0291,Hindi,SVBI,1.0,0.0,position_based
arctic_b0291,Arabic,ZHAA,0.0,0.375,position_based
arctic_b0291,Arabic,ZHAA,0.25,0.125,position_based
arctic_b0291,Arabic,ZHAA,0.5,0.375,position_based
arctic_b0291,Arabic,ZHAA,0.75,0.375,position_based
arctic_b0291,Arabic,ZHAA,1.0,0.0,position_based
arctic_b0298,Chinese,BWC,0.0,0.0909090909090909,position_based
arctic_b0298,Chinese,BWC,0.25,0.3636363636363636,position_based
arctic_b0298,Chinese,BWC,0.5,0.5454545454545454,position_based
arctic_b0298,Chinese,BWC,0.75,0.1818181818181818,position_based
arctic_b0298,Chinese,BWC,1.0,0.2727272727272727,position_based
arctic_b0298,Spanish,EBVS,0.0,0.2727272727272727,position_based
arctic_b0298,Spanish,EBVS,0.25,0.0909090909090909,position_based
arctic_b0298,Spanish,EBVS,0.5,0.4545454545454545,position_based
arctic_b0298,Spanish,EBVS,0.75,0.1818181818181818,position_based
arctic_b0298,Spanish,EBVS,1.0,0.0,position_based
arctic_b0298,Korean,HJK,0.0,0.0909090909090909,position_based
arctic_b0298,Korean,HJK,0.25,0.0909090909090909,position_based
arctic_b0298,Korean,HJK,0.5,0.6363636363636364,position_based
arctic_b0298,Korean,HJK,0.75,0.1818181818181818,position_based
arctic_b0298,Korean,HJK,1.0,0.2727272727272727,position_based
arctic_b0298,Vietnamese,HQTV,0.0,0.1818181818181818,position_based
arctic_b0298,Vietnamese,HQTV,0.25,0.5454545454545454,position_based
arctic_b0298,Vietnamese,HQTV,0.5,0.5454545454545454,position_based
arctic_b0298,Vietnamese,HQTV,0.75,0.2727272727272727,position_based
arctic_b0298,Vietnamese,HQTV,1.0,0.0909090909090909,position_based
arctic_b0298,Hindi,SVBI,0.0,0.0,position_based
arctic_b0298,Hindi,SVBI,0.25,0.0909090909090909,position_based
arctic_b0298,Hindi,SVBI,0.5,0.1818181818181818,position_based
arctic_b0298,Hindi,SVBI,0.75,0.0909090909090909,position_based
arctic_b0298,Hindi,SVBI,1.0,0.0,position_based
arctic_b0298,Arabic,ZHAA,0.0,0.0,position_based
arctic_b0298,Arabic,ZHAA,0.25,0.0909090909090909,position_based
arctic_b0298,Arabic,ZHAA,0.5,0.3636363636363636,position_based
arctic_b0298,Arabic,ZHAA,0.75,0.1818181818181818,position_based
arctic_b0298,Arabic,ZHAA,1.0,0.1818181818181818,position_based
arctic_b0308,Chinese,BWC,0.0,0.0,position_based
arctic_b0308,Chinese,BWC,0.25,0.0,position_based
arctic_b0308,Chinese,BWC,0.5,0.0,position_based
arctic_b0308,Chinese,BWC,0.75,0.0,position_based
arctic_b0308,Chinese,BWC,1.0,0.0,position_based
arctic_b0308,Spanish,EBVS,0.0,0.0,position_based
arctic_b0308,Spanish,EBVS,0.25,0.0,position_based
arctic_b0308,Spanish,EBVS,0.5,0.0,position_based
arctic_b0308,Spanish,EBVS,0.75,0.0,position_based
arctic_b0308,Spanish,EBVS,1.0,0.0,position_based
arctic_b0308,Korean,HJK,0.0,0.0,position_based
arctic_b0308,Korean,HJK,0.25,0.0,position_based
arctic_b0308,Korean,HJK,0.5,0.0,position_based
arctic_b0308,Korean,HJK,0.75,0.2,position_based
arctic_b0308,Korean,HJK,1.0,0.0,position_based
arctic_b0308,Vietnamese,HQTV,0.0,0.4,position_based
arctic_b0308,Vietnamese,HQTV,0.25,0.4,position_based
arctic_b0308,Vietnamese,HQTV,0.5,0.0,position_based
arctic_b0308,Vietnamese,HQTV,0.75,0.0,position_based
arctic_b0308,Vietnamese,HQTV,1.0,0.0,position_based
arctic_b0308,Hindi,SVBI,0.0,0.0,position_based
arctic_b0308,Hindi,SVBI,0.25,0.0,position_based
arctic_b0308,Hindi,SVBI,0.5,0.0,position_based
arctic_b0308,Hindi,SVBI,0.75,0.0,position_based
arctic_b0308,Hindi,SVBI,1.0,0.0,position_based
arctic_b0308,Arabic,ZHAA,0.0,0.0,position_based
arctic_b0308,Arabic,ZHAA,0.25,0.0,position_based
arctic_b0308,Arabic,ZHAA,0.5,0.0,position_based
arctic_b0308,Arabic,ZHAA,0.75,0.0,position_based
arctic_b0308,Arabic,ZHAA,1.0,0.0,position_based
arctic_b0315,Chinese,BWC,0.0,0.2222222222222222,position_based
arctic_b0315,Chinese,BWC,0.25,0.3333333333333333,position_based
arctic_b0315,Chinese,BWC,0.5,0.3333333333333333,position_based
arctic_b0315,Chinese,BWC,0.75,0.1111111111111111,position_based
arctic_b0315,Chinese,BWC,1.0,0.0,position_based
arctic_b0315,Spanish,EBVS,0.0,0.0,position_based
arctic_b0315,Spanish,EBVS,0.25,0.1111111111111111,position_based
arctic_b0315,Spanish,EBVS,0.5,0.1111111111111111,position_based
arctic_b0315,Spanish,EBVS,0.75,0.1111111111111111,position_based
arctic_b0315,Spanish,EBVS,1.0,0.0,position_based
arctic_b0315,Korean,HJK,0.0,0.0,position_based
arctic_b0315,Korean,HJK,0.25,0.0,position_based
arctic_b0315,Korean,HJK,0.5,0.0,position_based
arctic_b0315,Korean,HJK,0.75,0.0,position_based
arctic_b0315,Korean,HJK,1.0,0.0,position_based
arctic_b0315,Vietnamese,HQTV,0.0,0.2222222222222222,position_based
arctic_b0315,Vietnamese,HQTV,0.25,0.1111111111111111,position_based
arctic_b0315,Vietnamese,HQTV,0.5,0.1111111111111111,position_based
arctic_b0315,Vietnamese,HQTV,0.75,0.1111111111111111,position_based
arctic_b0315,Vietnamese,HQTV,1.0,0.0,position_based
arctic_b0315,Hindi,SVBI,0.0,0.0,position_based
arctic_b0315,Hindi,SVBI,0.25,0.0,position_based
arctic_b0315,Hindi,SVBI,0.5,0.0,position_based
arctic_b0315,Hindi,SVBI,0.75,0.0,position_based
arctic_b0315,Hindi,SVBI,1.0,0.0,position_based
arctic_b0315,Arabic,ZHAA,0.0,0.0,position_based
arctic_b0315,Arabic,ZHAA,0.25,0.0,position_based
arctic_b0315,Arabic,ZHAA,0.5,0.1111111111111111,position_based
arctic_b0315,Arabic,ZHAA,0.75,0.1111111111111111,position_based
arctic_b0315,Arabic,ZHAA,1.0,0.0,position_based
arctic_b0349,Chinese,BWC,0.0,0.1818181818181818,position_based
arctic_b0349,Chinese,BWC,0.25,0.3636363636363636,position_based
arctic_b0349,Chinese,BWC,0.5,0.3636363636363636,position_based
arctic_b0349,Chinese,BWC,0.75,0.0909090909090909,position_based
arctic_b0349,Chinese,BWC,1.0,0.0,position_based
arctic_b0349,Spanish,EBVS,0.0,0.0909090909090909,position_based
arctic_b0349,Spanish,EBVS,0.25,0.0909090909090909,position_based
arctic_b0349,Spanish,EBVS,0.5,0.0909090909090909,position_based
arctic_b0349,Spanish,EBVS,0.75,0.0909090909090909,position_based
arctic_b0349,Spanish,EBVS,1.0,0.0,position_based
arctic_b0349,Korean,HJK,0.0,0.0,position_based
arctic_b0349,Korean,HJK,0.25,0.0909090909090909,position_based
arctic_b0349,Korean,HJK,0.5,0.1818181818181818,position_based
arctic_b0349,Korean,HJK,0.75,0.0909090909090909,position_based
arctic_b0349,Korean,HJK,1.0,0.0,position_based
arctic_b0349,Vietnamese,HQTV,0.0,0.2727272727272727,position_based
arctic_b0349,Vietnamese,HQTV,0.25,0.0909090909090909,position_based
arctic_b0349,Vietnamese,HQTV,0.5,0.2727272727272727,position_based
arctic_b0349,Vietnamese,HQTV,0.75,0.1818181818181818,position_based
arctic_b0349,Vietnamese,HQTV,1.0,0.0,position_based
arctic_b0349,Hindi,SVBI,0.0,0.0909090909090909,position_based
arctic_b0349,Hindi,SVBI,0.25,0.1818181818181818,position_based
arctic_b0349,Hindi,SVBI,0.5,0.3636363636363636,position_based
arctic_b0349,Hindi,SVBI,0.75,0.1818181818181818,position_based
arctic_b0349,Hindi,SVBI,1.0,0.0909090909090909,position_based
arctic_b0349,Arabic,ZHAA,0.0,0.0,position_based
arctic_b0349,Arabic,ZHAA,0.25,0.0909090909090909,position_based
arctic_b0349,Arabic,ZHAA,0.5,0.4545454545454545,position_based
arctic_b0349,Arabic,ZHAA,0.75,0.1818181818181818,position_based
arctic_b0349,Arabic,ZHAA,1.0,0.0,position_based
arctic_b0362,Chinese,BWC,0.0,0.0,position_based
arctic_b0362,Chinese,BWC,0.25,0.2307692307692307,position_based
arctic_b0362,Chinese,BWC,0.5,0.4615384615384615,position_based
arctic_b0362,Chinese,BWC,0.75,0.2307692307692307,position_based
arctic_b0362,Chinese,BWC,1.0,0.0769230769230769,position_based
arctic_b0362,Spanish,EBVS,0.0,0.0,position_based
arctic_b0362,Spanish,EBVS,0.25,0.3076923076923077,position_based
arctic_b0362,Spanish,EBVS,0.5,0.5384615384615384,position_based
arctic_b0362,Spanish,EBVS,0.75,0.1538461538461538,position_based
arctic_b0362,Spanish,EBVS,1.0,0.0769230769230769,position_based
arctic_b0362,Korean,HJK,0.0,0.0,position_based
arctic_b0362,Korean,HJK,0.25,0.0769230769230769,position_based
arctic_b0362,Korean,HJK,0.5,0.3846153846153846,position_based
arctic_b0362,Korean,HJK,0.75,0.0769230769230769,position_based
arctic_b0362,Korean,HJK,1.0,0.0769230769230769,position_based
arctic_b0362,Vietnamese,HQTV,0.0,0.1538461538461538,position_based
arctic_b0362,Vietnamese,HQTV,0.25,0.3846153846153846,position_based
arctic_b0362,Vietnamese,HQTV,0.5,0.5384615384615384,position_based
arctic_b0362,Vietnamese,HQTV,0.75,0.1538461538461538,position_based
arctic_b0362,Vietnamese,HQTV,1.0,0.0769230769230769,position_based
arctic_b0362,Hindi,SVBI,0.0,0.0,position_based
arctic_b0362,Hindi,SVBI,0.25,0.2307692307692307,position_based
arctic_b0362,Hindi,SVBI,0.5,0.3846153846153846,position_based
arctic_b0362,Hindi,SVBI,0.75,0.2307692307692307,position_based
arctic_b0362,Hindi,SVBI,1.0,0.0769230769230769,position_based
arctic_b0362,Arabic,ZHAA,0.0,0.0769230769230769,position_based
arctic_b0362,Arabic,ZHAA,0.25,0.1538461538461538,position_based
arctic_b0362,Arabic,ZHAA,0.5,0.4615384615384615,position_based
arctic_b0362,Arabic,ZHAA,0.75,0.0769230769230769,position_based
arctic_b0362,Arabic,ZHAA,1.0,0.0769230769230769,position_based
arctic_b0370,Chinese,BWC,0.0,0.0,position_based
arctic_b0370,Chinese,BWC,0.25,0.4285714285714285,position_based
arctic_b0370,Chinese,BWC,0.5,0.5714285714285714,position_based
arctic_b0370,Chinese,BWC,0.75,0.2857142857142857,position_based
arctic_b0370,Chinese,BWC,1.0,0.0,position_based
arctic_b0370,Spanish,EBVS,0.0,0.0,position_based
arctic_b0370,Spanish,EBVS,0.25,0.2857142857142857,position_based
arctic_b0370,Spanish,EBVS,0.5,0.4285714285714285,position_based
arctic_b0370,Spanish,EBVS,0.75,0.2857142857142857,position_based
arctic_b0370,Spanish,EBVS,1.0,0.0,position_based
arctic_b0370,Korean,HJK,0.0,0.0,position_based
arctic_b0370,Korean,HJK,0.25,0.1428571428571428,position_based
arctic_b0370,Korean,HJK,0.5,0.4285714285714285,position_based
arctic_b0370,Korean,HJK,0.75,0.2857142857142857,position_based
arctic_b0370,Korean,HJK,1.0,0.0,position_based
arctic_b0370,Vietnamese,HQTV,0.0,0.1428571428571428,position_based
arctic_b0370,Vietnamese,HQTV,0.25,0.2857142857142857,position_based
arctic_b0370,Vietnamese,HQTV,0.5,0.4285714285714285,position_based
arctic_b0370,Vietnamese,HQTV,0.75,0.4285714285714285,position_based
arctic_b0370,Vietnamese,HQTV,1.0,0.0,position_based
arctic_b0370,Hindi,SVBI,0.0,0.1428571428571428,position_based
arctic_b0370,Hindi,SVBI,0.25,0.2857142857142857,position_based
arctic_b0370,Hindi,SVBI,0.5,0.2857142857142857,position_based
arctic_b0370,Hindi,SVBI,0.75,0.4285714285714285,position_based
arctic_b0370,Hindi,SVBI,1.0,0.0,position_based
arctic_b0370,Arabic,ZHAA,0.0,0.1428571428571428,position_based
arctic_b0370,Arabic,ZHAA,0.25,0.5714285714285714,position_based
arctic_b0370,Arabic,ZHAA,0.5,0.5714285714285714,position_based
arctic_b0370,Arabic,ZHAA,0.75,0.2857142857142857,position_based
arctic_b0370,Arabic,ZHAA,1.0,0.0,position_based
arctic_b0380,Chinese,BWC,0.0,0.0,position_based
arctic_b0380,Chinese,BWC,0.25,0.3636363636363636,position_based
arctic_b0380,Chinese,BWC,0.5,0.6363636363636364,position_based
arctic_b0380,Chinese,BWC,0.75,0.3636363636363636,position_based
arctic_b0380,Chinese,BWC,1.0,0.1818181818181818,position_based
arctic_b0380,Spanish,EBVS,0.0,0.0,position_based
arctic_b0380,Spanish,EBVS,0.25,0.2727272727272727,position_based
arctic_b0380,Spanish,EBVS,0.5,0.3636363636363636,position_based
arctic_b0380,Spanish,EBVS,0.75,0.2727272727272727,position_based
arctic_b0380,Spanish,EBVS,1.0,0.0,position_based
arctic_b0380,Korean,HJK,0.0,0.1818181818181818,position_based
arctic_b0380,Korean,HJK,0.25,0.1818181818181818,position_based
arctic_b0380,Korean,HJK,0.5,0.1818181818181818,position_based
arctic_b0380,Korean,HJK,0.75,0.2727272727272727,position_based
arctic_b0380,Korean,HJK,1.0,0.0,position_based
arctic_b0380,Vietnamese,HQTV,0.0,0.2727272727272727,position_based
arctic_b0380,Vietnamese,HQTV,0.25,0.2727272727272727,position_based
arctic_b0380,Vietnamese,HQTV,0.5,0.4545454545454545,position_based
arctic_b0380,Vietnamese,HQTV,0.75,0.3636363636363636,position_based
arctic_b0380,Vietnamese,HQTV,1.0,0.0,position_based
arctic_b0380,Hindi,SVBI,0.0,0.1818181818181818,position_based
arctic_b0380,Hindi,SVBI,0.25,0.1818181818181818,position_based
arctic_b0380,Hindi,SVBI,0.5,0.2727272727272727,position_based
arctic_b0380,Hindi,SVBI,0.75,0.1818181818181818,position_based
arctic_b0380,Hindi,SVBI,1.0,0.0,position_based
arctic_b0380,Arabic,ZHAA,0.0,0.0,position_based
arctic_b0380,Arabic,ZHAA,0.25,0.1818181818181818,position_based
arctic_b0380,Arabic,ZHAA,0.5,0.2727272727272727,position_based
arctic_b0380,Arabic,ZHAA,0.75,0.1818181818181818,position_based
arctic_b0380,Arabic,ZHAA,1.0,0.0,position_based
arctic_b0410,Chinese,BWC,0.0,0.0,position_based
arctic_b0410,Chinese,BWC,0.25,0.1,position_based
arctic_b0410,Chinese,BWC,0.5,0.3,position_based
arctic_b0410,Chinese,BWC,0.75,0.2,position_based
arctic_b0410,Chinese,BWC,1.0,0.0,position_based
arctic_b0410,Korean,HJK,0.0,0.0,position_based
arctic_b0410,Korean,HJK,0.25,0.0,position_based
arctic_b0410,Korean,HJK,0.5,0.0,position_based
arctic_b0410,Korean,HJK,0.75,0.0,position_based
arctic_b0410,Korean,HJK,1.0,0.0,position_based
arctic_b0410,Vietnamese,HQTV,0.0,0.0,position_based
arctic_b0410,Vietnamese,HQTV,0.25,0.2,position_based
arctic_b0410,Vietnamese,HQTV,0.5,0.2,position_based
arctic_b0410,Vietnamese,HQTV,0.75,0.1,position_based
arctic_b0410,Vietnamese,HQTV,1.0,0.0,position_based
arctic_b0410,Hindi,SVBI,0.0,0.3,position_based
arctic_b0410,Hindi,SVBI,0.25,0.3,position_based
arctic_b0410,Hindi,SVBI,0.5,0.3,position_based
arctic_b0410,Hindi,SVBI,0.75,0.1,position_based
arctic_b0410,Hindi,SVBI,1.0,0.0,position_based
arctic_b0410,Arabic,ZHAA,0.0,0.0,position_based
arctic_b0410,Arabic,ZHAA,0.25,0.1,position_based
arctic_b0410,Arabic,ZHAA,0.5,0.1,position_based
arctic_b0410,Arabic,ZHAA,0.75,0.1,position_based
arctic_b0410,Arabic,ZHAA,1.0,0.0,position_based
arctic_b0418,Chinese,BWC,0.0,0.2727272727272727,position_based
arctic_b0418,Chinese,BWC,0.25,0.3636363636363636,position_based
arctic_b0418,Chinese,BWC,0.5,0.1818181818181818,position_based
arctic_b0418,Chinese,BWC,0.75,0.0909090909090909,position_based
arctic_b0418,Chinese,BWC,1.0,0.0,position_based
arctic_b0418,Korean,HJK,0.0,0.0,position_based
arctic_b0418,Korean,HJK,0.25,0.0,position_based
arctic_b0418,Korean,HJK,0.5,0.0,position_based
arctic_b0418,Korean,HJK,0.75,0.0,position_based
arctic_b0418,Korean,HJK,1.0,0.0,position_based
arctic_b0418,Vietnamese,HQTV,0.0,0.0909090909090909,position_based
arctic_b0418,Vietnamese,HQTV,0.25,0.0909090909090909,position_based
arctic_b0418,Vietnamese,HQTV,0.5,0.2727272727272727,position_based
arctic_b0418,Vietnamese,HQTV,0.75,0.0909090909090909,position_based
arctic_b0418,Vietnamese,HQTV,1.0,0.0,position_based
arctic_b0418,Hindi,SVBI,0.0,0.0,position_based
arctic_b0418,Hindi,SVBI,0.25,0.1818181818181818,position_based
arctic_b0418,Hindi,SVBI,0.5,0.1818181818181818,position_based
arctic_b0418,Hindi,SVBI,0.75,0.0,position_based
arctic_b0418,Hindi,SVBI,1.0,0.0,position_based
arctic_b0418,Arabic,ZHAA,0.0,0.0,position_based
arctic_b0418,Arabic,ZHAA,0.25,0.0,position_based
arctic_b0418,Arabic,ZHAA,0.5,0.0909090909090909,position_based
arctic_b0418,Arabic,ZHAA,0.75,0.0909090909090909,position_based
arctic_b0418,Arabic,ZHAA,1.0,0.0,position_based
arctic_b0427,Chinese,BWC,0.0,0.2307692307692307,position_based
arctic_b0427,Chinese,BWC,0.25,0.1538461538461538,position_based
arctic_b0427,Chinese,BWC,0.5,0.3846153846153846,position_based
arctic_b0427,Chinese,BWC,0.75,0.3076923076923077,position_based
arctic_b0427,Chinese,BWC,1.0,0.0769230769230769,position_based
arctic_b0427,Korean,HJK,0.0,0.0,position_based
arctic_b0427,Korean,HJK,0.25,0.1538461538461538,position_based
arctic_b0427,Korean,HJK,0.5,0.3076923076923077,position_based
arctic_b0427,Korean,HJK,0.75,0.1538461538461538,position_based
arctic_b0427,Korean,HJK,1.0,0.0769230769230769,position_based
arctic_b0427,Vietnamese,HQTV,0.0,0.0769230769230769,position_based
arctic_b0427,Vietnamese,HQTV,0.25,0.2307692307692307,position_based
arctic_b0427,Vietnamese,HQTV,0.5,0.3846153846153846,position_based
arctic_b0427,Vietnamese,HQTV,0.75,0.2307692307692307,position_based
arctic_b0427,Vietnamese,HQTV,1.0,0.0,position_based
arctic_b0427,Hindi,SVBI,0.0,0.0,position_based
arctic_b0427,Hindi,SVBI,0.25,0.2307692307692307,position_based
arctic_b0427,Hindi,SVBI,0.5,0.1538461538461538,position_based
arctic_b0427,Hindi,SVBI,0.75,0.1538461538461538,position_based
arctic_b0427,Hindi,SVBI,1.0,0.0,position_based
arctic_b0427,Arabic,ZHAA,0.0,0.0,position_based
arctic_b0427,Arabic,ZHAA,0.25,0.1538461538461538,position_based
arctic_b0427,Arabic,ZHAA,0.5,0.1538461538461538,position_based
arctic_b0427,Arabic,ZHAA,0.75,0.1538461538461538,position_based
arctic_b0427,Arabic,ZHAA,1.0,0.0769230769230769,position_based
arctic_b0429,Chinese,BWC,0.0,0.0,position_based
arctic_b0429,Chinese,BWC,0.25,0.125,position_based
arctic_b0429,Chinese,BWC,0.5,0.5,position_based
arctic_b0429,Chinese,BWC,0.75,0.125,position_based
arctic_b0429,Chinese,BWC,1.0,0.0,position_based
arctic_b0429,Korean,HJK,0.0,0.125,position_based
arctic_b0429,Korean,HJK,0.25,0.0,position_based
arctic_b0429,Korean,HJK,0.5,0.375,position_based
arctic_b0429,Korean,HJK,0.75,0.0,position_based
arctic_b0429,Korean,HJK,1.0,0.0,position_based
arctic_b0429,Vietnamese,HQTV,0.0,0.125,position_based
arctic_b0429,Vietnamese,HQTV,0.25,0.25,position_based
arctic_b0429,Vietnamese,HQTV,0.5,0.5,position_based
arctic_b0429,Vietnamese,HQTV,0.75,0.125,position_based
arctic_b0429,Vietnamese,HQTV,1.0,0.0,position_based
arctic_b0429,Hindi,SVBI,0.0,0.0,position_based
arctic_b0429,Hindi,SVBI,0.25,0.125,position_based
arctic_b0429,Hindi,SVBI,0.5,0.375,position_based
arctic_b0429,Hindi,SVBI,0.75,0.25,position_based
arctic_b0429,Hindi,SVBI,1.0,0.25,position_based
arctic_b0429,Arabic,ZHAA,0.0,0.0,position_based
arctic_b0429,Arabic,ZHAA,0.25,0.125,position_based
arctic_b0429,Arabic,ZHAA,0.5,0.5,position_based
arctic_b0429,Arabic,ZHAA,0.75,0.125,position_based
arctic_b0429,Arabic,ZHAA,1.0,0.0,position_based
arctic_b0461,Chinese,BWC,0.0,0.0,position_based
arctic_b0461,Chinese,BWC,0.25,0.2,position_based
arctic_b0461,Chinese,BWC,0.5,0.3,position_based
arctic_b0461,Chinese,BWC,0.75,0.1,position_based
arctic_b0461,Chinese,BWC,1.0,0.0,position_based
arctic_b0461,Spanish,EBVS,0.0,0.1,position_based
arctic_b0461,Spanish,EBVS,0.25,0.2,position_based
arctic_b0461,Spanish,EBVS,0.5,0.4,position_based
arctic_b0461,Spanish,EBVS,0.75,0.0,position_based
arctic_b0461,Spanish,EBVS,1.0,0.0,position_based
arctic_b0461,Korean,HJK,0.0,0.0,position_based
arctic_b0461,Korean,HJK,0.25,0.0,position_based
arctic_b0461,Korean,HJK,0.5,0.0,position_based
arctic_b0461,Korean,HJK,0.75,0.0,position_based
arctic_b0461,Korean,HJK,1.0,0.0,position_based
arctic_b0461,Vietnamese,HQTV,0.0,0.2,position_based
arctic_b0461,Vietnamese,HQTV,0.25,0.2,position_based
arctic_b0461,Vietnamese,HQTV,0.5,0.0,position_based
arctic_b0461,Vietnamese,HQTV,0.75,0.0,position_based
arctic_b0461,Vietnamese,HQTV,1.0,0.0,position_based
arctic_b0461,Hindi,SVBI,0.0,0.0,position_based
arctic_b0461,Hindi,SVBI,0.25,0.0,position_based
arctic_b0461,Hindi,SVBI,0.5,0.0,position_based
arctic_b0461,Hindi,SVBI,0.75,0.0,position_based
arctic_b0461,Hindi,SVBI,1.0,0.0,position_based
arctic_b0461,Arabic,ZHAA,0.0,0.0,position_based
arctic_b0461,Arabic,ZHAA,0.25,0.0,position_based
arctic_b0461,Arabic,ZHAA,0.5,0.0,position_based
arctic_b0461,Arabic,ZHAA,0.75,0.0,position_based
arctic_b0461,Arabic,ZHAA,1.0,0.0,position_based
arctic_b0493,Chinese,BWC,0.0,0.0,position_based
arctic_b0493,Chinese,BWC,0.25,0.1428571428571428,position_based
arctic_b0493,Chinese,BWC,0.5,0.1428571428571428,position_based
arctic_b0493,Chinese,BWC,0.75,0.1428571428571428,position_based
arctic_b0493,Chinese,BWC,1.0,0.0,position_based
arctic_b0493,Korean,HJK,0.0,0.0,position_based
arctic_b0493,Korean,HJK,0.25,0.1428571428571428,position_based
arctic_b0493,Korean,HJK,0.5,0.1428571428571428,position_based
arctic_b0493,Korean,HJK,0.75,0.1428571428571428,position_based
arctic_b0493,Korean,HJK,1.0,0.0,position_based
arctic_b0493,Vietnamese,HQTV,0.0,0.1428571428571428,position_based
arctic_b0493,Vietnamese,HQTV,0.25,0.1428571428571428,position_based
arctic_b0493,Vietnamese,HQTV,0.5,0.2857142857142857,position_based
arctic_b0493,Vietnamese,HQTV,0.75,0.1428571428571428,position_based
arctic_b0493,Vietnamese,HQTV,1.0,0.0,position_based
arctic_b0493,Hindi,SVBI,0.0,0.1428571428571428,position_based
arctic_b0493,Hindi,SVBI,0.25,0.2857142857142857,position_based
arctic_b0493,Hindi,SVBI,0.5,0.4285714285714285,position_based
arctic_b0493,Hindi,SVBI,0.75,0.1428571428571428,position_based
arctic_b0493,Hindi,SVBI,1.0,0.0,position_based
arctic_b0493,Arabic,ZHAA,0.0,0.0,position_based
arctic_b0493,Arabic,ZHAA,0.25,0.4285714285714285,position_based
arctic_b0493,Arabic,ZHAA,0.5,0.4285714285714285,position_based
arctic_b0493,Arabic,ZHAA,0.75,0.2857142857142857,position_based
arctic_b0493,Arabic,ZHAA,1.0,0.0,position_based
arctic_b0505,Chinese,BWC,0.0,0.0,position_based
arctic_b0505,Chinese,BWC,0.25,0.3333333333333333,position_based
arctic_b0505,Chinese,BWC,0.5,0.6666666666666666,position_based
arctic_b0505,Chinese,BWC,0.75,0.2222222222222222,position_based
arctic_b0505,Chinese,BWC,1.0,0.0,position_based
arctic_b0505,Korean,HJK,0.0,0.0,position_based
arctic_b0505,Korean,HJK,0.25,0.0,position_based
arctic_b0505,Korean,HJK,0.5,0.2222222222222222,position_based
arctic_b0505,Korean,HJK,0.75,0.2222222222222222,position_based
arctic_b0505,Korean,HJK,1.0,0.0,position_based
arctic_b0505,Vietnamese,HQTV,0.0,0.2222222222222222,position_based
arctic_b0505,Vietnamese,HQTV,0.25,0.4444444444444444,position_based
arctic_b0505,Vietnamese,HQTV,0.5,0.7777777777777778,position_based
arctic_b0505,Vietnamese,HQTV,0.75,0.4444444444444444,position_based
arctic_b0505,Vietnamese,HQTV,1.0,0.0,position_based
arctic_b0505,Hindi,SVBI,0.0,0.2222222222222222,position_based
arctic_b0505,Hindi,SVBI,0.25,0.1111111111111111,position_based
arctic_b0505,Hindi,SVBI,0.5,0.1111111111111111,position_based
arctic_b0505,Hindi,SVBI,0.75,0.0,position_based
arctic_b0505,Hindi,SVBI,1.0,0.0,position_based
arctic_b0505,Arabic,ZHAA,0.0,0.0,position_based
arctic_b0505,Arabic,ZHAA,0.25,0.1111111111111111,position_based
arctic_b0505,Arabic,ZHAA,0.5,0.3333333333333333,position_based
arctic_b0505,Arabic,ZHAA,0.75,0.1111111111111111,position_based
arctic_b0505,Arabic,ZHAA,1.0,0.0,position_based
arctic_b0516,Chinese,BWC,0.0,0.1818181818181818,position_based
arctic_b0516,Chinese,BWC,0.25,0.0909090909090909,position_based
arctic_b0516,Chinese,BWC,0.5,0.5454545454545454,position_based
arctic_b0516,Chinese,BWC,0.75,0.4545454545454545,position_based
arctic_b0516,Chinese,BWC,1.0,0.0909090909090909,position_based
arctic_b0516,Korean,HJK,0.0,0.0,position_based
arctic_b0516,Korean,HJK,0.25,0.2727272727272727,position_based
arctic_b0516,Korean,HJK,0.5,0.5454545454545454,position_based
arctic_b0516,Korean,HJK,0.75,0.2727272727272727,position_based
arctic_b0516,Korean,HJK,1.0,0.0,position_based
arctic_b0516,Vietnamese,HQTV,0.0,0.0,position_based
arctic_b0516,Vietnamese,HQTV,0.25,0.1818181818181818,position_based
arctic_b0516,Vietnamese,HQTV,0.5,0.6363636363636364,position_based
arctic_b0516,Vietnamese,HQTV,0.75,0.4545454545454545,position_based
arctic_b0516,Vietnamese,HQTV,1.0,0.0,position_based
arctic_b0516,Hindi,SVBI,0.0,0.1818181818181818,position_based
arctic_b0516,Hindi,SVBI,0.25,0.0909090909090909,position_based
arctic_b0516,Hindi,SVBI,0.5,0.2727272727272727,position_based
arctic_b0516,Hindi,SVBI,0.75,0.2727272727272727,position_based
arctic_b0516,Hindi,SVBI,1.0,0.0909090909090909,position_based
arctic_b0516,Arabic,ZHAA,0.0,0.0,position_based
arctic_b0516,Arabic,ZHAA,0.25,0.0909090909090909,position_based
arctic_b0516,Arabic,ZHAA,0.5,0.5454545454545454,position_based
arctic_b0516,Arabic,ZHAA,0.75,0.5454545454545454,position_based
arctic_b0516,Arabic,ZHAA,1.0,0.0909090909090909,position_based
arctic_b0517,Chinese,BWC,0.0,0.0,position_based
arctic_b0517,Chinese,BWC,0.25,0.1666666666666666,position_based
arctic_b0517,Chinese,BWC,0.5,0.1666666666666666,position_based
arctic_b0517,Chinese,BWC,0.75,0.1666666666666666,position_based
arctic_b0517,Chinese,BWC,1.0,0.0,position_based
arctic_b0517,Korean,HJK,0.0,0.0,position_based
arctic_b0517,Korean,HJK,0.25,0.0,position_based
arctic_b0517,Korean,HJK,0.5,0.1666666666666666,position_based
arctic_b0517,Korean,HJK,0.75,0.1666666666666666,position_based
arctic_b0517,Korean,HJK,1.0,0.0,position_based
arctic_b0517,Vietnamese,HQTV,0.0,0.0,position_based
arctic_b0517,Vietnamese,HQTV,0.25,0.1666666666666666,position_based
arctic_b0517,Vietnamese,HQTV,0.5,0.1666666666666666,position_based
arctic_b0517,Vietnamese,HQTV,0.75,0.1666666666666666,position_based
arctic_b0517,Vietnamese,HQTV,1.0,0.0,position_based
arctic_b0517,Hindi,SVBI,0.0,0.0,position_based
arctic_b0517,Hindi,SVBI,0.25,0.1666666666666666,position_based
arctic_b0517,Hindi,SVBI,0.5,0.1666666666666666,position_based
arctic_b0517,Hindi,SVBI,0.75,0.1666666666666666,position_based
arctic_b0517,Hindi,SVBI,1.0,0.0,position_based
arctic_b0517,Arabic,ZHAA,0.0,0.0,position_based
arctic_b0517,Arabic,ZHAA,0.25,0.1666666666666666,position_based
arctic_b0517,Arabic,ZHAA,0.5,0.5,position_based
arctic_b0517,Arabic,ZHAA,0.75,0.1666666666666666,position_based
arctic_b0517,Arabic,ZHAA,1.0,0.0,position_based
arctic_a0006,Chinese,BWC,0.0,0.4166666666666667,dtw_aligned
arctic_a0006,Chinese,BWC,0.25,0.3333333333333333,dtw_aligned
arctic_a0006,Chinese,BWC,0.5,0.4166666666666667,dtw_aligned
arctic_a0006,Chinese,BWC,0.75,0.25,dtw_aligned
arctic_a0006,Chinese,BWC,0.9,0.25,dtw_aligned
arctic_a0006,Chinese,BWC,1.0,0.25,dtw_aligned
arctic_a0006,Spanish,EBVS,0.0,0.3636363636363636,dtw_aligned
arctic_a0006,Spanish,EBVS,0.25,0.3636363636363636,dtw_aligned
arctic_a0006,Spanish,EBVS,0.5,0.0909090909090909,dtw_aligned
arctic_a0006,Spanish,EBVS,0.75,0.0909090909090909,dtw_aligned
arctic_a0006,Spanish,EBVS,0.9,0.0909090909090909,dtw_aligned
arctic_a0006,Spanish,EBVS,1.0,0.0909090909090909,dtw_aligned
arctic_a0006,Korean,HJK,0.0,0.0,dtw_aligned
arctic_a0006,Korean,HJK,0.25,0.0,dtw_aligned
arctic_a0006,Korean,HJK,0.5,0.0909090909090909,dtw_aligned
arctic_a0006,Korean,HJK,0.75,0.1818181818181818,dtw_aligned
arctic_a0006,Korean,HJK,0.9,0.0909090909090909,dtw_aligned
arctic_a0006,Korean,HJK,1.0,0.1818181818181818,dtw_aligned
arctic_a0006,Vietnamese,HQTV,0.0,0.4545454545454545,dtw_aligned
arctic_a0006,Vietnamese,HQTV,0.25,0.0909090909090909,dtw_aligned
arctic_a0006,Vietnamese,HQTV,0.5,0.1818181818181818,dtw_aligned
arctic_a0006,Vietnamese,HQTV,0.75,0.0909090909090909,dtw_aligned
arctic_a0006,Vietnamese,HQTV,0.9,0.0909090909090909,dtw_aligned
arctic_a0006,Vietnamese,HQTV,1.0,0.0909090909090909,dtw_aligned
arctic_a0006,Hindi,SVBI,0.0,0.0,dtw_aligned
arctic_a0006,Hindi,SVBI,0.25,0.1818181818181818,dtw_aligned
arctic_a0006,Hindi,SVBI,0.5,0.1818181818181818,dtw_aligned
arctic_a0006,Hindi,SVBI,0.75,0.0909090909090909,dtw_aligned
arctic_a0006,Hindi,SVBI,0.9,0.1818181818181818,dtw_aligned
arctic_a0006,Hindi,SVBI,1.0,0.0909090909090909,dtw_aligned
arctic_a0006,Arabic,ZHAA,0.0,0.1818181818181818,dtw_aligned
arctic_a0006,Arabic,ZHAA,0.25,0.0,dtw_aligned
arctic_a0006,Arabic,ZHAA,0.5,0.1818181818181818,dtw_aligned
arctic_a0006,Arabic,ZHAA,0.75,0.0909090909090909,dtw_aligned
arctic_a0006,Arabic,ZHAA,0.9,0.0909090909090909,dtw_aligned
arctic_a0006,Arabic,ZHAA,1.0,0.0909090909090909,dtw_aligned
arctic_a0012,Chinese,BWC,0.0,0.3333333333333333,dtw_aligned
arctic_a0012,Chinese,BWC,0.25,0.3333333333333333,dtw_aligned
arctic_a0012,Chinese,BWC,0.5,0.1111111111111111,dtw_aligned
arctic_a0012,Chinese,BWC,0.75,0.2222222222222222,dtw_aligned
arctic_a0012,Chinese,BWC,0.9,0.1111111111111111,dtw_aligned
arctic_a0012,Chinese,BWC,1.0,0.1111111111111111,dtw_aligned
arctic_a0012,Spanish,EBVS,0.0,0.1,dtw_aligned
arctic_a0012,Spanish,EBVS,0.25,0.1,dtw_aligned
arctic_a0012,Spanish,EBVS,0.5,0.1,dtw_aligned
arctic_a0012,Spanish,EBVS,0.75,0.1,dtw_aligned
arctic_a0012,Spanish,EBVS,0.9,0.0,dtw_aligned
arctic_a0012,Spanish,EBVS,1.0,0.0,dtw_aligned
arctic_a0012,Korean,HJK,0.0,0.0,dtw_aligned
arctic_a0012,Korean,HJK,0.25,0.0,dtw_aligned
arctic_a0012,Korean,HJK,0.5,0.0,dtw_aligned
arctic_a0012,Korean,HJK,0.75,0.0,dtw_aligned
arctic_a0012,Korean,HJK,0.9,0.0,dtw_aligned
arctic_a0012,Korean,HJK,1.0,0.0,dtw_aligned
arctic_a0012,Vietnamese,HQTV,0.0,0.6,dtw_aligned
arctic_a0012,Vietnamese,HQTV,0.25,0.4,dtw_aligned
arctic_a0012,Vietnamese,HQTV,0.5,0.1,dtw_aligned
arctic_a0012,Vietnamese,HQTV,0.75,0.1,dtw_aligned
arctic_a0012,Vietnamese,HQTV,0.9,0.0,dtw_aligned
arctic_a0012,Vietnamese,HQTV,1.0,0.0,dtw_aligned
arctic_a0012,Hindi,SVBI,0.0,0.2,dtw_aligned
arctic_a0012,Hindi,SVBI,0.25,0.0,dtw_aligned
arctic_a0012,Hindi,SVBI,0.5,0.0,dtw_aligned
arctic_a0012,Hindi,SVBI,0.75,0.0,dtw_aligned
arctic_a0012,Hindi,SVBI,0.9,0.0,dtw_aligned
arctic_a0012,Hindi,SVBI,1.0,0.0,dtw_aligned
arctic_a0012,Arabic,ZHAA,0.0,0.0,dtw_aligned
arctic_a0012,Arabic,ZHAA,0.25,0.0,dtw_aligned
arctic_a0012,Arabic,ZHAA,0.5,0.1,dtw_aligned
arctic_a0012,Arabic,ZHAA,0.75,0.0,dtw_aligned
arctic_a0012,Arabic,ZHAA,0.9,0.0,dtw_aligned
arctic_a0012,Arabic,ZHAA,1.0,0.0,dtw_aligned
arctic_a0013,Chinese,BWC,0.0,0.0,dtw_aligned
arctic_a0013,Chinese,BWC,0.25,0.0,dtw_aligned
arctic_a0013,Chinese,BWC,0.5,0.0,dtw_aligned
arctic_a0013,Chinese,BWC,0.75,0.0,dtw_aligned
arctic_a0013,Chinese,BWC,0.9,0.1666666666666666,dtw_aligned
arctic_a0013,Chinese,BWC,1.0,0.0,dtw_aligned
arctic_a0013,Spanish,EBVS,0.0,0.0,dtw_aligned
arctic_a0013,Spanish,EBVS,0.25,0.0,dtw_aligned
arctic_a0013,Spanish,EBVS,0.5,0.0,dtw_aligned
arctic_a0013,Spanish,EBVS,0.75,0.0,dtw_aligned
arctic_a0013,Spanish,EBVS,0.9,0.1666666666666666,dtw_aligned
arctic_a0013,Spanish,EBVS,1.0,0.0,dtw_aligned
arctic_a0013,Korean,HJK,0.0,0.0,dtw_aligned
arctic_a0013,Korean,HJK,0.25,0.0,dtw_aligned
arctic_a0013,Korean,HJK,0.5,0.0,dtw_aligned
arctic_a0013,Korean,HJK,0.75,0.1666666666666666,dtw_aligned
arctic_a0013,Korean,HJK,0.9,0.1666666666666666,dtw_aligned
arctic_a0013,Korean,HJK,1.0,0.0,dtw_aligned
arctic_a0013,Vietnamese,HQTV,0.0,0.0833333333333333,dtw_aligned
arctic_a0013,Vietnamese,HQTV,0.25,0.0833333333333333,dtw_aligned
arctic_a0013,Vietnamese,HQTV,0.5,0.0833333333333333,dtw_aligned
arctic_a0013,Vietnamese,HQTV,0.75,0.0,dtw_aligned
arctic_a0013,Vietnamese,HQTV,0.9,0.0833333333333333,dtw_aligned
arctic_a0013,Vietnamese,HQTV,1.0,0.0,dtw_aligned
arctic_a0013,Hindi,SVBI,0.0,0.0,dtw_aligned
arctic_a0013,Hindi,SVBI,0.25,0.0,dtw_aligned
arctic_a0013,Hindi,SVBI,0.5,0.0,dtw_aligned
arctic_a0013,Hindi,SVBI,0.75,0.1666666666666666,dtw_aligned
arctic_a0013,Hindi,SVBI,0.9,0.1666666666666666,dtw_aligned
arctic_a0013,Hindi,SVBI,1.0,0.0,dtw_aligned
arctic_a0013,Arabic,ZHAA,0.0,0.0,dtw_aligned
arctic_a0013,Arabic,ZHAA,0.25,0.0,dtw_aligned
arctic_a0013,Arabic,ZHAA,0.5,0.0,dtw_aligned
arctic_a0013,Arabic,ZHAA,0.75,0.1666666666666666,dtw_aligned
arctic_a0013,Arabic,ZHAA,0.9,0.0,dtw_aligned
arctic_a0013,Arabic,ZHAA,1.0,0.1666666666666666,dtw_aligned
arctic_a0019,Chinese,BWC,0.0,0.2727272727272727,dtw_aligned
arctic_a0019,Chinese,BWC,0.25,0.0909090909090909,dtw_aligned
arctic_a0019,Chinese,BWC,0.5,0.0909090909090909,dtw_aligned
arctic_a0019,Chinese,BWC,0.75,0.0,dtw_aligned
arctic_a0019,Chinese,BWC,0.9,0.0,dtw_aligned
arctic_a0019,Chinese,BWC,1.0,0.0,dtw_aligned
arctic_a0019,Spanish,EBVS,0.0,0.3636363636363636,dtw_aligned
arctic_a0019,Spanish,EBVS,0.25,0.0,dtw_aligned
arctic_a0019,Spanish,EBVS,0.5,0.0,dtw_aligned
arctic_a0019,Spanish,EBVS,0.75,0.0,dtw_aligned
arctic_a0019,Spanish,EBVS,0.9,0.0,dtw_aligned
arctic_a0019,Spanish,EBVS,1.0,0.0,dtw_aligned
arctic_a0019,Korean,HJK,0.0,0.0909090909090909,dtw_aligned
arctic_a0019,Korean,HJK,0.25,0.0909090909090909,dtw_aligned
arctic_a0019,Korean,HJK,0.5,0.0909090909090909,dtw_aligned
arctic_a0019,Korean,HJK,0.75,0.0,dtw_aligned
arctic_a0019,Korean,HJK,0.9,0.0,dtw_aligned
arctic_a0019,Korean,HJK,1.0,0.0,dtw_aligned
arctic_a0019,Vietnamese,HQTV,0.0,0.1818181818181818,dtw_aligned
arctic_a0019,Vietnamese,HQTV,0.25,0.0,dtw_aligned
arctic_a0019,Vietnamese,HQTV,0.5,0.0,dtw_aligned
arctic_a0019,Vietnamese,HQTV,0.75,0.0,dtw_aligned
arctic_a0019,Vietnamese,HQTV,0.9,0.0909090909090909,dtw_aligned
arctic_a0019,Vietnamese,HQTV,1.0,0.0,dtw_aligned
arctic_a0019,Hindi,SVBI,0.0,0.1818181818181818,dtw_aligned
arctic_a0019,Hindi,SVBI,0.25,0.0909090909090909,dtw_aligned
arctic_a0019,Hindi,SVBI,0.5,0.0909090909090909,dtw_aligned
arctic_a0019,Hindi,SVBI,0.75,0.0,dtw_aligned
arctic_a0019,Hindi,SVBI,0.9,0.0,dtw_aligned
arctic_a0019,Hindi,SVBI,1.0,0.0,dtw_aligned
arctic_a0019,Arabic,ZHAA,0.0,0.0,dtw_aligned
arctic_a0019,Arabic,ZHAA,0.25,0.0,dtw_aligned
arctic_a0019,Arabic,ZHAA,0.5,0.0,dtw_aligned
arctic_a0019,Arabic,ZHAA,0.75,0.0,dtw_aligned
arctic_a0019,Arabic,ZHAA,0.9,0.0,dtw_aligned
arctic_a0019,Arabic,ZHAA,1.0,0.0,dtw_aligned
arctic_a0021,Chinese,BWC,0.0,0.1428571428571428,dtw_aligned
arctic_a0021,Chinese,BWC,0.25,0.0,dtw_aligned
arctic_a0021,Chinese,BWC,0.5,0.0,dtw_aligned
arctic_a0021,Chinese,BWC,0.75,0.0,dtw_aligned
arctic_a0021,Chinese,BWC,0.9,0.0,dtw_aligned
arctic_a0021,Chinese,BWC,1.0,0.0,dtw_aligned
arctic_a0021,Spanish,EBVS,0.0,0.4285714285714285,dtw_aligned
arctic_a0021,Spanish,EBVS,0.25,0.2857142857142857,dtw_aligned
arctic_a0021,Spanish,EBVS,0.5,0.0,dtw_aligned
arctic_a0021,Spanish,EBVS,0.75,0.0,dtw_aligned
arctic_a0021,Spanish,EBVS,0.9,0.0,dtw_aligned
arctic_a0021,Spanish,EBVS,1.0,0.0,dtw_aligned
arctic_a0021,Korean,HJK,0.0,0.1428571428571428,dtw_aligned
arctic_a0021,Korean,HJK,0.25,0.0,dtw_aligned
arctic_a0021,Korean,HJK,0.5,0.0,dtw_aligned
arctic_a0021,Korean,HJK,0.75,0.0,dtw_aligned
arctic_a0021,Korean,HJK,0.9,0.0,dtw_aligned
arctic_a0021,Korean,HJK,1.0,0.0,dtw_aligned
arctic_a0021,Vietnamese,HQTV,0.0,0.1428571428571428,dtw_aligned
arctic_a0021,Vietnamese,HQTV,0.25,0.0,dtw_aligned
arctic_a0021,Vietnamese,HQTV,0.5,0.0,dtw_aligned
arctic_a0021,Vietnamese,HQTV,0.75,0.0,dtw_aligned
arctic_a0021,Vietnamese,HQTV,0.9,0.0,dtw_aligned
arctic_a0021,Vietnamese,HQTV,1.0,0.0,dtw_aligned
arctic_a0021,Hindi,SVBI,0.0,0.1428571428571428,dtw_aligned
arctic_a0021,Hindi,SVBI,0.25,0.0,dtw_aligned
arctic_a0021,Hindi,SVBI,0.5,0.0,dtw_aligned
arctic_a0021,Hindi,SVBI,0.75,0.0,dtw_aligned
arctic_a0021,Hindi,SVBI,0.9,0.0,dtw_aligned
arctic_a0021,Hindi,SVBI,1.0,0.0,dtw_aligned
arctic_a0021,Arabic,ZHAA,0.0,0.0,dtw_aligned
arctic_a0021,Arabic,ZHAA,0.25,0.0,dtw_aligned
arctic_a0021,Arabic,ZHAA,0.5,0.0,dtw_aligned
arctic_a0021,Arabic,ZHAA,0.75,0.0,dtw_aligned
arctic_a0021,Arabic,ZHAA,0.9,0.0,dtw_aligned
arctic_a0021,Arabic,ZHAA,1.0,0.0,dtw_aligned
arctic_a0028,Chinese,BWC,0.0,0.0,dtw_aligned
arctic_a0028,Chinese,BWC,0.25,0.0,dtw_aligned
arctic_a0028,Chinese,BWC,0.5,0.0,dtw_aligned
arctic_a0028,Chinese,BWC,0.75,0.0,dtw_aligned
arctic_a0028,Chinese,BWC,0.9,0.3333333333333333,dtw_aligned
arctic_a0028,Chinese,BWC,1.0,0.3333333333333333,dtw_aligned
arctic_a0028,Spanish,EBVS,0.0,0.3333333333333333,dtw_aligned
arctic_a0028,Spanish,EBVS,0.25,0.3333333333333333,dtw_aligned
arctic_a0028,Spanish,EBVS,0.5,0.3333333333333333,dtw_aligned
arctic_a0028,Spanish,EBVS,0.75,0.0,dtw_aligned
arctic_a0028,Spanish,EBVS,0.9,0.3333333333333333,dtw_aligned
arctic_a0028,Spanish,EBVS,1.0,0.3333333333333333,dtw_aligned
arctic_a0028,Korean,HJK,0.0,0.3333333333333333,dtw_aligned
arctic_a0028,Korean,HJK,0.25,0.0,dtw_aligned
arctic_a0028,Korean,HJK,0.5,0.6666666666666666,dtw_aligned
arctic_a0028,Korean,HJK,0.75,0.0,dtw_aligned
arctic_a0028,Korean,HJK,0.9,0.3333333333333333,dtw_aligned
arctic_a0028,Korean,HJK,1.0,0.0,dtw_aligned
arctic_a0028,Vietnamese,HQTV,0.0,0.0,dtw_aligned
arctic_a0028,Vietnamese,HQTV,0.25,0.3333333333333333,dtw_aligned
arctic_a0028,Vietnamese,HQTV,0.5,0.3333333333333333,dtw_aligned
arctic_a0028,Vietnamese,HQTV,0.75,0.0,dtw_aligned
arctic_a0028,Vietnamese,HQTV,0.9,0.3333333333333333,dtw_aligned
arctic_a0028,Vietnamese,HQTV,1.0,0.0,dtw_aligned
arctic_a0028,Hindi,SVBI,0.0,0.3333333333333333,dtw_aligned
arctic_a0028,Hindi,SVBI,0.25,1.0,dtw_aligned
arctic_a0028,Hindi,SVBI,0.5,0.6666666666666666,dtw_aligned
arctic_a0028,Hindi,SVBI,0.75,0.3333333333333333,dtw_aligned
arctic_a0028,Hindi,SVBI,0.9,0.3333333333333333,dtw_aligned
arctic_a0028,Hindi,SVBI,1.0,0.3333333333333333,dtw_aligned
arctic_a0028,Arabic,ZHAA,0.0,0.6666666666666666,dtw_aligned
arctic_a0028,Arabic,ZHAA,0.25,0.6666666666666666,dtw_aligned
arctic_a0028,Arabic,ZHAA,0.5,0.3333333333333333,dtw_aligned
arctic_a0028,Arabic,ZHAA,0.75,0.0,dtw_aligned
arctic_a0028,Arabic,ZHAA,0.9,0.0,dtw_aligned
arctic_a0028,Arabic,ZHAA,1.0,0.0,dtw_aligned
arctic_a0030,Chinese,BWC,0.0,0.0,dtw_aligned
arctic_a0030,Chinese,BWC,0.25,0.0,dtw_aligned
arctic_a0030,Chinese,BWC,0.5,0.0,dtw_aligned
arctic_a0030,Chinese,BWC,0.75,0.0,dtw_aligned
arctic_a0030,Chinese,BWC,0.9,0.0,dtw_aligned
arctic_a0030,Chinese,BWC,1.0,0.0,dtw_aligned
arctic_a0030,Spanish,EBVS,0.0,0.0,dtw_aligned
arctic_a0030,Spanish,EBVS,0.25,0.0,dtw_aligned
arctic_a0030,Spanish,EBVS,0.5,0.0,dtw_aligned
arctic_a0030,Spanish,EBVS,0.75,0.0,dtw_aligned
arctic_a0030,Spanish,EBVS,0.9,0.0,dtw_aligned
arctic_a0030,Spanish,EBVS,1.0,0.0,dtw_aligned
arctic_a0030,Korean,HJK,0.0,0.0,dtw_aligned
arctic_a0030,Korean,HJK,0.25,0.0,dtw_aligned
arctic_a0030,Korean,HJK,0.5,0.0,dtw_aligned
arctic_a0030,Korean,HJK,0.75,0.0,dtw_aligned
arctic_a0030,Korean,HJK,0.9,0.0,dtw_aligned
arctic_a0030,Korean,HJK,1.0,0.0,dtw_aligned
arctic_a0030,Vietnamese,HQTV,0.0,0.0,dtw_aligned
arctic_a0030,Vietnamese,HQTV,0.25,0.0,dtw_aligned
arctic_a0030,Vietnamese,HQTV,0.5,0.0,dtw_aligned
arctic_a0030,Vietnamese,HQTV,0.75,0.0,dtw_aligned
arctic_a0030,Vietnamese,HQTV,0.9,0.0,dtw_aligned
arctic_a0030,Vietnamese,HQTV,1.0,0.0,dtw_aligned
arctic_a0030,Hindi,SVBI,0.0,0.0,dtw_aligned
arctic_a0030,Hindi,SVBI,0.25,0.0,dtw_aligned
arctic_a0030,Hindi,SVBI,0.5,0.0,dtw_aligned
arctic_a0030,Hindi,SVBI,0.75,0.0,dtw_aligned
arctic_a0030,Hindi,SVBI,0.9,0.0,dtw_aligned
arctic_a0030,Hindi,SVBI,1.0,0.0,dtw_aligned
arctic_a0030,Arabic,ZHAA,0.0,0.0,dtw_aligned
arctic_a0030,Arabic,ZHAA,0.25,0.0,dtw_aligned
arctic_a0030,Arabic,ZHAA,0.5,0.0,dtw_aligned
arctic_a0030,Arabic,ZHAA,0.75,0.0,dtw_aligned
arctic_a0030,Arabic,ZHAA,0.9,0.0,dtw_aligned
arctic_a0030,Arabic,ZHAA,1.0,0.0,dtw_aligned
arctic_a0040,Chinese,BWC,0.0,0.1,dtw_aligned
arctic_a0040,Chinese,BWC,0.25,0.1,dtw_aligned
arctic_a0040,Chinese,BWC,0.5,0.1,dtw_aligned
arctic_a0040,Chinese,BWC,0.75,0.0,dtw_aligned
arctic_a0040,Chinese,BWC,0.9,0.0,dtw_aligned
arctic_a0040,Chinese,BWC,1.0,0.0,dtw_aligned
arctic_a0040,Spanish,EBVS,0.0,0.1,dtw_aligned
arctic_a0040,Spanish,EBVS,0.25,0.2,dtw_aligned
arctic_a0040,Spanish,EBVS,0.5,0.1,dtw_aligned
arctic_a0040,Spanish,EBVS,0.75,0.1,dtw_aligned
arctic_a0040,Spanish,EBVS,0.9,0.0,dtw_aligned
arctic_a0040,Spanish,EBVS,1.0,0.0,dtw_aligned
arctic_a0040,Korean,HJK,0.0,0.1,dtw_aligned
arctic_a0040,Korean,HJK,0.25,0.1,dtw_aligned
arctic_a0040,Korean,HJK,0.5,0.0,dtw_aligned
arctic_a0040,Korean,HJK,0.75,0.0,dtw_aligned
arctic_a0040,Korean,HJK,0.9,0.0,dtw_aligned
arctic_a0040,Korean,HJK,1.0,0.0,dtw_aligned
arctic_a0040,Vietnamese,HQTV,0.0,0.2,dtw_aligned
arctic_a0040,Vietnamese,HQTV,0.25,0.2,dtw_aligned
arctic_a0040,Vietnamese,HQTV,0.5,0.1,dtw_aligned
arctic_a0040,Vietnamese,HQTV,0.75,0.1,dtw_aligned
arctic_a0040,Vietnamese,HQTV,0.9,0.0,dtw_aligned
arctic_a0040,Vietnamese,HQTV,1.0,0.0,dtw_aligned
arctic_a0040,Hindi,SVBI,0.0,0.2,dtw_aligned
arctic_a0040,Hindi,SVBI,0.25,0.0,dtw_aligned
arctic_a0040,Hindi,SVBI,0.5,0.0,dtw_aligned
arctic_a0040,Hindi,SVBI,0.75,0.0,dtw_aligned
arctic_a0040,Hindi,SVBI,0.9,0.0,dtw_aligned
arctic_a0040,Hindi,SVBI,1.0,0.0,dtw_aligned
arctic_a0040,Arabic,ZHAA,0.0,0.0,dtw_aligned
arctic_a0040,Arabic,ZHAA,0.25,0.0,dtw_aligned
arctic_a0040,Arabic,ZHAA,0.5,0.0,dtw_aligned
arctic_a0040,Arabic,ZHAA,0.75,0.0,dtw_aligned
arctic_a0040,Arabic,ZHAA,0.9,0.0,dtw_aligned
arctic_a0040,Arabic,ZHAA,1.0,0.0,dtw_aligned
arctic_a0044,Chinese,BWC,0.0,0.1,dtw_aligned
arctic_a0044,Chinese,BWC,0.25,0.2,dtw_aligned
arctic_a0044,Chinese,BWC,0.5,0.1,dtw_aligned
arctic_a0044,Chinese,BWC,0.75,0.1,dtw_aligned
arctic_a0044,Chinese,BWC,0.9,0.0,dtw_aligned
arctic_a0044,Chinese,BWC,1.0,0.0,dtw_aligned
arctic_a0044,Spanish,EBVS,0.0,0.0,dtw_aligned
arctic_a0044,Spanish,EBVS,0.25,0.1,dtw_aligned
arctic_a0044,Spanish,EBVS,0.5,0.1,dtw_aligned
arctic_a0044,Spanish,EBVS,0.75,0.1,dtw_aligned
arctic_a0044,Spanish,EBVS,0.9,0.0,dtw_aligned
arctic_a0044,Spanish,EBVS,1.0,0.0,dtw_aligned
arctic_a0044,Korean,HJK,0.0,0.0,dtw_aligned
arctic_a0044,Korean,HJK,0.25,0.0,dtw_aligned
arctic_a0044,Korean,HJK,0.5,0.0,dtw_aligned
arctic_a0044,Korean,HJK,0.75,0.0,dtw_aligned
arctic_a0044,Korean,HJK,0.9,0.0,dtw_aligned
arctic_a0044,Korean,HJK,1.0,0.0,dtw_aligned
arctic_a0044,Vietnamese,HQTV,0.0,0.5,dtw_aligned
arctic_a0044,Vietnamese,HQTV,0.25,0.3,dtw_aligned
arctic_a0044,Vietnamese,HQTV,0.5,0.2,dtw_aligned
arctic_a0044,Vietnamese,HQTV,0.75,0.0,dtw_aligned
arctic_a0044,Vietnamese,HQTV,0.9,0.0,dtw_aligned
arctic_a0044,Vietnamese,HQTV,1.0,0.0,dtw_aligned
arctic_a0044,Hindi,SVBI,0.0,0.0,dtw_aligned
arctic_a0044,Hindi,SVBI,0.25,0.0,dtw_aligned
arctic_a0044,Hindi,SVBI,0.5,0.0,dtw_aligned
arctic_a0044,Hindi,SVBI,0.75,0.0,dtw_aligned
arctic_a0044,Hindi,SVBI,0.9,0.0,dtw_aligned
arctic_a0044,Hindi,SVBI,1.0,0.0,dtw_aligned
arctic_a0044,Arabic,ZHAA,0.0,0.0,dtw_aligned
arctic_a0044,Arabic,ZHAA,0.25,0.0,dtw_aligned
arctic_a0044,Arabic,ZHAA,0.5,0.0,dtw_aligned
arctic_a0044,Arabic,ZHAA,0.75,0.0,dtw_aligned
arctic_a0044,Arabic,ZHAA,0.9,0.0,dtw_aligned
arctic_a0044,Arabic,ZHAA,1.0,0.0,dtw_aligned
arctic_a0055,Chinese,BWC,0.0,0.3636363636363636,dtw_aligned
arctic_a0055,Chinese,BWC,0.25,0.0909090909090909,dtw_aligned
arctic_a0055,Chinese,BWC,0.5,0.0909090909090909,dtw_aligned
arctic_a0055,Chinese,BWC,0.75,0.0,dtw_aligned
arctic_a0055,Chinese,BWC,0.9,0.0,dtw_aligned
arctic_a0055,Chinese,BWC,1.0,0.0909090909090909,dtw_aligned
arctic_a0055,Spanish,EBVS,0.0,0.0,dtw_aligned
arctic_a0055,Spanish,EBVS,0.25,0.0,dtw_aligned
arctic_a0055,Spanish,EBVS,0.5,0.0,dtw_aligned
arctic_a0055,Spanish,EBVS,0.75,0.0,dtw_aligned
arctic_a0055,Spanish,EBVS,0.9,0.0909090909090909,dtw_aligned
arctic_a0055,Spanish,EBVS,1.0,0.1818181818181818,dtw_aligned
arctic_a0055,Korean,HJK,0.0,0.0,dtw_aligned
arctic_a0055,Korean,HJK,0.25,0.0,dtw_aligned
arctic_a0055,Korean,HJK,0.5,0.2727272727272727,dtw_aligned
arctic_a0055,Korean,HJK,0.75,0.0,dtw_aligned
arctic_a0055,Korean,HJK,0.9,0.1818181818181818,dtw_aligned
arctic_a0055,Korean,HJK,1.0,0.1818181818181818,dtw_aligned
arctic_a0055,Vietnamese,HQTV,0.0,0.2727272727272727,dtw_aligned
arctic_a0055,Vietnamese,HQTV,0.25,0.1818181818181818,dtw_aligned
arctic_a0055,Vietnamese,HQTV,0.5,0.0,dtw_aligned
arctic_a0055,Vietnamese,HQTV,0.75,0.0,dtw_aligned
arctic_a0055,Vietnamese,HQTV,0.9,0.0,dtw_aligned
arctic_a0055,Vietnamese,HQTV,1.0,0.0909090909090909,dtw_aligned
arctic_a0055,Hindi,SVBI,0.0,0.0909090909090909,dtw_aligned
arctic_a0055,Hindi,SVBI,0.25,0.0909090909090909,dtw_aligned
arctic_a0055,Hindi,SVBI,0.5,0.2727272727272727,dtw_aligned
arctic_a0055,Hindi,SVBI,0.75,0.1818181818181818,dtw_aligned
arctic_a0055,Hindi,SVBI,0.9,0.2727272727272727,dtw_aligned
arctic_a0055,Hindi,SVBI,1.0,0.1818181818181818,dtw_aligned
arctic_a0055,Arabic,ZHAA,0.0,0.1818181818181818,dtw_aligned
arctic_a0055,Arabic,ZHAA,0.25,0.1818181818181818,dtw_aligned
arctic_a0055,Arabic,ZHAA,0.5,0.0,dtw_aligned
arctic_a0055,Arabic,ZHAA,0.75,0.0,dtw_aligned
arctic_a0055,Arabic,ZHAA,0.9,0.0,dtw_aligned
arctic_a0055,Arabic,ZHAA,1.0,0.0909090909090909,dtw_aligned
arctic_a0062,Chinese,BWC,0.0,0.2857142857142857,dtw_aligned
arctic_a0062,Chinese,BWC,0.25,0.1428571428571428,dtw_aligned
arctic_a0062,Chinese,BWC,0.5,0.0,dtw_aligned
arctic_a0062,Chinese,BWC,0.75,0.0,dtw_aligned
arctic_a0062,Chinese,BWC,0.9,0.0,dtw_aligned
arctic_a0062,Chinese,BWC,1.0,0.0,dtw_aligned
arctic_a0062,Spanish,EBVS,0.0,0.0,dtw_aligned
arctic_a0062,Spanish,EBVS,0.25,0.0,dtw_aligned
arctic_a0062,Spanish,EBVS,0.5,0.0,dtw_aligned
arctic_a0062,Spanish,EBVS,0.75,0.0,dtw_aligned
arctic_a0062,Spanish,EBVS,0.9,0.0,dtw_aligned
arctic_a0062,Spanish,EBVS,1.0,0.0,dtw_aligned
arctic_a0062,Korean,HJK,0.0,0.0,dtw_aligned
arctic_a0062,Korean,HJK,0.25,0.0,dtw_aligned
arctic_a0062,Korean,HJK,0.5,0.0,dtw_aligned
arctic_a0062,Korean,HJK,0.75,0.0,dtw_aligned
arctic_a0062,Korean,HJK,0.9,0.0,dtw_aligned
arctic_a0062,Korean,HJK,1.0,0.0,dtw_aligned
arctic_a0062,Vietnamese,HQTV,0.0,0.2857142857142857,dtw_aligned
arctic_a0062,Vietnamese,HQTV,0.25,0.1428571428571428,dtw_aligned
arctic_a0062,Vietnamese,HQTV,0.5,0.0,dtw_aligned
arctic_a0062,Vietnamese,HQTV,0.75,0.0,dtw_aligned
arctic_a0062,Vietnamese,HQTV,0.9,0.0,dtw_aligned
arctic_a0062,Vietnamese,HQTV,1.0,0.0,dtw_aligned
arctic_a0062,Hindi,SVBI,0.0,0.0,dtw_aligned
arctic_a0062,Hindi,SVBI,0.25,0.0,dtw_aligned
arctic_a0062,Hindi,SVBI,0.5,0.0,dtw_aligned
arctic_a0062,Hindi,SVBI,0.75,0.0,dtw_aligned
arctic_a0062,Hindi,SVBI,0.9,0.0,dtw_aligned
arctic_a0062,Hindi,SVBI,1.0,0.0,dtw_aligned
arctic_a0062,Arabic,ZHAA,0.0,0.0,dtw_aligned
arctic_a0062,Arabic,ZHAA,0.25,0.0,dtw_aligned
arctic_a0062,Arabic,ZHAA,0.5,0.0,dtw_aligned
arctic_a0062,Arabic,ZHAA,0.75,0.0,dtw_aligned
arctic_a0062,Arabic,ZHAA,0.9,0.0,dtw_aligned
arctic_a0062,Arabic,ZHAA,1.0,0.0,dtw_aligned
arctic_a0065,Chinese,BWC,0.0,0.1818181818181818,dtw_aligned
arctic_a0065,Chinese,BWC,0.25,0.0909090909090909,dtw_aligned
arctic_a0065,Chinese,BWC,0.5,0.0909090909090909,dtw_aligned
arctic_a0065,Chinese,BWC,0.75,0.0,dtw_aligned
arctic_a0065,Chinese,BWC,0.9,0.0,dtw_aligned
arctic_a0065,Chinese,BWC,1.0,0.0,dtw_aligned
arctic_a0065,Spanish,EBVS,0.0,0.1818181818181818,dtw_aligned
arctic_a0065,Spanish,EBVS,0.25,0.0909090909090909,dtw_aligned
arctic_a0065,Spanish,EBVS,0.5,0.1818181818181818,dtw_aligned
arctic_a0065,Spanish,EBVS,0.75,0.0,dtw_aligned
arctic_a0065,Spanish,EBVS,0.9,0.0,dtw_aligned
arctic_a0065,Spanish,EBVS,1.0,0.0,dtw_aligned
arctic_a0065,Korean,HJK,0.0,0.0,dtw_aligned
arctic_a0065,Korean,HJK,0.25,0.0,dtw_aligned
arctic_a0065,Korean,HJK,0.5,0.0,dtw_aligned
arctic_a0065,Korean,HJK,0.75,0.0,dtw_aligned
arctic_a0065,Korean,HJK,0.9,0.0,dtw_aligned
arctic_a0065,Korean,HJK,1.0,0.0,dtw_aligned
arctic_a0065,Vietnamese,HQTV,0.0,0.0,dtw_aligned
arctic_a0065,Vietnamese,HQTV,0.25,0.2727272727272727,dtw_aligned
arctic_a0065,Vietnamese,HQTV,0.5,0.0,dtw_aligned
arctic_a0065,Vietnamese,HQTV,0.75,0.0,dtw_aligned
arctic_a0065,Vietnamese,HQTV,0.9,0.0,dtw_aligned
arctic_a0065,Vietnamese,HQTV,1.0,0.0,dtw_aligned
arctic_a0065,Hindi,SVBI,0.0,0.0,dtw_aligned
arctic_a0065,Hindi,SVBI,0.25,0.0,dtw_aligned
arctic_a0065,Hindi,SVBI,0.5,0.0,dtw_aligned
arctic_a0065,Hindi,SVBI,0.75,0.0,dtw_aligned
arctic_a0065,Hindi,SVBI,0.9,0.0,dtw_aligned
arctic_a0065,Hindi,SVBI,1.0,0.0,dtw_aligned
arctic_a0065,Arabic,ZHAA,0.0,0.0,dtw_aligned
arctic_a0065,Arabic,ZHAA,0.25,0.0,dtw_aligned
arctic_a0065,Arabic,ZHAA,0.5,0.0,dtw_aligned
arctic_a0065,Arabic,ZHAA,0.75,0.0,dtw_aligned
arctic_a0065,Arabic,ZHAA,0.9,0.0,dtw_aligned
arctic_a0065,Arabic,ZHAA,1.0,0.0,dtw_aligned
arctic_a0080,Chinese,BWC,0.0,0.0,dtw_aligned
arctic_a0080,Chinese,BWC,0.25,0.0,dtw_aligned
arctic_a0080,Chinese,BWC,0.5,0.0,dtw_aligned
arctic_a0080,Chinese,BWC,0.75,0.0,dtw_aligned
arctic_a0080,Chinese,BWC,0.9,0.0,dtw_aligned
arctic_a0080,Chinese,BWC,1.0,0.0,dtw_aligned
arctic_a0080,Spanish,EBVS,0.0,0.2,dtw_aligned
arctic_a0080,Spanish,EBVS,0.25,0.2,dtw_aligned
arctic_a0080,Spanish,EBVS,0.5,0.0,dtw_aligned
arctic_a0080,Spanish,EBVS,0.75,0.0,dtw_aligned
arctic_a0080,Spanish,EBVS,0.9,0.0,dtw_aligned
arctic_a0080,Spanish,EBVS,1.0,0.0,dtw_aligned
arctic_a0080,Korean,HJK,0.0,0.0,dtw_aligned
arctic_a0080,Korean,HJK,0.25,0.0,dtw_aligned
arctic_a0080,Korean,HJK,0.5,0.0,dtw_aligned
arctic_a0080,Korean,HJK,0.75,0.0,dtw_aligned
arctic_a0080,Korean,HJK,0.9,0.0,dtw_aligned
arctic_a0080,Korean,HJK,1.0,0.0,dtw_aligned
arctic_a0080,Vietnamese,HQTV,0.0,0.4,dtw_aligned
arctic_a0080,Vietnamese,HQTV,0.25,0.0,dtw_aligned
arctic_a0080,Vietnamese,HQTV,0.5,0.0,dtw_aligned
arctic_a0080,Vietnamese,HQTV,0.75,0.0,dtw_aligned
arctic_a0080,Vietnamese,HQTV,0.9,0.0,dtw_aligned
arctic_a0080,Vietnamese,HQTV,1.0,0.0,dtw_aligned
arctic_a0080,Hindi,SVBI,0.0,0.0,dtw_aligned
arctic_a0080,Hindi,SVBI,0.25,0.0,dtw_aligned
arctic_a0080,Hindi,SVBI,0.5,0.0,dtw_aligned
arctic_a0080,Hindi,SVBI,0.75,0.0,dtw_aligned
arctic_a0080,Hindi,SVBI,0.9,0.0,dtw_aligned
arctic_a0080,Hindi,SVBI,1.0,0.0,dtw_aligned
arctic_a0080,Arabic,ZHAA,0.0,0.0,dtw_aligned
arctic_a0080,Arabic,ZHAA,0.25,0.0,dtw_aligned
arctic_a0080,Arabic,ZHAA,0.5,0.0,dtw_aligned
arctic_a0080,Arabic,ZHAA,0.75,0.0,dtw_aligned
arctic_a0080,Arabic,ZHAA,0.9,0.0,dtw_aligned
arctic_a0080,Arabic,ZHAA,1.0,0.0,dtw_aligned
arctic_a0099,Chinese,BWC,0.0,0.1428571428571428,dtw_aligned
arctic_a0099,Chinese,BWC,0.25,0.0,dtw_aligned
arctic_a0099,Chinese,BWC,0.5,0.0,dtw_aligned
arctic_a0099,Chinese,BWC,0.75,0.0,dtw_aligned
arctic_a0099,Chinese,BWC,0.9,0.0,dtw_aligned
arctic_a0099,Chinese,BWC,1.0,0.0,dtw_aligned
arctic_a0099,Spanish,EBVS,0.0,0.5714285714285714,dtw_aligned
arctic_a0099,Spanish,EBVS,0.25,0.1428571428571428,dtw_aligned
arctic_a0099,Spanish,EBVS,0.5,0.2857142857142857,dtw_aligned
arctic_a0099,Spanish,EBVS,0.75,0.0,dtw_aligned
arctic_a0099,Spanish,EBVS,0.9,0.0,dtw_aligned
arctic_a0099,Spanish,EBVS,1.0,0.0,dtw_aligned
arctic_a0099,Korean,HJK,0.0,0.0,dtw_aligned
arctic_a0099,Korean,HJK,0.25,0.0,dtw_aligned
arctic_a0099,Korean,HJK,0.5,0.0,dtw_aligned
arctic_a0099,Korean,HJK,0.75,0.0,dtw_aligned
arctic_a0099,Korean,HJK,0.9,0.0,dtw_aligned
arctic_a0099,Korean,HJK,1.0,0.0,dtw_aligned
arctic_a0099,Vietnamese,HQTV,0.0,0.0,dtw_aligned
arctic_a0099,Vietnamese,HQTV,0.25,0.0,dtw_aligned
arctic_a0099,Vietnamese,HQTV,0.5,0.0,dtw_aligned
arctic_a0099,Vietnamese,HQTV,0.75,0.0,dtw_aligned
arctic_a0099,Vietnamese,HQTV,0.9,0.0,dtw_aligned
arctic_a0099,Vietnamese,HQTV,1.0,0.0,dtw_aligned
arctic_a0099,Hindi,SVBI,0.0,0.1428571428571428,dtw_aligned
arctic_a0099,Hindi,SVBI,0.25,0.1428571428571428,dtw_aligned
arctic_a0099,Hindi,SVBI,0.5,0.0,dtw_aligned
arctic_a0099,Hindi,SVBI,0.75,0.0,dtw_aligned
arctic_a0099,Hindi,SVBI,0.9,0.0,dtw_aligned
arctic_a0099,Hindi,SVBI,1.0,0.0,dtw_aligned
arctic_a0099,Arabic,ZHAA,0.0,0.5714285714285714,dtw_aligned
arctic_a0099,Arabic,ZHAA,0.25,0.1428571428571428,dtw_aligned
arctic_a0099,Arabic,ZHAA,0.5,0.0,dtw_aligned
arctic_a0099,Arabic,ZHAA,0.75,0.0,dtw_aligned
arctic_a0099,Arabic,ZHAA,0.9,0.0,dtw_aligned
arctic_a0099,Arabic,ZHAA,1.0,0.0,dtw_aligned
arctic_a0110,Chinese,BWC,0.0,0.4,dtw_aligned
arctic_a0110,Chinese,BWC,0.25,0.4,dtw_aligned
arctic_a0110,Chinese,BWC,0.5,0.4,dtw_aligned
arctic_a0110,Chinese,BWC,0.75,0.2,dtw_aligned
arctic_a0110,Chinese,BWC,0.9,0.2,dtw_aligned
arctic_a0110,Chinese,BWC,1.0,0.2,dtw_aligned
arctic_a0110,Spanish,EBVS,0.0,0.6,dtw_aligned
arctic_a0110,Spanish,EBVS,0.25,0.0,dtw_aligned
arctic_a0110,Spanish,EBVS,0.5,0.0,dtw_aligned
arctic_a0110,Spanish,EBVS,0.75,0.0,dtw_aligned
arctic_a0110,Spanish,EBVS,0.9,0.2,dtw_aligned
arctic_a0110,Spanish,EBVS,1.0,0.2,dtw_aligned
arctic_a0110,Korean,HJK,0.0,0.4,dtw_aligned
arctic_a0110,Korean,HJK,0.25,0.2,dtw_aligned
arctic_a0110,Korean,HJK,0.5,0.0,dtw_aligned
arctic_a0110,Korean,HJK,0.75,0.2,dtw_aligned
arctic_a0110,Korean,HJK,0.9,0.2,dtw_aligned
arctic_a0110,Korean,HJK,1.0,0.2,dtw_aligned
arctic_a0110,Vietnamese,HQTV,0.0,0.0,dtw_aligned
arctic_a0110,Vietnamese,HQTV,0.25,0.0,dtw_aligned
arctic_a0110,Vietnamese,HQTV,0.5,0.0,dtw_aligned
arctic_a0110,Vietnamese,HQTV,0.75,0.0,dtw_aligned
arctic_a0110,Vietnamese,HQTV,0.9,0.2,dtw_aligned
arctic_a0110,Vietnamese,HQTV,1.0,0.2,dtw_aligned
arctic_a0110,Hindi,SVBI,0.0,0.2,dtw_aligned
arctic_a0110,Hindi,SVBI,0.25,0.2,dtw_aligned
arctic_a0110,Hindi,SVBI,0.5,0.2,dtw_aligned
arctic_a0110,Hindi,SVBI,0.75,0.2,dtw_aligned
arctic_a0110,Hindi,SVBI,0.9,0.2,dtw_aligned
arctic_a0110,Hindi,SVBI,1.0,0.2,dtw_aligned
arctic_a0110,Arabic,ZHAA,0.0,0.0,dtw_aligned
arctic_a0110,Arabic,ZHAA,0.25,0.0,dtw_aligned
arctic_a0110,Arabic,ZHAA,0.5,0.0,dtw_aligned
arctic_a0110,Arabic,ZHAA,0.75,0.2,dtw_aligned
arctic_a0110,Arabic,ZHAA,0.9,0.2,dtw_aligned
arctic_a0110,Arabic,ZHAA,1.0,0.2,dtw_aligned
arctic_a0136,Chinese,BWC,0.0,0.2727272727272727,dtw_aligned
arctic_a0136,Chinese,BWC,0.25,0.2727272727272727,dtw_aligned
arctic_a0136,Chinese,BWC,0.5,0.1818181818181818,dtw_aligned
arctic_a0136,Chinese,BWC,0.75,0.1818181818181818,dtw_aligned
arctic_a0136,Chinese,BWC,0.9,0.0909090909090909,dtw_aligned
arctic_a0136,Chinese,BWC,1.0,0.0909090909090909,dtw_aligned
arctic_a0136,Spanish,EBVS,0.0,0.1818181818181818,dtw_aligned
arctic_a0136,Spanish,EBVS,0.25,0.1818181818181818,dtw_aligned
arctic_a0136,Spanish,EBVS,0.5,0.1818181818181818,dtw_aligned
arctic_a0136,Spanish,EBVS,0.75,0.0909090909090909,dtw_aligned
arctic_a0136,Spanish,EBVS,0.9,0.0909090909090909,dtw_aligned
arctic_a0136,Spanish,EBVS,1.0,0.0909090909090909,dtw_aligned
arctic_a0136,Korean,HJK,0.0,0.0909090909090909,dtw_aligned
arctic_a0136,Korean,HJK,0.25,0.0909090909090909,dtw_aligned
arctic_a0136,Korean,HJK,0.5,0.0909090909090909,dtw_aligned
arctic_a0136,Korean,HJK,0.75,0.0909090909090909,dtw_aligned
arctic_a0136,Korean,HJK,0.9,0.0909090909090909,dtw_aligned
arctic_a0136,Korean,HJK,1.0,0.0909090909090909,dtw_aligned
arctic_a0136,Vietnamese,HQTV,0.0,0.5454545454545454,dtw_aligned
arctic_a0136,Vietnamese,HQTV,0.25,0.3636363636363636,dtw_aligned
arctic_a0136,Vietnamese,HQTV,0.5,0.1818181818181818,dtw_aligned
arctic_a0136,Vietnamese,HQTV,0.75,0.1818181818181818,dtw_aligned
arctic_a0136,Vietnamese,HQTV,0.9,0.0909090909090909,dtw_aligned
arctic_a0136,Vietnamese,HQTV,1.0,0.0909090909090909,dtw_aligned
arctic_a0136,Hindi,SVBI,0.0,0.0909090909090909,dtw_aligned
arctic_a0136,Hindi,SVBI,0.25,0.0909090909090909,dtw_aligned
arctic_a0136,Hindi,SVBI,0.5,0.0909090909090909,dtw_aligned
arctic_a0136,Hindi,SVBI,0.75,0.0909090909090909,dtw_aligned
arctic_a0136,Hindi,SVBI,0.9,0.0909090909090909,dtw_aligned
arctic_a0136,Hindi,SVBI,1.0,0.0909090909090909,dtw_aligned
arctic_a0136,Arabic,ZHAA,0.0,0.0909090909090909,dtw_aligned
arctic_a0136,Arabic,ZHAA,0.25,0.0909090909090909,dtw_aligned
arctic_a0136,Arabic,ZHAA,0.5,0.0909090909090909,dtw_aligned
arctic_a0136,Arabic,ZHAA,0.75,0.0909090909090909,dtw_aligned
arctic_a0136,Arabic,ZHAA,0.9,0.0909090909090909,dtw_aligned
arctic_a0136,Arabic,ZHAA,1.0,0.0909090909090909,dtw_aligned
arctic_a0155,Chinese,BWC,0.0,0.4,dtw_aligned
arctic_a0155,Chinese,BWC,0.25,0.4,dtw_aligned
arctic_a0155,Chinese,BWC,0.5,0.0,dtw_aligned
arctic_a0155,Chinese,BWC,0.75,0.0,dtw_aligned
arctic_a0155,Chinese,BWC,0.9,0.0,dtw_aligned
arctic_a0155,Chinese,BWC,1.0,0.0,dtw_aligned
arctic_a0155,Spanish,EBVS,0.0,0.2,dtw_aligned
arctic_a0155,Spanish,EBVS,0.25,0.2,dtw_aligned
arctic_a0155,Spanish,EBVS,0.5,0.2,dtw_aligned
arctic_a0155,Spanish,EBVS,0.75,0.2,dtw_aligned
arctic_a0155,Spanish,EBVS,0.9,0.2,dtw_aligned
arctic_a0155,Spanish,EBVS,1.0,0.0,dtw_aligned
arctic_a0155,Korean,HJK,0.0,0.0,dtw_aligned
arctic_a0155,Korean,HJK,0.25,0.0,dtw_aligned
arctic_a0155,Korean,HJK,0.5,0.0,dtw_aligned
arctic_a0155,Korean,HJK,0.75,0.0,dtw_aligned
arctic_a0155,Korean,HJK,0.9,0.0,dtw_aligned
arctic_a0155,Korean,HJK,1.0,0.0,dtw_aligned
arctic_a0155,Vietnamese,HQTV,0.0,0.6,dtw_aligned
arctic_a0155,Vietnamese,HQTV,0.25,0.2,dtw_aligned
arctic_a0155,Vietnamese,HQTV,0.5,0.2,dtw_aligned
arctic_a0155,Vietnamese,HQTV,0.75,0.2,dtw_aligned
arctic_a0155,Vietnamese,HQTV,0.9,0.0,dtw_aligned
arctic_a0155,Vietnamese,HQTV,1.0,0.0,dtw_aligned
arctic_a0155,Hindi,SVBI,0.0,0.0,dtw_aligned
arctic_a0155,Hindi,SVBI,0.25,0.0,dtw_aligned
arctic_a0155,Hindi,SVBI,0.5,0.0,dtw_aligned
arctic_a0155,Hindi,SVBI,0.75,0.0,dtw_aligned
arctic_a0155,Hindi,SVBI,0.9,0.0,dtw_aligned
arctic_a0155,Hindi,SVBI,1.0,0.0,dtw_aligned
arctic_a0155,Arabic,ZHAA,0.0,0.2,dtw_aligned
arctic_a0155,Arabic,ZHAA,0.25,0.0,dtw_aligned
arctic_a0155,Arabic,ZHAA,0.5,0.0,dtw_aligned
arctic_a0155,Arabic,ZHAA,0.75,0.0,dtw_aligned
arctic_a0155,Arabic,ZHAA,0.9,0.0,dtw_aligned
arctic_a0155,Arabic,ZHAA,1.0,0.0,dtw_aligned
arctic_a0186,Chinese,BWC,0.0,0.5384615384615384,dtw_aligned
arctic_a0186,Chinese,BWC,0.25,0.3076923076923077,dtw_aligned
arctic_a0186,Chinese,BWC,0.5,0.1538461538461538,dtw_aligned
arctic_a0186,Chinese,BWC,0.75,0.0769230769230769,dtw_aligned
arctic_a0186,Chinese,BWC,0.9,0.0769230769230769,dtw_aligned
arctic_a0186,Chinese,BWC,1.0,0.0,dtw_aligned
arctic_a0186,Spanish,EBVS,0.0,0.1538461538461538,dtw_aligned
arctic_a0186,Spanish,EBVS,0.25,0.0,dtw_aligned
arctic_a0186,Spanish,EBVS,0.5,0.0,dtw_aligned
arctic_a0186,Spanish,EBVS,0.75,0.0,dtw_aligned
arctic_a0186,Spanish,EBVS,0.9,0.0,dtw_aligned
arctic_a0186,Spanish,EBVS,1.0,0.0,dtw_aligned
arctic_a0186,Korean,HJK,0.0,0.0,dtw_aligned
arctic_a0186,Korean,HJK,0.25,0.0,dtw_aligned
arctic_a0186,Korean,HJK,0.5,0.0,dtw_aligned
arctic_a0186,Korean,HJK,0.75,0.0,dtw_aligned
arctic_a0186,Korean,HJK,0.9,0.0,dtw_aligned
arctic_a0186,Korean,HJK,1.0,0.0,dtw_aligned
arctic_a0186,Vietnamese,HQTV,0.0,0.2307692307692307,dtw_aligned
arctic_a0186,Vietnamese,HQTV,0.25,0.2307692307692307,dtw_aligned
arctic_a0186,Vietnamese,HQTV,0.5,0.0769230769230769,dtw_aligned
arctic_a0186,Vietnamese,HQTV,0.75,0.0769230769230769,dtw_aligned
arctic_a0186,Vietnamese,HQTV,0.9,0.0,dtw_aligned
arctic_a0186,Vietnamese,HQTV,1.0,0.0,dtw_aligned
arctic_a0186,Hindi,SVBI,0.0,0.0,dtw_aligned
arctic_a0186,Hindi,SVBI,0.25,0.0,dtw_aligned
arctic_a0186,Hindi,SVBI,0.5,0.0,dtw_aligned
arctic_a0186,Hindi,SVBI,0.75,0.0,dtw_aligned
arctic_a0186,Hindi,SVBI,0.9,0.0,dtw_aligned
arctic_a0186,Hindi,SVBI,1.0,0.0,dtw_aligned
arctic_a0186,Arabic,ZHAA,0.0,0.0769230769230769,dtw_aligned
arctic_a0186,Arabic,ZHAA,0.25,0.0769230769230769,dtw_aligned
arctic_a0186,Arabic,ZHAA,0.5,0.0769230769230769,dtw_aligned
arctic_a0186,Arabic,ZHAA,0.75,0.0,dtw_aligned
arctic_a0186,Arabic,ZHAA,0.9,0.0,dtw_aligned
arctic_a0186,Arabic,ZHAA,1.0,0.0,dtw_aligned
arctic_a0187,Chinese,BWC,0.0,0.1111111111111111,dtw_aligned
arctic_a0187,Chinese,BWC,0.25,0.1111111111111111,dtw_aligned
arctic_a0187,Chinese,BWC,0.5,0.1111111111111111,dtw_aligned
arctic_a0187,Chinese,BWC,0.75,0.0,dtw_aligned
arctic_a0187,Chinese,BWC,0.9,0.0,dtw_aligned
arctic_a0187,Chinese,BWC,1.0,0.0,dtw_aligned
arctic_a0187,Spanish,EBVS,0.0,0.2222222222222222,dtw_aligned
arctic_a0187,Spanish,EBVS,0.25,0.2222222222222222,dtw_aligned
arctic_a0187,Spanish,EBVS,0.5,0.1111111111111111,dtw_aligned
arctic_a0187,Spanish,EBVS,0.75,0.0,dtw_aligned
arctic_a0187,Spanish,EBVS,0.9,0.0,dtw_aligned
arctic_a0187,Spanish,EBVS,1.0,0.0,dtw_aligned
arctic_a0187,Korean,HJK,0.0,0.0,dtw_aligned
arctic_a0187,Korean,HJK,0.25,0.0,dtw_aligned
arctic_a0187,Korean,HJK,0.5,0.0,dtw_aligned
arctic_a0187,Korean,HJK,0.75,0.0,dtw_aligned
arctic_a0187,Korean,HJK,0.9,0.0,dtw_aligned
arctic_a0187,Korean,HJK,1.0,0.0,dtw_aligned
arctic_a0187,Vietnamese,HQTV,0.0,0.5555555555555556,dtw_aligned
arctic_a0187,Vietnamese,HQTV,0.25,0.4444444444444444,dtw_aligned
arctic_a0187,Vietnamese,HQTV,0.5,0.2222222222222222,dtw_aligned
arctic_a0187,Vietnamese,HQTV,0.75,0.1111111111111111,dtw_aligned
arctic_a0187,Vietnamese,HQTV,0.9,0.0,dtw_aligned
arctic_a0187,Vietnamese,HQTV,1.0,0.0,dtw_aligned
arctic_a0187,Hindi,SVBI,0.0,0.1111111111111111,dtw_aligned
arctic_a0187,Hindi,SVBI,0.25,0.2222222222222222,dtw_aligned
arctic_a0187,Hindi,SVBI,0.5,0.0,dtw_aligned
arctic_a0187,Hindi,SVBI,0.75,0.0,dtw_aligned
arctic_a0187,Hindi,SVBI,0.9,0.0,dtw_aligned
arctic_a0187,Hindi,SVBI,1.0,0.0,dtw_aligned
arctic_a0187,Arabic,ZHAA,0.0,0.0,dtw_aligned
arctic_a0187,Arabic,ZHAA,0.25,0.0,dtw_aligned
arctic_a0187,Arabic,ZHAA,0.5,0.0,dtw_aligned
arctic_a0187,Arabic,ZHAA,0.75,0.0,dtw_aligned
arctic_a0187,Arabic,ZHAA,0.9,0.0,dtw_aligned
arctic_a0187,Arabic,ZHAA,1.0,0.0,dtw_aligned
arctic_a0202,Chinese,BWC,0.0,0.1666666666666666,dtw_aligned
arctic_a0202,Chinese,BWC,0.25,0.1666666666666666,dtw_aligned
arctic_a0202,Chinese,BWC,0.5,0.0833333333333333,dtw_aligned
arctic_a0202,Chinese,BWC,0.75,0.1666666666666666,dtw_aligned
arctic_a0202,Chinese,BWC,0.9,0.0833333333333333,dtw_aligned
arctic_a0202,Chinese,BWC,1.0,0.1666666666666666,dtw_aligned
arctic_a0202,Spanish,EBVS,0.0,0.25,dtw_aligned
arctic_a0202,Spanish,EBVS,0.25,0.1666666666666666,dtw_aligned
arctic_a0202,Spanish,EBVS,0.5,0.0833333333333333,dtw_aligned
arctic_a0202,Spanish,EBVS,0.75,0.1666666666666666,dtw_aligned
arctic_a0202,Spanish,EBVS,0.9,0.0833333333333333,dtw_aligned
arctic_a0202,Spanish,EBVS,1.0,0.1666666666666666,dtw_aligned
arctic_a0202,Korean,HJK,0.0,0.0,dtw_aligned
arctic_a0202,Korean,HJK,0.25,0.0,dtw_aligned
arctic_a0202,Korean,HJK,0.5,0.0,dtw_aligned
arctic_a0202,Korean,HJK,0.75,0.0,dtw_aligned
arctic_a0202,Korean,HJK,0.9,0.1666666666666666,dtw_aligned
arctic_a0202,Korean,HJK,1.0,0.1666666666666666,dtw_aligned
arctic_a0202,Vietnamese,HQTV,0.0,0.1666666666666666,dtw_aligned
arctic_a0202,Vietnamese,HQTV,0.25,0.3333333333333333,dtw_aligned
arctic_a0202,Vietnamese,HQTV,0.5,0.25,dtw_aligned
arctic_a0202,Vietnamese,HQTV,0.75,0.1666666666666666,dtw_aligned
arctic_a0202,Vietnamese,HQTV,0.9,0.1666666666666666,dtw_aligned
arctic_a0202,Vietnamese,HQTV,1.0,0.0833333333333333,dtw_aligned
arctic_a0202,Hindi,SVBI,0.0,0.0,dtw_aligned
arctic_a0202,Hindi,SVBI,0.25,0.0,dtw_aligned
arctic_a0202,Hindi,SVBI,0.5,0.0,dtw_aligned
arctic_a0202,Hindi,SVBI,0.75,0.0,dtw_aligned
arctic_a0202,Hindi,SVBI,0.9,0.1666666666666666,dtw_aligned
arctic_a0202,Hindi,SVBI,1.0,0.1666666666666666,dtw_aligned
arctic_a0202,Arabic,ZHAA,0.0,0.1666666666666666,dtw_aligned
arctic_a0202,Arabic,ZHAA,0.25,0.1666666666666666,dtw_aligned
arctic_a0202,Arabic,ZHAA,0.5,0.1666666666666666,dtw_aligned
arctic_a0202,Arabic,ZHAA,0.75,0.1666666666666666,dtw_aligned
arctic_a0202,Arabic,ZHAA,0.9,0.25,dtw_aligned
arctic_a0202,Arabic,ZHAA,1.0,0.0833333333333333,dtw_aligned
arctic_a0256,Chinese,BWC,0.0,0.1,dtw_aligned
arctic_a0256,Chinese,BWC,0.25,0.1,dtw_aligned
arctic_a0256,Chinese,BWC,0.5,0.1,dtw_aligned
arctic_a0256,Chinese,BWC,0.75,0.0,dtw_aligned
arctic_a0256,Chinese,BWC,0.9,0.0,dtw_aligned
arctic_a0256,Chinese,BWC,1.0,0.0,dtw_aligned
arctic_a0256,Spanish,EBVS,0.0,0.2,dtw_aligned
arctic_a0256,Spanish,EBVS,0.25,0.2,dtw_aligned
arctic_a0256,Spanish,EBVS,0.5,0.0,dtw_aligned
arctic_a0256,Spanish,EBVS,0.75,0.0,dtw_aligned
arctic_a0256,Spanish,EBVS,0.9,0.0,dtw_aligned
arctic_a0256,Spanish,EBVS,1.0,0.0,dtw_aligned
arctic_a0256,Korean,HJK,0.0,0.0,dtw_aligned
arctic_a0256,Korean,HJK,0.25,0.0,dtw_aligned
arctic_a0256,Korean,HJK,0.5,0.0,dtw_aligned
arctic_a0256,Korean,HJK,0.75,0.0,dtw_aligned
arctic_a0256,Korean,HJK,0.9,0.0,dtw_aligned
arctic_a0256,Korean,HJK,1.0,0.0,dtw_aligned
arctic_a0256,Vietnamese,HQTV,0.0,0.2,dtw_aligned
arctic_a0256,Vietnamese,HQTV,0.25,0.2,dtw_aligned
arctic_a0256,Vietnamese,HQTV,0.5,0.1,dtw_aligned
arctic_a0256,Vietnamese,HQTV,0.75,0.0,dtw_aligned
arctic_a0256,Vietnamese,HQTV,0.9,0.2,dtw_aligned
arctic_a0256,Vietnamese,HQTV,1.0,0.0,dtw_aligned
arctic_a0256,Hindi,SVBI,0.0,0.1,dtw_aligned
arctic_a0256,Hindi,SVBI,0.25,0.0,dtw_aligned
arctic_a0256,Hindi,SVBI,0.5,0.0,dtw_aligned
arctic_a0256,Hindi,SVBI,0.75,0.0,dtw_aligned
arctic_a0256,Hindi,SVBI,0.9,0.0,dtw_aligned
arctic_a0256,Hindi,SVBI,1.0,0.0,dtw_aligned
arctic_a0256,Arabic,ZHAA,0.0,0.0,dtw_aligned
arctic_a0256,Arabic,ZHAA,0.25,0.0,dtw_aligned
arctic_a0256,Arabic,ZHAA,0.5,0.0,dtw_aligned
arctic_a0256,Arabic,ZHAA,0.75,0.0,dtw_aligned
arctic_a0256,Arabic,ZHAA,0.9,0.0,dtw_aligned
arctic_a0256,Arabic,ZHAA,1.0,0.0,dtw_aligned
arctic_a0313,Chinese,BWC,0.0,0.0,dtw_aligned
arctic_a0313,Chinese,BWC,0.25,0.0,dtw_aligned
arctic_a0313,Chinese,BWC,0.5,0.0,dtw_aligned
arctic_a0313,Chinese,BWC,0.75,0.2857142857142857,dtw_aligned
arctic_a0313,Chinese,BWC,0.9,0.2857142857142857,dtw_aligned
arctic_a0313,Chinese,BWC,1.0,0.2857142857142857,dtw_aligned
arctic_a0313,Spanish,EBVS,0.0,0.2857142857142857,dtw_aligned
arctic_a0313,Spanish,EBVS,0.25,0.0,dtw_aligned
arctic_a0313,Spanish,EBVS,0.5,0.0,dtw_aligned
arctic_a0313,Spanish,EBVS,0.75,0.2857142857142857,dtw_aligned
arctic_a0313,Spanish,EBVS,0.9,0.2857142857142857,dtw_aligned
arctic_a0313,Spanish,EBVS,1.0,0.2857142857142857,dtw_aligned
arctic_a0313,Korean,HJK,0.0,0.0,dtw_aligned
arctic_a0313,Korean,HJK,0.25,0.0,dtw_aligned
arctic_a0313,Korean,HJK,0.5,0.0,dtw_aligned
arctic_a0313,Korean,HJK,0.75,0.2857142857142857,dtw_aligned
arctic_a0313,Korean,HJK,0.9,0.2857142857142857,dtw_aligned
arctic_a0313,Korean,HJK,1.0,0.2857142857142857,dtw_aligned
arctic_a0313,Vietnamese,HQTV,0.0,0.5714285714285714,dtw_aligned
arctic_a0313,Vietnamese,HQTV,0.25,0.1428571428571428,dtw_aligned
arctic_a0313,Vietnamese,HQTV,0.5,0.2857142857142857,dtw_aligned
arctic_a0313,Vietnamese,HQTV,0.75,0.4285714285714285,dtw_aligned
arctic_a0313,Vietnamese,HQTV,0.9,0.4285714285714285,dtw_aligned
arctic_a0313,Vietnamese,HQTV,1.0,0.2857142857142857,dtw_aligned
arctic_a0313,Hindi,SVBI,0.0,0.0,dtw_aligned
arctic_a0313,Hindi,SVBI,0.25,0.0,dtw_aligned
arctic_a0313,Hindi,SVBI,0.5,0.0,dtw_aligned
arctic_a0313,Hindi,SVBI,0.75,0.0,dtw_aligned
arctic_a0313,Hindi,SVBI,0.9,0.2857142857142857,dtw_aligned
arctic_a0313,Hindi,SVBI,1.0,0.2857142857142857,dtw_aligned
arctic_a0313,Arabic,ZHAA,0.0,0.2857142857142857,dtw_aligned
arctic_a0313,Arabic,ZHAA,0.25,0.0,dtw_aligned
arctic_a0313,Arabic,ZHAA,0.5,0.0,dtw_aligned
arctic_a0313,Arabic,ZHAA,0.75,0.0,dtw_aligned
arctic_a0313,Arabic,ZHAA,0.9,0.1428571428571428,dtw_aligned
arctic_a0313,Arabic,ZHAA,1.0,0.2857142857142857,dtw_aligned
arctic_a0316,Chinese,BWC,0.0,0.2,dtw_aligned
arctic_a0316,Chinese,BWC,0.25,0.1,dtw_aligned
arctic_a0316,Chinese,BWC,0.5,0.0,dtw_aligned
arctic_a0316,Chinese,BWC,0.75,0.0,dtw_aligned
arctic_a0316,Chinese,BWC,0.9,0.0,dtw_aligned
arctic_a0316,Chinese,BWC,1.0,0.0,dtw_aligned
arctic_a0316,Spanish,EBVS,0.0,0.3,dtw_aligned
arctic_a0316,Spanish,EBVS,0.25,0.4,dtw_aligned
arctic_a0316,Spanish,EBVS,0.5,0.4,dtw_aligned
arctic_a0316,Spanish,EBVS,0.75,0.1,dtw_aligned
arctic_a0316,Spanish,EBVS,0.9,0.0,dtw_aligned
arctic_a0316,Spanish,EBVS,1.0,0.0,dtw_aligned
arctic_a0316,Korean,HJK,0.0,0.2,dtw_aligned
arctic_a0316,Korean,HJK,0.25,0.1,dtw_aligned
arctic_a0316,Korean,HJK,0.5,0.0,dtw_aligned
arctic_a0316,Korean,HJK,0.75,0.0,dtw_aligned
arctic_a0316,Korean,HJK,0.9,0.0,dtw_aligned
arctic_a0316,Korean,HJK,1.0,0.0,dtw_aligned
arctic_a0316,Vietnamese,HQTV,0.0,0.0,dtw_aligned
arctic_a0316,Vietnamese,HQTV,0.25,0.0,dtw_aligned
arctic_a0316,Vietnamese,HQTV,0.5,0.0,dtw_aligned
arctic_a0316,Vietnamese,HQTV,0.75,0.0,dtw_aligned
arctic_a0316,Vietnamese,HQTV,0.9,0.0,dtw_aligned
arctic_a0316,Vietnamese,HQTV,1.0,0.0,dtw_aligned
arctic_a0316,Hindi,SVBI,0.0,0.0,dtw_aligned
arctic_a0316,Hindi,SVBI,0.25,0.0,dtw_aligned
arctic_a0316,Hindi,SVBI,0.5,0.0,dtw_aligned
arctic_a0316,Hindi,SVBI,0.75,0.0,dtw_aligned
arctic_a0316,Hindi,SVBI,0.9,0.0,dtw_aligned
arctic_a0316,Hindi,SVBI,1.0,0.0,dtw_aligned
arctic_a0316,Arabic,ZHAA,0.0,0.1,dtw_aligned
arctic_a0316,Arabic,ZHAA,0.25,0.1,dtw_aligned
arctic_a0316,Arabic,ZHAA,0.5,0.0,dtw_aligned
arctic_a0316,Arabic,ZHAA,0.75,0.0,dtw_aligned
arctic_a0316,Arabic,ZHAA,0.9,0.0,dtw_aligned
arctic_a0316,Arabic,ZHAA,1.0,0.0,dtw_aligned
arctic_a0337,Chinese,BWC,0.0,0.0,dtw_aligned
arctic_a0337,Chinese,BWC,0.25,0.0,dtw_aligned
arctic_a0337,Chinese,BWC,0.5,0.3,dtw_aligned
arctic_a0337,Chinese,BWC,0.75,0.0,dtw_aligned
arctic_a0337,Chinese,BWC,0.9,0.0,dtw_aligned
arctic_a0337,Chinese,BWC,1.0,0.3,dtw_aligned
arctic_a0337,Spanish,EBVS,0.0,0.3,dtw_aligned
arctic_a0337,Spanish,EBVS,0.25,0.3,dtw_aligned
arctic_a0337,Spanish,EBVS,0.5,0.1,dtw_aligned
arctic_a0337,Spanish,EBVS,0.75,0.0,dtw_aligned
arctic_a0337,Spanish,EBVS,0.9,0.1,dtw_aligned
arctic_a0337,Spanish,EBVS,1.0,0.3,dtw_aligned
arctic_a0337,Korean,HJK,0.0,0.1,dtw_aligned
arctic_a0337,Korean,HJK,0.25,0.1,dtw_aligned
arctic_a0337,Korean,HJK,0.5,0.3,dtw_aligned
arctic_a0337,Korean,HJK,0.75,0.0,dtw_aligned
arctic_a0337,Korean,HJK,0.9,0.0,dtw_aligned
arctic_a0337,Korean,HJK,1.0,0.2,dtw_aligned
arctic_a0337,Vietnamese,HQTV,0.0,0.1,dtw_aligned
arctic_a0337,Vietnamese,HQTV,0.25,0.0,dtw_aligned
arctic_a0337,Vietnamese,HQTV,0.5,0.1,dtw_aligned
arctic_a0337,Vietnamese,HQTV,0.75,0.1,dtw_aligned
arctic_a0337,Vietnamese,HQTV,0.9,0.0,dtw_aligned
arctic_a0337,Vietnamese,HQTV,1.0,0.4,dtw_aligned
arctic_a0337,Hindi,SVBI,0.0,0.1,dtw_aligned
arctic_a0337,Hindi,SVBI,0.25,0.1,dtw_aligned
arctic_a0337,Hindi,SVBI,0.5,0.1,dtw_aligned
arctic_a0337,Hindi,SVBI,0.75,0.1,dtw_aligned
arctic_a0337,Hindi,SVBI,0.9,0.0,dtw_aligned
arctic_a0337,Hindi,SVBI,1.0,0.0,dtw_aligned
arctic_a0337,Arabic,ZHAA,0.0,0.3,dtw_aligned
arctic_a0337,Arabic,ZHAA,0.25,0.2,dtw_aligned
arctic_a0337,Arabic,ZHAA,0.5,0.1,dtw_aligned
arctic_a0337,Arabic,ZHAA,0.75,0.1,dtw_aligned
arctic_a0337,Arabic,ZHAA,0.9,0.0,dtw_aligned
arctic_a0337,Arabic,ZHAA,1.0,0.2,dtw_aligned
arctic_a0345,Chinese,BWC,0.0,0.4,dtw_aligned
arctic_a0345,Chinese,BWC,0.25,0.4,dtw_aligned
arctic_a0345,Chinese,BWC,0.5,0.4,dtw_aligned
arctic_a0345,Chinese,BWC,0.75,0.3,dtw_aligned
arctic_a0345,Chinese,BWC,0.9,0.3,dtw_aligned
arctic_a0345,Chinese,BWC,1.0,0.2,dtw_aligned
arctic_a0345,Spanish,EBVS,0.0,0.3,dtw_aligned
arctic_a0345,Spanish,EBVS,0.25,0.3,dtw_aligned
arctic_a0345,Spanish,EBVS,0.5,0.0,dtw_aligned
arctic_a0345,Spanish,EBVS,0.75,0.0,dtw_aligned
arctic_a0345,Spanish,EBVS,0.9,0.0,dtw_aligned
arctic_a0345,Spanish,EBVS,1.0,0.0,dtw_aligned
arctic_a0345,Korean,HJK,0.0,0.0,dtw_aligned
arctic_a0345,Korean,HJK,0.25,0.0,dtw_aligned
arctic_a0345,Korean,HJK,0.5,0.0,dtw_aligned
arctic_a0345,Korean,HJK,0.75,0.0,dtw_aligned
arctic_a0345,Korean,HJK,0.9,0.0,dtw_aligned
arctic_a0345,Korean,HJK,1.0,0.0,dtw_aligned
arctic_a0345,Vietnamese,HQTV,0.0,0.1,dtw_aligned
arctic_a0345,Vietnamese,HQTV,0.25,0.1,dtw_aligned
arctic_a0345,Vietnamese,HQTV,0.5,0.1,dtw_aligned
arctic_a0345,Vietnamese,HQTV,0.75,0.1,dtw_aligned
arctic_a0345,Vietnamese,HQTV,0.9,0.0,dtw_aligned
arctic_a0345,Vietnamese,HQTV,1.0,0.0,dtw_aligned
arctic_a0345,Hindi,SVBI,0.0,0.1,dtw_aligned
arctic_a0345,Hindi,SVBI,0.25,0.0,dtw_aligned
arctic_a0345,Hindi,SVBI,0.5,0.0,dtw_aligned
arctic_a0345,Hindi,SVBI,0.75,0.0,dtw_aligned
arctic_a0345,Hindi,SVBI,0.9,0.0,dtw_aligned
arctic_a0345,Hindi,SVBI,1.0,0.0,dtw_aligned
arctic_a0345,Arabic,ZHAA,0.0,0.1,dtw_aligned
arctic_a0345,Arabic,ZHAA,0.25,0.1,dtw_aligned
arctic_a0345,Arabic,ZHAA,0.5,0.1,dtw_aligned
arctic_a0345,Arabic,ZHAA,0.75,0.0,dtw_aligned
arctic_a0345,Arabic,ZHAA,0.9,0.0,dtw_aligned
arctic_a0345,Arabic,ZHAA,1.0,0.0,dtw_aligned
arctic_a0346,Chinese,BWC,0.0,0.0,dtw_aligned
arctic_a0346,Chinese,BWC,0.25,0.0,dtw_aligned
arctic_a0346,Chinese,BWC,0.5,0.0,dtw_aligned
arctic_a0346,Chinese,BWC,0.75,0.0,dtw_aligned
arctic_a0346,Chinese,BWC,0.9,0.0,dtw_aligned
arctic_a0346,Chinese,BWC,1.0,0.0,dtw_aligned
arctic_a0346,Spanish,EBVS,0.0,0.6,dtw_aligned
arctic_a0346,Spanish,EBVS,0.25,0.0,dtw_aligned
arctic_a0346,Spanish,EBVS,0.5,0.0,dtw_aligned
arctic_a0346,Spanish,EBVS,0.75,0.0,dtw_aligned
arctic_a0346,Spanish,EBVS,0.9,0.0,dtw_aligned
arctic_a0346,Spanish,EBVS,1.0,0.0,dtw_aligned
arctic_a0346,Korean,HJK,0.0,0.2,dtw_aligned
arctic_a0346,Korean,HJK,0.25,0.0,dtw_aligned
arctic_a0346,Korean,HJK,0.5,0.0,dtw_aligned
arctic_a0346,Korean,HJK,0.75,0.0,dtw_aligned
arctic_a0346,Korean,HJK,0.9,0.0,dtw_aligned
arctic_a0346,Korean,HJK,1.0,0.0,dtw_aligned
arctic_a0346,Vietnamese,HQTV,0.0,0.6,dtw_aligned
arctic_a0346,Vietnamese,HQTV,0.25,0.0,dtw_aligned
arctic_a0346,Vietnamese,HQTV,0.5,0.0,dtw_aligned
arctic_a0346,Vietnamese,HQTV,0.75,0.0,dtw_aligned
arctic_a0346,Vietnamese,HQTV,0.9,0.0,dtw_aligned
arctic_a0346,Vietnamese,HQTV,1.0,0.0,dtw_aligned
arctic_a0346,Hindi,SVBI,0.0,0.2,dtw_aligned
arctic_a0346,Hindi,SVBI,0.25,0.2,dtw_aligned
arctic_a0346,Hindi,SVBI,0.5,0.2,dtw_aligned
arctic_a0346,Hindi,SVBI,0.75,0.2,dtw_aligned
arctic_a0346,Hindi,SVBI,0.9,0.0,dtw_aligned
arctic_a0346,Hindi,SVBI,1.0,0.0,dtw_aligned
arctic_a0346,Arabic,ZHAA,0.0,0.0,dtw_aligned
arctic_a0346,Arabic,ZHAA,0.25,0.0,dtw_aligned
arctic_a0346,Arabic,ZHAA,0.5,0.0,dtw_aligned
arctic_a0346,Arabic,ZHAA,0.75,0.0,dtw_aligned
arctic_a0346,Arabic,ZHAA,0.9,0.0,dtw_aligned
arctic_a0346,Arabic,ZHAA,1.0,0.0,dtw_aligned
arctic_a0352,Chinese,BWC,0.0,0.0,dtw_aligned
arctic_a0352,Chinese,BWC,0.25,0.0,dtw_aligned
arctic_a0352,Chinese,BWC,0.5,0.0,dtw_aligned
arctic_a0352,Chinese,BWC,0.75,0.0,dtw_aligned
arctic_a0352,Chinese,BWC,0.9,0.0,dtw_aligned
arctic_a0352,Chinese,BWC,1.0,0.0,dtw_aligned
arctic_a0352,Spanish,EBVS,0.0,0.375,dtw_aligned
arctic_a0352,Spanish,EBVS,0.25,0.5,dtw_aligned
arctic_a0352,Spanish,EBVS,0.5,0.75,dtw_aligned
arctic_a0352,Spanish,EBVS,0.75,0.375,dtw_aligned
arctic_a0352,Spanish,EBVS,0.9,0.125,dtw_aligned
arctic_a0352,Spanish,EBVS,1.0,0.0,dtw_aligned
arctic_a0352,Korean,HJK,0.0,0.0,dtw_aligned
arctic_a0352,Korean,HJK,0.25,0.0,dtw_aligned
arctic_a0352,Korean,HJK,0.5,0.125,dtw_aligned
arctic_a0352,Korean,HJK,0.75,0.0,dtw_aligned
arctic_a0352,Korean,HJK,0.9,0.0,dtw_aligned
arctic_a0352,Korean,HJK,1.0,0.0,dtw_aligned
arctic_a0352,Vietnamese,HQTV,0.0,0.25,dtw_aligned
arctic_a0352,Vietnamese,HQTV,0.25,0.125,dtw_aligned
arctic_a0352,Vietnamese,HQTV,0.5,0.0,dtw_aligned
arctic_a0352,Vietnamese,HQTV,0.75,0.0,dtw_aligned
arctic_a0352,Vietnamese,HQTV,0.9,0.0,dtw_aligned
arctic_a0352,Vietnamese,HQTV,1.0,0.0,dtw_aligned
arctic_a0352,Hindi,SVBI,0.0,0.0,dtw_aligned
arctic_a0352,Hindi,SVBI,0.25,0.0,dtw_aligned
arctic_a0352,Hindi,SVBI,0.5,0.0,dtw_aligned
arctic_a0352,Hindi,SVBI,0.75,0.125,dtw_aligned
arctic_a0352,Hindi,SVBI,0.9,0.0,dtw_aligned
arctic_a0352,Hindi,SVBI,1.0,0.0,dtw_aligned
arctic_a0352,Arabic,ZHAA,0.0,0.0,dtw_aligned
arctic_a0352,Arabic,ZHAA,0.25,0.125,dtw_aligned
arctic_a0352,Arabic,ZHAA,0.5,0.125,dtw_aligned
arctic_a0352,Arabic,ZHAA,0.75,0.0,dtw_aligned
arctic_a0352,Arabic,ZHAA,0.9,0.0,dtw_aligned
arctic_a0352,Arabic,ZHAA,1.0,0.0,dtw_aligned
arctic_a0383,Chinese,BWC,0.0,0.0,dtw_aligned
arctic_a0383,Chinese,BWC,0.25,0.0,dtw_aligned
arctic_a0383,Chinese,BWC,0.5,0.0,dtw_aligned
arctic_a0383,Chinese,BWC,0.75,0.0,dtw_aligned
arctic_a0383,Chinese,BWC,0.9,0.1111111111111111,dtw_aligned
arctic_a0383,Chinese,BWC,1.0,0.1111111111111111,dtw_aligned
arctic_a0383,Spanish,EBVS,0.0,0.3333333333333333,dtw_aligned
arctic_a0383,Spanish,EBVS,0.25,0.3333333333333333,dtw_aligned
arctic_a0383,Spanish,EBVS,0.5,0.3333333333333333,dtw_aligned
arctic_a0383,Spanish,EBVS,0.75,0.0,dtw_aligned
arctic_a0383,Spanish,EBVS,0.9,0.0,dtw_aligned
arctic_a0383,Spanish,EBVS,1.0,0.1111111111111111,dtw_aligned
arctic_a0383,Korean,HJK,0.0,0.1111111111111111,dtw_aligned
arctic_a0383,Korean,HJK,0.25,0.1111111111111111,dtw_aligned
arctic_a0383,Korean,HJK,0.5,0.1111111111111111,dtw_aligned
arctic_a0383,Korean,HJK,0.75,0.0,dtw_aligned
arctic_a0383,Korean,HJK,0.9,0.1111111111111111,dtw_aligned
arctic_a0383,Korean,HJK,1.0,0.2222222222222222,dtw_aligned
arctic_a0383,Vietnamese,HQTV,0.0,0.2222222222222222,dtw_aligned
arctic_a0383,Vietnamese,HQTV,0.25,0.2222222222222222,dtw_aligned
arctic_a0383,Vietnamese,HQTV,0.5,0.0,dtw_aligned
arctic_a0383,Vietnamese,HQTV,0.75,0.0,dtw_aligned
arctic_a0383,Vietnamese,HQTV,0.9,0.0,dtw_aligned
arctic_a0383,Vietnamese,HQTV,1.0,0.2222222222222222,dtw_aligned
arctic_a0383,Hindi,SVBI,0.0,0.1111111111111111,dtw_aligned
arctic_a0383,Hindi,SVBI,0.25,0.1111111111111111,dtw_aligned
arctic_a0383,Hindi,SVBI,0.5,0.1111111111111111,dtw_aligned
arctic_a0383,Hindi,SVBI,0.75,0.1111111111111111,dtw_aligned
arctic_a0383,Hindi,SVBI,0.9,0.1111111111111111,dtw_aligned
arctic_a0383,Hindi,SVBI,1.0,0.1111111111111111,dtw_aligned
arctic_a0383,Arabic,ZHAA,0.0,0.0,dtw_aligned
arctic_a0383,Arabic,ZHAA,0.25,0.0,dtw_aligned
arctic_a0383,Arabic,ZHAA,0.5,0.0,dtw_aligned
arctic_a0383,Arabic,ZHAA,0.75,0.1111111111111111,dtw_aligned
arctic_a0383,Arabic,ZHAA,0.9,0.0,dtw_aligned
arctic_a0383,Arabic,ZHAA,1.0,0.1111111111111111,dtw_aligned
arctic_a0388,Chinese,BWC,0.0,0.0,dtw_aligned
arctic_a0388,Chinese,BWC,0.25,0.0,dtw_aligned
arctic_a0388,Chinese,BWC,0.5,0.0,dtw_aligned
arctic_a0388,Chinese,BWC,0.75,0.0,dtw_aligned
arctic_a0388,Chinese,BWC,0.9,0.1428571428571428,dtw_aligned
arctic_a0388,Chinese,BWC,1.0,0.1428571428571428,dtw_aligned
arctic_a0388,Spanish,EBVS,0.0,0.1428571428571428,dtw_aligned
arctic_a0388,Spanish,EBVS,0.25,0.0,dtw_aligned
arctic_a0388,Spanish,EBVS,0.5,0.0,dtw_aligned
arctic_a0388,Spanish,EBVS,0.75,0.0,dtw_aligned
arctic_a0388,Spanish,EBVS,0.9,0.1428571428571428,dtw_aligned
arctic_a0388,Spanish,EBVS,1.0,0.1428571428571428,dtw_aligned
arctic_a0388,Korean,HJK,0.0,0.0,dtw_aligned
arctic_a0388,Korean,HJK,0.25,0.0,dtw_aligned
arctic_a0388,Korean,HJK,0.5,0.0,dtw_aligned
arctic_a0388,Korean,HJK,0.75,0.1428571428571428,dtw_aligned
arctic_a0388,Korean,HJK,0.9,0.1428571428571428,dtw_aligned
arctic_a0388,Korean,HJK,1.0,0.1428571428571428,dtw_aligned
arctic_a0388,Vietnamese,HQTV,0.0,0.0,dtw_aligned
arctic_a0388,Vietnamese,HQTV,0.25,0.0,dtw_aligned
arctic_a0388,Vietnamese,HQTV,0.5,0.0,dtw_aligned
arctic_a0388,Vietnamese,HQTV,0.75,0.0,dtw_aligned
arctic_a0388,Vietnamese,HQTV,0.9,0.1428571428571428,dtw_aligned
arctic_a0388,Vietnamese,HQTV,1.0,0.1428571428571428,dtw_aligned
arctic_a0388,Hindi,SVBI,0.0,0.0,dtw_aligned
arctic_a0388,Hindi,SVBI,0.25,0.0,dtw_aligned
arctic_a0388,Hindi,SVBI,0.5,0.0,dtw_aligned
arctic_a0388,Hindi,SVBI,0.75,0.1428571428571428,dtw_aligned
arctic_a0388,Hindi,SVBI,0.9,0.1428571428571428,dtw_aligned
arctic_a0388,Hindi,SVBI,1.0,0.1428571428571428,dtw_aligned
arctic_a0388,Arabic,ZHAA,0.0,0.0,dtw_aligned
arctic_a0388,Arabic,ZHAA,0.25,0.0,dtw_aligned
arctic_a0388,Arabic,ZHAA,0.5,0.0,dtw_aligned
arctic_a0388,Arabic,ZHAA,0.75,0.0,dtw_aligned
arctic_a0388,Arabic,ZHAA,0.9,0.1428571428571428,dtw_aligned
arctic_a0388,Arabic,ZHAA,1.0,0.1428571428571428,dtw_aligned
arctic_a0403,Chinese,BWC,0.0,0.25,dtw_aligned
arctic_a0403,Chinese,BWC,0.25,0.25,dtw_aligned
arctic_a0403,Chinese,BWC,0.5,0.125,dtw_aligned
arctic_a0403,Chinese,BWC,0.75,0.0,dtw_aligned
arctic_a0403,Chinese,BWC,0.9,0.0,dtw_aligned
arctic_a0403,Chinese,BWC,1.0,0.0,dtw_aligned
arctic_a0403,Spanish,EBVS,0.0,0.25,dtw_aligned
arctic_a0403,Spanish,EBVS,0.25,0.125,dtw_aligned
arctic_a0403,Spanish,EBVS,0.5,0.125,dtw_aligned
arctic_a0403,Spanish,EBVS,0.75,0.0,dtw_aligned
arctic_a0403,Spanish,EBVS,0.9,0.0,dtw_aligned
arctic_a0403,Spanish,EBVS,1.0,0.0,dtw_aligned
arctic_a0403,Korean,HJK,0.0,0.0,dtw_aligned
arctic_a0403,Korean,HJK,0.25,0.0,dtw_aligned
arctic_a0403,Korean,HJK,0.5,0.0,dtw_aligned
arctic_a0403,Korean,HJK,0.75,0.0,dtw_aligned
arctic_a0403,Korean,HJK,0.9,0.0,dtw_aligned
arctic_a0403,Korean,HJK,1.0,0.0,dtw_aligned
arctic_a0403,Vietnamese,HQTV,0.0,0.0,dtw_aligned
arctic_a0403,Vietnamese,HQTV,0.25,0.0,dtw_aligned
arctic_a0403,Vietnamese,HQTV,0.5,0.0,dtw_aligned
arctic_a0403,Vietnamese,HQTV,0.75,0.0,dtw_aligned
arctic_a0403,Vietnamese,HQTV,0.9,0.0,dtw_aligned
arctic_a0403,Vietnamese,HQTV,1.0,0.0,dtw_aligned
arctic_a0403,Hindi,SVBI,0.0,0.0,dtw_aligned
arctic_a0403,Hindi,SVBI,0.25,0.0,dtw_aligned
arctic_a0403,Hindi,SVBI,0.5,0.0,dtw_aligned
arctic_a0403,Hindi,SVBI,0.75,0.0,dtw_aligned
arctic_a0403,Hindi,SVBI,0.9,0.0,dtw_aligned
arctic_a0403,Hindi,SVBI,1.0,0.0,dtw_aligned
arctic_a0403,Arabic,ZHAA,0.0,0.375,dtw_aligned
arctic_a0403,Arabic,ZHAA,0.25,0.0,dtw_aligned
arctic_a0403,Arabic,ZHAA,0.5,0.0,dtw_aligned
arctic_a0403,Arabic,ZHAA,0.75,0.0,dtw_aligned
arctic_a0403,Arabic,ZHAA,0.9,0.0,dtw_aligned
arctic_a0403,Arabic,ZHAA,1.0,0.0,dtw_aligned
arctic_a0412,Chinese,BWC,0.0,0.1428571428571428,dtw_aligned
arctic_a0412,Chinese,BWC,0.25,0.1428571428571428,dtw_aligned
arctic_a0412,Chinese,BWC,0.5,0.1428571428571428,dtw_aligned
arctic_a0412,Chinese,BWC,0.75,0.0,dtw_aligned
arctic_a0412,Chinese,BWC,0.9,0.0,dtw_aligned
arctic_a0412,Chinese,BWC,1.0,0.0,dtw_aligned
arctic_a0412,Spanish,EBVS,0.0,0.2857142857142857,dtw_aligned
arctic_a0412,Spanish,EBVS,0.25,0.0,dtw_aligned
arctic_a0412,Spanish,EBVS,0.5,0.0,dtw_aligned
arctic_a0412,Spanish,EBVS,0.75,0.0,dtw_aligned
arctic_a0412,Spanish,EBVS,0.9,0.0,dtw_aligned
arctic_a0412,Spanish,EBVS,1.0,0.0,dtw_aligned
arctic_a0412,Korean,HJK,0.0,0.0,dtw_aligned
arctic_a0412,Korean,HJK,0.25,0.0,dtw_aligned
arctic_a0412,Korean,HJK,0.5,0.0,dtw_aligned
arctic_a0412,Korean,HJK,0.75,0.0,dtw_aligned
arctic_a0412,Korean,HJK,0.9,0.0,dtw_aligned
arctic_a0412,Korean,HJK,1.0,0.0,dtw_aligned
arctic_a0412,Vietnamese,HQTV,0.0,0.7142857142857143,dtw_aligned
arctic_a0412,Vietnamese,HQTV,0.25,0.4285714285714285,dtw_aligned
arctic_a0412,Vietnamese,HQTV,0.5,0.0,dtw_aligned
arctic_a0412,Vietnamese,HQTV,0.75,0.0,dtw_aligned
arctic_a0412,Vietnamese,HQTV,0.9,0.0,dtw_aligned
arctic_a0412,Vietnamese,HQTV,1.0,0.0,dtw_aligned
arctic_a0412,Hindi,SVBI,0.0,0.0,dtw_aligned
arctic_a0412,Hindi,SVBI,0.25,0.0,dtw_aligned
arctic_a0412,Hindi,SVBI,0.5,0.0,dtw_aligned
arctic_a0412,Hindi,SVBI,0.75,0.0,dtw_aligned
arctic_a0412,Hindi,SVBI,0.9,0.0,dtw_aligned
arctic_a0412,Hindi,SVBI,1.0,0.0,dtw_aligned
arctic_a0412,Arabic,ZHAA,0.0,0.1428571428571428,dtw_aligned
arctic_a0412,Arabic,ZHAA,0.25,0.2857142857142857,dtw_aligned
arctic_a0412,Arabic,ZHAA,0.5,0.0,dtw_aligned
arctic_a0412,Arabic,ZHAA,0.75,0.0,dtw_aligned
arctic_a0412,Arabic,ZHAA,0.9,0.0,dtw_aligned
arctic_a0412,Arabic,ZHAA,1.0,0.0,dtw_aligned
arctic_a0438,Chinese,BWC,0.0,0.25,dtw_aligned
arctic_a0438,Chinese,BWC,0.25,0.125,dtw_aligned
arctic_a0438,Chinese,BWC,0.5,0.25,dtw_aligned
arctic_a0438,Chinese,BWC,0.75,0.375,dtw_aligned
arctic_a0438,Chinese,BWC,0.9,0.625,dtw_aligned
arctic_a0438,Chinese,BWC,1.0,0.5,dtw_aligned
arctic_a0438,Spanish,EBVS,0.0,0.125,dtw_aligned
arctic_a0438,Spanish,EBVS,0.25,0.125,dtw_aligned
arctic_a0438,Spanish,EBVS,0.5,0.125,dtw_aligned
arctic_a0438,Spanish,EBVS,0.75,0.375,dtw_aligned
arctic_a0438,Spanish,EBVS,0.9,0.625,dtw_aligned
arctic_a0438,Spanish,EBVS,1.0,0.5,dtw_aligned
arctic_a0438,Korean,HJK,0.0,0.25,dtw_aligned
arctic_a0438,Korean,HJK,0.25,0.5,dtw_aligned
arctic_a0438,Korean,HJK,0.5,0.5,dtw_aligned
arctic_a0438,Korean,HJK,0.75,0.625,dtw_aligned
arctic_a0438,Korean,HJK,0.9,0.5,dtw_aligned
arctic_a0438,Korean,HJK,1.0,0.5,dtw_aligned
arctic_a0438,Vietnamese,HQTV,0.0,0.125,dtw_aligned
arctic_a0438,Vietnamese,HQTV,0.25,0.125,dtw_aligned
arctic_a0438,Vietnamese,HQTV,0.5,0.25,dtw_aligned
arctic_a0438,Vietnamese,HQTV,0.75,0.25,dtw_aligned
arctic_a0438,Vietnamese,HQTV,0.9,0.625,dtw_aligned
arctic_a0438,Vietnamese,HQTV,1.0,0.5,dtw_aligned
arctic_a0438,Hindi,SVBI,0.0,0.375,dtw_aligned
arctic_a0438,Hindi,SVBI,0.25,0.25,dtw_aligned
arctic_a0438,Hindi,SVBI,0.5,0.25,dtw_aligned
arctic_a0438,Hindi,SVBI,0.75,0.375,dtw_aligned
arctic_a0438,Hindi,SVBI,0.9,0.5,dtw_aligned
arctic_a0438,Hindi,SVBI,1.0,0.5,dtw_aligned
arctic_a0438,Arabic,ZHAA,0.0,0.25,dtw_aligned
arctic_a0438,Arabic,ZHAA,0.25,0.25,dtw_aligned
arctic_a0438,Arabic,ZHAA,0.5,0.375,dtw_aligned
arctic_a0438,Arabic,ZHAA,0.75,0.25,dtw_aligned
arctic_a0438,Arabic,ZHAA,0.9,0.625,dtw_aligned
arctic_a0438,Arabic,ZHAA,1.0,0.5,dtw_aligned
arctic_a0450,Chinese,BWC,0.0,0.1,dtw_aligned
arctic_a0450,Chinese,BWC,0.25,0.4,dtw_aligned
arctic_a0450,Chinese,BWC,0.5,0.1,dtw_aligned
arctic_a0450,Chinese,BWC,0.75,0.1,dtw_aligned
arctic_a0450,Chinese,BWC,0.9,0.0,dtw_aligned
arctic_a0450,Chinese,BWC,1.0,0.0,dtw_aligned
arctic_a0450,Spanish,EBVS,0.0,0.1,dtw_aligned
arctic_a0450,Spanish,EBVS,0.25,0.2,dtw_aligned
arctic_a0450,Spanish,EBVS,0.5,0.0,dtw_aligned
arctic_a0450,Spanish,EBVS,0.75,0.0,dtw_aligned
arctic_a0450,Spanish,EBVS,0.9,0.0,dtw_aligned
arctic_a0450,Spanish,EBVS,1.0,0.0,dtw_aligned
arctic_a0450,Korean,HJK,0.0,0.0,dtw_aligned
arctic_a0450,Korean,HJK,0.25,0.0,dtw_aligned
arctic_a0450,Korean,HJK,0.5,0.0,dtw_aligned
arctic_a0450,Korean,HJK,0.75,0.0,dtw_aligned
arctic_a0450,Korean,HJK,0.9,0.1,dtw_aligned
arctic_a0450,Korean,HJK,1.0,0.0,dtw_aligned
arctic_a0450,Vietnamese,HQTV,0.0,0.2,dtw_aligned
arctic_a0450,Vietnamese,HQTV,0.25,0.0,dtw_aligned
arctic_a0450,Vietnamese,HQTV,0.5,0.0,dtw_aligned
arctic_a0450,Vietnamese,HQTV,0.75,0.0,dtw_aligned
arctic_a0450,Vietnamese,HQTV,0.9,0.0,dtw_aligned
arctic_a0450,Vietnamese,HQTV,1.0,0.0,dtw_aligned
arctic_a0450,Hindi,SVBI,0.0,0.0,dtw_aligned
arctic_a0450,Hindi,SVBI,0.25,0.0,dtw_aligned
arctic_a0450,Hindi,SVBI,0.5,0.0,dtw_aligned
arctic_a0450,Hindi,SVBI,0.75,0.0,dtw_aligned
arctic_a0450,Hindi,SVBI,0.9,0.0,dtw_aligned
arctic_a0450,Hindi,SVBI,1.0,0.1,dtw_aligned
arctic_a0450,Arabic,ZHAA,0.0,0.0,dtw_aligned
arctic_a0450,Arabic,ZHAA,0.25,0.0,dtw_aligned
arctic_a0450,Arabic,ZHAA,0.5,0.0,dtw_aligned
arctic_a0450,Arabic,ZHAA,0.75,0.0,dtw_aligned
arctic_a0450,Arabic,ZHAA,0.9,0.0,dtw_aligned
arctic_a0450,Arabic,ZHAA,1.0,0.0,dtw_aligned
arctic_a0457,Chinese,BWC,0.0,0.1111111111111111,dtw_aligned
arctic_a0457,Chinese,BWC,0.25,0.0,dtw_aligned
arctic_a0457,Chinese,BWC,0.5,0.0,dtw_aligned
arctic_a0457,Chinese,BWC,0.75,0.0,dtw_aligned
arctic_a0457,Chinese,BWC,0.9,0.0,dtw_aligned
arctic_a0457,Chinese,BWC,1.0,0.0,dtw_aligned
arctic_a0457,Spanish,EBVS,0.0,0.0,dtw_aligned
arctic_a0457,Spanish,EBVS,0.25,0.0,dtw_aligned
arctic_a0457,Spanish,EBVS,0.5,0.0,dtw_aligned
arctic_a0457,Spanish,EBVS,0.75,0.0,dtw_aligned
arctic_a0457,Spanish,EBVS,0.9,0.0,dtw_aligned
arctic_a0457,Spanish,EBVS,1.0,0.0,dtw_aligned
arctic_a0457,Korean,HJK,0.0,0.0,dtw_aligned
arctic_a0457,Korean,HJK,0.25,0.0,dtw_aligned
arctic_a0457,Korean,HJK,0.5,0.0,dtw_aligned
arctic_a0457,Korean,HJK,0.75,0.0,dtw_aligned
arctic_a0457,Korean,HJK,0.9,0.0,dtw_aligned
arctic_a0457,Korean,HJK,1.0,0.0,dtw_aligned
arctic_a0457,Vietnamese,HQTV,0.0,0.0,dtw_aligned
arctic_a0457,Vietnamese,HQTV,0.25,0.0,dtw_aligned
arctic_a0457,Vietnamese,HQTV,0.5,0.0,dtw_aligned
arctic_a0457,Vietnamese,HQTV,0.75,0.0,dtw_aligned
arctic_a0457,Vietnamese,HQTV,0.9,0.0,dtw_aligned
arctic_a0457,Vietnamese,HQTV,1.0,0.0,dtw_aligned
arctic_a0457,Hindi,SVBI,0.0,0.2222222222222222,dtw_aligned
arctic_a0457,Hindi,SVBI,0.25,0.1111111111111111,dtw_aligned
arctic_a0457,Hindi,SVBI,0.5,0.0,dtw_aligned
arctic_a0457,Hindi,SVBI,0.75,0.0,dtw_aligned
arctic_a0457,Hindi,SVBI,0.9,0.0,dtw_aligned
arctic_a0457,Hindi,SVBI,1.0,0.0,dtw_aligned
arctic_a0457,Arabic,ZHAA,0.0,0.0,dtw_aligned
arctic_a0457,Arabic,ZHAA,0.25,0.0,dtw_aligned
arctic_a0457,Arabic,ZHAA,0.5,0.0,dtw_aligned
arctic_a0457,Arabic,ZHAA,0.75,0.0,dtw_aligned
arctic_a0457,Arabic,ZHAA,0.9,0.0,dtw_aligned
arctic_a0457,Arabic,ZHAA,1.0,0.0,dtw_aligned
arctic_a0468,Chinese,BWC,0.0,0.0,dtw_aligned
arctic_a0468,Chinese,BWC,0.25,0.0,dtw_aligned
arctic_a0468,Chinese,BWC,0.5,0.0,dtw_aligned
arctic_a0468,Chinese,BWC,0.75,0.0,dtw_aligned
arctic_a0468,Chinese,BWC,0.9,0.0,dtw_aligned
arctic_a0468,Chinese,BWC,1.0,0.0,dtw_aligned
arctic_a0468,Spanish,EBVS,0.0,0.1,dtw_aligned
arctic_a0468,Spanish,EBVS,0.25,0.1,dtw_aligned
arctic_a0468,Spanish,EBVS,0.5,0.1,dtw_aligned
arctic_a0468,Spanish,EBVS,0.75,0.1,dtw_aligned
arctic_a0468,Spanish,EBVS,0.9,0.0,dtw_aligned
arctic_a0468,Spanish,EBVS,1.0,0.0,dtw_aligned
arctic_a0468,Korean,HJK,0.0,0.1,dtw_aligned
arctic_a0468,Korean,HJK,0.25,0.1,dtw_aligned
arctic_a0468,Korean,HJK,0.5,0.1,dtw_aligned
arctic_a0468,Korean,HJK,0.75,0.0,dtw_aligned
arctic_a0468,Korean,HJK,0.9,0.0,dtw_aligned
arctic_a0468,Korean,HJK,1.0,0.0,dtw_aligned
arctic_a0468,Vietnamese,HQTV,0.0,0.6,dtw_aligned
arctic_a0468,Vietnamese,HQTV,0.25,0.2,dtw_aligned
arctic_a0468,Vietnamese,HQTV,0.5,0.1,dtw_aligned
arctic_a0468,Vietnamese,HQTV,0.75,0.0,dtw_aligned
arctic_a0468,Vietnamese,HQTV,0.9,0.0,dtw_aligned
arctic_a0468,Vietnamese,HQTV,1.0,0.1,dtw_aligned
arctic_a0468,Hindi,SVBI,0.0,0.0,dtw_aligned
arctic_a0468,Hindi,SVBI,0.25,0.0,dtw_aligned
arctic_a0468,Hindi,SVBI,0.5,0.0,dtw_aligned
arctic_a0468,Hindi,SVBI,0.75,0.0,dtw_aligned
arctic_a0468,Hindi,SVBI,0.9,0.0,dtw_aligned
arctic_a0468,Hindi,SVBI,1.0,0.0,dtw_aligned
arctic_a0468,Arabic,ZHAA,0.0,0.0,dtw_aligned
arctic_a0468,Arabic,ZHAA,0.25,0.0,dtw_aligned
arctic_a0468,Arabic,ZHAA,0.5,0.0,dtw_aligned
arctic_a0468,Arabic,ZHAA,0.75,0.2,dtw_aligned
arctic_a0468,Arabic,ZHAA,0.9,0.0,dtw_aligned
arctic_a0468,Arabic,ZHAA,1.0,0.0,dtw_aligned
arctic_a0472,Chinese,BWC,0.0,0.0909090909090909,dtw_aligned
arctic_a0472,Chinese,BWC,0.25,0.0,dtw_aligned
arctic_a0472,Chinese,BWC,0.5,0.0909090909090909,dtw_aligned
arctic_a0472,Chinese,BWC,0.75,0.0,dtw_aligned
arctic_a0472,Chinese,BWC,0.9,0.0,dtw_aligned
arctic_a0472,Chinese,BWC,1.0,0.1818181818181818,dtw_aligned
arctic_a0472,Spanish,EBVS,0.0,0.2727272727272727,dtw_aligned
arctic_a0472,Spanish,EBVS,0.25,0.1818181818181818,dtw_aligned
arctic_a0472,Spanish,EBVS,0.5,0.0,dtw_aligned
arctic_a0472,Spanish,EBVS,0.75,0.0,dtw_aligned
arctic_a0472,Spanish,EBVS,0.9,0.0,dtw_aligned
arctic_a0472,Spanish,EBVS,1.0,0.0,dtw_aligned
arctic_a0472,Korean,HJK,0.0,0.1818181818181818,dtw_aligned
arctic_a0472,Korean,HJK,0.25,0.0909090909090909,dtw_aligned
arctic_a0472,Korean,HJK,0.5,0.0909090909090909,dtw_aligned
arctic_a0472,Korean,HJK,0.75,0.0909090909090909,dtw_aligned
arctic_a0472,Korean,HJK,0.9,0.0,dtw_aligned
arctic_a0472,Korean,HJK,1.0,0.0,dtw_aligned
arctic_a0472,Vietnamese,HQTV,0.0,0.1818181818181818,dtw_aligned
arctic_a0472,Vietnamese,HQTV,0.25,0.0909090909090909,dtw_aligned
arctic_a0472,Vietnamese,HQTV,0.5,0.2727272727272727,dtw_aligned
arctic_a0472,Vietnamese,HQTV,0.75,0.0909090909090909,dtw_aligned
arctic_a0472,Vietnamese,HQTV,0.9,0.0,dtw_aligned
arctic_a0472,Vietnamese,HQTV,1.0,0.1818181818181818,dtw_aligned
arctic_a0472,Hindi,SVBI,0.0,0.0909090909090909,dtw_aligned
arctic_a0472,Hindi,SVBI,0.25,0.0909090909090909,dtw_aligned
arctic_a0472,Hindi,SVBI,0.5,0.0909090909090909,dtw_aligned
arctic_a0472,Hindi,SVBI,0.75,0.0909090909090909,dtw_aligned
arctic_a0472,Hindi,SVBI,0.9,0.0,dtw_aligned
arctic_a0472,Hindi,SVBI,1.0,0.0,dtw_aligned
arctic_a0472,Arabic,ZHAA,0.0,0.0909090909090909,dtw_aligned
arctic_a0472,Arabic,ZHAA,0.25,0.0,dtw_aligned
arctic_a0472,Arabic,ZHAA,0.5,0.2727272727272727,dtw_aligned
arctic_a0472,Arabic,ZHAA,0.75,0.0909090909090909,dtw_aligned
arctic_a0472,Arabic,ZHAA,0.9,0.0909090909090909,dtw_aligned
arctic_a0472,Arabic,ZHAA,1.0,0.0,dtw_aligned
arctic_a0491,Chinese,BWC,0.0,0.5454545454545454,dtw_aligned
arctic_a0491,Chinese,BWC,0.25,0.1818181818181818,dtw_aligned
arctic_a0491,Chinese,BWC,0.5,0.1818181818181818,dtw_aligned
arctic_a0491,Chinese,BWC,0.75,0.0909090909090909,dtw_aligned
arctic_a0491,Chinese,BWC,0.9,0.1818181818181818,dtw_aligned
arctic_a0491,Chinese,BWC,1.0,0.2727272727272727,dtw_aligned
arctic_a0491,Spanish,EBVS,0.0,0.1818181818181818,dtw_aligned
arctic_a0491,Spanish,EBVS,0.25,0.1818181818181818,dtw_aligned
arctic_a0491,Spanish,EBVS,0.5,0.3636363636363636,dtw_aligned
arctic_a0491,Spanish,EBVS,0.75,0.2727272727272727,dtw_aligned
arctic_a0491,Spanish,EBVS,0.9,0.1818181818181818,dtw_aligned
arctic_a0491,Spanish,EBVS,1.0,0.2727272727272727,dtw_aligned
arctic_a0491,Korean,HJK,0.0,0.0,dtw_aligned
arctic_a0491,Korean,HJK,0.25,0.1818181818181818,dtw_aligned
arctic_a0491,Korean,HJK,0.5,0.0909090909090909,dtw_aligned
arctic_a0491,Korean,HJK,0.75,0.1818181818181818,dtw_aligned
arctic_a0491,Korean,HJK,0.9,0.1818181818181818,dtw_aligned
arctic_a0491,Korean,HJK,1.0,0.2727272727272727,dtw_aligned
arctic_a0491,Vietnamese,HQTV,0.0,0.1818181818181818,dtw_aligned
arctic_a0491,Vietnamese,HQTV,0.25,0.0909090909090909,dtw_aligned
arctic_a0491,Vietnamese,HQTV,0.5,0.0909090909090909,dtw_aligned
arctic_a0491,Vietnamese,HQTV,0.75,0.0909090909090909,dtw_aligned
arctic_a0491,Vietnamese,HQTV,0.9,0.0909090909090909,dtw_aligned
arctic_a0491,Vietnamese,HQTV,1.0,0.1818181818181818,dtw_aligned
arctic_a0491,Hindi,SVBI,0.0,0.0,dtw_aligned
arctic_a0491,Hindi,SVBI,0.25,0.0,dtw_aligned
arctic_a0491,Hindi,SVBI,0.5,0.0909090909090909,dtw_aligned
arctic_a0491,Hindi,SVBI,0.75,0.1818181818181818,dtw_aligned
arctic_a0491,Hindi,SVBI,0.9,0.0909090909090909,dtw_aligned
arctic_a0491,Hindi,SVBI,1.0,0.1818181818181818,dtw_aligned
arctic_a0491,Arabic,ZHAA,0.0,0.0,dtw_aligned
arctic_a0491,Arabic,ZHAA,0.25,0.0909090909090909,dtw_aligned
arctic_a0491,Arabic,ZHAA,0.5,0.0909090909090909,dtw_aligned
arctic_a0491,Arabic,ZHAA,0.75,0.0909090909090909,dtw_aligned
arctic_a0491,Arabic,ZHAA,0.9,0.1818181818181818,dtw_aligned
arctic_a0491,Arabic,ZHAA,1.0,0.2727272727272727,dtw_aligned
arctic_a0509,Chinese,BWC,0.0,0.5,dtw_aligned
arctic_a0509,Chinese,BWC,0.25,0.3,dtw_aligned
arctic_a0509,Chinese,BWC,0.5,0.4,dtw_aligned
arctic_a0509,Chinese,BWC,0.75,0.0,dtw_aligned
arctic_a0509,Chinese,BWC,0.9,0.1,dtw_aligned
arctic_a0509,Chinese,BWC,1.0,0.0,dtw_aligned
arctic_a0509,Spanish,EBVS,0.0,0.5,dtw_aligned
arctic_a0509,Spanish,EBVS,0.25,0.5,dtw_aligned
arctic_a0509,Spanish,EBVS,0.5,0.4,dtw_aligned
arctic_a0509,Spanish,EBVS,0.75,0.2,dtw_aligned
arctic_a0509,Spanish,EBVS,0.9,0.1,dtw_aligned
arctic_a0509,Spanish,EBVS,1.0,0.2,dtw_aligned
arctic_a0509,Korean,HJK,0.0,0.0,dtw_aligned
arctic_a0509,Korean,HJK,0.25,0.0,dtw_aligned
arctic_a0509,Korean,HJK,0.5,0.0,dtw_aligned
arctic_a0509,Korean,HJK,0.75,0.0,dtw_aligned
arctic_a0509,Korean,HJK,0.9,0.1,dtw_aligned
arctic_a0509,Korean,HJK,1.0,0.1,dtw_aligned
arctic_a0509,Vietnamese,HQTV,0.0,0.5,dtw_aligned
arctic_a0509,Vietnamese,HQTV,0.25,0.0,dtw_aligned
arctic_a0509,Vietnamese,HQTV,0.5,0.0,dtw_aligned
arctic_a0509,Vietnamese,HQTV,0.75,0.0,dtw_aligned
arctic_a0509,Vietnamese,HQTV,0.9,0.1,dtw_aligned
arctic_a0509,Vietnamese,HQTV,1.0,0.1,dtw_aligned
arctic_a0509,Hindi,SVBI,0.0,0.1,dtw_aligned
arctic_a0509,Hindi,SVBI,0.25,0.1,dtw_aligned
arctic_a0509,Hindi,SVBI,0.5,0.0,dtw_aligned
arctic_a0509,Hindi,SVBI,0.75,0.1,dtw_aligned
arctic_a0509,Hindi,SVBI,0.9,0.2,dtw_aligned
arctic_a0509,Hindi,SVBI,1.0,0.0,dtw_aligned
arctic_a0509,Arabic,ZHAA,0.0,0.2,dtw_aligned
arctic_a0509,Arabic,ZHAA,0.25,0.1,dtw_aligned
arctic_a0509,Arabic,ZHAA,0.5,0.1,dtw_aligned
arctic_a0509,Arabic,ZHAA,0.75,0.1,dtw_aligned
arctic_a0509,Arabic,ZHAA,0.9,0.3,dtw_aligned
arctic_a0509,Arabic,ZHAA,1.0,0.1,dtw_aligned
arctic_a0514,Chinese,BWC,0.0,0.0,dtw_aligned
arctic_a0514,Chinese,BWC,0.25,0.0,dtw_aligned
arctic_a0514,Chinese,BWC,0.5,0.0,dtw_aligned
arctic_a0514,Chinese,BWC,0.75,0.0,dtw_aligned
arctic_a0514,Chinese,BWC,0.9,0.375,dtw_aligned
arctic_a0514,Chinese,BWC,1.0,0.25,dtw_aligned
arctic_a0514,Spanish,EBVS,0.0,0.25,dtw_aligned
arctic_a0514,Spanish,EBVS,0.25,0.25,dtw_aligned
arctic_a0514,Spanish,EBVS,0.5,0.375,dtw_aligned
arctic_a0514,Spanish,EBVS,0.75,0.0,dtw_aligned
arctic_a0514,Spanish,EBVS,0.9,0.0,dtw_aligned
arctic_a0514,Spanish,EBVS,1.0,0.25,dtw_aligned
arctic_a0514,Korean,HJK,0.0,0.0,dtw_aligned
arctic_a0514,Korean,HJK,0.25,0.0,dtw_aligned
arctic_a0514,Korean,HJK,0.5,0.0,dtw_aligned
arctic_a0514,Korean,HJK,0.75,0.0,dtw_aligned
arctic_a0514,Korean,HJK,0.9,0.25,dtw_aligned
arctic_a0514,Korean,HJK,1.0,0.25,dtw_aligned
arctic_a0514,Vietnamese,HQTV,0.0,0.125,dtw_aligned
arctic_a0514,Vietnamese,HQTV,0.25,0.125,dtw_aligned
arctic_a0514,Vietnamese,HQTV,0.5,0.125,dtw_aligned
arctic_a0514,Vietnamese,HQTV,0.75,0.0,dtw_aligned
arctic_a0514,Vietnamese,HQTV,0.9,0.0,dtw_aligned
arctic_a0514,Vietnamese,HQTV,1.0,0.25,dtw_aligned
arctic_a0514,Hindi,SVBI,0.0,0.0,dtw_aligned
arctic_a0514,Hindi,SVBI,0.25,0.0,dtw_aligned
arctic_a0514,Hindi,SVBI,0.5,0.0,dtw_aligned
arctic_a0514,Hindi,SVBI,0.75,0.0,dtw_aligned
arctic_a0514,Hindi,SVBI,0.9,0.0,dtw_aligned
arctic_a0514,Hindi,SVBI,1.0,0.25,dtw_aligned
arctic_a0514,Arabic,ZHAA,0.0,0.25,dtw_aligned
arctic_a0514,Arabic,ZHAA,0.25,0.0,dtw_aligned
arctic_a0514,Arabic,ZHAA,0.5,0.0,dtw_aligned
arctic_a0514,Arabic,ZHAA,0.75,0.0,dtw_aligned
arctic_a0514,Arabic,ZHAA,0.9,0.0,dtw_aligned
arctic_a0514,Arabic,ZHAA,1.0,0.25,dtw_aligned
arctic_a0536,Chinese,BWC,0.0,0.0,dtw_aligned
arctic_a0536,Chinese,BWC,0.25,0.0,dtw_aligned
arctic_a0536,Chinese,BWC,0.5,0.0,dtw_aligned
arctic_a0536,Chinese,BWC,0.75,0.0,dtw_aligned
arctic_a0536,Chinese,BWC,0.9,0.0,dtw_aligned
arctic_a0536,Chinese,BWC,1.0,0.0,dtw_aligned
arctic_a0536,Spanish,EBVS,0.0,0.125,dtw_aligned
arctic_a0536,Spanish,EBVS,0.25,0.125,dtw_aligned
arctic_a0536,Spanish,EBVS,0.5,0.0,dtw_aligned
arctic_a0536,Spanish,EBVS,0.75,0.0,dtw_aligned
arctic_a0536,Spanish,EBVS,0.9,0.0,dtw_aligned
arctic_a0536,Spanish,EBVS,1.0,0.0,dtw_aligned
arctic_a0536,Korean,HJK,0.0,0.0,dtw_aligned
arctic_a0536,Korean,HJK,0.25,0.0,dtw_aligned
arctic_a0536,Korean,HJK,0.5,0.0,dtw_aligned
arctic_a0536,Korean,HJK,0.75,0.0,dtw_aligned
arctic_a0536,Korean,HJK,0.9,0.0,dtw_aligned
arctic_a0536,Korean,HJK,1.0,0.0,dtw_aligned
arctic_a0536,Vietnamese,HQTV,0.0,0.125,dtw_aligned
arctic_a0536,Vietnamese,HQTV,0.25,0.0,dtw_aligned
arctic_a0536,Vietnamese,HQTV,0.5,0.125,dtw_aligned
arctic_a0536,Vietnamese,HQTV,0.75,0.0,dtw_aligned
arctic_a0536,Vietnamese,HQTV,0.9,0.0,dtw_aligned
arctic_a0536,Vietnamese,HQTV,1.0,0.0,dtw_aligned
arctic_a0536,Hindi,SVBI,0.0,0.0,dtw_aligned
arctic_a0536,Hindi,SVBI,0.25,0.0,dtw_aligned
arctic_a0536,Hindi,SVBI,0.5,0.0,dtw_aligned
arctic_a0536,Hindi,SVBI,0.75,0.0,dtw_aligned
arctic_a0536,Hindi,SVBI,0.9,0.0,dtw_aligned
arctic_a0536,Hindi,SVBI,1.0,0.0,dtw_aligned
arctic_a0536,Arabic,ZHAA,0.0,0.0,dtw_aligned
arctic_a0536,Arabic,ZHAA,0.25,0.0,dtw_aligned
arctic_a0536,Arabic,ZHAA,0.5,0.0,dtw_aligned
arctic_a0536,Arabic,ZHAA,0.75,0.0,dtw_aligned
arctic_a0536,Arabic,ZHAA,0.9,0.0,dtw_aligned
arctic_a0536,Arabic,ZHAA,1.0,0.0,dtw_aligned
arctic_a0545,Chinese,BWC,0.0,0.0,dtw_aligned
arctic_a0545,Chinese,BWC,0.25,0.0,dtw_aligned
arctic_a0545,Chinese,BWC,0.5,0.0,dtw_aligned
arctic_a0545,Chinese,BWC,0.75,0.0,dtw_aligned
arctic_a0545,Chinese,BWC,0.9,0.0,dtw_aligned
arctic_a0545,Chinese,BWC,1.0,0.0,dtw_aligned
arctic_a0545,Spanish,EBVS,0.0,0.1428571428571428,dtw_aligned
arctic_a0545,Spanish,EBVS,0.25,0.0,dtw_aligned
arctic_a0545,Spanish,EBVS,0.5,0.0,dtw_aligned
arctic_a0545,Spanish,EBVS,0.75,0.0,dtw_aligned
arctic_a0545,Spanish,EBVS,0.9,0.0,dtw_aligned
arctic_a0545,Spanish,EBVS,1.0,0.0,dtw_aligned
arctic_a0545,Korean,HJK,0.0,0.2857142857142857,dtw_aligned
arctic_a0545,Korean,HJK,0.25,0.0,dtw_aligned
arctic_a0545,Korean,HJK,0.5,0.0,dtw_aligned
arctic_a0545,Korean,HJK,0.75,0.0,dtw_aligned
arctic_a0545,Korean,HJK,0.9,0.0,dtw_aligned
arctic_a0545,Korean,HJK,1.0,0.0,dtw_aligned
arctic_a0545,Vietnamese,HQTV,0.0,0.4285714285714285,dtw_aligned
arctic_a0545,Vietnamese,HQTV,0.25,0.1428571428571428,dtw_aligned
arctic_a0545,Vietnamese,HQTV,0.5,0.0,dtw_aligned
arctic_a0545,Vietnamese,HQTV,0.75,0.0,dtw_aligned
arctic_a0545,Vietnamese,HQTV,0.9,0.0,dtw_aligned
arctic_a0545,Vietnamese,HQTV,1.0,0.0,dtw_aligned
arctic_a0545,Hindi,SVBI,0.0,0.0,dtw_aligned
arctic_a0545,Hindi,SVBI,0.25,0.0,dtw_aligned
arctic_a0545,Hindi,SVBI,0.5,0.0,dtw_aligned
arctic_a0545,Hindi,SVBI,0.75,0.0,dtw_aligned
arctic_a0545,Hindi,SVBI,0.9,0.0,dtw_aligned
arctic_a0545,Hindi,SVBI,1.0,0.0,dtw_aligned
arctic_a0545,Arabic,ZHAA,0.0,0.0,dtw_aligned
arctic_a0545,Arabic,ZHAA,0.25,0.0,dtw_aligned
arctic_a0545,Arabic,ZHAA,0.5,0.0,dtw_aligned
arctic_a0545,Arabic,ZHAA,0.75,0.0,dtw_aligned
arctic_a0545,Arabic,ZHAA,0.9,0.0,dtw_aligned
arctic_a0545,Arabic,ZHAA,1.0,0.0,dtw_aligned
arctic_a0572,Chinese,BWC,0.0,0.0,dtw_aligned
arctic_a0572,Chinese,BWC,0.25,0.0,dtw_aligned
arctic_a0572,Chinese,BWC,0.5,0.0,dtw_aligned
arctic_a0572,Chinese,BWC,0.75,0.0,dtw_aligned
arctic_a0572,Chinese,BWC,0.9,0.0,dtw_aligned
arctic_a0572,Chinese,BWC,1.0,0.0,dtw_aligned
arctic_a0572,Spanish,EBVS,0.0,0.0,dtw_aligned
arctic_a0572,Spanish,EBVS,0.25,0.0,dtw_aligned
arctic_a0572,Spanish,EBVS,0.5,0.0,dtw_aligned
arctic_a0572,Spanish,EBVS,0.75,0.0,dtw_aligned
arctic_a0572,Spanish,EBVS,0.9,0.0,dtw_aligned
arctic_a0572,Spanish,EBVS,1.0,0.0,dtw_aligned
arctic_a0572,Korean,HJK,0.0,0.0,dtw_aligned
arctic_a0572,Korean,HJK,0.25,0.1111111111111111,dtw_aligned
arctic_a0572,Korean,HJK,0.5,0.0,dtw_aligned
arctic_a0572,Korean,HJK,0.75,0.0,dtw_aligned
arctic_a0572,Korean,HJK,0.9,0.0,dtw_aligned
arctic_a0572,Korean,HJK,1.0,0.0,dtw_aligned
arctic_a0572,Vietnamese,HQTV,0.0,0.0,dtw_aligned
arctic_a0572,Vietnamese,HQTV,0.25,0.0,dtw_aligned
arctic_a0572,Vietnamese,HQTV,0.5,0.0,dtw_aligned
arctic_a0572,Vietnamese,HQTV,0.75,0.0,dtw_aligned
arctic_a0572,Vietnamese,HQTV,0.9,0.0,dtw_aligned
arctic_a0572,Vietnamese,HQTV,1.0,0.0,dtw_aligned
arctic_a0572,Hindi,SVBI,0.0,0.0,dtw_aligned
arctic_a0572,Hindi,SVBI,0.25,0.0,dtw_aligned
arctic_a0572,Hindi,SVBI,0.5,0.0,dtw_aligned
arctic_a0572,Hindi,SVBI,0.75,0.0,dtw_aligned
arctic_a0572,Hindi,SVBI,0.9,0.0,dtw_aligned
arctic_a0572,Hindi,SVBI,1.0,0.0,dtw_aligned
arctic_a0572,Arabic,ZHAA,0.0,0.0,dtw_aligned
arctic_a0572,Arabic,ZHAA,0.25,0.0,dtw_aligned
arctic_a0572,Arabic,ZHAA,0.5,0.0,dtw_aligned
arctic_a0572,Arabic,ZHAA,0.75,0.0,dtw_aligned
arctic_a0572,Arabic,ZHAA,0.9,0.0,dtw_aligned
arctic_a0572,Arabic,ZHAA,1.0,0.0,dtw_aligned
arctic_a0573,Chinese,BWC,0.0,0.0769230769230769,dtw_aligned
arctic_a0573,Chinese,BWC,0.25,0.0769230769230769,dtw_aligned
arctic_a0573,Chinese,BWC,0.5,0.0769230769230769,dtw_aligned
arctic_a0573,Chinese,BWC,0.75,0.0769230769230769,dtw_aligned
arctic_a0573,Chinese,BWC,0.9,0.0769230769230769,dtw_aligned
arctic_a0573,Chinese,BWC,1.0,0.0769230769230769,dtw_aligned
arctic_a0573,Spanish,EBVS,0.0,0.1538461538461538,dtw_aligned
arctic_a0573,Spanish,EBVS,0.25,0.1538461538461538,dtw_aligned
arctic_a0573,Spanish,EBVS,0.5,0.0769230769230769,dtw_aligned
arctic_a0573,Spanish,EBVS,0.75,0.0769230769230769,dtw_aligned
arctic_a0573,Spanish,EBVS,0.9,0.0769230769230769,dtw_aligned
arctic_a0573,Spanish,EBVS,1.0,0.0769230769230769,dtw_aligned
arctic_a0573,Korean,HJK,0.0,0.0769230769230769,dtw_aligned
arctic_a0573,Korean,HJK,0.25,0.0769230769230769,dtw_aligned
arctic_a0573,Korean,HJK,0.5,0.0769230769230769,dtw_aligned
arctic_a0573,Korean,HJK,0.75,0.0769230769230769,dtw_aligned
arctic_a0573,Korean,HJK,0.9,0.0769230769230769,dtw_aligned
arctic_a0573,Korean,HJK,1.0,0.0769230769230769,dtw_aligned
arctic_a0573,Vietnamese,HQTV,0.0,0.2307692307692307,dtw_aligned
arctic_a0573,Vietnamese,HQTV,0.25,0.3846153846153846,dtw_aligned
arctic_a0573,Vietnamese,HQTV,0.5,0.0769230769230769,dtw_aligned
arctic_a0573,Vietnamese,HQTV,0.75,0.0769230769230769,dtw_aligned
arctic_a0573,Vietnamese,HQTV,0.9,0.0769230769230769,dtw_aligned
arctic_a0573,Vietnamese,HQTV,1.0,0.1538461538461538,dtw_aligned
arctic_a0573,Hindi,SVBI,0.0,0.1538461538461538,dtw_aligned
arctic_a0573,Hindi,SVBI,0.25,0.1538461538461538,dtw_aligned
arctic_a0573,Hindi,SVBI,0.5,0.1538461538461538,dtw_aligned
arctic_a0573,Hindi,SVBI,0.75,0.0769230769230769,dtw_aligned
arctic_a0573,Hindi,SVBI,0.9,0.1538461538461538,dtw_aligned
arctic_a0573,Hindi,SVBI,1.0,0.0769230769230769,dtw_aligned
arctic_a0573,Arabic,ZHAA,0.0,0.2307692307692307,dtw_aligned
arctic_a0573,Arabic,ZHAA,0.25,0.1538461538461538,dtw_aligned
arctic_a0573,Arabic,ZHAA,0.5,0.0769230769230769,dtw_aligned
arctic_a0573,Arabic,ZHAA,0.75,0.0769230769230769,dtw_aligned
arctic_a0573,Arabic,ZHAA,0.9,0.0769230769230769,dtw_aligned
arctic_a0573,Arabic,ZHAA,1.0,0.0769230769230769,dtw_aligned
arctic_a0584,Chinese,BWC,0.0,0.2857142857142857,dtw_aligned
arctic_a0584,Chinese,BWC,0.25,0.2857142857142857,dtw_aligned
arctic_a0584,Chinese,BWC,0.5,0.1428571428571428,dtw_aligned
arctic_a0584,Chinese,BWC,0.75,0.1428571428571428,dtw_aligned
arctic_a0584,Chinese,BWC,0.9,0.4285714285714285,dtw_aligned
arctic_a0584,Chinese,BWC,1.0,0.4285714285714285,dtw_aligned
arctic_a0584,Spanish,EBVS,0.0,0.4285714285714285,dtw_aligned
arctic_a0584,Spanish,EBVS,0.25,0.4285714285714285,dtw_aligned
arctic_a0584,Spanish,EBVS,0.5,0.4285714285714285,dtw_aligned
arctic_a0584,Spanish,EBVS,0.75,0.1428571428571428,dtw_aligned
arctic_a0584,Spanish,EBVS,0.9,0.4285714285714285,dtw_aligned
arctic_a0584,Spanish,EBVS,1.0,0.4285714285714285,dtw_aligned
arctic_a0584,Korean,HJK,0.0,0.2857142857142857,dtw_aligned
arctic_a0584,Korean,HJK,0.25,0.1428571428571428,dtw_aligned
arctic_a0584,Korean,HJK,0.5,0.1428571428571428,dtw_aligned
arctic_a0584,Korean,HJK,0.75,0.0,dtw_aligned
arctic_a0584,Korean,HJK,0.9,0.1428571428571428,dtw_aligned
arctic_a0584,Korean,HJK,1.0,0.4285714285714285,dtw_aligned
arctic_a0584,Vietnamese,HQTV,0.0,0.1428571428571428,dtw_aligned
arctic_a0584,Vietnamese,HQTV,0.25,0.2857142857142857,dtw_aligned
arctic_a0584,Vietnamese,HQTV,0.5,0.1428571428571428,dtw_aligned
arctic_a0584,Vietnamese,HQTV,0.75,0.0,dtw_aligned
arctic_a0584,Vietnamese,HQTV,0.9,0.0,dtw_aligned
arctic_a0584,Vietnamese,HQTV,1.0,0.4285714285714285,dtw_aligned
arctic_a0584,Hindi,SVBI,0.0,0.0,dtw_aligned
arctic_a0584,Hindi,SVBI,0.25,0.0,dtw_aligned
arctic_a0584,Hindi,SVBI,0.5,0.0,dtw_aligned
arctic_a0584,Hindi,SVBI,0.75,0.0,dtw_aligned
arctic_a0584,Hindi,SVBI,0.9,0.0,dtw_aligned
arctic_a0584,Hindi,SVBI,1.0,0.4285714285714285,dtw_aligned
arctic_a0584,Arabic,ZHAA,0.0,0.1428571428571428,dtw_aligned
arctic_a0584,Arabic,ZHAA,0.25,0.1428571428571428,dtw_aligned
arctic_a0584,Arabic,ZHAA,0.5,0.1428571428571428,dtw_aligned
arctic_a0584,Arabic,ZHAA,0.75,0.0,dtw_aligned
arctic_a0584,Arabic,ZHAA,0.9,0.4285714285714285,dtw_aligned
arctic_a0584,Arabic,ZHAA,1.0,0.0,dtw_aligned
arctic_b0005,Chinese,BWC,0.0,0.125,dtw_aligned
arctic_b0005,Chinese,BWC,0.25,0.125,dtw_aligned
arctic_b0005,Chinese,BWC,0.5,0.125,dtw_aligned
arctic_b0005,Chinese,BWC,0.75,0.0,dtw_aligned
arctic_b0005,Chinese,BWC,0.9,0.0,dtw_aligned
arctic_b0005,Chinese,BWC,1.0,0.0,dtw_aligned
arctic_b0005,Spanish,EBVS,0.0,0.0,dtw_aligned
arctic_b0005,Spanish,EBVS,0.25,0.0,dtw_aligned
arctic_b0005,Spanish,EBVS,0.5,0.0,dtw_aligned
arctic_b0005,Spanish,EBVS,0.75,0.0,dtw_aligned
arctic_b0005,Spanish,EBVS,0.9,0.0,dtw_aligned
arctic_b0005,Spanish,EBVS,1.0,0.0,dtw_aligned
arctic_b0005,Korean,HJK,0.0,0.0,dtw_aligned
arctic_b0005,Korean,HJK,0.25,0.0,dtw_aligned
arctic_b0005,Korean,HJK,0.5,0.0,dtw_aligned
arctic_b0005,Korean,HJK,0.75,0.0,dtw_aligned
arctic_b0005,Korean,HJK,0.9,0.0,dtw_aligned
arctic_b0005,Korean,HJK,1.0,0.0,dtw_aligned
arctic_b0005,Vietnamese,HQTV,0.0,0.375,dtw_aligned
arctic_b0005,Vietnamese,HQTV,0.25,0.375,dtw_aligned
arctic_b0005,Vietnamese,HQTV,0.5,0.125,dtw_aligned
arctic_b0005,Vietnamese,HQTV,0.75,0.0,dtw_aligned
arctic_b0005,Vietnamese,HQTV,0.9,0.0,dtw_aligned
arctic_b0005,Vietnamese,HQTV,1.0,0.0,dtw_aligned
arctic_b0005,Hindi,SVBI,0.0,0.0,dtw_aligned
arctic_b0005,Hindi,SVBI,0.25,0.0,dtw_aligned
arctic_b0005,Hindi,SVBI,0.5,0.0,dtw_aligned
arctic_b0005,Hindi,SVBI,0.75,0.0,dtw_aligned
arctic_b0005,Hindi,SVBI,0.9,0.0,dtw_aligned
arctic_b0005,Hindi,SVBI,1.0,0.0,dtw_aligned
arctic_b0005,Arabic,ZHAA,0.0,0.25,dtw_aligned
arctic_b0005,Arabic,ZHAA,0.25,0.0,dtw_aligned
arctic_b0005,Arabic,ZHAA,0.5,0.0,dtw_aligned
arctic_b0005,Arabic,ZHAA,0.75,0.0,dtw_aligned
arctic_b0005,Arabic,ZHAA,0.9,0.0,dtw_aligned
arctic_b0005,Arabic,ZHAA,1.0,0.0,dtw_aligned
arctic_b0009,Chinese,BWC,0.0,0.1,dtw_aligned
arctic_b0009,Chinese,BWC,0.25,0.2,dtw_aligned
arctic_b0009,Chinese,BWC,0.5,0.1,dtw_aligned
arctic_b0009,Chinese,BWC,0.75,0.0,dtw_aligned
arctic_b0009,Chinese,BWC,0.9,0.0,dtw_aligned
arctic_b0009,Chinese,BWC,1.0,0.0,dtw_aligned
arctic_b0009,Spanish,EBVS,0.0,0.2,dtw_aligned
arctic_b0009,Spanish,EBVS,0.25,0.1,dtw_aligned
arctic_b0009,Spanish,EBVS,0.5,0.1,dtw_aligned
arctic_b0009,Spanish,EBVS,0.75,0.0,dtw_aligned
arctic_b0009,Spanish,EBVS,0.9,0.0,dtw_aligned
arctic_b0009,Spanish,EBVS,1.0,0.0,dtw_aligned
arctic_b0009,Korean,HJK,0.0,0.2,dtw_aligned
arctic_b0009,Korean,HJK,0.25,0.0,dtw_aligned
arctic_b0009,Korean,HJK,0.5,0.0,dtw_aligned
arctic_b0009,Korean,HJK,0.75,0.0,dtw_aligned
arctic_b0009,Korean,HJK,0.9,0.0,dtw_aligned
arctic_b0009,Korean,HJK,1.0,0.0,dtw_aligned
arctic_b0009,Vietnamese,HQTV,0.0,0.4,dtw_aligned
arctic_b0009,Vietnamese,HQTV,0.25,0.2,dtw_aligned
arctic_b0009,Vietnamese,HQTV,0.5,0.1,dtw_aligned
arctic_b0009,Vietnamese,HQTV,0.75,0.0,dtw_aligned
arctic_b0009,Vietnamese,HQTV,0.9,0.0,dtw_aligned
arctic_b0009,Vietnamese,HQTV,1.0,0.0,dtw_aligned
arctic_b0009,Hindi,SVBI,0.0,0.0,dtw_aligned
arctic_b0009,Hindi,SVBI,0.25,0.0,dtw_aligned
arctic_b0009,Hindi,SVBI,0.5,0.0,dtw_aligned
arctic_b0009,Hindi,SVBI,0.75,0.0,dtw_aligned
arctic_b0009,Hindi,SVBI,0.9,0.0,dtw_aligned
arctic_b0009,Hindi,SVBI,1.0,0.0,dtw_aligned
arctic_b0009,Arabic,ZHAA,0.0,0.3,dtw_aligned
arctic_b0009,Arabic,ZHAA,0.25,0.2,dtw_aligned
arctic_b0009,Arabic,ZHAA,0.5,0.0,dtw_aligned
arctic_b0009,Arabic,ZHAA,0.75,0.0,dtw_aligned
arctic_b0009,Arabic,ZHAA,0.9,0.0,dtw_aligned
arctic_b0009,Arabic,ZHAA,1.0,0.0,dtw_aligned
arctic_b0012,Chinese,BWC,0.0,0.5555555555555556,dtw_aligned
arctic_b0012,Chinese,BWC,0.25,0.3333333333333333,dtw_aligned
arctic_b0012,Chinese,BWC,0.5,0.2222222222222222,dtw_aligned
arctic_b0012,Chinese,BWC,0.75,0.1111111111111111,dtw_aligned
arctic_b0012,Chinese,BWC,0.9,0.1111111111111111,dtw_aligned
arctic_b0012,Chinese,BWC,1.0,0.1111111111111111,dtw_aligned
arctic_b0012,Spanish,EBVS,0.0,0.1111111111111111,dtw_aligned
arctic_b0012,Spanish,EBVS,0.25,0.1111111111111111,dtw_aligned
arctic_b0012,Spanish,EBVS,0.5,0.3333333333333333,dtw_aligned
arctic_b0012,Spanish,EBVS,0.75,0.1111111111111111,dtw_aligned
arctic_b0012,Spanish,EBVS,0.9,0.1111111111111111,dtw_aligned
arctic_b0012,Spanish,EBVS,1.0,0.2222222222222222,dtw_aligned
arctic_b0012,Korean,HJK,0.0,0.2222222222222222,dtw_aligned
arctic_b0012,Korean,HJK,0.25,0.4444444444444444,dtw_aligned
arctic_b0012,Korean,HJK,0.5,0.2222222222222222,dtw_aligned
arctic_b0012,Korean,HJK,0.75,0.1111111111111111,dtw_aligned
arctic_b0012,Korean,HJK,0.9,0.1111111111111111,dtw_aligned
arctic_b0012,Korean,HJK,1.0,0.1111111111111111,dtw_aligned
arctic_b0012,Vietnamese,HQTV,0.0,0.3333333333333333,dtw_aligned
arctic_b0012,Vietnamese,HQTV,0.25,0.4444444444444444,dtw_aligned
arctic_b0012,Vietnamese,HQTV,0.5,0.1111111111111111,dtw_aligned
arctic_b0012,Vietnamese,HQTV,0.75,0.1111111111111111,dtw_aligned
arctic_b0012,Vietnamese,HQTV,0.9,0.1111111111111111,dtw_aligned
arctic_b0012,Vietnamese,HQTV,1.0,0.1111111111111111,dtw_aligned
arctic_b0012,Hindi,SVBI,0.0,0.0,dtw_aligned
arctic_b0012,Hindi,SVBI,0.25,0.0,dtw_aligned
arctic_b0012,Hindi,SVBI,0.5,0.1111111111111111,dtw_aligned
arctic_b0012,Hindi,SVBI,0.75,0.1111111111111111,dtw_aligned
arctic_b0012,Hindi,SVBI,0.9,0.1111111111111111,dtw_aligned
arctic_b0012,Hindi,SVBI,1.0,0.1111111111111111,dtw_aligned
arctic_b0012,Arabic,ZHAA,0.0,0.0,dtw_aligned
arctic_b0012,Arabic,ZHAA,0.25,0.1111111111111111,dtw_aligned
arctic_b0012,Arabic,ZHAA,0.5,0.2222222222222222,dtw_aligned
arctic_b0012,Arabic,ZHAA,0.75,0.1111111111111111,dtw_aligned
arctic_b0012,Arabic,ZHAA,0.9,0.1111111111111111,dtw_aligned
arctic_b0012,Arabic,ZHAA,1.0,0.1111111111111111,dtw_aligned
arctic_b0016,Chinese,BWC,0.0,0.1666666666666666,dtw_aligned
arctic_b0016,Chinese,BWC,0.25,0.25,dtw_aligned
arctic_b0016,Chinese,BWC,0.5,0.0833333333333333,dtw_aligned
arctic_b0016,Chinese,BWC,0.75,0.0833333333333333,dtw_aligned
arctic_b0016,Chinese,BWC,0.9,0.0,dtw_aligned
arctic_b0016,Chinese,BWC,1.0,0.0,dtw_aligned
arctic_b0016,Spanish,EBVS,0.0,0.0833333333333333,dtw_aligned
arctic_b0016,Spanish,EBVS,0.25,0.0833333333333333,dtw_aligned
arctic_b0016,Spanish,EBVS,0.5,0.0833333333333333,dtw_aligned
arctic_b0016,Spanish,EBVS,0.75,0.0,dtw_aligned
arctic_b0016,Spanish,EBVS,0.9,0.0,dtw_aligned
arctic_b0016,Spanish,EBVS,1.0,0.0,dtw_aligned
arctic_b0016,Korean,HJK,0.0,0.0,dtw_aligned
arctic_b0016,Korean,HJK,0.25,0.0,dtw_aligned
arctic_b0016,Korean,HJK,0.5,0.0,dtw_aligned
arctic_b0016,Korean,HJK,0.75,0.0833333333333333,dtw_aligned
arctic_b0016,Korean,HJK,0.9,0.0,dtw_aligned
arctic_b0016,Korean,HJK,1.0,0.0,dtw_aligned
arctic_b0016,Vietnamese,HQTV,0.0,0.1666666666666666,dtw_aligned
arctic_b0016,Vietnamese,HQTV,0.25,0.0833333333333333,dtw_aligned
arctic_b0016,Vietnamese,HQTV,0.5,0.0833333333333333,dtw_aligned
arctic_b0016,Vietnamese,HQTV,0.75,0.0833333333333333,dtw_aligned
arctic_b0016,Vietnamese,HQTV,0.9,0.0,dtw_aligned
arctic_b0016,Vietnamese,HQTV,1.0,0.0,dtw_aligned
arctic_b0016,Hindi,SVBI,0.0,0.1666666666666666,dtw_aligned
arctic_b0016,Hindi,SVBI,0.25,0.0,dtw_aligned
arctic_b0016,Hindi,SVBI,0.5,0.1666666666666666,dtw_aligned
arctic_b0016,Hindi,SVBI,0.75,0.0,dtw_aligned
arctic_b0016,Hindi,SVBI,0.9,0.0,dtw_aligned
arctic_b0016,Hindi,SVBI,1.0,0.0,dtw_aligned
arctic_b0016,Arabic,ZHAA,0.0,0.1666666666666666,dtw_aligned
arctic_b0016,Arabic,ZHAA,0.25,0.0833333333333333,dtw_aligned
arctic_b0016,Arabic,ZHAA,0.5,0.0833333333333333,dtw_aligned
arctic_b0016,Arabic,ZHAA,0.75,0.0833333333333333,dtw_aligned
arctic_b0016,Arabic,ZHAA,0.9,0.0,dtw_aligned
arctic_b0016,Arabic,ZHAA,1.0,0.0,dtw_aligned
arctic_b0017,Chinese,BWC,0.0,0.1111111111111111,dtw_aligned
arctic_b0017,Chinese,BWC,0.25,0.1111111111111111,dtw_aligned
arctic_b0017,Chinese,BWC,0.5,0.0,dtw_aligned
arctic_b0017,Chinese,BWC,0.75,0.0,dtw_aligned
arctic_b0017,Chinese,BWC,0.9,0.0,dtw_aligned
arctic_b0017,Chinese,BWC,1.0,0.1111111111111111,dtw_aligned
arctic_b0017,Spanish,EBVS,0.0,0.1111111111111111,dtw_aligned
arctic_b0017,Spanish,EBVS,0.25,0.1111111111111111,dtw_aligned
arctic_b0017,Spanish,EBVS,0.5,0.1111111111111111,dtw_aligned
arctic_b0017,Spanish,EBVS,0.75,0.0,dtw_aligned
arctic_b0017,Spanish,EBVS,0.9,0.0,dtw_aligned
arctic_b0017,Spanish,EBVS,1.0,0.1111111111111111,dtw_aligned
arctic_b0017,Korean,HJK,0.0,0.0,dtw_aligned
arctic_b0017,Korean,HJK,0.25,0.0,dtw_aligned
arctic_b0017,Korean,HJK,0.5,0.0,dtw_aligned
arctic_b0017,Korean,HJK,0.75,0.0,dtw_aligned
arctic_b0017,Korean,HJK,0.9,0.0,dtw_aligned
arctic_b0017,Korean,HJK,1.0,0.1111111111111111,dtw_aligned
arctic_b0017,Vietnamese,HQTV,0.0,0.1111111111111111,dtw_aligned
arctic_b0017,Vietnamese,HQTV,0.25,0.1111111111111111,dtw_aligned
arctic_b0017,Vietnamese,HQTV,0.5,0.1111111111111111,dtw_aligned
arctic_b0017,Vietnamese,HQTV,0.75,0.0,dtw_aligned
arctic_b0017,Vietnamese,HQTV,0.9,0.0,dtw_aligned
arctic_b0017,Vietnamese,HQTV,1.0,0.1111111111111111,dtw_aligned
arctic_b0017,Hindi,SVBI,0.0,0.2222222222222222,dtw_aligned
arctic_b0017,Hindi,SVBI,0.25,0.0,dtw_aligned
arctic_b0017,Hindi,SVBI,0.5,0.0,dtw_aligned
arctic_b0017,Hindi,SVBI,0.75,0.0,dtw_aligned
arctic_b0017,Hindi,SVBI,0.9,0.0,dtw_aligned
arctic_b0017,Hindi,SVBI,1.0,0.1111111111111111,dtw_aligned
arctic_b0017,Arabic,ZHAA,0.0,0.1111111111111111,dtw_aligned
arctic_b0017,Arabic,ZHAA,0.25,0.0,dtw_aligned
arctic_b0017,Arabic,ZHAA,0.5,0.0,dtw_aligned
arctic_b0017,Arabic,ZHAA,0.75,0.0,dtw_aligned
arctic_b0017,Arabic,ZHAA,0.9,0.0,dtw_aligned
arctic_b0017,Arabic,ZHAA,1.0,0.1111111111111111,dtw_aligned
arctic_b0044,Chinese,BWC,0.0,0.25,dtw_aligned
arctic_b0044,Chinese,BWC,0.25,0.25,dtw_aligned
arctic_b0044,Chinese,BWC,0.5,0.125,dtw_aligned
arctic_b0044,Chinese,BWC,0.75,0.125,dtw_aligned
arctic_b0044,Chinese,BWC,0.9,0.0,dtw_aligned
arctic_b0044,Chinese,BWC,1.0,0.0,dtw_aligned
arctic_b0044,Spanish,EBVS,0.0,0.125,dtw_aligned
arctic_b0044,Spanish,EBVS,0.25,0.125,dtw_aligned
arctic_b0044,Spanish,EBVS,0.5,0.125,dtw_aligned
arctic_b0044,Spanish,EBVS,0.75,0.125,dtw_aligned
arctic_b0044,Spanish,EBVS,0.9,0.0,dtw_aligned
arctic_b0044,Spanish,EBVS,1.0,0.0,dtw_aligned
arctic_b0044,Korean,HJK,0.0,0.0,dtw_aligned
arctic_b0044,Korean,HJK,0.25,0.125,dtw_aligned
arctic_b0044,Korean,HJK,0.5,0.125,dtw_aligned
arctic_b0044,Korean,HJK,0.75,0.0,dtw_aligned
arctic_b0044,Korean,HJK,0.9,0.0,dtw_aligned
arctic_b0044,Korean,HJK,1.0,0.0,dtw_aligned
arctic_b0044,Vietnamese,HQTV,0.0,0.125,dtw_aligned
arctic_b0044,Vietnamese,HQTV,0.25,0.125,dtw_aligned
arctic_b0044,Vietnamese,HQTV,0.5,0.125,dtw_aligned
arctic_b0044,Vietnamese,HQTV,0.75,0.125,dtw_aligned
arctic_b0044,Vietnamese,HQTV,0.9,0.0,dtw_aligned
arctic_b0044,Vietnamese,HQTV,1.0,0.0,dtw_aligned
arctic_b0044,Hindi,SVBI,0.0,0.0,dtw_aligned
arctic_b0044,Hindi,SVBI,0.25,0.0,dtw_aligned
arctic_b0044,Hindi,SVBI,0.5,0.0,dtw_aligned
arctic_b0044,Hindi,SVBI,0.75,0.0,dtw_aligned
arctic_b0044,Hindi,SVBI,0.9,0.0,dtw_aligned
arctic_b0044,Hindi,SVBI,1.0,0.0,dtw_aligned
arctic_b0044,Arabic,ZHAA,0.0,0.25,dtw_aligned
arctic_b0044,Arabic,ZHAA,0.25,0.125,dtw_aligned
arctic_b0044,Arabic,ZHAA,0.5,0.125,dtw_aligned
arctic_b0044,Arabic,ZHAA,0.75,0.125,dtw_aligned
arctic_b0044,Arabic,ZHAA,0.9,0.0,dtw_aligned
arctic_b0044,Arabic,ZHAA,1.0,0.0,dtw_aligned
arctic_b0078,Chinese,BWC,0.0,0.4166666666666667,dtw_aligned
arctic_b0078,Chinese,BWC,0.25,0.0833333333333333,dtw_aligned
arctic_b0078,Chinese,BWC,0.5,0.0833333333333333,dtw_aligned
arctic_b0078,Chinese,BWC,0.75,0.0,dtw_aligned
arctic_b0078,Chinese,BWC,0.9,0.0833333333333333,dtw_aligned
arctic_b0078,Chinese,BWC,1.0,0.0,dtw_aligned
arctic_b0078,Spanish,EBVS,0.0,0.4166666666666667,dtw_aligned
arctic_b0078,Spanish,EBVS,0.25,0.25,dtw_aligned
arctic_b0078,Spanish,EBVS,0.5,0.0833333333333333,dtw_aligned
arctic_b0078,Spanish,EBVS,0.75,0.0833333333333333,dtw_aligned
arctic_b0078,Spanish,EBVS,0.9,0.0833333333333333,dtw_aligned
arctic_b0078,Spanish,EBVS,1.0,0.0,dtw_aligned
arctic_b0078,Korean,HJK,0.0,0.0833333333333333,dtw_aligned
arctic_b0078,Korean,HJK,0.25,0.0,dtw_aligned
arctic_b0078,Korean,HJK,0.5,0.0,dtw_aligned
arctic_b0078,Korean,HJK,0.75,0.0833333333333333,dtw_aligned
arctic_b0078,Korean,HJK,0.9,0.0,dtw_aligned
arctic_b0078,Korean,HJK,1.0,0.0,dtw_aligned
arctic_b0078,Vietnamese,HQTV,0.0,0.1666666666666666,dtw_aligned
arctic_b0078,Vietnamese,HQTV,0.25,0.0833333333333333,dtw_aligned
arctic_b0078,Vietnamese,HQTV,0.5,0.0833333333333333,dtw_aligned
arctic_b0078,Vietnamese,HQTV,0.75,0.0833333333333333,dtw_aligned
arctic_b0078,Vietnamese,HQTV,0.9,0.0,dtw_aligned
arctic_b0078,Vietnamese,HQTV,1.0,0.0,dtw_aligned
arctic_b0078,Hindi,SVBI,0.0,0.0,dtw_aligned
arctic_b0078,Hindi,SVBI,0.25,0.0,dtw_aligned
arctic_b0078,Hindi,SVBI,0.5,0.0833333333333333,dtw_aligned
arctic_b0078,Hindi,SVBI,0.75,0.0833333333333333,dtw_aligned
arctic_b0078,Hindi,SVBI,0.9,0.0,dtw_aligned
arctic_b0078,Hindi,SVBI,1.0,0.0,dtw_aligned
arctic_b0078,Arabic,ZHAA,0.0,0.0833333333333333,dtw_aligned
arctic_b0078,Arabic,ZHAA,0.25,0.1666666666666666,dtw_aligned
arctic_b0078,Arabic,ZHAA,0.5,0.1666666666666666,dtw_aligned
arctic_b0078,Arabic,ZHAA,0.75,0.0833333333333333,dtw_aligned
arctic_b0078,Arabic,ZHAA,0.9,0.0833333333333333,dtw_aligned
arctic_b0078,Arabic,ZHAA,1.0,0.0,dtw_aligned
arctic_b0094,Chinese,BWC,0.0,0.2727272727272727,dtw_aligned
arctic_b0094,Chinese,BWC,0.25,0.0909090909090909,dtw_aligned
arctic_b0094,Chinese,BWC,0.5,0.0909090909090909,dtw_aligned
arctic_b0094,Chinese,BWC,0.75,0.0909090909090909,dtw_aligned
arctic_b0094,Chinese,BWC,0.9,0.0,dtw_aligned
arctic_b0094,Chinese,BWC,1.0,0.0,dtw_aligned
arctic_b0094,Spanish,EBVS,0.0,0.1818181818181818,dtw_aligned
arctic_b0094,Spanish,EBVS,0.25,0.1818181818181818,dtw_aligned
arctic_b0094,Spanish,EBVS,0.5,0.0909090909090909,dtw_aligned
arctic_b0094,Spanish,EBVS,0.75,0.0,dtw_aligned
arctic_b0094,Spanish,EBVS,0.9,0.0,dtw_aligned
arctic_b0094,Spanish,EBVS,1.0,0.0,dtw_aligned
arctic_b0094,Korean,HJK,0.0,0.0909090909090909,dtw_aligned
arctic_b0094,Korean,HJK,0.25,0.0909090909090909,dtw_aligned
arctic_b0094,Korean,HJK,0.5,0.0,dtw_aligned
arctic_b0094,Korean,HJK,0.75,0.0,dtw_aligned
arctic_b0094,Korean,HJK,0.9,0.0,dtw_aligned
arctic_b0094,Korean,HJK,1.0,0.0,dtw_aligned
arctic_b0094,Vietnamese,HQTV,0.0,0.1818181818181818,dtw_aligned
arctic_b0094,Vietnamese,HQTV,0.25,0.0909090909090909,dtw_aligned
arctic_b0094,Vietnamese,HQTV,0.5,0.0909090909090909,dtw_aligned
arctic_b0094,Vietnamese,HQTV,0.75,0.0909090909090909,dtw_aligned
arctic_b0094,Vietnamese,HQTV,0.9,0.0,dtw_aligned
arctic_b0094,Vietnamese,HQTV,1.0,0.0,dtw_aligned
arctic_b0094,Hindi,SVBI,0.0,0.0,dtw_aligned
arctic_b0094,Hindi,SVBI,0.25,0.0,dtw_aligned
arctic_b0094,Hindi,SVBI,0.5,0.0,dtw_aligned
arctic_b0094,Hindi,SVBI,0.75,0.0,dtw_aligned
arctic_b0094,Hindi,SVBI,0.9,0.0,dtw_aligned
arctic_b0094,Hindi,SVBI,1.0,0.0,dtw_aligned
arctic_b0094,Arabic,ZHAA,0.0,0.0909090909090909,dtw_aligned
arctic_b0094,Arabic,ZHAA,0.25,0.0909090909090909,dtw_aligned
arctic_b0094,Arabic,ZHAA,0.5,0.0909090909090909,dtw_aligned
arctic_b0094,Arabic,ZHAA,0.75,0.0909090909090909,dtw_aligned
arctic_b0094,Arabic,ZHAA,0.9,0.0,dtw_aligned
arctic_b0094,Arabic,ZHAA,1.0,0.0,dtw_aligned
arctic_b0101,Chinese,BWC,0.0,0.1111111111111111,dtw_aligned
arctic_b0101,Chinese,BWC,0.25,0.1111111111111111,dtw_aligned
arctic_b0101,Chinese,BWC,0.5,0.0,dtw_aligned
arctic_b0101,Chinese,BWC,0.75,0.0,dtw_aligned
arctic_b0101,Chinese,BWC,0.9,0.0,dtw_aligned
arctic_b0101,Chinese,BWC,1.0,0.0,dtw_aligned
arctic_b0101,Spanish,EBVS,0.0,0.4444444444444444,dtw_aligned
arctic_b0101,Spanish,EBVS,0.25,0.1111111111111111,dtw_aligned
arctic_b0101,Spanish,EBVS,0.5,0.1111111111111111,dtw_aligned
arctic_b0101,Spanish,EBVS,0.75,0.0,dtw_aligned
arctic_b0101,Spanish,EBVS,0.9,0.0,dtw_aligned
arctic_b0101,Spanish,EBVS,1.0,0.0,dtw_aligned
arctic_b0101,Korean,HJK,0.0,0.0,dtw_aligned
arctic_b0101,Korean,HJK,0.25,0.0,dtw_aligned
arctic_b0101,Korean,HJK,0.5,0.0,dtw_aligned
arctic_b0101,Korean,HJK,0.75,0.0,dtw_aligned
arctic_b0101,Korean,HJK,0.9,0.0,dtw_aligned
arctic_b0101,Korean,HJK,1.0,0.0,dtw_aligned
arctic_b0101,Vietnamese,HQTV,0.0,0.1111111111111111,dtw_aligned
arctic_b0101,Vietnamese,HQTV,0.25,0.0,dtw_aligned
arctic_b0101,Vietnamese,HQTV,0.5,0.0,dtw_aligned
arctic_b0101,Vietnamese,HQTV,0.75,0.0,dtw_aligned
arctic_b0101,Vietnamese,HQTV,0.9,0.0,dtw_aligned
arctic_b0101,Vietnamese,HQTV,1.0,0.0,dtw_aligned
arctic_b0101,Hindi,SVBI,0.0,0.0,dtw_aligned
arctic_b0101,Hindi,SVBI,0.25,0.0,dtw_aligned
arctic_b0101,Hindi,SVBI,0.5,0.0,dtw_aligned
arctic_b0101,Hindi,SVBI,0.75,0.0,dtw_aligned
arctic_b0101,Hindi,SVBI,0.9,0.0,dtw_aligned
arctic_b0101,Hindi,SVBI,1.0,0.0,dtw_aligned
arctic_b0101,Arabic,ZHAA,0.0,0.1111111111111111,dtw_aligned
arctic_b0101,Arabic,ZHAA,0.25,0.1111111111111111,dtw_aligned
arctic_b0101,Arabic,ZHAA,0.5,0.0,dtw_aligned
arctic_b0101,Arabic,ZHAA,0.75,0.0,dtw_aligned
arctic_b0101,Arabic,ZHAA,0.9,0.0,dtw_aligned
arctic_b0101,Arabic,ZHAA,1.0,0.0,dtw_aligned
arctic_b0109,Chinese,BWC,0.0,0.4166666666666667,dtw_aligned
arctic_b0109,Chinese,BWC,0.25,0.25,dtw_aligned
arctic_b0109,Chinese,BWC,0.5,0.1666666666666666,dtw_aligned
arctic_b0109,Chinese,BWC,0.75,0.25,dtw_aligned
arctic_b0109,Chinese,BWC,0.9,0.0833333333333333,dtw_aligned
arctic_b0109,Chinese,BWC,1.0,0.0833333333333333,dtw_aligned
arctic_b0109,Spanish,EBVS,0.0,0.25,dtw_aligned
arctic_b0109,Spanish,EBVS,0.25,0.25,dtw_aligned
arctic_b0109,Spanish,EBVS,0.5,0.1666666666666666,dtw_aligned
arctic_b0109,Spanish,EBVS,0.75,0.25,dtw_aligned
arctic_b0109,Spanish,EBVS,0.9,0.0833333333333333,dtw_aligned
arctic_b0109,Spanish,EBVS,1.0,0.0833333333333333,dtw_aligned
arctic_b0109,Korean,HJK,0.0,0.0833333333333333,dtw_aligned
arctic_b0109,Korean,HJK,0.25,0.0833333333333333,dtw_aligned
arctic_b0109,Korean,HJK,0.5,0.0833333333333333,dtw_aligned
arctic_b0109,Korean,HJK,0.75,0.25,dtw_aligned
arctic_b0109,Korean,HJK,0.9,0.25,dtw_aligned
arctic_b0109,Korean,HJK,1.0,0.0833333333333333,dtw_aligned
arctic_b0109,Vietnamese,HQTV,0.0,0.4166666666666667,dtw_aligned
arctic_b0109,Vietnamese,HQTV,0.25,0.3333333333333333,dtw_aligned
arctic_b0109,Vietnamese,HQTV,0.5,0.1666666666666666,dtw_aligned
arctic_b0109,Vietnamese,HQTV,0.75,0.25,dtw_aligned
arctic_b0109,Vietnamese,HQTV,0.9,0.0833333333333333,dtw_aligned
arctic_b0109,Vietnamese,HQTV,1.0,0.0833333333333333,dtw_aligned
arctic_b0109,Hindi,SVBI,0.0,0.25,dtw_aligned
arctic_b0109,Hindi,SVBI,0.25,0.0833333333333333,dtw_aligned
arctic_b0109,Hindi,SVBI,0.5,0.25,dtw_aligned
arctic_b0109,Hindi,SVBI,0.75,0.0833333333333333,dtw_aligned
arctic_b0109,Hindi,SVBI,0.9,0.0833333333333333,dtw_aligned
arctic_b0109,Hindi,SVBI,1.0,0.0833333333333333,dtw_aligned
arctic_b0109,Arabic,ZHAA,0.0,0.25,dtw_aligned
arctic_b0109,Arabic,ZHAA,0.25,0.0833333333333333,dtw_aligned
arctic_b0109,Arabic,ZHAA,0.5,0.3333333333333333,dtw_aligned
arctic_b0109,Arabic,ZHAA,0.75,0.0833333333333333,dtw_aligned
arctic_b0109,Arabic,ZHAA,0.9,0.0833333333333333,dtw_aligned
arctic_b0109,Arabic,ZHAA,1.0,0.0833333333333333,dtw_aligned
arctic_b0122,Chinese,BWC,0.0,0.3,dtw_aligned
arctic_b0122,Chinese,BWC,0.25,0.1,dtw_aligned
arctic_b0122,Chinese,BWC,0.5,0.1,dtw_aligned
arctic_b0122,Chinese,BWC,0.75,0.1,dtw_aligned
arctic_b0122,Chinese,BWC,0.9,0.0,dtw_aligned
arctic_b0122,Chinese,BWC,1.0,0.0,dtw_aligned
arctic_b0122,Spanish,EBVS,0.0,0.6,dtw_aligned
arctic_b0122,Spanish,EBVS,0.25,0.3,dtw_aligned
arctic_b0122,Spanish,EBVS,0.5,0.4,dtw_aligned
arctic_b0122,Spanish,EBVS,0.75,0.1,dtw_aligned
arctic_b0122,Spanish,EBVS,0.9,0.1,dtw_aligned
arctic_b0122,Spanish,EBVS,1.0,0.0,dtw_aligned
arctic_b0122,Korean,HJK,0.0,0.5,dtw_aligned
arctic_b0122,Korean,HJK,0.25,0.1,dtw_aligned
arctic_b0122,Korean,HJK,0.5,0.1,dtw_aligned
arctic_b0122,Korean,HJK,0.75,0.0,dtw_aligned
arctic_b0122,Korean,HJK,0.9,0.0,dtw_aligned
arctic_b0122,Korean,HJK,1.0,0.0,dtw_aligned
arctic_b0122,Vietnamese,HQTV,0.0,0.3,dtw_aligned
arctic_b0122,Vietnamese,HQTV,0.25,0.1,dtw_aligned
arctic_b0122,Vietnamese,HQTV,0.5,0.1,dtw_aligned
arctic_b0122,Vietnamese,HQTV,0.75,0.1,dtw_aligned
arctic_b0122,Vietnamese,HQTV,0.9,0.0,dtw_aligned
arctic_b0122,Vietnamese,HQTV,1.0,0.0,dtw_aligned
arctic_b0122,Hindi,SVBI,0.0,0.2,dtw_aligned
arctic_b0122,Hindi,SVBI,0.25,0.1,dtw_aligned
arctic_b0122,Hindi,SVBI,0.5,0.1,dtw_aligned
arctic_b0122,Hindi,SVBI,0.75,0.2,dtw_aligned
arctic_b0122,Hindi,SVBI,0.9,0.0,dtw_aligned
arctic_b0122,Hindi,SVBI,1.0,0.0,dtw_aligned
arctic_b0122,Arabic,ZHAA,0.0,0.1,dtw_aligned
arctic_b0122,Arabic,ZHAA,0.25,0.1,dtw_aligned
arctic_b0122,Arabic,ZHAA,0.5,0.1,dtw_aligned
arctic_b0122,Arabic,ZHAA,0.75,0.1,dtw_aligned
arctic_b0122,Arabic,ZHAA,0.9,0.1,dtw_aligned
arctic_b0122,Arabic,ZHAA,1.0,0.0,dtw_aligned
arctic_b0125,Chinese,BWC,0.0,0.4615384615384615,dtw_aligned
arctic_b0125,Chinese,BWC,0.25,0.2307692307692307,dtw_aligned
arctic_b0125,Chinese,BWC,0.5,0.1538461538461538,dtw_aligned
arctic_b0125,Chinese,BWC,0.75,0.2307692307692307,dtw_aligned
arctic_b0125,Chinese,BWC,0.9,0.0769230769230769,dtw_aligned
arctic_b0125,Chinese,BWC,1.0,0.0769230769230769,dtw_aligned
arctic_b0125,Spanish,EBVS,0.0,0.3846153846153846,dtw_aligned
arctic_b0125,Spanish,EBVS,0.25,0.3076923076923077,dtw_aligned
arctic_b0125,Spanish,EBVS,0.5,0.4615384615384615,dtw_aligned
arctic_b0125,Spanish,EBVS,0.75,0.2307692307692307,dtw_aligned
arctic_b0125,Spanish,EBVS,0.9,0.0769230769230769,dtw_aligned
arctic_b0125,Spanish,EBVS,1.0,0.0769230769230769,dtw_aligned
arctic_b0125,Korean,HJK,0.0,0.0,dtw_aligned
arctic_b0125,Korean,HJK,0.25,0.0769230769230769,dtw_aligned
arctic_b0125,Korean,HJK,0.5,0.0769230769230769,dtw_aligned
arctic_b0125,Korean,HJK,0.75,0.0,dtw_aligned
arctic_b0125,Korean,HJK,0.9,0.0769230769230769,dtw_aligned
arctic_b0125,Korean,HJK,1.0,0.0769230769230769,dtw_aligned
arctic_b0125,Vietnamese,HQTV,0.0,0.3076923076923077,dtw_aligned
arctic_b0125,Vietnamese,HQTV,0.25,0.1538461538461538,dtw_aligned
arctic_b0125,Vietnamese,HQTV,0.5,0.2307692307692307,dtw_aligned
arctic_b0125,Vietnamese,HQTV,0.75,0.2307692307692307,dtw_aligned
arctic_b0125,Vietnamese,HQTV,0.9,0.1538461538461538,dtw_aligned
arctic_b0125,Vietnamese,HQTV,1.0,0.0769230769230769,dtw_aligned
arctic_b0125,Hindi,SVBI,0.0,0.0,dtw_aligned
arctic_b0125,Hindi,SVBI,0.25,0.0,dtw_aligned
arctic_b0125,Hindi,SVBI,0.5,0.0,dtw_aligned
arctic_b0125,Hindi,SVBI,0.75,0.0769230769230769,dtw_aligned
arctic_b0125,Hindi,SVBI,0.9,0.0769230769230769,dtw_aligned
arctic_b0125,Hindi,SVBI,1.0,0.0769230769230769,dtw_aligned
arctic_b0125,Arabic,ZHAA,0.0,0.1538461538461538,dtw_aligned
arctic_b0125,Arabic,ZHAA,0.25,0.0769230769230769,dtw_aligned
arctic_b0125,Arabic,ZHAA,0.5,0.0769230769230769,dtw_aligned
arctic_b0125,Arabic,ZHAA,0.75,0.0769230769230769,dtw_aligned
arctic_b0125,Arabic,ZHAA,0.9,0.0769230769230769,dtw_aligned
arctic_b0125,Arabic,ZHAA,1.0,0.0769230769230769,dtw_aligned
arctic_b0128,Chinese,BWC,0.0,0.0,dtw_aligned
arctic_b0128,Chinese,BWC,0.25,0.0,dtw_aligned
arctic_b0128,Chinese,BWC,0.5,0.0,dtw_aligned
arctic_b0128,Chinese,BWC,0.75,0.0,dtw_aligned
arctic_b0128,Chinese,BWC,0.9,0.0,dtw_aligned
arctic_b0128,Chinese,BWC,1.0,0.2,dtw_aligned
arctic_b0128,Spanish,EBVS,0.0,0.0,dtw_aligned
arctic_b0128,Spanish,EBVS,0.25,0.0,dtw_aligned
arctic_b0128,Spanish,EBVS,0.5,0.0,dtw_aligned
arctic_b0128,Spanish,EBVS,0.75,0.0,dtw_aligned
arctic_b0128,Spanish,EBVS,0.9,0.0,dtw_aligned
arctic_b0128,Spanish,EBVS,1.0,0.0,dtw_aligned
arctic_b0128,Korean,HJK,0.0,0.0,dtw_aligned
arctic_b0128,Korean,HJK,0.25,0.0,dtw_aligned
arctic_b0128,Korean,HJK,0.5,0.0,dtw_aligned
arctic_b0128,Korean,HJK,0.75,0.0,dtw_aligned
arctic_b0128,Korean,HJK,0.9,0.0,dtw_aligned
arctic_b0128,Korean,HJK,1.0,0.0,dtw_aligned
arctic_b0128,Vietnamese,HQTV,0.0,0.0,dtw_aligned
arctic_b0128,Vietnamese,HQTV,0.25,0.0,dtw_aligned
arctic_b0128,Vietnamese,HQTV,0.5,0.0,dtw_aligned
arctic_b0128,Vietnamese,HQTV,0.75,0.0,dtw_aligned
arctic_b0128,Vietnamese,HQTV,0.9,0.0,dtw_aligned
arctic_b0128,Vietnamese,HQTV,1.0,0.0,dtw_aligned
arctic_b0128,Hindi,SVBI,0.0,0.0,dtw_aligned
arctic_b0128,Hindi,SVBI,0.25,0.0,dtw_aligned
arctic_b0128,Hindi,SVBI,0.5,0.0,dtw_aligned
arctic_b0128,Hindi,SVBI,0.75,0.0,dtw_aligned
arctic_b0128,Hindi,SVBI,0.9,0.0,dtw_aligned
arctic_b0128,Hindi,SVBI,1.0,0.0,dtw_aligned
arctic_b0128,Arabic,ZHAA,0.0,0.0,dtw_aligned
arctic_b0128,Arabic,ZHAA,0.25,0.0,dtw_aligned
arctic_b0128,Arabic,ZHAA,0.5,0.0,dtw_aligned
arctic_b0128,Arabic,ZHAA,0.75,0.0,dtw_aligned
arctic_b0128,Arabic,ZHAA,0.9,0.0,dtw_aligned
arctic_b0128,Arabic,ZHAA,1.0,0.0,dtw_aligned
arctic_b0152,Chinese,BWC,0.0,0.3333333333333333,dtw_aligned
arctic_b0152,Chinese,BWC,0.25,0.0,dtw_aligned
arctic_b0152,Chinese,BWC,0.5,0.0,dtw_aligned
arctic_b0152,Chinese,BWC,0.75,0.0,dtw_aligned
arctic_b0152,Chinese,BWC,0.9,0.1666666666666666,dtw_aligned
arctic_b0152,Chinese,BWC,1.0,0.0,dtw_aligned
arctic_b0152,Spanish,EBVS,0.0,0.1666666666666666,dtw_aligned
arctic_b0152,Spanish,EBVS,0.25,0.0,dtw_aligned
arctic_b0152,Spanish,EBVS,0.5,0.1666666666666666,dtw_aligned
arctic_b0152,Spanish,EBVS,0.75,0.1666666666666666,dtw_aligned
arctic_b0152,Spanish,EBVS,0.9,0.1666666666666666,dtw_aligned
arctic_b0152,Spanish,EBVS,1.0,0.1666666666666666,dtw_aligned
arctic_b0152,Korean,HJK,0.0,0.1666666666666666,dtw_aligned
arctic_b0152,Korean,HJK,0.25,0.0,dtw_aligned
arctic_b0152,Korean,HJK,0.5,0.1666666666666666,dtw_aligned
arctic_b0152,Korean,HJK,0.75,0.1666666666666666,dtw_aligned
arctic_b0152,Korean,HJK,0.9,0.1666666666666666,dtw_aligned
arctic_b0152,Korean,HJK,1.0,0.0,dtw_aligned
arctic_b0152,Vietnamese,HQTV,0.0,0.1666666666666666,dtw_aligned
arctic_b0152,Vietnamese,HQTV,0.25,0.1666666666666666,dtw_aligned
arctic_b0152,Vietnamese,HQTV,0.5,0.0,dtw_aligned
arctic_b0152,Vietnamese,HQTV,0.75,0.0,dtw_aligned
arctic_b0152,Vietnamese,HQTV,0.9,0.1666666666666666,dtw_aligned
arctic_b0152,Vietnamese,HQTV,1.0,0.0,dtw_aligned
arctic_b0152,Hindi,SVBI,0.0,0.3333333333333333,dtw_aligned
arctic_b0152,Hindi,SVBI,0.25,0.1666666666666666,dtw_aligned
arctic_b0152,Hindi,SVBI,0.5,0.0,dtw_aligned
arctic_b0152,Hindi,SVBI,0.75,0.1666666666666666,dtw_aligned
arctic_b0152,Hindi,SVBI,0.9,0.1666666666666666,dtw_aligned
arctic_b0152,Hindi,SVBI,1.0,0.0,dtw_aligned
arctic_b0152,Arabic,ZHAA,0.0,0.0,dtw_aligned
arctic_b0152,Arabic,ZHAA,0.25,0.0,dtw_aligned
arctic_b0152,Arabic,ZHAA,0.5,0.0,dtw_aligned
arctic_b0152,Arabic,ZHAA,0.75,0.1666666666666666,dtw_aligned
arctic_b0152,Arabic,ZHAA,0.9,0.3333333333333333,dtw_aligned
arctic_b0152,Arabic,ZHAA,1.0,0.1666666666666666,dtw_aligned
arctic_b0167,Chinese,BWC,0.0,0.0833333333333333,dtw_aligned
arctic_b0167,Chinese,BWC,0.25,0.0833333333333333,dtw_aligned
arctic_b0167,Chinese,BWC,0.5,0.0833333333333333,dtw_aligned
arctic_b0167,Chinese,BWC,0.75,0.0,dtw_aligned
arctic_b0167,Chinese,BWC,0.9,0.0,dtw_aligned
arctic_b0167,Chinese,BWC,1.0,0.0,dtw_aligned
arctic_b0167,Spanish,EBVS,0.0,0.1666666666666666,dtw_aligned
arctic_b0167,Spanish,EBVS,0.25,0.0833333333333333,dtw_aligned
arctic_b0167,Spanish,EBVS,0.5,0.0833333333333333,dtw_aligned
arctic_b0167,Spanish,EBVS,0.75,0.0,dtw_aligned
arctic_b0167,Spanish,EBVS,0.9,0.0,dtw_aligned
arctic_b0167,Spanish,EBVS,1.0,0.0833333333333333,dtw_aligned
arctic_b0167,Korean,HJK,0.0,0.0,dtw_aligned
arctic_b0167,Korean,HJK,0.25,0.0,dtw_aligned
arctic_b0167,Korean,HJK,0.5,0.0,dtw_aligned
arctic_b0167,Korean,HJK,0.75,0.0,dtw_aligned
arctic_b0167,Korean,HJK,0.9,0.0,dtw_aligned
arctic_b0167,Korean,HJK,1.0,0.0,dtw_aligned
arctic_b0167,Vietnamese,HQTV,0.0,0.0833333333333333,dtw_aligned
arctic_b0167,Vietnamese,HQTV,0.25,0.0833333333333333,dtw_aligned
arctic_b0167,Vietnamese,HQTV,0.5,0.0,dtw_aligned
arctic_b0167,Vietnamese,HQTV,0.75,0.0,dtw_aligned
arctic_b0167,Vietnamese,HQTV,0.9,0.0,dtw_aligned
arctic_b0167,Vietnamese,HQTV,1.0,0.0,dtw_aligned
arctic_b0167,Hindi,SVBI,0.0,0.0,dtw_aligned
arctic_b0167,Hindi,SVBI,0.25,0.0,dtw_aligned
arctic_b0167,Hindi,SVBI,0.5,0.0,dtw_aligned
arctic_b0167,Hindi,SVBI,0.75,0.0,dtw_aligned
arctic_b0167,Hindi,SVBI,0.9,0.0,dtw_aligned
arctic_b0167,Hindi,SVBI,1.0,0.0833333333333333,dtw_aligned
arctic_b0167,Arabic,ZHAA,0.0,0.0,dtw_aligned
arctic_b0167,Arabic,ZHAA,0.25,0.0,dtw_aligned
arctic_b0167,Arabic,ZHAA,0.5,0.0,dtw_aligned
arctic_b0167,Arabic,ZHAA,0.75,0.0,dtw_aligned
arctic_b0167,Arabic,ZHAA,0.9,0.0,dtw_aligned
arctic_b0167,Arabic,ZHAA,1.0,0.0,dtw_aligned
arctic_b0188,Chinese,BWC,0.0,0.6,dtw_aligned
arctic_b0188,Chinese,BWC,0.25,0.3,dtw_aligned
arctic_b0188,Chinese,BWC,0.5,0.2,dtw_aligned
arctic_b0188,Chinese,BWC,0.75,0.2,dtw_aligned
arctic_b0188,Chinese,BWC,0.9,0.2,dtw_aligned
arctic_b0188,Chinese,BWC,1.0,0.2,dtw_aligned
arctic_b0188,Spanish,EBVS,0.0,0.3,dtw_aligned
arctic_b0188,Spanish,EBVS,0.25,0.4,dtw_aligned
arctic_b0188,Spanish,EBVS,0.5,0.4,dtw_aligned
arctic_b0188,Spanish,EBVS,0.75,0.3,dtw_aligned
arctic_b0188,Spanish,EBVS,0.9,0.2,dtw_aligned
arctic_b0188,Spanish,EBVS,1.0,0.1,dtw_aligned
arctic_b0188,Korean,HJK,0.0,0.2,dtw_aligned
arctic_b0188,Korean,HJK,0.25,0.1,dtw_aligned
arctic_b0188,Korean,HJK,0.5,0.1,dtw_aligned
arctic_b0188,Korean,HJK,0.75,0.1,dtw_aligned
arctic_b0188,Korean,HJK,0.9,0.1,dtw_aligned
arctic_b0188,Korean,HJK,1.0,0.1,dtw_aligned
arctic_b0188,Vietnamese,HQTV,0.0,0.3,dtw_aligned
arctic_b0188,Vietnamese,HQTV,0.25,0.2,dtw_aligned
arctic_b0188,Vietnamese,HQTV,0.5,0.2,dtw_aligned
arctic_b0188,Vietnamese,HQTV,0.75,0.2,dtw_aligned
arctic_b0188,Vietnamese,HQTV,0.9,0.1,dtw_aligned
arctic_b0188,Vietnamese,HQTV,1.0,0.1,dtw_aligned
arctic_b0188,Hindi,SVBI,0.0,0.2,dtw_aligned
arctic_b0188,Hindi,SVBI,0.25,0.2,dtw_aligned
arctic_b0188,Hindi,SVBI,0.5,0.1,dtw_aligned
arctic_b0188,Hindi,SVBI,0.75,0.1,dtw_aligned
arctic_b0188,Hindi,SVBI,0.9,0.1,dtw_aligned
arctic_b0188,Hindi,SVBI,1.0,0.1,dtw_aligned
arctic_b0188,Arabic,ZHAA,0.0,0.3,dtw_aligned
arctic_b0188,Arabic,ZHAA,0.25,0.4,dtw_aligned
arctic_b0188,Arabic,ZHAA,0.5,0.1,dtw_aligned
arctic_b0188,Arabic,ZHAA,0.75,0.2,dtw_aligned
arctic_b0188,Arabic,ZHAA,0.9,0.1,dtw_aligned
arctic_b0188,Arabic,ZHAA,1.0,0.3,dtw_aligned
arctic_b0190,Chinese,BWC,0.0,0.0833333333333333,dtw_aligned
arctic_b0190,Chinese,BWC,0.25,0.0,dtw_aligned
arctic_b0190,Chinese,BWC,0.5,0.0,dtw_aligned
arctic_b0190,Chinese,BWC,0.75,0.0833333333333333,dtw_aligned
arctic_b0190,Chinese,BWC,0.9,0.0833333333333333,dtw_aligned
arctic_b0190,Chinese,BWC,1.0,0.0,dtw_aligned
arctic_b0190,Spanish,EBVS,0.0,0.4166666666666667,dtw_aligned
arctic_b0190,Spanish,EBVS,0.25,0.3333333333333333,dtw_aligned
arctic_b0190,Spanish,EBVS,0.5,0.25,dtw_aligned
arctic_b0190,Spanish,EBVS,0.75,0.0833333333333333,dtw_aligned
arctic_b0190,Spanish,EBVS,0.9,0.0,dtw_aligned
arctic_b0190,Spanish,EBVS,1.0,0.0,dtw_aligned
arctic_b0190,Korean,HJK,0.0,0.0,dtw_aligned
arctic_b0190,Korean,HJK,0.25,0.0,dtw_aligned
arctic_b0190,Korean,HJK,0.5,0.0,dtw_aligned
arctic_b0190,Korean,HJK,0.75,0.0,dtw_aligned
arctic_b0190,Korean,HJK,0.9,0.0833333333333333,dtw_aligned
arctic_b0190,Korean,HJK,1.0,0.0,dtw_aligned
arctic_b0190,Vietnamese,HQTV,0.0,0.3333333333333333,dtw_aligned
arctic_b0190,Vietnamese,HQTV,0.25,0.1666666666666666,dtw_aligned
arctic_b0190,Vietnamese,HQTV,0.5,0.1666666666666666,dtw_aligned
arctic_b0190,Vietnamese,HQTV,0.75,0.0,dtw_aligned
arctic_b0190,Vietnamese,HQTV,0.9,0.0,dtw_aligned
arctic_b0190,Vietnamese,HQTV,1.0,0.0,dtw_aligned
arctic_b0190,Hindi,SVBI,0.0,0.0,dtw_aligned
arctic_b0190,Hindi,SVBI,0.25,0.0,dtw_aligned
arctic_b0190,Hindi,SVBI,0.5,0.0,dtw_aligned
arctic_b0190,Hindi,SVBI,0.75,0.0833333333333333,dtw_aligned
arctic_b0190,Hindi,SVBI,0.9,0.0833333333333333,dtw_aligned
arctic_b0190,Hindi,SVBI,1.0,0.0,dtw_aligned
arctic_b0190,Arabic,ZHAA,0.0,0.1666666666666666,dtw_aligned
arctic_b0190,Arabic,ZHAA,0.25,0.0833333333333333,dtw_aligned
arctic_b0190,Arabic,ZHAA,0.5,0.0,dtw_aligned
arctic_b0190,Arabic,ZHAA,0.75,0.0,dtw_aligned
arctic_b0190,Arabic,ZHAA,0.9,0.0833333333333333,dtw_aligned
arctic_b0190,Arabic,ZHAA,1.0,0.0,dtw_aligned
arctic_b0197,Chinese,BWC,0.0,0.2857142857142857,dtw_aligned
arctic_b0197,Chinese,BWC,0.25,0.1428571428571428,dtw_aligned
arctic_b0197,Chinese,BWC,0.5,0.1428571428571428,dtw_aligned
arctic_b0197,Chinese,BWC,0.75,0.0,dtw_aligned
arctic_b0197,Chinese,BWC,0.9,0.0,dtw_aligned
arctic_b0197,Chinese,BWC,1.0,0.0,dtw_aligned
arctic_b0197,Spanish,EBVS,0.0,0.2857142857142857,dtw_aligned
arctic_b0197,Spanish,EBVS,0.25,0.0,dtw_aligned
arctic_b0197,Spanish,EBVS,0.5,0.0,dtw_aligned
arctic_b0197,Spanish,EBVS,0.75,0.0,dtw_aligned
arctic_b0197,Spanish,EBVS,0.9,0.0,dtw_aligned
arctic_b0197,Spanish,EBVS,1.0,0.0,dtw_aligned
arctic_b0197,Korean,HJK,0.0,0.0,dtw_aligned
arctic_b0197,Korean,HJK,0.25,0.0,dtw_aligned
arctic_b0197,Korean,HJK,0.5,0.0,dtw_aligned
arctic_b0197,Korean,HJK,0.75,0.0,dtw_aligned
arctic_b0197,Korean,HJK,0.9,0.0,dtw_aligned
arctic_b0197,Korean,HJK,1.0,0.0,dtw_aligned
arctic_b0197,Vietnamese,HQTV,0.0,0.2857142857142857,dtw_aligned
arctic_b0197,Vietnamese,HQTV,0.25,0.1428571428571428,dtw_aligned
arctic_b0197,Vietnamese,HQTV,0.5,0.1428571428571428,dtw_aligned
arctic_b0197,Vietnamese,HQTV,0.75,0.0,dtw_aligned
arctic_b0197,Vietnamese,HQTV,0.9,0.0,dtw_aligned
arctic_b0197,Vietnamese,HQTV,1.0,0.0,dtw_aligned
arctic_b0197,Hindi,SVBI,0.0,0.0,dtw_aligned
arctic_b0197,Hindi,SVBI,0.25,0.0,dtw_aligned
arctic_b0197,Hindi,SVBI,0.5,0.0,dtw_aligned
arctic_b0197,Hindi,SVBI,0.75,0.0,dtw_aligned
arctic_b0197,Hindi,SVBI,0.9,0.0,dtw_aligned
arctic_b0197,Hindi,SVBI,1.0,0.0,dtw_aligned
arctic_b0197,Arabic,ZHAA,0.0,0.0,dtw_aligned
arctic_b0197,Arabic,ZHAA,0.25,0.0,dtw_aligned
arctic_b0197,Arabic,ZHAA,0.5,0.0,dtw_aligned
arctic_b0197,Arabic,ZHAA,0.75,0.0,dtw_aligned
arctic_b0197,Arabic,ZHAA,0.9,0.0,dtw_aligned
arctic_b0197,Arabic,ZHAA,1.0,0.0,dtw_aligned
arctic_b0210,Chinese,BWC,0.0,0.1666666666666666,dtw_aligned
arctic_b0210,Chinese,BWC,0.25,0.1666666666666666,dtw_aligned
arctic_b0210,Chinese,BWC,0.5,0.0833333333333333,dtw_aligned
arctic_b0210,Chinese,BWC,0.75,0.0833333333333333,dtw_aligned
arctic_b0210,Chinese,BWC,0.9,0.0833333333333333,dtw_aligned
arctic_b0210,Chinese,BWC,1.0,0.1666666666666666,dtw_aligned
arctic_b0210,Spanish,EBVS,0.0,0.1666666666666666,dtw_aligned
arctic_b0210,Spanish,EBVS,0.25,0.1666666666666666,dtw_aligned
arctic_b0210,Spanish,EBVS,0.5,0.0,dtw_aligned
arctic_b0210,Spanish,EBVS,0.75,0.0,dtw_aligned
arctic_b0210,Spanish,EBVS,0.9,0.0,dtw_aligned
arctic_b0210,Spanish,EBVS,1.0,0.1666666666666666,dtw_aligned
arctic_b0210,Korean,HJK,0.0,0.0,dtw_aligned
arctic_b0210,Korean,HJK,0.25,0.0,dtw_aligned
arctic_b0210,Korean,HJK,0.5,0.0833333333333333,dtw_aligned
arctic_b0210,Korean,HJK,0.75,0.0,dtw_aligned
arctic_b0210,Korean,HJK,0.9,0.1666666666666666,dtw_aligned
arctic_b0210,Korean,HJK,1.0,0.25,dtw_aligned
arctic_b0210,Vietnamese,HQTV,0.0,0.0,dtw_aligned
arctic_b0210,Vietnamese,HQTV,0.25,0.1666666666666666,dtw_aligned
arctic_b0210,Vietnamese,HQTV,0.5,0.0833333333333333,dtw_aligned
arctic_b0210,Vietnamese,HQTV,0.75,0.0833333333333333,dtw_aligned
arctic_b0210,Vietnamese,HQTV,0.9,0.1666666666666666,dtw_aligned
arctic_b0210,Vietnamese,HQTV,1.0,0.25,dtw_aligned
arctic_b0210,Hindi,SVBI,0.0,0.0,dtw_aligned
arctic_b0210,Hindi,SVBI,0.25,0.0,dtw_aligned
arctic_b0210,Hindi,SVBI,0.5,0.0,dtw_aligned
arctic_b0210,Hindi,SVBI,0.75,0.1666666666666666,dtw_aligned
arctic_b0210,Hindi,SVBI,0.9,0.1666666666666666,dtw_aligned
arctic_b0210,Hindi,SVBI,1.0,0.1666666666666666,dtw_aligned
arctic_b0210,Arabic,ZHAA,0.0,0.0,dtw_aligned
arctic_b0210,Arabic,ZHAA,0.25,0.0,dtw_aligned
arctic_b0210,Arabic,ZHAA,0.5,0.0,dtw_aligned
arctic_b0210,Arabic,ZHAA,0.75,0.0,dtw_aligned
arctic_b0210,Arabic,ZHAA,0.9,0.25,dtw_aligned
arctic_b0210,Arabic,ZHAA,1.0,0.1666666666666666,dtw_aligned
arctic_b0212,Chinese,BWC,0.0,0.1,dtw_aligned
arctic_b0212,Chinese,BWC,0.25,0.1,dtw_aligned
arctic_b0212,Chinese,BWC,0.5,0.2,dtw_aligned
arctic_b0212,Chinese,BWC,0.75,0.3,dtw_aligned
arctic_b0212,Chinese,BWC,0.9,0.2,dtw_aligned
arctic_b0212,Chinese,BWC,1.0,0.1,dtw_aligned
arctic_b0212,Spanish,EBVS,0.0,0.4444444444444444,dtw_aligned
arctic_b0212,Spanish,EBVS,0.25,0.2222222222222222,dtw_aligned
arctic_b0212,Spanish,EBVS,0.5,0.3333333333333333,dtw_aligned
arctic_b0212,Spanish,EBVS,0.75,0.3333333333333333,dtw_aligned
arctic_b0212,Spanish,EBVS,0.9,0.2222222222222222,dtw_aligned
arctic_b0212,Spanish,EBVS,1.0,0.3333333333333333,dtw_aligned
arctic_b0212,Korean,HJK,0.0,0.1,dtw_aligned
arctic_b0212,Korean,HJK,0.25,0.2,dtw_aligned
arctic_b0212,Korean,HJK,0.5,0.2,dtw_aligned
arctic_b0212,Korean,HJK,0.75,0.1,dtw_aligned
arctic_b0212,Korean,HJK,0.9,0.1,dtw_aligned
arctic_b0212,Korean,HJK,1.0,0.1,dtw_aligned
arctic_b0212,Vietnamese,HQTV,0.0,0.5,dtw_aligned
arctic_b0212,Vietnamese,HQTV,0.25,0.5,dtw_aligned
arctic_b0212,Vietnamese,HQTV,0.5,0.3,dtw_aligned
arctic_b0212,Vietnamese,HQTV,0.75,0.2,dtw_aligned
arctic_b0212,Vietnamese,HQTV,0.9,0.2,dtw_aligned
arctic_b0212,Vietnamese,HQTV,1.0,0.1,dtw_aligned
arctic_b0212,Hindi,SVBI,0.0,0.1,dtw_aligned
arctic_b0212,Hindi,SVBI,0.25,0.1,dtw_aligned
arctic_b0212,Hindi,SVBI,0.5,0.3,dtw_aligned
arctic_b0212,Hindi,SVBI,0.75,0.1,dtw_aligned
arctic_b0212,Hindi,SVBI,0.9,0.2,dtw_aligned
arctic_b0212,Hindi,SVBI,1.0,0.1,dtw_aligned
arctic_b0212,Arabic,ZHAA,0.0,0.3,dtw_aligned
arctic_b0212,Arabic,ZHAA,0.25,0.3,dtw_aligned
arctic_b0212,Arabic,ZHAA,0.5,0.2,dtw_aligned
arctic_b0212,Arabic,ZHAA,0.75,0.2,dtw_aligned
arctic_b0212,Arabic,ZHAA,0.9,0.2,dtw_aligned
arctic_b0212,Arabic,ZHAA,1.0,0.1,dtw_aligned
arctic_b0214,Chinese,BWC,0.0,0.3,dtw_aligned
arctic_b0214,Chinese,BWC,0.25,0.1,dtw_aligned
arctic_b0214,Chinese,BWC,0.5,0.1,dtw_aligned
arctic_b0214,Chinese,BWC,0.75,0.1,dtw_aligned
arctic_b0214,Chinese,BWC,0.9,0.0,dtw_aligned
arctic_b0214,Chinese,BWC,1.0,0.0,dtw_aligned
arctic_b0214,Spanish,EBVS,0.0,0.1,dtw_aligned
arctic_b0214,Spanish,EBVS,0.25,0.1,dtw_aligned
arctic_b0214,Spanish,EBVS,0.5,0.1,dtw_aligned
arctic_b0214,Spanish,EBVS,0.75,0.0,dtw_aligned
arctic_b0214,Spanish,EBVS,0.9,0.0,dtw_aligned
arctic_b0214,Spanish,EBVS,1.0,0.0,dtw_aligned
arctic_b0214,Korean,HJK,0.0,0.0,dtw_aligned
arctic_b0214,Korean,HJK,0.25,0.0,dtw_aligned
arctic_b0214,Korean,HJK,0.5,0.0,dtw_aligned
arctic_b0214,Korean,HJK,0.75,0.0,dtw_aligned
arctic_b0214,Korean,HJK,0.9,0.0,dtw_aligned
arctic_b0214,Korean,HJK,1.0,0.0,dtw_aligned
arctic_b0214,Vietnamese,HQTV,0.0,0.1,dtw_aligned
arctic_b0214,Vietnamese,HQTV,0.25,0.0,dtw_aligned
arctic_b0214,Vietnamese,HQTV,0.5,0.1,dtw_aligned
arctic_b0214,Vietnamese,HQTV,0.75,0.0,dtw_aligned
arctic_b0214,Vietnamese,HQTV,0.9,0.0,dtw_aligned
arctic_b0214,Vietnamese,HQTV,1.0,0.0,dtw_aligned
arctic_b0214,Hindi,SVBI,0.0,0.0,dtw_aligned
arctic_b0214,Hindi,SVBI,0.25,0.0,dtw_aligned
arctic_b0214,Hindi,SVBI,0.5,0.0,dtw_aligned
arctic_b0214,Hindi,SVBI,0.75,0.0,dtw_aligned
arctic_b0214,Hindi,SVBI,0.9,0.1,dtw_aligned
arctic_b0214,Hindi,SVBI,1.0,0.0,dtw_aligned
arctic_b0214,Arabic,ZHAA,0.0,0.1,dtw_aligned
arctic_b0214,Arabic,ZHAA,0.25,0.0,dtw_aligned
arctic_b0214,Arabic,ZHAA,0.5,0.0,dtw_aligned
arctic_b0214,Arabic,ZHAA,0.75,0.0,dtw_aligned
arctic_b0214,Arabic,ZHAA,0.9,0.0,dtw_aligned
arctic_b0214,Arabic,ZHAA,1.0,0.0,dtw_aligned
arctic_b0221,Chinese,BWC,0.0,0.8,dtw_aligned
arctic_b0221,Chinese,BWC,0.25,0.4,dtw_aligned
arctic_b0221,Chinese,BWC,0.5,0.0,dtw_aligned
arctic_b0221,Chinese,BWC,0.75,0.0,dtw_aligned
arctic_b0221,Chinese,BWC,0.9,0.0,dtw_aligned
arctic_b0221,Chinese,BWC,1.0,0.0,dtw_aligned
arctic_b0221,Spanish,EBVS,0.0,0.2,dtw_aligned
arctic_b0221,Spanish,EBVS,0.25,0.0,dtw_aligned
arctic_b0221,Spanish,EBVS,0.5,0.0,dtw_aligned
arctic_b0221,Spanish,EBVS,0.75,0.0,dtw_aligned
arctic_b0221,Spanish,EBVS,0.9,0.0,dtw_aligned
arctic_b0221,Spanish,EBVS,1.0,0.0,dtw_aligned
arctic_b0221,Korean,HJK,0.0,0.0,dtw_aligned
arctic_b0221,Korean,HJK,0.25,0.0,dtw_aligned
arctic_b0221,Korean,HJK,0.5,0.0,dtw_aligned
arctic_b0221,Korean,HJK,0.75,0.0,dtw_aligned
arctic_b0221,Korean,HJK,0.9,0.0,dtw_aligned
arctic_b0221,Korean,HJK,1.0,0.0,dtw_aligned
arctic_b0221,Vietnamese,HQTV,0.0,0.0,dtw_aligned
arctic_b0221,Vietnamese,HQTV,0.25,0.0,dtw_aligned
arctic_b0221,Vietnamese,HQTV,0.5,0.0,dtw_aligned
arctic_b0221,Vietnamese,HQTV,0.75,0.0,dtw_aligned
arctic_b0221,Vietnamese,HQTV,0.9,0.0,dtw_aligned
arctic_b0221,Vietnamese,HQTV,1.0,0.0,dtw_aligned
arctic_b0221,Hindi,SVBI,0.0,0.2,dtw_aligned
arctic_b0221,Hindi,SVBI,0.25,0.2,dtw_aligned
arctic_b0221,Hindi,SVBI,0.5,0.2,dtw_aligned
arctic_b0221,Hindi,SVBI,0.75,0.0,dtw_aligned
arctic_b0221,Hindi,SVBI,0.9,0.0,dtw_aligned
arctic_b0221,Hindi,SVBI,1.0,0.0,dtw_aligned
arctic_b0221,Arabic,ZHAA,0.0,0.0,dtw_aligned
arctic_b0221,Arabic,ZHAA,0.25,0.0,dtw_aligned
arctic_b0221,Arabic,ZHAA,0.5,0.2,dtw_aligned
arctic_b0221,Arabic,ZHAA,0.75,0.0,dtw_aligned
arctic_b0221,Arabic,ZHAA,0.9,0.0,dtw_aligned
arctic_b0221,Arabic,ZHAA,1.0,0.0,dtw_aligned
arctic_b0238,Chinese,BWC,0.0,0.1818181818181818,dtw_aligned
arctic_b0238,Chinese,BWC,0.25,0.0909090909090909,dtw_aligned
arctic_b0238,Chinese,BWC,0.5,0.0909090909090909,dtw_aligned
arctic_b0238,Chinese,BWC,0.75,0.1818181818181818,dtw_aligned
arctic_b0238,Chinese,BWC,0.9,0.0909090909090909,dtw_aligned
arctic_b0238,Chinese,BWC,1.0,0.0909090909090909,dtw_aligned
arctic_b0238,Spanish,EBVS,0.0,0.3636363636363636,dtw_aligned
arctic_b0238,Spanish,EBVS,0.25,0.0909090909090909,dtw_aligned
arctic_b0238,Spanish,EBVS,0.5,0.0909090909090909,dtw_aligned
arctic_b0238,Spanish,EBVS,0.75,0.0909090909090909,dtw_aligned
arctic_b0238,Spanish,EBVS,0.9,0.0909090909090909,dtw_aligned
arctic_b0238,Spanish,EBVS,1.0,0.0909090909090909,dtw_aligned
arctic_b0238,Korean,HJK,0.0,0.0909090909090909,dtw_aligned
arctic_b0238,Korean,HJK,0.25,0.0909090909090909,dtw_aligned
arctic_b0238,Korean,HJK,0.5,0.0909090909090909,dtw_aligned
arctic_b0238,Korean,HJK,0.75,0.0909090909090909,dtw_aligned
arctic_b0238,Korean,HJK,0.9,0.0909090909090909,dtw_aligned
arctic_b0238,Korean,HJK,1.0,0.0909090909090909,dtw_aligned
arctic_b0238,Vietnamese,HQTV,0.0,0.1818181818181818,dtw_aligned
arctic_b0238,Vietnamese,HQTV,0.25,0.0909090909090909,dtw_aligned
arctic_b0238,Vietnamese,HQTV,0.5,0.0909090909090909,dtw_aligned
arctic_b0238,Vietnamese,HQTV,0.75,0.0909090909090909,dtw_aligned
arctic_b0238,Vietnamese,HQTV,0.9,0.0909090909090909,dtw_aligned
arctic_b0238,Vietnamese,HQTV,1.0,0.0909090909090909,dtw_aligned
arctic_b0238,Hindi,SVBI,0.0,0.0,dtw_aligned
arctic_b0238,Hindi,SVBI,0.25,0.0,dtw_aligned
arctic_b0238,Hindi,SVBI,0.5,0.0,dtw_aligned
arctic_b0238,Hindi,SVBI,0.75,0.0909090909090909,dtw_aligned
arctic_b0238,Hindi,SVBI,0.9,0.0909090909090909,dtw_aligned
arctic_b0238,Hindi,SVBI,1.0,0.0909090909090909,dtw_aligned
arctic_b0238,Arabic,ZHAA,0.0,0.0909090909090909,dtw_aligned
arctic_b0238,Arabic,ZHAA,0.25,0.0909090909090909,dtw_aligned
arctic_b0238,Arabic,ZHAA,0.5,0.0909090909090909,dtw_aligned
arctic_b0238,Arabic,ZHAA,0.75,0.0909090909090909,dtw_aligned
arctic_b0238,Arabic,ZHAA,0.9,0.0909090909090909,dtw_aligned
arctic_b0238,Arabic,ZHAA,1.0,0.0909090909090909,dtw_aligned
arctic_b0247,Chinese,BWC,0.0,0.0769230769230769,dtw_aligned
arctic_b0247,Chinese,BWC,0.25,0.2307692307692307,dtw_aligned
arctic_b0247,Chinese,BWC,0.5,0.0769230769230769,dtw_aligned
arctic_b0247,Chinese,BWC,0.75,0.1538461538461538,dtw_aligned
arctic_b0247,Chinese,BWC,0.9,0.0769230769230769,dtw_aligned
arctic_b0247,Chinese,BWC,1.0,0.0769230769230769,dtw_aligned
arctic_b0247,Spanish,EBVS,0.0,0.2307692307692307,dtw_aligned
arctic_b0247,Spanish,EBVS,0.25,0.1538461538461538,dtw_aligned
arctic_b0247,Spanish,EBVS,0.5,0.1538461538461538,dtw_aligned
arctic_b0247,Spanish,EBVS,0.75,0.1538461538461538,dtw_aligned
arctic_b0247,Spanish,EBVS,0.9,0.2307692307692307,dtw_aligned
arctic_b0247,Spanish,EBVS,1.0,0.0769230769230769,dtw_aligned
arctic_b0247,Korean,HJK,0.0,0.1538461538461538,dtw_aligned
arctic_b0247,Korean,HJK,0.25,0.1538461538461538,dtw_aligned
arctic_b0247,Korean,HJK,0.5,0.0769230769230769,dtw_aligned
arctic_b0247,Korean,HJK,0.75,0.0769230769230769,dtw_aligned
arctic_b0247,Korean,HJK,0.9,0.1538461538461538,dtw_aligned
arctic_b0247,Korean,HJK,1.0,0.0769230769230769,dtw_aligned
arctic_b0247,Vietnamese,HQTV,0.0,0.0,dtw_aligned
arctic_b0247,Vietnamese,HQTV,0.25,0.0769230769230769,dtw_aligned
arctic_b0247,Vietnamese,HQTV,0.5,0.0769230769230769,dtw_aligned
arctic_b0247,Vietnamese,HQTV,0.75,0.0769230769230769,dtw_aligned
arctic_b0247,Vietnamese,HQTV,0.9,0.0769230769230769,dtw_aligned
arctic_b0247,Vietnamese,HQTV,1.0,0.0769230769230769,dtw_aligned
arctic_b0247,Hindi,SVBI,0.0,0.0,dtw_aligned
arctic_b0247,Hindi,SVBI,0.25,0.0,dtw_aligned
arctic_b0247,Hindi,SVBI,0.5,0.0,dtw_aligned
arctic_b0247,Hindi,SVBI,0.75,0.0769230769230769,dtw_aligned
arctic_b0247,Hindi,SVBI,0.9,0.0769230769230769,dtw_aligned
arctic_b0247,Hindi,SVBI,1.0,0.0769230769230769,dtw_aligned
arctic_b0247,Arabic,ZHAA,0.0,0.0769230769230769,dtw_aligned
arctic_b0247,Arabic,ZHAA,0.25,0.0769230769230769,dtw_aligned
arctic_b0247,Arabic,ZHAA,0.5,0.0769230769230769,dtw_aligned
arctic_b0247,Arabic,ZHAA,0.75,0.0769230769230769,dtw_aligned
arctic_b0247,Arabic,ZHAA,0.9,0.0769230769230769,dtw_aligned
arctic_b0247,Arabic,ZHAA,1.0,0.1538461538461538,dtw_aligned
arctic_b0248,Chinese,BWC,0.0,0.2222222222222222,dtw_aligned
arctic_b0248,Chinese,BWC,0.25,0.2222222222222222,dtw_aligned
arctic_b0248,Chinese,BWC,0.5,0.0,dtw_aligned
arctic_b0248,Chinese,BWC,0.75,0.1111111111111111,dtw_aligned
arctic_b0248,Chinese,BWC,0.9,0.0,dtw_aligned
arctic_b0248,Chinese,BWC,1.0,0.0,dtw_aligned
arctic_b0248,Spanish,EBVS,0.0,0.1111111111111111,dtw_aligned
arctic_b0248,Spanish,EBVS,0.25,0.1111111111111111,dtw_aligned
arctic_b0248,Spanish,EBVS,0.5,0.2222222222222222,dtw_aligned
arctic_b0248,Spanish,EBVS,0.75,0.1111111111111111,dtw_aligned
arctic_b0248,Spanish,EBVS,0.9,0.3333333333333333,dtw_aligned
arctic_b0248,Spanish,EBVS,1.0,0.0,dtw_aligned
arctic_b0248,Korean,HJK,0.0,0.0,dtw_aligned
arctic_b0248,Korean,HJK,0.25,0.0,dtw_aligned
arctic_b0248,Korean,HJK,0.5,0.0,dtw_aligned
arctic_b0248,Korean,HJK,0.75,0.0,dtw_aligned
arctic_b0248,Korean,HJK,0.9,0.0,dtw_aligned
arctic_b0248,Korean,HJK,1.0,0.0,dtw_aligned
arctic_b0248,Vietnamese,HQTV,0.0,0.2222222222222222,dtw_aligned
arctic_b0248,Vietnamese,HQTV,0.25,0.0,dtw_aligned
arctic_b0248,Vietnamese,HQTV,0.5,0.0,dtw_aligned
arctic_b0248,Vietnamese,HQTV,0.75,0.0,dtw_aligned
arctic_b0248,Vietnamese,HQTV,0.9,0.0,dtw_aligned
arctic_b0248,Vietnamese,HQTV,1.0,0.0,dtw_aligned
arctic_b0248,Hindi,SVBI,0.0,0.1111111111111111,dtw_aligned
arctic_b0248,Hindi,SVBI,0.25,0.1111111111111111,dtw_aligned
arctic_b0248,Hindi,SVBI,0.5,0.1111111111111111,dtw_aligned
arctic_b0248,Hindi,SVBI,0.75,0.0,dtw_aligned
arctic_b0248,Hindi,SVBI,0.9,0.0,dtw_aligned
arctic_b0248,Hindi,SVBI,1.0,0.0,dtw_aligned
arctic_b0248,Arabic,ZHAA,0.0,0.2222222222222222,dtw_aligned
arctic_b0248,Arabic,ZHAA,0.25,0.2222222222222222,dtw_aligned
arctic_b0248,Arabic,ZHAA,0.5,0.2222222222222222,dtw_aligned
arctic_b0248,Arabic,ZHAA,0.75,0.1111111111111111,dtw_aligned
arctic_b0248,Arabic,ZHAA,0.9,0.0,dtw_aligned
arctic_b0248,Arabic,ZHAA,1.0,0.0,dtw_aligned
arctic_b0254,Chinese,BWC,0.0,0.0,dtw_aligned
arctic_b0254,Chinese,BWC,0.25,0.0,dtw_aligned
arctic_b0254,Chinese,BWC,0.5,0.0,dtw_aligned
arctic_b0254,Chinese,BWC,0.75,0.0,dtw_aligned
arctic_b0254,Chinese,BWC,0.9,0.0,dtw_aligned
arctic_b0254,Chinese,BWC,1.0,0.0,dtw_aligned
arctic_b0254,Spanish,EBVS,0.0,0.2307692307692307,dtw_aligned
arctic_b0254,Spanish,EBVS,0.25,0.1538461538461538,dtw_aligned
arctic_b0254,Spanish,EBVS,0.5,0.2307692307692307,dtw_aligned
arctic_b0254,Spanish,EBVS,0.75,0.3076923076923077,dtw_aligned
arctic_b0254,Spanish,EBVS,0.9,0.0,dtw_aligned
arctic_b0254,Spanish,EBVS,1.0,0.0,dtw_aligned
arctic_b0254,Korean,HJK,0.0,0.0,dtw_aligned
arctic_b0254,Korean,HJK,0.25,0.0,dtw_aligned
arctic_b0254,Korean,HJK,0.5,0.0,dtw_aligned
arctic_b0254,Korean,HJK,0.75,0.0,dtw_aligned
arctic_b0254,Korean,HJK,0.9,0.0,dtw_aligned
arctic_b0254,Korean,HJK,1.0,0.0,dtw_aligned
arctic_b0254,Vietnamese,HQTV,0.0,0.2307692307692307,dtw_aligned
arctic_b0254,Vietnamese,HQTV,0.25,0.0769230769230769,dtw_aligned
arctic_b0254,Vietnamese,HQTV,0.5,0.0769230769230769,dtw_aligned
arctic_b0254,Vietnamese,HQTV,0.75,0.0,dtw_aligned
arctic_b0254,Vietnamese,HQTV,0.9,0.0,dtw_aligned
arctic_b0254,Vietnamese,HQTV,1.0,0.0,dtw_aligned
arctic_b0254,Hindi,SVBI,0.0,0.0,dtw_aligned
arctic_b0254,Hindi,SVBI,0.25,0.0,dtw_aligned
arctic_b0254,Hindi,SVBI,0.5,0.0,dtw_aligned
arctic_b0254,Hindi,SVBI,0.75,0.0,dtw_aligned
arctic_b0254,Hindi,SVBI,0.9,0.0,dtw_aligned
arctic_b0254,Hindi,SVBI,1.0,0.0,dtw_aligned
arctic_b0254,Arabic,ZHAA,0.0,0.0769230769230769,dtw_aligned
arctic_b0254,Arabic,ZHAA,0.25,0.0769230769230769,dtw_aligned
arctic_b0254,Arabic,ZHAA,0.5,0.0769230769230769,dtw_aligned
arctic_b0254,Arabic,ZHAA,0.75,0.0,dtw_aligned
arctic_b0254,Arabic,ZHAA,0.9,0.0,dtw_aligned
arctic_b0254,Arabic,ZHAA,1.0,0.0,dtw_aligned
arctic_b0258,Chinese,BWC,0.0,0.0,dtw_aligned
arctic_b0258,Chinese,BWC,0.25,0.0,dtw_aligned
arctic_b0258,Chinese,BWC,0.5,0.0,dtw_aligned
arctic_b0258,Chinese,BWC,0.75,0.1111111111111111,dtw_aligned
arctic_b0258,Chinese,BWC,0.9,0.0,dtw_aligned
arctic_b0258,Chinese,BWC,1.0,0.0,dtw_aligned
arctic_b0258,Spanish,EBVS,0.0,0.0,dtw_aligned
arctic_b0258,Spanish,EBVS,0.25,0.0,dtw_aligned
arctic_b0258,Spanish,EBVS,0.5,0.0,dtw_aligned
arctic_b0258,Spanish,EBVS,0.75,0.0,dtw_aligned
arctic_b0258,Spanish,EBVS,0.9,0.0,dtw_aligned
arctic_b0258,Spanish,EBVS,1.0,0.0,dtw_aligned
arctic_b0258,Korean,HJK,0.0,0.0,dtw_aligned
arctic_b0258,Korean,HJK,0.25,0.0,dtw_aligned
arctic_b0258,Korean,HJK,0.5,0.0,dtw_aligned
arctic_b0258,Korean,HJK,0.75,0.0,dtw_aligned
arctic_b0258,Korean,HJK,0.9,0.0,dtw_aligned
arctic_b0258,Korean,HJK,1.0,0.0,dtw_aligned
arctic_b0258,Vietnamese,HQTV,0.0,0.4444444444444444,dtw_aligned
arctic_b0258,Vietnamese,HQTV,0.25,0.2222222222222222,dtw_aligned
arctic_b0258,Vietnamese,HQTV,0.5,0.0,dtw_aligned
arctic_b0258,Vietnamese,HQTV,0.75,0.0,dtw_aligned
arctic_b0258,Vietnamese,HQTV,0.9,0.0,dtw_aligned
arctic_b0258,Vietnamese,HQTV,1.0,0.0,dtw_aligned
arctic_b0258,Hindi,SVBI,0.0,0.0,dtw_aligned
arctic_b0258,Hindi,SVBI,0.25,0.1111111111111111,dtw_aligned
arctic_b0258,Hindi,SVBI,0.5,0.1111111111111111,dtw_aligned
arctic_b0258,Hindi,SVBI,0.75,0.1111111111111111,dtw_aligned
arctic_b0258,Hindi,SVBI,0.9,0.0,dtw_aligned
arctic_b0258,Hindi,SVBI,1.0,0.0,dtw_aligned
arctic_b0258,Arabic,ZHAA,0.0,0.2222222222222222,dtw_aligned
arctic_b0258,Arabic,ZHAA,0.25,0.2222222222222222,dtw_aligned
arctic_b0258,Arabic,ZHAA,0.5,0.1111111111111111,dtw_aligned
arctic_b0258,Arabic,ZHAA,0.75,0.0,dtw_aligned
arctic_b0258,Arabic,ZHAA,0.9,0.0,dtw_aligned
arctic_b0258,Arabic,ZHAA,1.0,0.0,dtw_aligned
arctic_b0265,Chinese,BWC,0.0,0.0,dtw_aligned
arctic_b0265,Chinese,BWC,0.25,0.0,dtw_aligned
arctic_b0265,Chinese,BWC,0.5,0.0,dtw_aligned
arctic_b0265,Chinese,BWC,0.75,0.0,dtw_aligned
arctic_b0265,Chinese,BWC,0.9,0.0,dtw_aligned
arctic_b0265,Chinese,BWC,1.0,0.0,dtw_aligned
arctic_b0265,Spanish,EBVS,0.0,0.0909090909090909,dtw_aligned
arctic_b0265,Spanish,EBVS,0.25,0.0909090909090909,dtw_aligned
arctic_b0265,Spanish,EBVS,0.5,0.0909090909090909,dtw_aligned
arctic_b0265,Spanish,EBVS,0.75,0.0,dtw_aligned
arctic_b0265,Spanish,EBVS,0.9,0.0,dtw_aligned
arctic_b0265,Spanish,EBVS,1.0,0.0,dtw_aligned
arctic_b0265,Korean,HJK,0.0,0.0,dtw_aligned
arctic_b0265,Korean,HJK,0.25,0.0,dtw_aligned
arctic_b0265,Korean,HJK,0.5,0.0,dtw_aligned
arctic_b0265,Korean,HJK,0.75,0.0,dtw_aligned
arctic_b0265,Korean,HJK,0.9,0.0,dtw_aligned
arctic_b0265,Korean,HJK,1.0,0.0,dtw_aligned
arctic_b0265,Vietnamese,HQTV,0.0,0.0,dtw_aligned
arctic_b0265,Vietnamese,HQTV,0.25,0.0,dtw_aligned
arctic_b0265,Vietnamese,HQTV,0.5,0.0,dtw_aligned
arctic_b0265,Vietnamese,HQTV,0.75,0.0,dtw_aligned
arctic_b0265,Vietnamese,HQTV,0.9,0.0,dtw_aligned
arctic_b0265,Vietnamese,HQTV,1.0,0.0,dtw_aligned
arctic_b0265,Hindi,SVBI,0.0,0.0,dtw_aligned
arctic_b0265,Hindi,SVBI,0.25,0.0,dtw_aligned
arctic_b0265,Hindi,SVBI,0.5,0.0,dtw_aligned
arctic_b0265,Hindi,SVBI,0.75,0.0,dtw_aligned
arctic_b0265,Hindi,SVBI,0.9,0.0,dtw_aligned
arctic_b0265,Hindi,SVBI,1.0,0.0,dtw_aligned
arctic_b0265,Arabic,ZHAA,0.0,0.0,dtw_aligned
arctic_b0265,Arabic,ZHAA,0.25,0.0,dtw_aligned
arctic_b0265,Arabic,ZHAA,0.5,0.0,dtw_aligned
arctic_b0265,Arabic,ZHAA,0.75,0.0,dtw_aligned
arctic_b0265,Arabic,ZHAA,0.9,0.0,dtw_aligned
arctic_b0265,Arabic,ZHAA,1.0,0.0,dtw_aligned
arctic_b0268,Chinese,BWC,0.0,0.1666666666666666,dtw_aligned
arctic_b0268,Chinese,BWC,0.25,0.1666666666666666,dtw_aligned
arctic_b0268,Chinese,BWC,0.5,0.0,dtw_aligned
arctic_b0268,Chinese,BWC,0.75,0.0,dtw_aligned
arctic_b0268,Chinese,BWC,0.9,0.0,dtw_aligned
arctic_b0268,Chinese,BWC,1.0,0.0,dtw_aligned
arctic_b0268,Spanish,EBVS,0.0,0.5,dtw_aligned
arctic_b0268,Spanish,EBVS,0.25,0.0,dtw_aligned
arctic_b0268,Spanish,EBVS,0.5,0.0,dtw_aligned
arctic_b0268,Spanish,EBVS,0.75,0.0,dtw_aligned
arctic_b0268,Spanish,EBVS,0.9,0.0,dtw_aligned
arctic_b0268,Spanish,EBVS,1.0,0.1666666666666666,dtw_aligned
arctic_b0268,Korean,HJK,0.0,0.1666666666666666,dtw_aligned
arctic_b0268,Korean,HJK,0.25,0.1666666666666666,dtw_aligned
arctic_b0268,Korean,HJK,0.5,0.1666666666666666,dtw_aligned
arctic_b0268,Korean,HJK,0.75,0.0,dtw_aligned
arctic_b0268,Korean,HJK,0.9,0.0,dtw_aligned
arctic_b0268,Korean,HJK,1.0,0.1666666666666666,dtw_aligned
arctic_b0268,Vietnamese,HQTV,0.0,0.1666666666666666,dtw_aligned
arctic_b0268,Vietnamese,HQTV,0.25,0.0,dtw_aligned
arctic_b0268,Vietnamese,HQTV,0.5,0.0,dtw_aligned
arctic_b0268,Vietnamese,HQTV,0.75,0.0,dtw_aligned
arctic_b0268,Vietnamese,HQTV,0.9,0.0,dtw_aligned
arctic_b0268,Vietnamese,HQTV,1.0,0.0,dtw_aligned
arctic_b0268,Hindi,SVBI,0.0,0.1666666666666666,dtw_aligned
arctic_b0268,Hindi,SVBI,0.25,0.1666666666666666,dtw_aligned
arctic_b0268,Hindi,SVBI,0.5,0.1666666666666666,dtw_aligned
arctic_b0268,Hindi,SVBI,0.75,0.0,dtw_aligned
arctic_b0268,Hindi,SVBI,0.9,0.1666666666666666,dtw_aligned
arctic_b0268,Hindi,SVBI,1.0,0.0,dtw_aligned
arctic_b0268,Arabic,ZHAA,0.0,0.1666666666666666,dtw_aligned
arctic_b0268,Arabic,ZHAA,0.25,0.1666666666666666,dtw_aligned
arctic_b0268,Arabic,ZHAA,0.5,0.0,dtw_aligned
arctic_b0268,Arabic,ZHAA,0.75,0.0,dtw_aligned
arctic_b0268,Arabic,ZHAA,0.9,0.0,dtw_aligned
arctic_b0268,Arabic,ZHAA,1.0,0.0,dtw_aligned
arctic_b0276,Chinese,BWC,0.0,0.2,dtw_aligned
arctic_b0276,Chinese,BWC,0.25,0.0,dtw_aligned
arctic_b0276,Chinese,BWC,0.5,0.0,dtw_aligned
arctic_b0276,Chinese,BWC,0.75,0.0,dtw_aligned
arctic_b0276,Chinese,BWC,0.9,0.0,dtw_aligned
arctic_b0276,Chinese,BWC,1.0,0.0,dtw_aligned
arctic_b0276,Spanish,EBVS,0.0,0.0,dtw_aligned
arctic_b0276,Spanish,EBVS,0.25,0.0,dtw_aligned
arctic_b0276,Spanish,EBVS,0.5,0.0,dtw_aligned
arctic_b0276,Spanish,EBVS,0.75,0.0,dtw_aligned
arctic_b0276,Spanish,EBVS,0.9,0.0,dtw_aligned
arctic_b0276,Spanish,EBVS,1.0,0.0,dtw_aligned
arctic_b0276,Korean,HJK,0.0,0.0,dtw_aligned
arctic_b0276,Korean,HJK,0.25,0.0,dtw_aligned
arctic_b0276,Korean,HJK,0.5,0.0,dtw_aligned
arctic_b0276,Korean,HJK,0.75,0.0,dtw_aligned
arctic_b0276,Korean,HJK,0.9,0.0,dtw_aligned
arctic_b0276,Korean,HJK,1.0,0.0,dtw_aligned
arctic_b0276,Vietnamese,HQTV,0.0,0.0,dtw_aligned
arctic_b0276,Vietnamese,HQTV,0.25,0.0,dtw_aligned
arctic_b0276,Vietnamese,HQTV,0.5,0.0,dtw_aligned
arctic_b0276,Vietnamese,HQTV,0.75,0.0,dtw_aligned
arctic_b0276,Vietnamese,HQTV,0.9,0.0,dtw_aligned
arctic_b0276,Vietnamese,HQTV,1.0,0.0,dtw_aligned
arctic_b0276,Hindi,SVBI,0.0,0.0,dtw_aligned
arctic_b0276,Hindi,SVBI,0.25,0.0,dtw_aligned
arctic_b0276,Hindi,SVBI,0.5,0.0,dtw_aligned
arctic_b0276,Hindi,SVBI,0.75,0.0,dtw_aligned
arctic_b0276,Hindi,SVBI,0.9,0.0,dtw_aligned
arctic_b0276,Hindi,SVBI,1.0,0.0,dtw_aligned
arctic_b0276,Arabic,ZHAA,0.0,0.0,dtw_aligned
arctic_b0276,Arabic,ZHAA,0.25,0.0,dtw_aligned
arctic_b0276,Arabic,ZHAA,0.5,0.0,dtw_aligned
arctic_b0276,Arabic,ZHAA,0.75,0.0,dtw_aligned
arctic_b0276,Arabic,ZHAA,0.9,0.0,dtw_aligned
arctic_b0276,Arabic,ZHAA,1.0,0.0,dtw_aligned
arctic_b0282,Chinese,BWC,0.0,0.2222222222222222,dtw_aligned
arctic_b0282,Chinese,BWC,0.25,0.2222222222222222,dtw_aligned
arctic_b0282,Chinese,BWC,0.5,0.2222222222222222,dtw_aligned
arctic_b0282,Chinese,BWC,0.75,0.1111111111111111,dtw_aligned
arctic_b0282,Chinese,BWC,0.9,0.1111111111111111,dtw_aligned
arctic_b0282,Chinese,BWC,1.0,0.1111111111111111,dtw_aligned
arctic_b0282,Spanish,EBVS,0.0,0.3333333333333333,dtw_aligned
arctic_b0282,Spanish,EBVS,0.25,0.1111111111111111,dtw_aligned
arctic_b0282,Spanish,EBVS,0.5,0.1111111111111111,dtw_aligned
arctic_b0282,Spanish,EBVS,0.75,0.1111111111111111,dtw_aligned
arctic_b0282,Spanish,EBVS,0.9,0.1111111111111111,dtw_aligned
arctic_b0282,Spanish,EBVS,1.0,0.1111111111111111,dtw_aligned
arctic_b0282,Korean,HJK,0.0,0.2222222222222222,dtw_aligned
arctic_b0282,Korean,HJK,0.25,0.1111111111111111,dtw_aligned
arctic_b0282,Korean,HJK,0.5,0.1111111111111111,dtw_aligned
arctic_b0282,Korean,HJK,0.75,0.1111111111111111,dtw_aligned
arctic_b0282,Korean,HJK,0.9,0.1111111111111111,dtw_aligned
arctic_b0282,Korean,HJK,1.0,0.1111111111111111,dtw_aligned
arctic_b0282,Vietnamese,HQTV,0.0,0.3333333333333333,dtw_aligned
arctic_b0282,Vietnamese,HQTV,0.25,0.2222222222222222,dtw_aligned
arctic_b0282,Vietnamese,HQTV,0.5,0.1111111111111111,dtw_aligned
arctic_b0282,Vietnamese,HQTV,0.75,0.1111111111111111,dtw_aligned
arctic_b0282,Vietnamese,HQTV,0.9,0.1111111111111111,dtw_aligned
arctic_b0282,Vietnamese,HQTV,1.0,0.1111111111111111,dtw_aligned
arctic_b0282,Hindi,SVBI,0.0,0.0,dtw_aligned
arctic_b0282,Hindi,SVBI,0.25,0.0,dtw_aligned
arctic_b0282,Hindi,SVBI,0.5,0.1111111111111111,dtw_aligned
arctic_b0282,Hindi,SVBI,0.75,0.1111111111111111,dtw_aligned
arctic_b0282,Hindi,SVBI,0.9,0.1111111111111111,dtw_aligned
arctic_b0282,Hindi,SVBI,1.0,0.1111111111111111,dtw_aligned
arctic_b0282,Arabic,ZHAA,0.0,0.1111111111111111,dtw_aligned
arctic_b0282,Arabic,ZHAA,0.25,0.1111111111111111,dtw_aligned
arctic_b0282,Arabic,ZHAA,0.5,0.1111111111111111,dtw_aligned
arctic_b0282,Arabic,ZHAA,0.75,0.1111111111111111,dtw_aligned
arctic_b0282,Arabic,ZHAA,0.9,0.1111111111111111,dtw_aligned
arctic_b0282,Arabic,ZHAA,1.0,0.1111111111111111,dtw_aligned
arctic_b0288,Chinese,BWC,0.0,0.1428571428571428,dtw_aligned
arctic_b0288,Chinese,BWC,0.25,0.0,dtw_aligned
arctic_b0288,Chinese,BWC,0.5,0.0,dtw_aligned
arctic_b0288,Chinese,BWC,0.75,0.0,dtw_aligned
arctic_b0288,Chinese,BWC,0.9,0.0,dtw_aligned
arctic_b0288,Chinese,BWC,1.0,0.0,dtw_aligned
arctic_b0288,Spanish,EBVS,0.0,0.1428571428571428,dtw_aligned
arctic_b0288,Spanish,EBVS,0.25,0.0,dtw_aligned
arctic_b0288,Spanish,EBVS,0.5,0.0,dtw_aligned
arctic_b0288,Spanish,EBVS,0.75,0.0,dtw_aligned
arctic_b0288,Spanish,EBVS,0.9,0.0,dtw_aligned
arctic_b0288,Spanish,EBVS,1.0,0.0,dtw_aligned
arctic_b0288,Korean,HJK,0.0,0.0,dtw_aligned
arctic_b0288,Korean,HJK,0.25,0.0,dtw_aligned
arctic_b0288,Korean,HJK,0.5,0.0,dtw_aligned
arctic_b0288,Korean,HJK,0.75,0.0,dtw_aligned
arctic_b0288,Korean,HJK,0.9,0.0,dtw_aligned
arctic_b0288,Korean,HJK,1.0,0.0,dtw_aligned
arctic_b0288,Vietnamese,HQTV,0.0,0.2857142857142857,dtw_aligned
arctic_b0288,Vietnamese,HQTV,0.25,0.0,dtw_aligned
arctic_b0288,Vietnamese,HQTV,0.5,0.0,dtw_aligned
arctic_b0288,Vietnamese,HQTV,0.75,0.0,dtw_aligned
arctic_b0288,Vietnamese,HQTV,0.9,0.0,dtw_aligned
arctic_b0288,Vietnamese,HQTV,1.0,0.0,dtw_aligned
arctic_b0288,Hindi,SVBI,0.0,0.0,dtw_aligned
arctic_b0288,Hindi,SVBI,0.25,0.0,dtw_aligned
arctic_b0288,Hindi,SVBI,0.5,0.0,dtw_aligned
arctic_b0288,Hindi,SVBI,0.75,0.0,dtw_aligned
arctic_b0288,Hindi,SVBI,0.9,0.0,dtw_aligned
arctic_b0288,Hindi,SVBI,1.0,0.0,dtw_aligned
arctic_b0288,Arabic,ZHAA,0.0,0.0,dtw_aligned
arctic_b0288,Arabic,ZHAA,0.25,0.0,dtw_aligned
arctic_b0288,Arabic,ZHAA,0.5,0.0,dtw_aligned
arctic_b0288,Arabic,ZHAA,0.75,0.0,dtw_aligned
arctic_b0288,Arabic,ZHAA,0.9,0.0,dtw_aligned
arctic_b0288,Arabic,ZHAA,1.0,0.0,dtw_aligned
arctic_b0300,Chinese,BWC,0.0,0.1666666666666666,dtw_aligned
arctic_b0300,Chinese,BWC,0.25,0.1666666666666666,dtw_aligned
arctic_b0300,Chinese,BWC,0.5,0.0833333333333333,dtw_aligned
arctic_b0300,Chinese,BWC,0.75,0.0833333333333333,dtw_aligned
arctic_b0300,Chinese,BWC,0.9,0.0833333333333333,dtw_aligned
arctic_b0300,Chinese,BWC,1.0,0.0,dtw_aligned
arctic_b0300,Spanish,EBVS,0.0,0.1666666666666666,dtw_aligned
arctic_b0300,Spanish,EBVS,0.25,0.0833333333333333,dtw_aligned
arctic_b0300,Spanish,EBVS,0.5,0.0833333333333333,dtw_aligned
arctic_b0300,Spanish,EBVS,0.75,0.1666666666666666,dtw_aligned
arctic_b0300,Spanish,EBVS,0.9,0.0,dtw_aligned
arctic_b0300,Spanish,EBVS,1.0,0.1666666666666666,dtw_aligned
arctic_b0300,Korean,HJK,0.0,0.0833333333333333,dtw_aligned
arctic_b0300,Korean,HJK,0.25,0.0833333333333333,dtw_aligned
arctic_b0300,Korean,HJK,0.5,0.0833333333333333,dtw_aligned
arctic_b0300,Korean,HJK,0.75,0.0,dtw_aligned
arctic_b0300,Korean,HJK,0.9,0.0,dtw_aligned
arctic_b0300,Korean,HJK,1.0,0.1666666666666666,dtw_aligned
arctic_b0300,Vietnamese,HQTV,0.0,0.3333333333333333,dtw_aligned
arctic_b0300,Vietnamese,HQTV,0.25,0.1666666666666666,dtw_aligned
arctic_b0300,Vietnamese,HQTV,0.5,0.1666666666666666,dtw_aligned
arctic_b0300,Vietnamese,HQTV,0.75,0.0,dtw_aligned
arctic_b0300,Vietnamese,HQTV,0.9,0.0,dtw_aligned
arctic_b0300,Vietnamese,HQTV,1.0,0.1666666666666666,dtw_aligned
arctic_b0300,Hindi,SVBI,0.0,0.1666666666666666,dtw_aligned
arctic_b0300,Hindi,SVBI,0.25,0.0833333333333333,dtw_aligned
arctic_b0300,Hindi,SVBI,0.5,0.1666666666666666,dtw_aligned
arctic_b0300,Hindi,SVBI,0.75,0.1666666666666666,dtw_aligned
arctic_b0300,Hindi,SVBI,0.9,0.1666666666666666,dtw_aligned
arctic_b0300,Hindi,SVBI,1.0,0.0833333333333333,dtw_aligned
arctic_b0300,Arabic,ZHAA,0.0,0.1666666666666666,dtw_aligned
arctic_b0300,Arabic,ZHAA,0.25,0.0833333333333333,dtw_aligned
arctic_b0300,Arabic,ZHAA,0.5,0.1666666666666666,dtw_aligned
arctic_b0300,Arabic,ZHAA,0.75,0.0,dtw_aligned
arctic_b0300,Arabic,ZHAA,0.9,0.0833333333333333,dtw_aligned
arctic_b0300,Arabic,ZHAA,1.0,0.1666666666666666,dtw_aligned
arctic_b0305,Chinese,BWC,0.0,0.0909090909090909,dtw_aligned
arctic_b0305,Chinese,BWC,0.25,0.0909090909090909,dtw_aligned
arctic_b0305,Chinese,BWC,0.5,0.0909090909090909,dtw_aligned
arctic_b0305,Chinese,BWC,0.75,0.0,dtw_aligned
arctic_b0305,Chinese,BWC,0.9,0.0,dtw_aligned
arctic_b0305,Chinese,BWC,1.0,0.0909090909090909,dtw_aligned
arctic_b0305,Spanish,EBVS,0.0,0.3636363636363636,dtw_aligned
arctic_b0305,Spanish,EBVS,0.25,0.0909090909090909,dtw_aligned
arctic_b0305,Spanish,EBVS,0.5,0.0909090909090909,dtw_aligned
arctic_b0305,Spanish,EBVS,0.75,0.0,dtw_aligned
arctic_b0305,Spanish,EBVS,0.9,0.0,dtw_aligned
arctic_b0305,Spanish,EBVS,1.0,0.0909090909090909,dtw_aligned
arctic_b0305,Korean,HJK,0.0,0.0,dtw_aligned
arctic_b0305,Korean,HJK,0.25,0.0,dtw_aligned
arctic_b0305,Korean,HJK,0.5,0.0,dtw_aligned
arctic_b0305,Korean,HJK,0.75,0.0,dtw_aligned
arctic_b0305,Korean,HJK,0.9,0.0,dtw_aligned
arctic_b0305,Korean,HJK,1.0,0.0,dtw_aligned
arctic_b0305,Vietnamese,HQTV,0.0,0.5454545454545454,dtw_aligned
arctic_b0305,Vietnamese,HQTV,0.25,0.4545454545454545,dtw_aligned
arctic_b0305,Vietnamese,HQTV,0.5,0.2727272727272727,dtw_aligned
arctic_b0305,Vietnamese,HQTV,0.75,0.0,dtw_aligned
arctic_b0305,Vietnamese,HQTV,0.9,0.0,dtw_aligned
arctic_b0305,Vietnamese,HQTV,1.0,0.0,dtw_aligned
arctic_b0305,Hindi,SVBI,0.0,0.0,dtw_aligned
arctic_b0305,Hindi,SVBI,0.25,0.0,dtw_aligned
arctic_b0305,Hindi,SVBI,0.5,0.0,dtw_aligned
arctic_b0305,Hindi,SVBI,0.75,0.0,dtw_aligned
arctic_b0305,Hindi,SVBI,0.9,0.0,dtw_aligned
arctic_b0305,Hindi,SVBI,1.0,0.0,dtw_aligned
arctic_b0305,Arabic,ZHAA,0.0,0.7272727272727273,dtw_aligned
arctic_b0305,Arabic,ZHAA,0.25,0.6363636363636364,dtw_aligned
arctic_b0305,Arabic,ZHAA,0.5,0.5454545454545454,dtw_aligned
arctic_b0305,Arabic,ZHAA,0.75,0.0,dtw_aligned
arctic_b0305,Arabic,ZHAA,0.9,0.0,dtw_aligned
arctic_b0305,Arabic,ZHAA,1.0,0.0909090909090909,dtw_aligned
arctic_b0311,Chinese,BWC,0.0,0.0,dtw_aligned
arctic_b0311,Chinese,BWC,0.25,0.0,dtw_aligned
arctic_b0311,Chinese,BWC,0.5,0.0,dtw_aligned
arctic_b0311,Chinese,BWC,0.75,0.0,dtw_aligned
arctic_b0311,Chinese,BWC,0.9,0.4,dtw_aligned
arctic_b0311,Chinese,BWC,1.0,0.6,dtw_aligned
arctic_b0311,Spanish,EBVS,0.0,0.2,dtw_aligned
arctic_b0311,Spanish,EBVS,0.25,0.0,dtw_aligned
arctic_b0311,Spanish,EBVS,0.5,0.4,dtw_aligned
arctic_b0311,Spanish,EBVS,0.75,0.4,dtw_aligned
arctic_b0311,Spanish,EBVS,0.9,0.6,dtw_aligned
arctic_b0311,Spanish,EBVS,1.0,0.6,dtw_aligned
arctic_b0311,Korean,HJK,0.0,0.0,dtw_aligned
arctic_b0311,Korean,HJK,0.25,0.0,dtw_aligned
arctic_b0311,Korean,HJK,0.5,0.0,dtw_aligned
arctic_b0311,Korean,HJK,0.75,0.6,dtw_aligned
arctic_b0311,Korean,HJK,0.9,0.6,dtw_aligned
arctic_b0311,Korean,HJK,1.0,0.6,dtw_aligned
arctic_b0311,Vietnamese,HQTV,0.0,0.6,dtw_aligned
arctic_b0311,Vietnamese,HQTV,0.25,0.4,dtw_aligned
arctic_b0311,Vietnamese,HQTV,0.5,0.0,dtw_aligned
arctic_b0311,Vietnamese,HQTV,0.75,0.0,dtw_aligned
arctic_b0311,Vietnamese,HQTV,0.9,0.4,dtw_aligned
arctic_b0311,Vietnamese,HQTV,1.0,0.6,dtw_aligned
arctic_b0311,Hindi,SVBI,0.0,0.0,dtw_aligned
arctic_b0311,Hindi,SVBI,0.25,0.0,dtw_aligned
arctic_b0311,Hindi,SVBI,0.5,0.0,dtw_aligned
arctic_b0311,Hindi,SVBI,0.75,0.4,dtw_aligned
arctic_b0311,Hindi,SVBI,0.9,0.6,dtw_aligned
arctic_b0311,Hindi,SVBI,1.0,0.8,dtw_aligned
arctic_b0311,Arabic,ZHAA,0.0,0.0,dtw_aligned
arctic_b0311,Arabic,ZHAA,0.25,0.0,dtw_aligned
arctic_b0311,Arabic,ZHAA,0.5,0.0,dtw_aligned
arctic_b0311,Arabic,ZHAA,0.75,0.4,dtw_aligned
arctic_b0311,Arabic,ZHAA,0.9,0.6,dtw_aligned
arctic_b0311,Arabic,ZHAA,1.0,0.6,dtw_aligned
arctic_b0318,Chinese,BWC,0.0,0.1428571428571428,dtw_aligned
arctic_b0318,Chinese,BWC,0.25,0.0,dtw_aligned
arctic_b0318,Chinese,BWC,0.5,0.0,dtw_aligned
arctic_b0318,Chinese,BWC,0.75,0.0,dtw_aligned
arctic_b0318,Chinese,BWC,0.9,0.0,dtw_aligned
arctic_b0318,Chinese,BWC,1.0,0.0,dtw_aligned
arctic_b0318,Spanish,EBVS,0.0,0.1428571428571428,dtw_aligned
arctic_b0318,Spanish,EBVS,0.25,0.0,dtw_aligned
arctic_b0318,Spanish,EBVS,0.5,0.0,dtw_aligned
arctic_b0318,Spanish,EBVS,0.75,0.0,dtw_aligned
arctic_b0318,Spanish,EBVS,0.9,0.0,dtw_aligned
arctic_b0318,Spanish,EBVS,1.0,0.0,dtw_aligned
arctic_b0318,Korean,HJK,0.0,0.0,dtw_aligned
arctic_b0318,Korean,HJK,0.25,0.0,dtw_aligned
arctic_b0318,Korean,HJK,0.5,0.0,dtw_aligned
arctic_b0318,Korean,HJK,0.75,0.0,dtw_aligned
arctic_b0318,Korean,HJK,0.9,0.0,dtw_aligned
arctic_b0318,Korean,HJK,1.0,0.0,dtw_aligned
arctic_b0318,Vietnamese,HQTV,0.0,0.0,dtw_aligned
arctic_b0318,Vietnamese,HQTV,0.25,0.0,dtw_aligned
arctic_b0318,Vietnamese,HQTV,0.5,0.0,dtw_aligned
arctic_b0318,Vietnamese,HQTV,0.75,0.0,dtw_aligned
arctic_b0318,Vietnamese,HQTV,0.9,0.0,dtw_aligned
arctic_b0318,Vietnamese,HQTV,1.0,0.0,dtw_aligned
arctic_b0318,Hindi,SVBI,0.0,0.0,dtw_aligned
arctic_b0318,Hindi,SVBI,0.25,0.0,dtw_aligned
arctic_b0318,Hindi,SVBI,0.5,0.0,dtw_aligned
arctic_b0318,Hindi,SVBI,0.75,0.0,dtw_aligned
arctic_b0318,Hindi,SVBI,0.9,0.0,dtw_aligned
arctic_b0318,Hindi,SVBI,1.0,0.0,dtw_aligned
arctic_b0318,Arabic,ZHAA,0.0,0.1428571428571428,dtw_aligned
arctic_b0318,Arabic,ZHAA,0.25,0.0,dtw_aligned
arctic_b0318,Arabic,ZHAA,0.5,0.0,dtw_aligned
arctic_b0318,Arabic,ZHAA,0.75,0.0,dtw_aligned
arctic_b0318,Arabic,ZHAA,0.9,0.0,dtw_aligned
arctic_b0318,Arabic,ZHAA,1.0,0.0,dtw_aligned
arctic_b0324,Chinese,BWC,0.0,0.1,dtw_aligned
arctic_b0324,Chinese,BWC,0.25,0.1,dtw_aligned
arctic_b0324,Chinese,BWC,0.5,0.1,dtw_aligned
arctic_b0324,Chinese,BWC,0.75,0.1,dtw_aligned
arctic_b0324,Chinese,BWC,0.9,0.0,dtw_aligned
arctic_b0324,Chinese,BWC,1.0,0.0,dtw_aligned
arctic_b0324,Spanish,EBVS,0.0,0.2,dtw_aligned
arctic_b0324,Spanish,EBVS,0.25,0.3,dtw_aligned
arctic_b0324,Spanish,EBVS,0.5,0.1,dtw_aligned
arctic_b0324,Spanish,EBVS,0.75,0.1,dtw_aligned
arctic_b0324,Spanish,EBVS,0.9,0.1,dtw_aligned
arctic_b0324,Spanish,EBVS,1.0,0.0,dtw_aligned
arctic_b0324,Korean,HJK,0.0,0.0,dtw_aligned
arctic_b0324,Korean,HJK,0.25,0.0,dtw_aligned
arctic_b0324,Korean,HJK,0.5,0.0,dtw_aligned
arctic_b0324,Korean,HJK,0.75,0.0,dtw_aligned
arctic_b0324,Korean,HJK,0.9,0.0,dtw_aligned
arctic_b0324,Korean,HJK,1.0,0.0,dtw_aligned
arctic_b0324,Vietnamese,HQTV,0.0,0.5,dtw_aligned
arctic_b0324,Vietnamese,HQTV,0.25,0.4,dtw_aligned
arctic_b0324,Vietnamese,HQTV,0.5,0.4,dtw_aligned
arctic_b0324,Vietnamese,HQTV,0.75,0.2,dtw_aligned
arctic_b0324,Vietnamese,HQTV,0.9,0.1,dtw_aligned
arctic_b0324,Vietnamese,HQTV,1.0,0.0,dtw_aligned
arctic_b0324,Hindi,SVBI,0.0,0.1,dtw_aligned
arctic_b0324,Hindi,SVBI,0.25,0.0,dtw_aligned
arctic_b0324,Hindi,SVBI,0.5,0.0,dtw_aligned
arctic_b0324,Hindi,SVBI,0.75,0.0,dtw_aligned
arctic_b0324,Hindi,SVBI,0.9,0.0,dtw_aligned
arctic_b0324,Hindi,SVBI,1.0,0.0,dtw_aligned
arctic_b0324,Arabic,ZHAA,0.0,0.1,dtw_aligned
arctic_b0324,Arabic,ZHAA,0.25,0.1,dtw_aligned
arctic_b0324,Arabic,ZHAA,0.5,0.1,dtw_aligned
arctic_b0324,Arabic,ZHAA,0.75,0.2,dtw_aligned
arctic_b0324,Arabic,ZHAA,0.9,0.0,dtw_aligned
arctic_b0324,Arabic,ZHAA,1.0,0.0,dtw_aligned
arctic_b0353,Chinese,BWC,0.0,0.0,dtw_aligned
arctic_b0353,Chinese,BWC,0.25,0.0,dtw_aligned
arctic_b0353,Chinese,BWC,0.5,0.0,dtw_aligned
arctic_b0353,Chinese,BWC,0.75,0.0,dtw_aligned
arctic_b0353,Chinese,BWC,0.9,0.0,dtw_aligned
arctic_b0353,Chinese,BWC,1.0,0.0,dtw_aligned
arctic_b0353,Spanish,EBVS,0.0,0.0,dtw_aligned
arctic_b0353,Spanish,EBVS,0.25,0.1111111111111111,dtw_aligned
arctic_b0353,Spanish,EBVS,0.5,0.1111111111111111,dtw_aligned
arctic_b0353,Spanish,EBVS,0.75,0.0,dtw_aligned
arctic_b0353,Spanish,EBVS,0.9,0.0,dtw_aligned
arctic_b0353,Spanish,EBVS,1.0,0.0,dtw_aligned
arctic_b0353,Korean,HJK,0.0,0.1111111111111111,dtw_aligned
arctic_b0353,Korean,HJK,0.25,0.1111111111111111,dtw_aligned
arctic_b0353,Korean,HJK,0.5,0.1111111111111111,dtw_aligned
arctic_b0353,Korean,HJK,0.75,0.1111111111111111,dtw_aligned
arctic_b0353,Korean,HJK,0.9,0.0,dtw_aligned
arctic_b0353,Korean,HJK,1.0,0.0,dtw_aligned
arctic_b0353,Vietnamese,HQTV,0.0,0.0,dtw_aligned
arctic_b0353,Vietnamese,HQTV,0.25,0.0,dtw_aligned
arctic_b0353,Vietnamese,HQTV,0.5,0.0,dtw_aligned
arctic_b0353,Vietnamese,HQTV,0.75,0.0,dtw_aligned
arctic_b0353,Vietnamese,HQTV,0.9,0.0,dtw_aligned
arctic_b0353,Vietnamese,HQTV,1.0,0.0,dtw_aligned
arctic_b0353,Hindi,SVBI,0.0,0.0,dtw_aligned
arctic_b0353,Hindi,SVBI,0.25,0.0,dtw_aligned
arctic_b0353,Hindi,SVBI,0.5,0.0,dtw_aligned
arctic_b0353,Hindi,SVBI,0.75,0.0,dtw_aligned
arctic_b0353,Hindi,SVBI,0.9,0.0,dtw_aligned
arctic_b0353,Hindi,SVBI,1.0,0.0,dtw_aligned
arctic_b0353,Arabic,ZHAA,0.0,0.0,dtw_aligned
arctic_b0353,Arabic,ZHAA,0.25,0.1111111111111111,dtw_aligned
arctic_b0353,Arabic,ZHAA,0.5,0.1111111111111111,dtw_aligned
arctic_b0353,Arabic,ZHAA,0.75,0.1111111111111111,dtw_aligned
arctic_b0353,Arabic,ZHAA,0.9,0.0,dtw_aligned
arctic_b0353,Arabic,ZHAA,1.0,0.0,dtw_aligned
arctic_b0356,Chinese,BWC,0.0,0.0,dtw_aligned
arctic_b0356,Chinese,BWC,0.25,0.3333333333333333,dtw_aligned
arctic_b0356,Chinese,BWC,0.5,0.1666666666666666,dtw_aligned
arctic_b0356,Chinese,BWC,0.75,0.0,dtw_aligned
arctic_b0356,Chinese,BWC,0.9,0.0,dtw_aligned
arctic_b0356,Chinese,BWC,1.0,0.0,dtw_aligned
arctic_b0356,Spanish,EBVS,0.0,0.0,dtw_aligned
arctic_b0356,Spanish,EBVS,0.25,0.0,dtw_aligned
arctic_b0356,Spanish,EBVS,0.5,0.0,dtw_aligned
arctic_b0356,Spanish,EBVS,0.75,0.0,dtw_aligned
arctic_b0356,Spanish,EBVS,0.9,0.0,dtw_aligned
arctic_b0356,Spanish,EBVS,1.0,0.0,dtw_aligned
arctic_b0356,Korean,HJK,0.0,0.0,dtw_aligned
arctic_b0356,Korean,HJK,0.25,0.0,dtw_aligned
arctic_b0356,Korean,HJK,0.5,0.0,dtw_aligned
arctic_b0356,Korean,HJK,0.75,0.0,dtw_aligned
arctic_b0356,Korean,HJK,0.9,0.0,dtw_aligned
arctic_b0356,Korean,HJK,1.0,0.0,dtw_aligned
arctic_b0356,Vietnamese,HQTV,0.0,0.0,dtw_aligned
arctic_b0356,Vietnamese,HQTV,0.25,0.0,dtw_aligned
arctic_b0356,Vietnamese,HQTV,0.5,0.0,dtw_aligned
arctic_b0356,Vietnamese,HQTV,0.75,0.0,dtw_aligned
arctic_b0356,Vietnamese,HQTV,0.9,0.0,dtw_aligned
arctic_b0356,Vietnamese,HQTV,1.0,0.0,dtw_aligned
arctic_b0356,Hindi,SVBI,0.0,0.0,dtw_aligned
arctic_b0356,Hindi,SVBI,0.25,0.0,dtw_aligned
arctic_b0356,Hindi,SVBI,0.5,0.0,dtw_aligned
arctic_b0356,Hindi,SVBI,0.75,0.0,dtw_aligned
arctic_b0356,Hindi,SVBI,0.9,0.0,dtw_aligned
arctic_b0356,Hindi,SVBI,1.0,0.0,dtw_aligned
arctic_b0356,Arabic,ZHAA,0.0,0.0,dtw_aligned
arctic_b0356,Arabic,ZHAA,0.25,0.0,dtw_aligned
arctic_b0356,Arabic,ZHAA,0.5,0.0,dtw_aligned
arctic_b0356,Arabic,ZHAA,0.75,0.0,dtw_aligned
arctic_b0356,Arabic,ZHAA,0.9,0.0,dtw_aligned
arctic_b0356,Arabic,ZHAA,1.0,0.0,dtw_aligned
arctic_b0360,Chinese,BWC,0.0,0.1666666666666666,dtw_aligned
arctic_b0360,Chinese,BWC,0.25,0.0833333333333333,dtw_aligned
arctic_b0360,Chinese,BWC,0.5,0.1666666666666666,dtw_aligned
arctic_b0360,Chinese,BWC,0.75,0.0833333333333333,dtw_aligned
arctic_b0360,Chinese,BWC,0.9,0.1666666666666666,dtw_aligned
arctic_b0360,Chinese,BWC,1.0,0.0,dtw_aligned
arctic_b0360,Spanish,EBVS,0.0,0.0833333333333333,dtw_aligned
arctic_b0360,Spanish,EBVS,0.25,0.0833333333333333,dtw_aligned
arctic_b0360,Spanish,EBVS,0.5,0.0833333333333333,dtw_aligned
arctic_b0360,Spanish,EBVS,0.75,0.1666666666666666,dtw_aligned
arctic_b0360,Spanish,EBVS,0.9,0.1666666666666666,dtw_aligned
arctic_b0360,Spanish,EBVS,1.0,0.0,dtw_aligned
arctic_b0360,Korean,HJK,0.0,0.0,dtw_aligned
arctic_b0360,Korean,HJK,0.25,0.0,dtw_aligned
arctic_b0360,Korean,HJK,0.5,0.0,dtw_aligned
arctic_b0360,Korean,HJK,0.75,0.0,dtw_aligned
arctic_b0360,Korean,HJK,0.9,0.0,dtw_aligned
arctic_b0360,Korean,HJK,1.0,0.0,dtw_aligned
arctic_b0360,Vietnamese,HQTV,0.0,0.1666666666666666,dtw_aligned
arctic_b0360,Vietnamese,HQTV,0.25,0.0833333333333333,dtw_aligned
arctic_b0360,Vietnamese,HQTV,0.5,0.1666666666666666,dtw_aligned
arctic_b0360,Vietnamese,HQTV,0.75,0.1666666666666666,dtw_aligned
arctic_b0360,Vietnamese,HQTV,0.9,0.1666666666666666,dtw_aligned
arctic_b0360,Vietnamese,HQTV,1.0,0.0,dtw_aligned
arctic_b0360,Hindi,SVBI,0.0,0.0833333333333333,dtw_aligned
arctic_b0360,Hindi,SVBI,0.25,0.0,dtw_aligned
arctic_b0360,Hindi,SVBI,0.5,0.0,dtw_aligned
arctic_b0360,Hindi,SVBI,0.75,0.0833333333333333,dtw_aligned
arctic_b0360,Hindi,SVBI,0.9,0.0833333333333333,dtw_aligned
arctic_b0360,Hindi,SVBI,1.0,0.0833333333333333,dtw_aligned
arctic_b0360,Arabic,ZHAA,0.0,0.1666666666666666,dtw_aligned
arctic_b0360,Arabic,ZHAA,0.25,0.0833333333333333,dtw_aligned
arctic_b0360,Arabic,ZHAA,0.5,0.0833333333333333,dtw_aligned
arctic_b0360,Arabic,ZHAA,0.75,0.1666666666666666,dtw_aligned
arctic_b0360,Arabic,ZHAA,0.9,0.1666666666666666,dtw_aligned
arctic_b0360,Arabic,ZHAA,1.0,0.0,dtw_aligned
arctic_b0365,Chinese,BWC,0.0,0.0,dtw_aligned
arctic_b0365,Chinese,BWC,0.25,0.0,dtw_aligned
arctic_b0365,Chinese,BWC,0.5,0.0,dtw_aligned
arctic_b0365,Chinese,BWC,0.75,0.0,dtw_aligned
arctic_b0365,Chinese,BWC,0.9,0.1428571428571428,dtw_aligned
arctic_b0365,Chinese,BWC,1.0,0.1428571428571428,dtw_aligned
arctic_b0365,Spanish,EBVS,0.0,0.0,dtw_aligned
arctic_b0365,Spanish,EBVS,0.25,0.0,dtw_aligned
arctic_b0365,Spanish,EBVS,0.5,0.0,dtw_aligned
arctic_b0365,Spanish,EBVS,0.75,0.0,dtw_aligned
arctic_b0365,Spanish,EBVS,0.9,0.1428571428571428,dtw_aligned
arctic_b0365,Spanish,EBVS,1.0,0.1428571428571428,dtw_aligned
arctic_b0365,Korean,HJK,0.0,0.0,dtw_aligned
arctic_b0365,Korean,HJK,0.25,0.0,dtw_aligned
arctic_b0365,Korean,HJK,0.5,0.0,dtw_aligned
arctic_b0365,Korean,HJK,0.75,0.1428571428571428,dtw_aligned
arctic_b0365,Korean,HJK,0.9,0.1428571428571428,dtw_aligned
arctic_b0365,Korean,HJK,1.0,0.1428571428571428,dtw_aligned
arctic_b0365,Vietnamese,HQTV,0.0,0.0,dtw_aligned
arctic_b0365,Vietnamese,HQTV,0.25,0.0,dtw_aligned
arctic_b0365,Vietnamese,HQTV,0.5,0.0,dtw_aligned
arctic_b0365,Vietnamese,HQTV,0.75,0.0,dtw_aligned
arctic_b0365,Vietnamese,HQTV,0.9,0.1428571428571428,dtw_aligned
arctic_b0365,Vietnamese,HQTV,1.0,0.1428571428571428,dtw_aligned
arctic_b0365,Hindi,SVBI,0.0,0.0,dtw_aligned
arctic_b0365,Hindi,SVBI,0.25,0.0,dtw_aligned
arctic_b0365,Hindi,SVBI,0.5,0.0,dtw_aligned
arctic_b0365,Hindi,SVBI,0.75,0.0,dtw_aligned
arctic_b0365,Hindi,SVBI,0.9,0.1428571428571428,dtw_aligned
arctic_b0365,Hindi,SVBI,1.0,0.1428571428571428,dtw_aligned
arctic_b0365,Arabic,ZHAA,0.0,0.0,dtw_aligned
arctic_b0365,Arabic,ZHAA,0.25,0.0,dtw_aligned
arctic_b0365,Arabic,ZHAA,0.5,0.0,dtw_aligned
arctic_b0365,Arabic,ZHAA,0.75,0.1428571428571428,dtw_aligned
arctic_b0365,Arabic,ZHAA,0.9,0.1428571428571428,dtw_aligned
arctic_b0365,Arabic,ZHAA,1.0,0.1428571428571428,dtw_aligned
arctic_b0367,Chinese,BWC,0.0,0.2,dtw_aligned
arctic_b0367,Chinese,BWC,0.25,0.2,dtw_aligned
arctic_b0367,Chinese,BWC,0.5,0.1,dtw_aligned
arctic_b0367,Chinese,BWC,0.75,0.1,dtw_aligned
arctic_b0367,Chinese,BWC,0.9,0.0,dtw_aligned
arctic_b0367,Chinese,BWC,1.0,0.0,dtw_aligned
arctic_b0367,Spanish,EBVS,0.0,0.0,dtw_aligned
arctic_b0367,Spanish,EBVS,0.25,0.2,dtw_aligned
arctic_b0367,Spanish,EBVS,0.5,0.2,dtw_aligned
arctic_b0367,Spanish,EBVS,0.75,0.0,dtw_aligned
arctic_b0367,Spanish,EBVS,0.9,0.0,dtw_aligned
arctic_b0367,Spanish,EBVS,1.0,0.0,dtw_aligned
arctic_b0367,Korean,HJK,0.0,0.0,dtw_aligned
arctic_b0367,Korean,HJK,0.25,0.0,dtw_aligned
arctic_b0367,Korean,HJK,0.5,0.0,dtw_aligned
arctic_b0367,Korean,HJK,0.75,0.0,dtw_aligned
arctic_b0367,Korean,HJK,0.9,0.0,dtw_aligned
arctic_b0367,Korean,HJK,1.0,0.0,dtw_aligned
arctic_b0367,Vietnamese,HQTV,0.0,0.3,dtw_aligned
arctic_b0367,Vietnamese,HQTV,0.25,0.2,dtw_aligned
arctic_b0367,Vietnamese,HQTV,0.5,0.0,dtw_aligned
arctic_b0367,Vietnamese,HQTV,0.75,0.0,dtw_aligned
arctic_b0367,Vietnamese,HQTV,0.9,0.0,dtw_aligned
arctic_b0367,Vietnamese,HQTV,1.0,0.0,dtw_aligned
arctic_b0367,Hindi,SVBI,0.0,0.0,dtw_aligned
arctic_b0367,Hindi,SVBI,0.25,0.0,dtw_aligned
arctic_b0367,Hindi,SVBI,0.5,0.0,dtw_aligned
arctic_b0367,Hindi,SVBI,0.75,0.0,dtw_aligned
arctic_b0367,Hindi,SVBI,0.9,0.0,dtw_aligned
arctic_b0367,Hindi,SVBI,1.0,0.0,dtw_aligned
arctic_b0367,Arabic,ZHAA,0.0,0.0,dtw_aligned
arctic_b0367,Arabic,ZHAA,0.25,0.0,dtw_aligned
arctic_b0367,Arabic,ZHAA,0.5,0.0,dtw_aligned
arctic_b0367,Arabic,ZHAA,0.75,0.0,dtw_aligned
arctic_b0367,Arabic,ZHAA,0.9,0.0,dtw_aligned
arctic_b0367,Arabic,ZHAA,1.0,0.0,dtw_aligned
arctic_b0379,Chinese,BWC,0.0,0.2727272727272727,dtw_aligned
arctic_b0379,Chinese,BWC,0.25,0.1818181818181818,dtw_aligned
arctic_b0379,Chinese,BWC,0.5,0.1818181818181818,dtw_aligned
arctic_b0379,Chinese,BWC,0.75,0.0,dtw_aligned
arctic_b0379,Chinese,BWC,0.9,0.0,dtw_aligned
arctic_b0379,Chinese,BWC,1.0,0.1818181818181818,dtw_aligned
arctic_b0379,Spanish,EBVS,0.0,0.1818181818181818,dtw_aligned
arctic_b0379,Spanish,EBVS,0.25,0.0,dtw_aligned
arctic_b0379,Spanish,EBVS,0.5,0.0,dtw_aligned
arctic_b0379,Spanish,EBVS,0.75,0.0,dtw_aligned
arctic_b0379,Spanish,EBVS,0.9,0.1818181818181818,dtw_aligned
arctic_b0379,Spanish,EBVS,1.0,0.1818181818181818,dtw_aligned
arctic_b0379,Korean,HJK,0.0,0.0,dtw_aligned
arctic_b0379,Korean,HJK,0.25,0.0,dtw_aligned
arctic_b0379,Korean,HJK,0.5,0.0,dtw_aligned
arctic_b0379,Korean,HJK,0.75,0.0,dtw_aligned
arctic_b0379,Korean,HJK,0.9,0.1818181818181818,dtw_aligned
arctic_b0379,Korean,HJK,1.0,0.1818181818181818,dtw_aligned
arctic_b0379,Vietnamese,HQTV,0.0,0.0909090909090909,dtw_aligned
arctic_b0379,Vietnamese,HQTV,0.25,0.0909090909090909,dtw_aligned
arctic_b0379,Vietnamese,HQTV,0.5,0.0,dtw_aligned
arctic_b0379,Vietnamese,HQTV,0.75,0.0,dtw_aligned
arctic_b0379,Vietnamese,HQTV,0.9,0.0,dtw_aligned
arctic_b0379,Vietnamese,HQTV,1.0,0.1818181818181818,dtw_aligned
arctic_b0379,Hindi,SVBI,0.0,0.1818181818181818,dtw_aligned
arctic_b0379,Hindi,SVBI,0.25,0.0909090909090909,dtw_aligned
arctic_b0379,Hindi,SVBI,0.5,0.0,dtw_aligned
arctic_b0379,Hindi,SVBI,0.75,0.1818181818181818,dtw_aligned
arctic_b0379,Hindi,SVBI,0.9,0.1818181818181818,dtw_aligned
arctic_b0379,Hindi,SVBI,1.0,0.1818181818181818,dtw_aligned
arctic_b0379,Arabic,ZHAA,0.0,0.1818181818181818,dtw_aligned
arctic_b0379,Arabic,ZHAA,0.25,0.0,dtw_aligned
arctic_b0379,Arabic,ZHAA,0.5,0.0,dtw_aligned
arctic_b0379,Arabic,ZHAA,0.75,0.0,dtw_aligned
arctic_b0379,Arabic,ZHAA,0.9,0.1818181818181818,dtw_aligned
arctic_b0379,Arabic,ZHAA,1.0,0.1818181818181818,dtw_aligned
arctic_b0384,Chinese,BWC,0.0,0.3076923076923077,dtw_aligned
arctic_b0384,Chinese,BWC,0.25,0.2307692307692307,dtw_aligned
arctic_b0384,Chinese,BWC,0.5,0.3846153846153846,dtw_aligned
arctic_b0384,Chinese,BWC,0.75,0.3076923076923077,dtw_aligned
arctic_b0384,Chinese,BWC,0.9,0.3076923076923077,dtw_aligned
arctic_b0384,Chinese,BWC,1.0,0.3846153846153846,dtw_aligned
arctic_b0384,Spanish,EBVS,0.0,0.2307692307692307,dtw_aligned
arctic_b0384,Spanish,EBVS,0.25,0.2307692307692307,dtw_aligned
arctic_b0384,Spanish,EBVS,0.5,0.2307692307692307,dtw_aligned
arctic_b0384,Spanish,EBVS,0.75,0.3076923076923077,dtw_aligned
arctic_b0384,Spanish,EBVS,0.9,0.3076923076923077,dtw_aligned
arctic_b0384,Spanish,EBVS,1.0,0.2307692307692307,dtw_aligned
arctic_b0384,Korean,HJK,0.0,0.3076923076923077,dtw_aligned
arctic_b0384,Korean,HJK,0.25,0.3076923076923077,dtw_aligned
arctic_b0384,Korean,HJK,0.5,0.2307692307692307,dtw_aligned
arctic_b0384,Korean,HJK,0.75,0.3076923076923077,dtw_aligned
arctic_b0384,Korean,HJK,0.9,0.3076923076923077,dtw_aligned
arctic_b0384,Korean,HJK,1.0,0.2307692307692307,dtw_aligned
arctic_b0384,Vietnamese,HQTV,0.0,0.3846153846153846,dtw_aligned
arctic_b0384,Vietnamese,HQTV,0.25,0.3076923076923077,dtw_aligned
arctic_b0384,Vietnamese,HQTV,0.5,0.3076923076923077,dtw_aligned
arctic_b0384,Vietnamese,HQTV,0.75,0.3846153846153846,dtw_aligned
arctic_b0384,Vietnamese,HQTV,0.9,0.3076923076923077,dtw_aligned
arctic_b0384,Vietnamese,HQTV,1.0,0.3846153846153846,dtw_aligned
arctic_b0384,Hindi,SVBI,0.0,0.1538461538461538,dtw_aligned
arctic_b0384,Hindi,SVBI,0.25,0.0769230769230769,dtw_aligned
arctic_b0384,Hindi,SVBI,0.5,0.0769230769230769,dtw_aligned
arctic_b0384,Hindi,SVBI,0.75,0.2307692307692307,dtw_aligned
arctic_b0384,Hindi,SVBI,0.9,0.3076923076923077,dtw_aligned
arctic_b0384,Hindi,SVBI,1.0,0.3076923076923077,dtw_aligned
arctic_b0384,Arabic,ZHAA,0.0,0.3846153846153846,dtw_aligned
arctic_b0384,Arabic,ZHAA,0.25,0.3076923076923077,dtw_aligned
arctic_b0384,Arabic,ZHAA,0.5,0.2307692307692307,dtw_aligned
arctic_b0384,Arabic,ZHAA,0.75,0.3076923076923077,dtw_aligned
arctic_b0384,Arabic,ZHAA,0.9,0.3076923076923077,dtw_aligned
arctic_b0384,Arabic,ZHAA,1.0,0.2307692307692307,dtw_aligned
arctic_b0395,Chinese,BWC,0.0,0.125,dtw_aligned
arctic_b0395,Chinese,BWC,0.25,0.125,dtw_aligned
arctic_b0395,Chinese,BWC,0.5,0.125,dtw_aligned
arctic_b0395,Chinese,BWC,0.75,0.0,dtw_aligned
arctic_b0395,Chinese,BWC,0.9,0.0,dtw_aligned
arctic_b0395,Chinese,BWC,1.0,0.0,dtw_aligned
arctic_b0395,Spanish,EBVS,0.0,0.125,dtw_aligned
arctic_b0395,Spanish,EBVS,0.25,0.0,dtw_aligned
arctic_b0395,Spanish,EBVS,0.5,0.0,dtw_aligned
arctic_b0395,Spanish,EBVS,0.75,0.0,dtw_aligned
arctic_b0395,Spanish,EBVS,0.9,0.0,dtw_aligned
arctic_b0395,Spanish,EBVS,1.0,0.0,dtw_aligned
arctic_b0395,Korean,HJK,0.0,0.0,dtw_aligned
arctic_b0395,Korean,HJK,0.25,0.0,dtw_aligned
arctic_b0395,Korean,HJK,0.5,0.0,dtw_aligned
arctic_b0395,Korean,HJK,0.75,0.0,dtw_aligned
arctic_b0395,Korean,HJK,0.9,0.0,dtw_aligned
arctic_b0395,Korean,HJK,1.0,0.0,dtw_aligned
arctic_b0395,Vietnamese,HQTV,0.0,0.125,dtw_aligned
arctic_b0395,Vietnamese,HQTV,0.25,0.0,dtw_aligned
arctic_b0395,Vietnamese,HQTV,0.5,0.0,dtw_aligned
arctic_b0395,Vietnamese,HQTV,0.75,0.0,dtw_aligned
arctic_b0395,Vietnamese,HQTV,0.9,0.0,dtw_aligned
arctic_b0395,Vietnamese,HQTV,1.0,0.0,dtw_aligned
arctic_b0395,Hindi,SVBI,0.0,0.0,dtw_aligned
arctic_b0395,Hindi,SVBI,0.25,0.0,dtw_aligned
arctic_b0395,Hindi,SVBI,0.5,0.0,dtw_aligned
arctic_b0395,Hindi,SVBI,0.75,0.0,dtw_aligned
arctic_b0395,Hindi,SVBI,0.9,0.0,dtw_aligned
arctic_b0395,Hindi,SVBI,1.0,0.0,dtw_aligned
arctic_b0395,Arabic,ZHAA,0.0,0.125,dtw_aligned
arctic_b0395,Arabic,ZHAA,0.25,0.0,dtw_aligned
arctic_b0395,Arabic,ZHAA,0.5,0.0,dtw_aligned
arctic_b0395,Arabic,ZHAA,0.75,0.0,dtw_aligned
arctic_b0395,Arabic,ZHAA,0.9,0.0,dtw_aligned
arctic_b0395,Arabic,ZHAA,1.0,0.0,dtw_aligned
arctic_b0397,Chinese,BWC,0.0,0.0769230769230769,dtw_aligned
arctic_b0397,Chinese,BWC,0.25,0.0769230769230769,dtw_aligned
arctic_b0397,Chinese,BWC,0.5,0.0,dtw_aligned
arctic_b0397,Chinese,BWC,0.75,0.1538461538461538,dtw_aligned
arctic_b0397,Chinese,BWC,0.9,0.0769230769230769,dtw_aligned
arctic_b0397,Chinese,BWC,1.0,0.1538461538461538,dtw_aligned
arctic_b0397,Spanish,EBVS,0.0,0.4615384615384615,dtw_aligned
arctic_b0397,Spanish,EBVS,0.25,0.3076923076923077,dtw_aligned
arctic_b0397,Spanish,EBVS,0.5,0.1538461538461538,dtw_aligned
arctic_b0397,Spanish,EBVS,0.75,0.1538461538461538,dtw_aligned
arctic_b0397,Spanish,EBVS,0.9,0.1538461538461538,dtw_aligned
arctic_b0397,Spanish,EBVS,1.0,0.1538461538461538,dtw_aligned
arctic_b0397,Korean,HJK,0.0,0.0769230769230769,dtw_aligned
arctic_b0397,Korean,HJK,0.25,0.1538461538461538,dtw_aligned
arctic_b0397,Korean,HJK,0.5,0.1538461538461538,dtw_aligned
arctic_b0397,Korean,HJK,0.75,0.1538461538461538,dtw_aligned
arctic_b0397,Korean,HJK,0.9,0.1538461538461538,dtw_aligned
arctic_b0397,Korean,HJK,1.0,0.1538461538461538,dtw_aligned
arctic_b0397,Vietnamese,HQTV,0.0,0.5384615384615384,dtw_aligned
arctic_b0397,Vietnamese,HQTV,0.25,0.2307692307692307,dtw_aligned
arctic_b0397,Vietnamese,HQTV,0.5,0.2307692307692307,dtw_aligned
arctic_b0397,Vietnamese,HQTV,0.75,0.0,dtw_aligned
arctic_b0397,Vietnamese,HQTV,0.9,0.0769230769230769,dtw_aligned
arctic_b0397,Vietnamese,HQTV,1.0,0.1538461538461538,dtw_aligned
arctic_b0397,Hindi,SVBI,0.0,0.2307692307692307,dtw_aligned
arctic_b0397,Hindi,SVBI,0.25,0.3846153846153846,dtw_aligned
arctic_b0397,Hindi,SVBI,0.5,0.3076923076923077,dtw_aligned
arctic_b0397,Hindi,SVBI,0.75,0.1538461538461538,dtw_aligned
arctic_b0397,Hindi,SVBI,0.9,0.1538461538461538,dtw_aligned
arctic_b0397,Hindi,SVBI,1.0,0.2307692307692307,dtw_aligned
arctic_b0397,Arabic,ZHAA,0.0,0.2307692307692307,dtw_aligned
arctic_b0397,Arabic,ZHAA,0.25,0.2307692307692307,dtw_aligned
arctic_b0397,Arabic,ZHAA,0.5,0.1538461538461538,dtw_aligned
arctic_b0397,Arabic,ZHAA,0.75,0.0769230769230769,dtw_aligned
arctic_b0397,Arabic,ZHAA,0.9,0.2307692307692307,dtw_aligned
arctic_b0397,Arabic,ZHAA,1.0,0.1538461538461538,dtw_aligned
arctic_b0447,Chinese,BWC,0.0,0.3636363636363636,dtw_aligned
arctic_b0447,Chinese,BWC,0.25,0.2727272727272727,dtw_aligned
arctic_b0447,Chinese,BWC,0.5,0.1818181818181818,dtw_aligned
arctic_b0447,Chinese,BWC,0.75,0.0909090909090909,dtw_aligned
arctic_b0447,Chinese,BWC,0.9,0.1818181818181818,dtw_aligned
arctic_b0447,Chinese,BWC,1.0,0.0909090909090909,dtw_aligned
arctic_b0447,Korean,HJK,0.0,0.0909090909090909,dtw_aligned
arctic_b0447,Korean,HJK,0.25,0.1818181818181818,dtw_aligned
arctic_b0447,Korean,HJK,0.5,0.0909090909090909,dtw_aligned
arctic_b0447,Korean,HJK,0.75,0.0909090909090909,dtw_aligned
arctic_b0447,Korean,HJK,0.9,0.0909090909090909,dtw_aligned
arctic_b0447,Korean,HJK,1.0,0.0909090909090909,dtw_aligned
arctic_b0447,Vietnamese,HQTV,0.0,0.6363636363636364,dtw_aligned
arctic_b0447,Vietnamese,HQTV,0.25,0.4545454545454545,dtw_aligned
arctic_b0447,Vietnamese,HQTV,0.5,0.4545454545454545,dtw_aligned
arctic_b0447,Vietnamese,HQTV,0.75,0.0909090909090909,dtw_aligned
arctic_b0447,Vietnamese,HQTV,0.9,0.0909090909090909,dtw_aligned
arctic_b0447,Vietnamese,HQTV,1.0,0.0909090909090909,dtw_aligned
arctic_b0447,Hindi,SVBI,0.0,0.2727272727272727,dtw_aligned
arctic_b0447,Hindi,SVBI,0.25,0.2727272727272727,dtw_aligned
arctic_b0447,Hindi,SVBI,0.5,0.4545454545454545,dtw_aligned
arctic_b0447,Hindi,SVBI,0.75,0.2727272727272727,dtw_aligned
arctic_b0447,Hindi,SVBI,0.9,0.0909090909090909,dtw_aligned
arctic_b0447,Hindi,SVBI,1.0,0.0909090909090909,dtw_aligned
arctic_b0447,Arabic,ZHAA,0.0,0.3636363636363636,dtw_aligned
arctic_b0447,Arabic,ZHAA,0.25,0.2727272727272727,dtw_aligned
arctic_b0447,Arabic,ZHAA,0.5,0.1818181818181818,dtw_aligned
arctic_b0447,Arabic,ZHAA,0.75,0.0909090909090909,dtw_aligned
arctic_b0447,Arabic,ZHAA,0.9,0.2727272727272727,dtw_aligned
arctic_b0447,Arabic,ZHAA,1.0,0.0909090909090909,dtw_aligned
arctic_b0452,Chinese,BWC,0.0,0.2,dtw_aligned
arctic_b0452,Chinese,BWC,0.25,0.1,dtw_aligned
arctic_b0452,Chinese,BWC,0.5,0.0,dtw_aligned
arctic_b0452,Chinese,BWC,0.75,0.0,dtw_aligned
arctic_b0452,Chinese,BWC,0.9,0.0,dtw_aligned
arctic_b0452,Chinese,BWC,1.0,0.0,dtw_aligned
arctic_b0452,Korean,HJK,0.0,0.0,dtw_aligned
arctic_b0452,Korean,HJK,0.25,0.0,dtw_aligned
arctic_b0452,Korean,HJK,0.5,0.0,dtw_aligned
arctic_b0452,Korean,HJK,0.75,0.0,dtw_aligned
arctic_b0452,Korean,HJK,0.9,0.0,dtw_aligned
arctic_b0452,Korean,HJK,1.0,0.0,dtw_aligned
arctic_b0452,Vietnamese,HQTV,0.0,0.1,dtw_aligned
arctic_b0452,Vietnamese,HQTV,0.25,0.0,dtw_aligned
arctic_b0452,Vietnamese,HQTV,0.5,0.0,dtw_aligned
arctic_b0452,Vietnamese,HQTV,0.75,0.0,dtw_aligned
arctic_b0452,Vietnamese,HQTV,0.9,0.0,dtw_aligned
arctic_b0452,Vietnamese,HQTV,1.0,0.0,dtw_aligned
arctic_b0452,Hindi,SVBI,0.0,0.2,dtw_aligned
arctic_b0452,Hindi,SVBI,0.25,0.2,dtw_aligned
arctic_b0452,Hindi,SVBI,0.5,0.2,dtw_aligned
arctic_b0452,Hindi,SVBI,0.75,0.0,dtw_aligned
arctic_b0452,Hindi,SVBI,0.9,0.0,dtw_aligned
arctic_b0452,Hindi,SVBI,1.0,0.0,dtw_aligned
arctic_b0452,Arabic,ZHAA,0.0,0.0,dtw_aligned
arctic_b0452,Arabic,ZHAA,0.25,0.0,dtw_aligned
arctic_b0452,Arabic,ZHAA,0.5,0.0,dtw_aligned
arctic_b0452,Arabic,ZHAA,0.75,0.0,dtw_aligned
arctic_b0452,Arabic,ZHAA,0.9,0.0,dtw_aligned
arctic_b0452,Arabic,ZHAA,1.0,0.0,dtw_aligned
arctic_b0462,Chinese,BWC,0.0,0.0,dtw_aligned
arctic_b0462,Chinese,BWC,0.25,0.0,dtw_aligned
arctic_b0462,Chinese,BWC,0.5,0.0,dtw_aligned
arctic_b0462,Chinese,BWC,0.75,0.0,dtw_aligned
arctic_b0462,Chinese,BWC,0.9,0.1666666666666666,dtw_aligned
arctic_b0462,Chinese,BWC,1.0,0.0,dtw_aligned
arctic_b0462,Korean,HJK,0.0,0.0,dtw_aligned
arctic_b0462,Korean,HJK,0.25,0.0,dtw_aligned
arctic_b0462,Korean,HJK,0.5,0.0,dtw_aligned
arctic_b0462,Korean,HJK,0.75,0.0,dtw_aligned
arctic_b0462,Korean,HJK,0.9,0.3333333333333333,dtw_aligned
arctic_b0462,Korean,HJK,1.0,0.3333333333333333,dtw_aligned
arctic_b0462,Vietnamese,HQTV,0.0,0.3333333333333333,dtw_aligned
arctic_b0462,Vietnamese,HQTV,0.25,0.1666666666666666,dtw_aligned
arctic_b0462,Vietnamese,HQTV,0.5,0.1666666666666666,dtw_aligned
arctic_b0462,Vietnamese,HQTV,0.75,0.1666666666666666,dtw_aligned
arctic_b0462,Vietnamese,HQTV,0.9,0.0,dtw_aligned
arctic_b0462,Vietnamese,HQTV,1.0,0.0,dtw_aligned
arctic_b0462,Hindi,SVBI,0.0,0.0,dtw_aligned
arctic_b0462,Hindi,SVBI,0.25,0.1666666666666666,dtw_aligned
arctic_b0462,Hindi,SVBI,0.5,0.0,dtw_aligned
arctic_b0462,Hindi,SVBI,0.75,0.0,dtw_aligned
arctic_b0462,Hindi,SVBI,0.9,0.0,dtw_aligned
arctic_b0462,Hindi,SVBI,1.0,0.0,dtw_aligned
arctic_b0462,Arabic,ZHAA,0.0,0.1666666666666666,dtw_aligned
arctic_b0462,Arabic,ZHAA,0.25,0.1666666666666666,dtw_aligned
arctic_b0462,Arabic,ZHAA,0.5,0.1666666666666666,dtw_aligned
arctic_b0462,Arabic,ZHAA,0.75,0.1666666666666666,dtw_aligned
arctic_b0462,Arabic,ZHAA,0.9,0.0,dtw_aligned
arctic_b0462,Arabic,ZHAA,1.0,0.0,dtw_aligned
arctic_b0478,Chinese,BWC,0.0,0.3,dtw_aligned
arctic_b0478,Chinese,BWC,0.25,0.2,dtw_aligned
arctic_b0478,Chinese,BWC,0.5,0.1,dtw_aligned
arctic_b0478,Chinese,BWC,0.75,0.2,dtw_aligned
arctic_b0478,Chinese,BWC,0.9,0.0,dtw_aligned
arctic_b0478,Chinese,BWC,1.0,0.0,dtw_aligned
arctic_b0478,Korean,HJK,0.0,0.0,dtw_aligned
arctic_b0478,Korean,HJK,0.25,0.0,dtw_aligned
arctic_b0478,Korean,HJK,0.5,0.0,dtw_aligned
arctic_b0478,Korean,HJK,0.75,0.0,dtw_aligned
arctic_b0478,Korean,HJK,0.9,0.0,dtw_aligned
arctic_b0478,Korean,HJK,1.0,0.0,dtw_aligned
arctic_b0478,Vietnamese,HQTV,0.0,0.4,dtw_aligned
arctic_b0478,Vietnamese,HQTV,0.25,0.1,dtw_aligned
arctic_b0478,Vietnamese,HQTV,0.5,0.1,dtw_aligned
arctic_b0478,Vietnamese,HQTV,0.75,0.0,dtw_aligned
arctic_b0478,Vietnamese,HQTV,0.9,0.0,dtw_aligned
arctic_b0478,Vietnamese,HQTV,1.0,0.0,dtw_aligned
arctic_b0478,Hindi,SVBI,0.0,0.1,dtw_aligned
arctic_b0478,Hindi,SVBI,0.25,0.0,dtw_aligned
arctic_b0478,Hindi,SVBI,0.5,0.0,dtw_aligned
arctic_b0478,Hindi,SVBI,0.75,0.0,dtw_aligned
arctic_b0478,Hindi,SVBI,0.9,0.0,dtw_aligned
arctic_b0478,Hindi,SVBI,1.0,0.0,dtw_aligned
arctic_b0478,Arabic,ZHAA,0.0,0.0,dtw_aligned
arctic_b0478,Arabic,ZHAA,0.25,0.0,dtw_aligned
arctic_b0478,Arabic,ZHAA,0.5,0.0,dtw_aligned
arctic_b0478,Arabic,ZHAA,0.75,0.0,dtw_aligned
arctic_b0478,Arabic,ZHAA,0.9,0.0,dtw_aligned
arctic_b0478,Arabic,ZHAA,1.0,0.0,dtw_aligned
arctic_b0486,Chinese,BWC,0.0,0.1111111111111111,dtw_aligned
arctic_b0486,Chinese,BWC,0.25,0.0,dtw_aligned
arctic_b0486,Chinese,BWC,0.5,0.0,dtw_aligned
arctic_b0486,Chinese,BWC,0.75,0.0,dtw_aligned
arctic_b0486,Chinese,BWC,0.9,0.0,dtw_aligned
arctic_b0486,Chinese,BWC,1.0,0.0,dtw_aligned
arctic_b0486,Korean,HJK,0.0,0.0,dtw_aligned
arctic_b0486,Korean,HJK,0.25,0.0,dtw_aligned
arctic_b0486,Korean,HJK,0.5,0.0,dtw_aligned
arctic_b0486,Korean,HJK,0.75,0.1111111111111111,dtw_aligned
arctic_b0486,Korean,HJK,0.9,0.0,dtw_aligned
arctic_b0486,Korean,HJK,1.0,0.0,dtw_aligned
arctic_b0486,Vietnamese,HQTV,0.0,0.1111111111111111,dtw_aligned
arctic_b0486,Vietnamese,HQTV,0.25,0.1111111111111111,dtw_aligned
arctic_b0486,Vietnamese,HQTV,0.5,0.0,dtw_aligned
arctic_b0486,Vietnamese,HQTV,0.75,0.1111111111111111,dtw_aligned
arctic_b0486,Vietnamese,HQTV,0.9,0.0,dtw_aligned
arctic_b0486,Vietnamese,HQTV,1.0,0.0,dtw_aligned
arctic_b0486,Hindi,SVBI,0.0,0.0,dtw_aligned
arctic_b0486,Hindi,SVBI,0.25,0.1111111111111111,dtw_aligned
arctic_b0486,Hindi,SVBI,0.5,0.1111111111111111,dtw_aligned
arctic_b0486,Hindi,SVBI,0.75,0.1111111111111111,dtw_aligned
arctic_b0486,Hindi,SVBI,0.9,0.0,dtw_aligned
arctic_b0486,Hindi,SVBI,1.0,0.0,dtw_aligned
arctic_b0486,Arabic,ZHAA,0.0,0.0,dtw_aligned
arctic_b0486,Arabic,ZHAA,0.25,0.0,dtw_aligned
arctic_b0486,Arabic,ZHAA,0.5,0.0,dtw_aligned
arctic_b0486,Arabic,ZHAA,0.75,0.2222222222222222,dtw_aligned
arctic_b0486,Arabic,ZHAA,0.9,0.1111111111111111,dtw_aligned
arctic_b0486,Arabic,ZHAA,1.0,0.0,dtw_aligned
arctic_b0491,Chinese,BWC,0.0,0.0,dtw_aligned
arctic_b0491,Chinese,BWC,0.25,0.0,dtw_aligned
arctic_b0491,Chinese,BWC,0.5,0.1,dtw_aligned
arctic_b0491,Chinese,BWC,0.75,0.2,dtw_aligned
arctic_b0491,Chinese,BWC,0.9,0.2,dtw_aligned
arctic_b0491,Chinese,BWC,1.0,0.2,dtw_aligned
arctic_b0491,Korean,HJK,0.0,0.1,dtw_aligned
arctic_b0491,Korean,HJK,0.25,0.2,dtw_aligned
arctic_b0491,Korean,HJK,0.5,0.1,dtw_aligned
arctic_b0491,Korean,HJK,0.75,0.2,dtw_aligned
arctic_b0491,Korean,HJK,0.9,0.2,dtw_aligned
arctic_b0491,Korean,HJK,1.0,0.2,dtw_aligned
arctic_b0491,Vietnamese,HQTV,0.0,0.0,dtw_aligned
arctic_b0491,Vietnamese,HQTV,0.25,0.0,dtw_aligned
arctic_b0491,Vietnamese,HQTV,0.5,0.0,dtw_aligned
arctic_b0491,Vietnamese,HQTV,0.75,0.2,dtw_aligned
arctic_b0491,Vietnamese,HQTV,0.9,0.2,dtw_aligned
arctic_b0491,Vietnamese,HQTV,1.0,0.2,dtw_aligned
arctic_b0491,Hindi,SVBI,0.0,0.0,dtw_aligned
arctic_b0491,Hindi,SVBI,0.25,0.0,dtw_aligned
arctic_b0491,Hindi,SVBI,0.5,0.2,dtw_aligned
arctic_b0491,Hindi,SVBI,0.75,0.2,dtw_aligned
arctic_b0491,Hindi,SVBI,0.9,0.2,dtw_aligned
arctic_b0491,Hindi,SVBI,1.0,0.2,dtw_aligned
arctic_b0491,Arabic,ZHAA,0.0,0.0,dtw_aligned
arctic_b0491,Arabic,ZHAA,0.25,0.0,dtw_aligned
arctic_b0491,Arabic,ZHAA,0.5,0.0,dtw_aligned
arctic_b0491,Arabic,ZHAA,0.75,0.3,dtw_aligned
arctic_b0491,Arabic,ZHAA,0.9,0.2,dtw_aligned
arctic_b0491,Arabic,ZHAA,1.0,0.2,dtw_aligned
arctic_b0494,Chinese,BWC,0.0,0.1111111111111111,dtw_aligned
arctic_b0494,Chinese,BWC,0.25,0.0,dtw_aligned
arctic_b0494,Chinese,BWC,0.5,0.0,dtw_aligned
arctic_b0494,Chinese,BWC,0.75,0.0,dtw_aligned
arctic_b0494,Chinese,BWC,0.9,0.0,dtw_aligned
arctic_b0494,Chinese,BWC,1.0,0.2222222222222222,dtw_aligned
arctic_b0494,Spanish,EBVS,0.0,0.1111111111111111,dtw_aligned
arctic_b0494,Spanish,EBVS,0.25,0.1111111111111111,dtw_aligned
arctic_b0494,Spanish,EBVS,0.5,0.1111111111111111,dtw_aligned
arctic_b0494,Spanish,EBVS,0.75,0.0,dtw_aligned
arctic_b0494,Spanish,EBVS,0.9,0.0,dtw_aligned
arctic_b0494,Spanish,EBVS,1.0,0.0,dtw_aligned
arctic_b0494,Korean,HJK,0.0,0.1111111111111111,dtw_aligned
arctic_b0494,Korean,HJK,0.25,0.1111111111111111,dtw_aligned
arctic_b0494,Korean,HJK,0.5,0.1111111111111111,dtw_aligned
arctic_b0494,Korean,HJK,0.75,0.2222222222222222,dtw_aligned
arctic_b0494,Korean,HJK,0.9,0.0,dtw_aligned
arctic_b0494,Korean,HJK,1.0,0.0,dtw_aligned
arctic_b0494,Vietnamese,HQTV,0.0,0.2222222222222222,dtw_aligned
arctic_b0494,Vietnamese,HQTV,0.25,0.0,dtw_aligned
arctic_b0494,Vietnamese,HQTV,0.5,0.1111111111111111,dtw_aligned
arctic_b0494,Vietnamese,HQTV,0.75,0.0,dtw_aligned
arctic_b0494,Vietnamese,HQTV,0.9,0.0,dtw_aligned
arctic_b0494,Vietnamese,HQTV,1.0,0.0,dtw_aligned
arctic_b0494,Hindi,SVBI,0.0,0.0,dtw_aligned
arctic_b0494,Hindi,SVBI,0.25,0.0,dtw_aligned
arctic_b0494,Hindi,SVBI,0.5,0.0,dtw_aligned
arctic_b0494,Hindi,SVBI,0.75,0.0,dtw_aligned
arctic_b0494,Hindi,SVBI,0.9,0.2222222222222222,dtw_aligned
arctic_b0494,Hindi,SVBI,1.0,0.0,dtw_aligned
arctic_b0494,Arabic,ZHAA,0.0,0.1111111111111111,dtw_aligned
arctic_b0494,Arabic,ZHAA,0.25,0.1111111111111111,dtw_aligned
arctic_b0494,Arabic,ZHAA,0.5,0.1111111111111111,dtw_aligned
arctic_b0494,Arabic,ZHAA,0.75,0.3333333333333333,dtw_aligned
arctic_b0494,Arabic,ZHAA,0.9,0.2222222222222222,dtw_aligned
arctic_b0494,Arabic,ZHAA,1.0,0.0,dtw_aligned
arctic_b0495,Chinese,BWC,0.0,0.25,dtw_aligned
arctic_b0495,Chinese,BWC,0.25,0.0833333333333333,dtw_aligned
arctic_b0495,Chinese,BWC,0.5,0.0833333333333333,dtw_aligned
arctic_b0495,Chinese,BWC,0.75,0.1666666666666666,dtw_aligned
arctic_b0495,Chinese,BWC,0.9,0.1666666666666666,dtw_aligned
arctic_b0495,Chinese,BWC,1.0,0.1666666666666666,dtw_aligned
arctic_b0495,Korean,HJK,0.0,0.1666666666666666,dtw_aligned
arctic_b0495,Korean,HJK,0.25,0.25,dtw_aligned
arctic_b0495,Korean,HJK,0.5,0.1666666666666666,dtw_aligned
arctic_b0495,Korean,HJK,0.75,0.1666666666666666,dtw_aligned
arctic_b0495,Korean,HJK,0.9,0.1666666666666666,dtw_aligned
arctic_b0495,Korean,HJK,1.0,0.1666666666666666,dtw_aligned
arctic_b0495,Vietnamese,HQTV,0.0,0.25,dtw_aligned
arctic_b0495,Vietnamese,HQTV,0.25,0.3333333333333333,dtw_aligned
arctic_b0495,Vietnamese,HQTV,0.5,0.3333333333333333,dtw_aligned
arctic_b0495,Vietnamese,HQTV,0.75,0.25,dtw_aligned
arctic_b0495,Vietnamese,HQTV,0.9,0.1666666666666666,dtw_aligned
arctic_b0495,Vietnamese,HQTV,1.0,0.1666666666666666,dtw_aligned
arctic_b0495,Hindi,SVBI,0.0,0.0833333333333333,dtw_aligned
arctic_b0495,Hindi,SVBI,0.25,0.0,dtw_aligned
arctic_b0495,Hindi,SVBI,0.5,0.1666666666666666,dtw_aligned
arctic_b0495,Hindi,SVBI,0.75,0.0833333333333333,dtw_aligned
arctic_b0495,Hindi,SVBI,0.9,0.1666666666666666,dtw_aligned
arctic_b0495,Hindi,SVBI,1.0,0.1666666666666666,dtw_aligned
arctic_b0495,Arabic,ZHAA,0.0,0.4166666666666667,dtw_aligned
arctic_b0495,Arabic,ZHAA,0.25,0.3333333333333333,dtw_aligned
arctic_b0495,Arabic,ZHAA,0.5,0.1666666666666666,dtw_aligned
arctic_b0495,Arabic,ZHAA,0.75,0.1666666666666666,dtw_aligned
arctic_b0495,Arabic,ZHAA,0.9,0.1666666666666666,dtw_aligned
arctic_b0495,Arabic,ZHAA,1.0,0.1666666666666666,dtw_aligned
arctic_b0510,Chinese,BWC,0.0,0.2857142857142857,dtw_aligned
arctic_b0510,Chinese,BWC,0.25,0.1428571428571428,dtw_aligned
arctic_b0510,Chinese,BWC,0.5,0.2857142857142857,dtw_aligned
arctic_b0510,Chinese,BWC,0.75,0.0,dtw_aligned
arctic_b0510,Chinese,BWC,0.9,0.0,dtw_aligned
arctic_b0510,Chinese,BWC,1.0,0.0,dtw_aligned
arctic_b0510,Korean,HJK,0.0,0.0,dtw_aligned
arctic_b0510,Korean,HJK,0.25,0.0,dtw_aligned
arctic_b0510,Korean,HJK,0.5,0.0,dtw_aligned
arctic_b0510,Korean,HJK,0.75,0.0,dtw_aligned
arctic_b0510,Korean,HJK,0.9,0.0,dtw_aligned
arctic_b0510,Korean,HJK,1.0,0.0,dtw_aligned
arctic_b0510,Vietnamese,HQTV,0.0,0.2857142857142857,dtw_aligned
arctic_b0510,Vietnamese,HQTV,0.25,0.1428571428571428,dtw_aligned
arctic_b0510,Vietnamese,HQTV,0.5,0.0,dtw_aligned
arctic_b0510,Vietnamese,HQTV,0.75,0.0,dtw_aligned
arctic_b0510,Vietnamese,HQTV,0.9,0.0,dtw_aligned
arctic_b0510,Vietnamese,HQTV,1.0,0.0,dtw_aligned
arctic_b0510,Hindi,SVBI,0.0,0.0,dtw_aligned
arctic_b0510,Hindi,SVBI,0.25,0.0,dtw_aligned
arctic_b0510,Hindi,SVBI,0.5,0.0,dtw_aligned
arctic_b0510,Hindi,SVBI,0.75,0.0,dtw_aligned
arctic_b0510,Hindi,SVBI,0.9,0.0,dtw_aligned
arctic_b0510,Hindi,SVBI,1.0,0.0,dtw_aligned
arctic_b0510,Arabic,ZHAA,0.0,0.0,dtw_aligned
arctic_b0510,Arabic,ZHAA,0.25,0.0,dtw_aligned
arctic_b0510,Arabic,ZHAA,0.5,0.0,dtw_aligned
arctic_b0510,Arabic,ZHAA,0.75,0.0,dtw_aligned
arctic_b0510,Arabic,ZHAA,0.9,0.0,dtw_aligned
arctic_b0510,Arabic,ZHAA,1.0,0.0,dtw_aligned
arctic_b0522,Chinese,BWC,0.0,0.2222222222222222,dtw_aligned
arctic_b0522,Chinese,BWC,0.25,0.2222222222222222,dtw_aligned
arctic_b0522,Chinese,BWC,0.5,0.1111111111111111,dtw_aligned
arctic_b0522,Chinese,BWC,0.75,0.1111111111111111,dtw_aligned
arctic_b0522,Chinese,BWC,0.9,0.0,dtw_aligned
arctic_b0522,Chinese,BWC,1.0,0.2222222222222222,dtw_aligned
arctic_b0522,Korean,HJK,0.0,0.0,dtw_aligned
arctic_b0522,Korean,HJK,0.25,0.0,dtw_aligned
arctic_b0522,Korean,HJK,0.5,0.0,dtw_aligned
arctic_b0522,Korean,HJK,0.75,0.0,dtw_aligned
arctic_b0522,Korean,HJK,0.9,0.2222222222222222,dtw_aligned
arctic_b0522,Korean,HJK,1.0,0.2222222222222222,dtw_aligned
arctic_b0522,Vietnamese,HQTV,0.0,0.4444444444444444,dtw_aligned
arctic_b0522,Vietnamese,HQTV,0.25,0.0,dtw_aligned
arctic_b0522,Vietnamese,HQTV,0.5,0.0,dtw_aligned
arctic_b0522,Vietnamese,HQTV,0.75,0.0,dtw_aligned
arctic_b0522,Vietnamese,HQTV,0.9,0.2222222222222222,dtw_aligned
arctic_b0522,Vietnamese,HQTV,1.0,0.2222222222222222,dtw_aligned
arctic_b0522,Hindi,SVBI,0.0,0.2222222222222222,dtw_aligned
arctic_b0522,Hindi,SVBI,0.25,0.2222222222222222,dtw_aligned
arctic_b0522,Hindi,SVBI,0.5,0.2222222222222222,dtw_aligned
arctic_b0522,Hindi,SVBI,0.75,0.2222222222222222,dtw_aligned
arctic_b0522,Hindi,SVBI,0.9,0.2222222222222222,dtw_aligned
arctic_b0522,Hindi,SVBI,1.0,0.2222222222222222,dtw_aligned
arctic_b0522,Arabic,ZHAA,0.0,0.2222222222222222,dtw_aligned
arctic_b0522,Arabic,ZHAA,0.25,0.3333333333333333,dtw_aligned
arctic_b0522,Arabic,ZHAA,0.5,0.1111111111111111,dtw_aligned
arctic_b0522,Arabic,ZHAA,0.75,0.0,dtw_aligned
arctic_b0522,Arabic,ZHAA,0.9,0.0,dtw_aligned
arctic_b0522,Arabic,ZHAA,1.0,0.2222222222222222,dtw_aligned
