prompt_id,L1,speaker,condition,ref,hyp,wer
arctic_a0037,Arabic,ZHAA,nat+nat,I was the only one who remained sitting., I was the only one who remained sitting.,0.0
arctic_a0037,Arabic,ZHAA,nat+nat_diff_utt,I was the only one who remained sitting., I was the only one who remained sitting.,0.0
arctic_a0037,Arabic,ZHAA,nat+l2_same,I was the only one who remained sitting., I was the only one who remained sitting.,0.0
arctic_a0037,Arabic,ZHAA,nat+interp,I was the only one who remained sitting., I was the only one who remained sitting.,0.0
arctic_a0037,Arabic,ZHAA,nat+noise,I was the only one who remained sitting., I was I was,0.75
arctic_a0037,Arabic,ZHAA,l2+l2,I was the only one who remained sitting., I was the only one who remained sitting.,0.0
arctic_a0037,Arabic,ZHAA,l2+l2_diff_utt,I was the only one who remained sitting., I was the only one who remains sitting.,0.125
arctic_a0037,Arabic,ZHAA,l2+nat_same,I was the only one who remained sitting., I was the only one who remained sitting.,0.0
arctic_a0037,Arabic,ZHAA,l2+interp,I was the only one who remained sitting., I was the only one who remains sitting.,0.125
arctic_a0037,Arabic,ZHAA,l2+noise,I was the only one who remained sitting., I was,0.75
arctic_a0037,Arabic,ZHAA,nat+zero_0,I was the only one who remained sitting., I was the only one who remained sitting.,0.0
arctic_a0037,Arabic,ZHAA,l2+zero_0,I was the only one who remained sitting., I was the only one who remained sitting.,0.0
arctic_a0037,Arabic,ZHAA,nat+zero_100,I was the only one who remained sitting., I was the only one who remained sitting.,0.0
arctic_a0037,Arabic,ZHAA,l2+zero_100,I was the only one who remained sitting., I was the only one who remained sitting.,0.0
arctic_a0037,Arabic,ZHAA,nat+zero_200,I was the only one who remained sitting., I was the only one who remained sitting.,0.0
arctic_a0037,Arabic,ZHAA,l2+zero_200,I was the only one who remained sitting., I was the only one who remained sitting.,0.0
arctic_a0037,Arabic,ZHAA,nat+zero_400,I was the only one who remained sitting., I was the only one who remained sitting.,0.0
arctic_a0037,Arabic,ZHAA,l2+zero_400,I was the only one who remained sitting., I was the only one who remained sitting.,0.0
arctic_a0037,Arabic,ZHAA,nat+zero_800,I was the only one who remained sitting., I was the only one who remained sitting.,0.0
arctic_a0037,Arabic,ZHAA,l2+zero_800,I was the only one who remained sitting., I was the only one who remained sitting.,0.0
arctic_a0037,Arabic,ZHAA,nat+empty_pad,I was the only one who remained sitting., I was the only one who remained sitting.,0.0
arctic_a0037,Arabic,ZHAA,l2+empty_pad,I was the only one who remained sitting., I was the only one who remained sitting.,0.0
arctic_a0037,Chinese,BWC,nat+nat,I was the only one who remained sitting., I was the only one who remained sitting.,0.0
arctic_a0037,Chinese,BWC,nat+nat_diff_utt,I was the only one who remained sitting., I was the only one who remained sitting.,0.0
arctic_a0037,Chinese,BWC,nat+l2_same,I was the only one who remained sitting., I was the only one who remained sitting.,0.0
arctic_a0037,Chinese,BWC,nat+interp,I was the only one who remained sitting., I was the only one who remained sitting.,0.0
arctic_a0037,Chinese,BWC,nat+noise,I was the only one who remained sitting., I was I was,0.75
arctic_a0037,Chinese,BWC,l2+l2,I was the only one who remained sitting., I was the only one who reminded sitting.,0.125
arctic_a0037,Chinese,BWC,l2+l2_diff_utt,I was the only one who remained sitting., I was the only one who reminded seating.,0.25
arctic_a0037,Chinese,BWC,l2+nat_same,I was the only one who remained sitting., I was the only one who reminded seating.,0.25
arctic_a0037,Chinese,BWC,l2+interp,I was the only one who remained sitting., I was the only one who reminded seating.,0.25
arctic_a0037,Chinese,BWC,l2+noise,I was the only one who remained sitting., I was,0.75
arctic_a0037,Chinese,BWC,nat+zero_0,I was the only one who remained sitting., I was the only one who remained sitting.,0.0
arctic_a0037,Chinese,BWC,l2+zero_0,I was the only one who remained sitting., I was the only one who reminded sitting,0.125
arctic_a0037,Chinese,BWC,nat+zero_100,I was the only one who remained sitting., I was the only one who remained sitting.,0.0
arctic_a0037,Chinese,BWC,l2+zero_100,I was the only one who remained sitting., I was the only one who reminded sitting.,0.125
arctic_a0037,Chinese,BWC,nat+zero_200,I was the only one who remained sitting., I was the only one who remained sitting.,0.0
arctic_a0037,Chinese,BWC,l2+zero_200,I was the only one who remained sitting., I was the only one who reminded sitting.,0.125
arctic_a0037,Chinese,BWC,nat+zero_400,I was the only one who remained sitting., I was the only one who remained sitting.,0.0
arctic_a0037,Chinese,BWC,l2+zero_400,I was the only one who remained sitting., I was the only one who reminded sitting.,0.125
arctic_a0037,Chinese,BWC,nat+zero_800,I was the only one who remained sitting., I was the only one who remained sitting.,0.0
arctic_a0037,Chinese,BWC,l2+zero_800,I was the only one who remained sitting., I was the only one who reminded sitting.,0.125
arctic_a0037,Chinese,BWC,nat+empty_pad,I was the only one who remained sitting., I was the only one who remained sitting.,0.0
arctic_a0037,Chinese,BWC,l2+empty_pad,I was the only one who remained sitting., I was the only one who reminded seating.,0.25
arctic_a0037,Hindi,SVBI,nat+nat,I was the only one who remained sitting., I was the only one who remained sitting.,0.0
arctic_a0037,Hindi,SVBI,nat+nat_diff_utt,I was the only one who remained sitting., I was the only one who remained sitting.,0.0
arctic_a0037,Hindi,SVBI,nat+l2_same,I was the only one who remained sitting., I was the only one who remained sitting.,0.0
arctic_a0037,Hindi,SVBI,nat+interp,I was the only one who remained sitting., I was the only one who remained sitting.,0.0
arctic_a0037,Hindi,SVBI,nat+noise,I was the only one who remained sitting., I was I was,0.75
arctic_a0037,Hindi,SVBI,l2+l2,I was the only one who remained sitting., I was the only one who remained sitting.,0.0
arctic_a0037,Hindi,SVBI,l2+l2_diff_utt,I was the only one who remained sitting., I was the only one who remained sitting.,0.0
arctic_a0037,Hindi,SVBI,l2+nat_same,I was the only one who remained sitting., I was the only one who remained sitting.,0.0
arctic_a0037,Hindi,SVBI,l2+interp,I was the only one who remained sitting., I was the only one who remained sitting.,0.0
arctic_a0037,Hindi,SVBI,l2+noise,I was the only one who remained sitting., I was I was,0.75
arctic_a0037,Hindi,SVBI,nat+zero_0,I was the only one who remained sitting., I was the only one who remained sitting.,0.0
arctic_a0037,Hindi,SVBI,l2+zero_0,I was the only one who remained sitting., I was the only one who remained sitting.,0.0
arctic_a0037,Hindi,SVBI,nat+zero_100,I was the only one who remained sitting., I was the only one who remained sitting.,0.0
arctic_a0037,Hindi,SVBI,l2+zero_100,I was the only one who remained sitting., I was the only one who remained sitting.,0.0
arctic_a0037,Hindi,SVBI,nat+zero_200,I was the only one who remained sitting., I was the only one who remained sitting.,0.0
arctic_a0037,Hindi,SVBI,l2+zero_200,I was the only one who remained sitting., I was the only one who remained sitting.,0.0
arctic_a0037,Hindi,SVBI,nat+zero_400,I was the only one who remained sitting., I was the only one who remained sitting.,0.0
arctic_a0037,Hindi,SVBI,l2+zero_400,I was the only one who remained sitting., I was the only one who remained sitting.,0.0
arctic_a0037,Hindi,SVBI,nat+zero_800,I was the only one who remained sitting., I was the only one who remained sitting.,0.0
arctic_a0037,Hindi,SVBI,l2+zero_800,I was the only one who remained sitting., I was the only one who remained sitting.,0.0
arctic_a0037,Hindi,SVBI,nat+empty_pad,I was the only one who remained sitting., I was the only one who remained sitting.,0.0
arctic_a0037,Hindi,SVBI,l2+empty_pad,I was the only one who remained sitting., I was the only one who remained sitting.,0.0
arctic_a0037,Korean,HJK,nat+nat,I was the only one who remained sitting., I was the only one who remained sitting.,0.0
arctic_a0037,Korean,HJK,nat+nat_diff_utt,I was the only one who remained sitting., I was the only one who remained sitting.,0.0
arctic_a0037,Korean,HJK,nat+l2_same,I was the only one who remained sitting., I was the only one who remained sitting.,0.0
arctic_a0037,Korean,HJK,nat+interp,I was the only one who remained sitting., I was the only one who remained sitting.,0.0
arctic_a0037,Korean,HJK,nat+noise,I was the only one who remained sitting., I was I was,0.75
arctic_a0037,Korean,HJK,l2+l2,I was the only one who remained sitting., I was the only one who remained sitting.,0.0
arctic_a0037,Korean,HJK,l2+l2_diff_utt,I was the only one who remained sitting., I was the only one who remained sitting.,0.0
arctic_a0037,Korean,HJK,l2+nat_same,I was the only one who remained sitting., I was the only one who remained sitting.,0.0
arctic_a0037,Korean,HJK,l2+interp,I was the only one who remained sitting., I was the only one who remained sitting.,0.0
arctic_a0037,Korean,HJK,l2+noise,I was the only one who remained sitting., I was the,0.625
arctic_a0037,Korean,HJK,nat+zero_0,I was the only one who remained sitting., I was the only one who remained sitting.,0.0
arctic_a0037,Korean,HJK,l2+zero_0,I was the only one who remained sitting., I was the only one who remained sitting.,0.0
arctic_a0037,Korean,HJK,nat+zero_100,I was the only one who remained sitting., I was the only one who remained sitting.,0.0
arctic_a0037,Korean,HJK,l2+zero_100,I was the only one who remained sitting., I was the only one who remained sitting.,0.0
arctic_a0037,Korean,HJK,nat+zero_200,I was the only one who remained sitting., I was the only one who remained sitting.,0.0
arctic_a0037,Korean,HJK,l2+zero_200,I was the only one who remained sitting., I was the only one who remained sitting.,0.0
arctic_a0037,Korean,HJK,nat+zero_400,I was the only one who remained sitting., I was the only one who remained sitting.,0.0
arctic_a0037,Korean,HJK,l2+zero_400,I was the only one who remained sitting., I was the only one who remained sitting.,0.0
arctic_a0037,Korean,HJK,nat+zero_800,I was the only one who remained sitting., I was the only one who remained sitting.,0.0
arctic_a0037,Korean,HJK,l2+zero_800,I was the only one who remained sitting., I was the only one who remained sitting.,0.0
arctic_a0037,Korean,HJK,nat+empty_pad,I was the only one who remained sitting., I was the only one who remained sitting.,0.0
arctic_a0037,Korean,HJK,l2+empty_pad,I was the only one who remained sitting., I was the only one who remained sitting.,0.0
arctic_a0037,Spanish,EBVS,nat+nat,I was the only one who remained sitting., I was the only one who remained sitting.,0.0
arctic_a0037,Spanish,EBVS,nat+nat_diff_utt,I was the only one who remained sitting., I was the only one who remained sitting.,0.0
arctic_a0037,Spanish,EBVS,nat+l2_same,I was the only one who remained sitting., I was the only one who remained sitting.,0.0
arctic_a0037,Spanish,EBVS,nat+interp,I was the only one who remained sitting., I was the only one who remained sitting.,0.0
arctic_a0037,Spanish,EBVS,nat+noise,I was the only one who remained sitting., I was I was,0.75
arctic_a0037,Spanish,EBVS,l2+l2,I was the only one who remained sitting., I was the only one who remained sitting.,0.0
arctic_a0037,Spanish,EBVS,l2+l2_diff_utt,I was the only one who remained sitting., I was the only one who remained sitting.,0.0
arctic_a0037,Spanish,EBVS,l2+nat_same,I was the only one who remained sitting., I was the only one who remained sitting.,0.0
arctic_a0037,Spanish,EBVS,l2+interp,I was the only one who remained sitting., I was the only one who remained sitting.,0.0
arctic_a0037,Spanish,EBVS,l2+noise,I was the only one who remained sitting., I was the only.,0.5
arctic_a0037,Spanish,EBVS,nat+zero_0,I was the only one who remained sitting., I was the only one who remained sitting.,0.0
arctic_a0037,Spanish,EBVS,l2+zero_0,I was the only one who remained sitting., I was the only one who remained sitting.,0.0
arctic_a0037,Spanish,EBVS,nat+zero_100,I was the only one who remained sitting., I was the only one who remained sitting.,0.0
arctic_a0037,Spanish,EBVS,l2+zero_100,I was the only one who remained sitting., I was the only one who remained sitting.,0.0
arctic_a0037,Spanish,EBVS,nat+zero_200,I was the only one who remained sitting., I was the only one who remained sitting.,0.0
arctic_a0037,Spanish,EBVS,l2+zero_200,I was the only one who remained sitting., I was the only one who remained sitting.,0.0
arctic_a0037,Spanish,EBVS,nat+zero_400,I was the only one who remained sitting., I was the only one who remained sitting.,0.0
arctic_a0037,Spanish,EBVS,l2+zero_400,I was the only one who remained sitting., I was the only one who remained sitting.,0.0
arctic_a0037,Spanish,EBVS,nat+zero_800,I was the only one who remained sitting., I was the only one who remained sitting.,0.0
arctic_a0037,Spanish,EBVS,l2+zero_800,I was the only one who remained sitting., I was the only one who remained sitting.,0.0
arctic_a0037,Spanish,EBVS,nat+empty_pad,I was the only one who remained sitting., I was the only one who remained sitting.,0.0
arctic_a0037,Spanish,EBVS,l2+empty_pad,I was the only one who remained sitting., I was the only one who remained sitting.,0.0
arctic_a0037,Vietnamese,HQTV,nat+nat,I was the only one who remained sitting., I was the only one who remained sitting.,0.0
arctic_a0037,Vietnamese,HQTV,nat+nat_diff_utt,I was the only one who remained sitting., I was the only one who remained sitting.,0.0
arctic_a0037,Vietnamese,HQTV,nat+l2_same,I was the only one who remained sitting., I was the only one who remained sitting.,0.0
arctic_a0037,Vietnamese,HQTV,nat+interp,I was the only one who remained sitting., I was the only one who remained sitting.,0.0
arctic_a0037,Vietnamese,HQTV,nat+noise,I was the only one who remained sitting., I was I was,0.75
arctic_a0037,Vietnamese,HQTV,l2+l2,I was the only one who remained sitting., I was the only one who remained sitting.,0.0
arctic_a0037,Vietnamese,HQTV,l2+l2_diff_utt,I was the only one who remained sitting., I was the only one who remained sitting.,0.0
arctic_a0037,Vietnamese,HQTV,l2+nat_same,I was the only one who remained sitting., I was the only one who remained sitting.,0.0
arctic_a0037,Vietnamese,HQTV,l2+interp,I was the only one who remained sitting., I was the only one who remained sitting.,0.0
arctic_a0037,Vietnamese,HQTV,l2+noise,I was the only one who remained sitting., I was,0.75
arctic_a0037,Vietnamese,HQTV,nat+zero_0,I was the only one who remained sitting., I was the only one who remained sitting.,0.0
arctic_a0037,Vietnamese,HQTV,l2+zero_0,I was the only one who remained sitting., I was the only one who remained sitting.,0.0
arctic_a0037,Vietnamese,HQTV,nat+zero_100,I was the only one who remained sitting., I was the only one who remained sitting.,0.0
arctic_a0037,Vietnamese,HQTV,l2+zero_100,I was the only one who remained sitting., I was the only one who remained sitting.,0.0
arctic_a0037,Vietnamese,HQTV,nat+zero_200,I was the only one who remained sitting., I was the only one who remained sitting.,0.0
arctic_a0037,Vietnamese,HQTV,l2+zero_200,I was the only one who remained sitting., I was the only one who remained sitting.,0.0
arctic_a0037,Vietnamese,HQTV,nat+zero_400,I was the only one who remained sitting., I was the only one who remained sitting.,0.0
arctic_a0037,Vietnamese,HQTV,l2+zero_400,I was the only one who remained sitting., I was the only one who remained sitting.,0.0
arctic_a0037,Vietnamese,HQTV,nat+zero_800,I was the only one who remained sitting., I was the only one who remained sitting.,0.0
arctic_a0037,Vietnamese,HQTV,l2+zero_800,I was the only one who remained sitting., I was the only one who remained sitting.,0.0
arctic_a0037,Vietnamese,HQTV,nat+empty_pad,I was the only one who remained sitting., I was the only one who remained sitting.,0.0
arctic_a0037,Vietnamese,HQTV,l2+empty_pad,I was the only one who remained sitting., I was the only one who remained sitting.,0.0
arctic_a0070,Arabic,ZHAA,nat+nat,He would first hunt up Gregson and begin his work there., He would first hunt up Gregson and begin his work there.,0.0
arctic_a0070,Arabic,ZHAA,nat+nat_diff_utt,He would first hunt up Gregson and begin his work there., He would first hunt up Gregson and begin his work there.,0.0
arctic_a0070,Arabic,ZHAA,nat+l2_same,He would first hunt up Gregson and begin his work there., He would first hunt up Gregson and begin his work there.,0.0
arctic_a0070,Arabic,ZHAA,nat+interp,He would first hunt up Gregson and begin his work there., He would first hunt up Gregson and begin his work there.,0.0
arctic_a0070,Arabic,ZHAA,nat+noise,He would first hunt up Gregson and begin his work there., He would,0.8181818181818182
arctic_a0070,Arabic,ZHAA,l2+l2,He would first hunt up Gregson and begin his work there., He would first hunt up Gregson and begin his work there.,0.0
arctic_a0070,Arabic,ZHAA,l2+l2_diff_utt,He would first hunt up Gregson and begin his work there., He would first hunt up Gregson and begin his work there.,0.0
arctic_a0070,Arabic,ZHAA,l2+nat_same,He would first hunt up Gregson and begin his work there., He would first hunt up Gregson and begin his work there.,0.0
arctic_a0070,Arabic,ZHAA,l2+interp,He would first hunt up Gregson and begin his work there., He would first hunt up Gregson and begin his work there.,0.0
arctic_a0070,Arabic,ZHAA,l2+noise,He would first hunt up Gregson and begin his work there., He would,0.8181818181818182
arctic_a0070,Arabic,ZHAA,nat+zero_0,He would first hunt up Gregson and begin his work there., He would first hunt up Gregson and begin his work there.,0.0
arctic_a0070,Arabic,ZHAA,l2+zero_0,He would first hunt up Gregson and begin his work there., He would first hunt up Grigson and begin his work there.,0.09090909090909091
arctic_a0070,Arabic,ZHAA,nat+zero_100,He would first hunt up Gregson and begin his work there., He would first hunt up Gregson and begin his work there.,0.0
arctic_a0070,Arabic,ZHAA,l2+zero_100,He would first hunt up Gregson and begin his work there., He would first hunt up Grigson and begin his work there.,0.09090909090909091
arctic_a0070,Arabic,ZHAA,nat+zero_200,He would first hunt up Gregson and begin his work there., He would first hunt up Gregson and begin his work there.,0.0
arctic_a0070,Arabic,ZHAA,l2+zero_200,He would first hunt up Gregson and begin his work there., He would first hunt up Grigson and begin his work there.,0.09090909090909091
arctic_a0070,Arabic,ZHAA,nat+zero_400,He would first hunt up Gregson and begin his work there., He would first hunt up Gregson and begin his work there.,0.0
arctic_a0070,Arabic,ZHAA,l2+zero_400,He would first hunt up Gregson and begin his work there., He would first hunt up Grigson and begin his work there.,0.09090909090909091
arctic_a0070,Arabic,ZHAA,nat+zero_800,He would first hunt up Gregson and begin his work there., He would first hunt up Gregson and begin his work there.,0.0
arctic_a0070,Arabic,ZHAA,l2+zero_800,He would first hunt up Gregson and begin his work there., He would first hunt up Gregson and begin his work there.,0.0
arctic_a0070,Arabic,ZHAA,nat+empty_pad,He would first hunt up Gregson and begin his work there., He would first hunt up Gregson and begin his work there.,0.0
arctic_a0070,Arabic,ZHAA,l2+empty_pad,He would first hunt up Gregson and begin his work there., He would first hunt up Gregson and begin his work there.,0.0
arctic_a0070,Chinese,BWC,nat+nat,He would first hunt up Gregson and begin his work there., He would first hunt up Gregson and begin his work there.,0.0
arctic_a0070,Chinese,BWC,nat+nat_diff_utt,He would first hunt up Gregson and begin his work there., He would first hunt up Gregson and begin his work there.,0.0
arctic_a0070,Chinese,BWC,nat+l2_same,He would first hunt up Gregson and begin his work there., He would first hunt up Gregson and begin his work there.,0.0
arctic_a0070,Chinese,BWC,nat+interp,He would first hunt up Gregson and begin his work there., He would first hunt up Gregson and begin his work there.,0.0
arctic_a0070,Chinese,BWC,nat+noise,He would first hunt up Gregson and begin his work there., He would,0.8181818181818182
arctic_a0070,Chinese,BWC,l2+l2,He would first hunt up Gregson and begin his work there., He will first hand up Grayson and begin his work there.,0.2727272727272727
arctic_a0070,Chinese,BWC,l2+l2_diff_utt,He would first hunt up Gregson and begin his work there., He will first hand up Grayson and begin his work there.,0.2727272727272727
arctic_a0070,Chinese,BWC,l2+nat_same,He would first hunt up Gregson and begin his work there., He will first hand up Grayson and begin his work there.,0.2727272727272727
arctic_a0070,Chinese,BWC,l2+interp,He would first hunt up Gregson and begin his work there., He will first hand up Grayson and begin his work there.,0.2727272727272727
arctic_a0070,Chinese,BWC,l2+noise,He would first hunt up Gregson and begin his work there., He will first hand up,0.7272727272727273
arctic_a0070,Chinese,BWC,nat+zero_0,He would first hunt up Gregson and begin his work there., He would first hunt up Gregson and begin his work there.,0.0
arctic_a0070,Chinese,BWC,l2+zero_0,He would first hunt up Gregson and begin his work there., He will first hand up Grayson and begin his work there.,0.2727272727272727
arctic_a0070,Chinese,BWC,nat+zero_100,He would first hunt up Gregson and begin his work there., He would first hunt up Gregson and begin his work there.,0.0
arctic_a0070,Chinese,BWC,l2+zero_100,He would first hunt up Gregson and begin his work there., He will first hand up Grayson and begin his work there.,0.2727272727272727
arctic_a0070,Chinese,BWC,nat+zero_200,He would first hunt up Gregson and begin his work there., He would first hunt up Gregson and begin his work there.,0.0
arctic_a0070,Chinese,BWC,l2+zero_200,He would first hunt up Gregson and begin his work there., He will first hand up Grayson and begin his work there.,0.2727272727272727
arctic_a0070,Chinese,BWC,nat+zero_400,He would first hunt up Gregson and begin his work there., He would first hunt up Gregson and begin his work there.,0.0
arctic_a0070,Chinese,BWC,l2+zero_400,He would first hunt up Gregson and begin his work there., He will first hand up Grayson and begin his work there.,0.2727272727272727
arctic_a0070,Chinese,BWC,nat+zero_800,He would first hunt up Gregson and begin his work there., He would first hunt up Gregson and begin his work there.,0.0
arctic_a0070,Chinese,BWC,l2+zero_800,He would first hunt up Gregson and begin his work there., He will first hand up Grayson and begin his work there.,0.2727272727272727
arctic_a0070,Chinese,BWC,nat+empty_pad,He would first hunt up Gregson and begin his work there., He would first hunt up Gregson and begin his work there.,0.0
arctic_a0070,Chinese,BWC,l2+empty_pad,He would first hunt up Gregson and begin his work there., He will first hand up Grayson and begin his work there.,0.2727272727272727
arctic_a0070,Hindi,SVBI,nat+nat,He would first hunt up Gregson and begin his work there., He would first hunt up Gregson and begin his work there.,0.0
arctic_a0070,Hindi,SVBI,nat+nat_diff_utt,He would first hunt up Gregson and begin his work there., He would first hunt up Gregson and begin his work there.,0.0
arctic_a0070,Hindi,SVBI,nat+l2_same,He would first hunt up Gregson and begin his work there., He would first hunt up Gregson and begin his work there.,0.0
arctic_a0070,Hindi,SVBI,nat+interp,He would first hunt up Gregson and begin his work there., He would first hunt up Gregson and begin his work there.,0.0
arctic_a0070,Hindi,SVBI,nat+noise,He would first hunt up Gregson and begin his work there., He would,0.8181818181818182
arctic_a0070,Hindi,SVBI,l2+l2,He would first hunt up Gregson and begin his work there., He would first hunt up Gretchen and begin his work there.,0.09090909090909091
arctic_a0070,Hindi,SVBI,l2+l2_diff_utt,He would first hunt up Gregson and begin his work there., He would first hunt up Gregson and begin his work there.,0.0
arctic_a0070,Hindi,SVBI,l2+nat_same,He would first hunt up Gregson and begin his work there., He would first hunt up Gregson and begin his work there.,0.0
arctic_a0070,Hindi,SVBI,l2+interp,He would first hunt up Gregson and begin his work there., He would first hunt up Grekson and begin his work there.,0.09090909090909091
arctic_a0070,Hindi,SVBI,l2+noise,He would first hunt up Gregson and begin his work there., He would,0.8181818181818182
arctic_a0070,Hindi,SVBI,nat+zero_0,He would first hunt up Gregson and begin his work there., He would first hunt up Gregson and begin his work there.,0.0
arctic_a0070,Hindi,SVBI,l2+zero_0,He would first hunt up Gregson and begin his work there., He would first hunt up Grecson and begin his work there.,0.09090909090909091
arctic_a0070,Hindi,SVBI,nat+zero_100,He would first hunt up Gregson and begin his work there., He would first hunt up Gregson and begin his work there.,0.0
arctic_a0070,Hindi,SVBI,l2+zero_100,He would first hunt up Gregson and begin his work there., He would first hunt up Grecson and begin his work there.,0.09090909090909091
arctic_a0070,Hindi,SVBI,nat+zero_200,He would first hunt up Gregson and begin his work there., He would first hunt up Gregson and begin his work there.,0.0
arctic_a0070,Hindi,SVBI,l2+zero_200,He would first hunt up Gregson and begin his work there., He would first hunt up Grecson and begin his work there.,0.09090909090909091
arctic_a0070,Hindi,SVBI,nat+zero_400,He would first hunt up Gregson and begin his work there., He would first hunt up Gregson and begin his work there.,0.0
arctic_a0070,Hindi,SVBI,l2+zero_400,He would first hunt up Gregson and begin his work there., He would first hunt up Gregson and begin his work there.,0.0
arctic_a0070,Hindi,SVBI,nat+zero_800,He would first hunt up Gregson and begin his work there., He would first hunt up Gregson and begin his work there.,0.0
arctic_a0070,Hindi,SVBI,l2+zero_800,He would first hunt up Gregson and begin his work there., He would first hunt up Gregson and begin his work there.,0.0
arctic_a0070,Hindi,SVBI,nat+empty_pad,He would first hunt up Gregson and begin his work there., He would first hunt up Gregson and begin his work there.,0.0
arctic_a0070,Hindi,SVBI,l2+empty_pad,He would first hunt up Gregson and begin his work there., He would first hunt up Gregson and begin his work there.,0.0
arctic_a0070,Korean,HJK,nat+nat,He would first hunt up Gregson and begin his work there., He would first hunt up Gregson and begin his work there.,0.0
arctic_a0070,Korean,HJK,nat+nat_diff_utt,He would first hunt up Gregson and begin his work there., He would first hunt up Gregson and begin his work there.,0.0
arctic_a0070,Korean,HJK,nat+l2_same,He would first hunt up Gregson and begin his work there., He would first hunt up Gregson and begin his work there.,0.0
arctic_a0070,Korean,HJK,nat+interp,He would first hunt up Gregson and begin his work there., He would first hunt up Gregson and begin his work there.,0.0
arctic_a0070,Korean,HJK,nat+noise,He would first hunt up Gregson and begin his work there., He would,0.8181818181818182
arctic_a0070,Korean,HJK,l2+l2,He would first hunt up Gregson and begin his work there., He would first hunt up Graxin and begin his work there.,0.09090909090909091
arctic_a0070,Korean,HJK,l2+l2_diff_utt,He would first hunt up Gregson and begin his work there., He would first hunt up Graxin and begin his work there.,0.09090909090909091
arctic_a0070,Korean,HJK,l2+nat_same,He would first hunt up Gregson and begin his work there., He would first hunt up Graxin and begin his work there.,0.09090909090909091
arctic_a0070,Korean,HJK,l2+interp,He would first hunt up Gregson and begin his work there., He would first hunt up Graxin and begin his work there.,0.09090909090909091
arctic_a0070,Korean,HJK,l2+noise,He would first hunt up Gregson and begin his work there., He would,0.8181818181818182
arctic_a0070,Korean,HJK,nat+zero_0,He would first hunt up Gregson and begin his work there., He would first hunt up Gregson and begin his work there.,0.0
arctic_a0070,Korean,HJK,l2+zero_0,He would first hunt up Gregson and begin his work there., He would first hunt up Graxin and begin his work there.,0.09090909090909091
arctic_a0070,Korean,HJK,nat+zero_100,He would first hunt up Gregson and begin his work there., He would first hunt up Gregson and begin his work there.,0.0
arctic_a0070,Korean,HJK,l2+zero_100,He would first hunt up Gregson and begin his work there., He would first hunt up Graxin and begin his work there.,0.09090909090909091
arctic_a0070,Korean,HJK,nat+zero_200,He would first hunt up Gregson and begin his work there., He would first hunt up Gregson and begin his work there.,0.0
arctic_a0070,Korean,HJK,l2+zero_200,He would first hunt up Gregson and begin his work there., He would first hunt up Graxin and begin his work there.,0.09090909090909091
arctic_a0070,Korean,HJK,nat+zero_400,He would first hunt up Gregson and begin his work there., He would first hunt up Gregson and begin his work there.,0.0
arctic_a0070,Korean,HJK,l2+zero_400,He would first hunt up Gregson and begin his work there., He would first hunt up Graxin and begin his work there.,0.09090909090909091
arctic_a0070,Korean,HJK,nat+zero_800,He would first hunt up Gregson and begin his work there., He would first hunt up Gregson and begin his work there.,0.0
arctic_a0070,Korean,HJK,l2+zero_800,He would first hunt up Gregson and begin his work there., He would first hunt up Graxin and begin his work there.,0.09090909090909091
arctic_a0070,Korean,HJK,nat+empty_pad,He would first hunt up Gregson and begin his work there., He would first hunt up Gregson and begin his work there.,0.0
arctic_a0070,Korean,HJK,l2+empty_pad,He would first hunt up Gregson and begin his work there., He would first hunt up Graxin and begin his work there.,0.09090909090909091
arctic_a0070,Spanish,EBVS,nat+nat,He would first hunt up Gregson and begin his work there., He would first hunt up Gregson and begin his work there.,0.0
arctic_a0070,Spanish,EBVS,nat+nat_diff_utt,He would first hunt up Gregson and begin his work there., He would first hunt up Gregson and begin his work there.,0.0
arctic_a0070,Spanish,EBVS,nat+l2_same,He would first hunt up Gregson and begin his work there., He would first hunt up Gregson and begin his work there.,0.0
arctic_a0070,Spanish,EBVS,nat+interp,He would first hunt up Gregson and begin his work there., He would first hunt up Gregson and begin his work there.,0.0
arctic_a0070,Spanish,EBVS,nat+noise,He would first hunt up Gregson and begin his work there., He would,0.8181818181818182
arctic_a0070,Spanish,EBVS,l2+l2,He would first hunt up Gregson and begin his work there., He would first hand Kersen and begin his work there.,0.2727272727272727
arctic_a0070,Spanish,EBVS,l2+l2_diff_utt,He would first hunt up Gregson and begin his work there., He would first hand Kersen and begin his work there.,0.2727272727272727
arctic_a0070,Spanish,EBVS,l2+nat_same,He would first hunt up Gregson and begin his work there., He would first hand Kersen and begin his work there.,0.2727272727272727
arctic_a0070,Spanish,EBVS,l2+interp,He would first hunt up Gregson and begin his work there., He would first hand Kersen and begin his work there.,0.2727272727272727
arctic_a0070,Spanish,EBVS,l2+noise,He would first hunt up Gregson and begin his work there., He would first hand person and begin his work there,0.2727272727272727
arctic_a0070,Spanish,EBVS,nat+zero_0,He would first hunt up Gregson and begin his work there., He would first hunt up Gregson and begin his work there.,0.0
arctic_a0070,Spanish,EBVS,l2+zero_0,He would first hunt up Gregson and begin his work there., He would first hand person and begin his work there.,0.2727272727272727
arctic_a0070,Spanish,EBVS,nat+zero_100,He would first hunt up Gregson and begin his work there., He would first hunt up Gregson and begin his work there.,0.0
arctic_a0070,Spanish,EBVS,l2+zero_100,He would first hunt up Gregson and begin his work there., He would first hand person and begin his work there.,0.2727272727272727
arctic_a0070,Spanish,EBVS,nat+zero_200,He would first hunt up Gregson and begin his work there., He would first hunt up Gregson and begin his work there.,0.0
arctic_a0070,Spanish,EBVS,l2+zero_200,He would first hunt up Gregson and begin his work there., He would first hand person and begin his work there.,0.2727272727272727
arctic_a0070,Spanish,EBVS,nat+zero_400,He would first hunt up Gregson and begin his work there., He would first hunt up Gregson and begin his work there.,0.0
arctic_a0070,Spanish,EBVS,l2+zero_400,He would first hunt up Gregson and begin his work there., He would first hand person and begin his work there.,0.2727272727272727
arctic_a0070,Spanish,EBVS,nat+zero_800,He would first hunt up Gregson and begin his work there., He would first hunt up Gregson and begin his work there.,0.0
arctic_a0070,Spanish,EBVS,l2+zero_800,He would first hunt up Gregson and begin his work there., He would first hand Kerson and begin his work there.,0.2727272727272727
arctic_a0070,Spanish,EBVS,nat+empty_pad,He would first hunt up Gregson and begin his work there., He would first hunt up Gregson and begin his work there.,0.0
arctic_a0070,Spanish,EBVS,l2+empty_pad,He would first hunt up Gregson and begin his work there., He would first hand Kersen and begin his work there.,0.2727272727272727
arctic_a0070,Vietnamese,HQTV,nat+nat,He would first hunt up Gregson and begin his work there., He would first hunt up Gregson and begin his work there.,0.0
arctic_a0070,Vietnamese,HQTV,nat+nat_diff_utt,He would first hunt up Gregson and begin his work there., He would first hunt up Gregson and begin his work there.,0.0
arctic_a0070,Vietnamese,HQTV,nat+l2_same,He would first hunt up Gregson and begin his work there., He would first hunt up Gregson and begin his work there.,0.0
arctic_a0070,Vietnamese,HQTV,nat+interp,He would first hunt up Gregson and begin his work there., He would first hunt up Gregson and begin his work there.,0.0
arctic_a0070,Vietnamese,HQTV,nat+noise,He would first hunt up Gregson and begin his work there., He would,0.8181818181818182
arctic_a0070,Vietnamese,HQTV,l2+l2,He would first hunt up Gregson and begin his work there., I would first hunt up Crescent and begin his work there.,0.18181818181818182
arctic_a0070,Vietnamese,HQTV,l2+l2_diff_utt,He would first hunt up Gregson and begin his work there., I would first hunt up Crescent and begin his work there.,0.18181818181818182
arctic_a0070,Vietnamese,HQTV,l2+nat_same,He would first hunt up Gregson and begin his work there., I would first hunt up Crescent and begin his work there.,0.18181818181818182
arctic_a0070,Vietnamese,HQTV,l2+interp,He would first hunt up Gregson and begin his work there., I would first hunt up Christian and begin his work there.,0.18181818181818182
arctic_a0070,Vietnamese,HQTV,l2+noise,He would first hunt up Gregson and begin his work there., I would,0.9090909090909091
arctic_a0070,Vietnamese,HQTV,nat+zero_0,He would first hunt up Gregson and begin his work there., He would first hunt up Gregson and begin his work there.,0.0
arctic_a0070,Vietnamese,HQTV,l2+zero_0,He would first hunt up Gregson and begin his work there., I would first hunt up Creston and begin his work there.,0.18181818181818182
arctic_a0070,Vietnamese,HQTV,nat+zero_100,He would first hunt up Gregson and begin his work there., He would first hunt up Gregson and begin his work there.,0.0
arctic_a0070,Vietnamese,HQTV,l2+zero_100,He would first hunt up Gregson and begin his work there., I would first hunt up Creston and begin his work there.,0.18181818181818182
arctic_a0070,Vietnamese,HQTV,nat+zero_200,He would first hunt up Gregson and begin his work there., He would first hunt up Gregson and begin his work there.,0.0
arctic_a0070,Vietnamese,HQTV,l2+zero_200,He would first hunt up Gregson and begin his work there., I would first hunt up Creston and begin his work there.,0.18181818181818182
arctic_a0070,Vietnamese,HQTV,nat+zero_400,He would first hunt up Gregson and begin his work there., He would first hunt up Gregson and begin his work there.,0.0
arctic_a0070,Vietnamese,HQTV,l2+zero_400,He would first hunt up Gregson and begin his work there., I would first hunt up Creston and begin his work there.,0.18181818181818182
arctic_a0070,Vietnamese,HQTV,nat+zero_800,He would first hunt up Gregson and begin his work there., He would first hunt up Gregson and begin his work there.,0.0
arctic_a0070,Vietnamese,HQTV,l2+zero_800,He would first hunt up Gregson and begin his work there., I would first hunt up Creston and begin his work there.,0.18181818181818182
arctic_a0070,Vietnamese,HQTV,nat+empty_pad,He would first hunt up Gregson and begin his work there., He would first hunt up Gregson and begin his work there.,0.0
arctic_a0070,Vietnamese,HQTV,l2+empty_pad,He would first hunt up Gregson and begin his work there., I would first hunt up Crescent and begin his work there.,0.18181818181818182
arctic_a0082,Arabic,ZHAA,nat+nat,His face was streaming with blood., His face was streaming with blood.,0.0
arctic_a0082,Arabic,ZHAA,nat+nat_diff_utt,His face was streaming with blood., His face was streaming with blood.,0.0
arctic_a0082,Arabic,ZHAA,nat+l2_same,His face was streaming with blood., His face was streaming with blood.,0.0
arctic_a0082,Arabic,ZHAA,nat+interp,His face was streaming with blood., His face was streaming with blood.,0.0
arctic_a0082,Arabic,ZHAA,nat+noise,His face was streaming with blood., His face was,0.5
arctic_a0082,Arabic,ZHAA,l2+l2,His face was streaming with blood., his face was streaming with blood.,0.0
arctic_a0082,Arabic,ZHAA,l2+l2_diff_utt,His face was streaming with blood., his face was streaming with blood.,0.0
arctic_a0082,Arabic,ZHAA,l2+nat_same,His face was streaming with blood., his face was streaming with blood.,0.0
arctic_a0082,Arabic,ZHAA,l2+interp,His face was streaming with blood., His face was streaming with blood.,0.0
arctic_a0082,Arabic,ZHAA,l2+noise,His face was streaming with blood., His face was,0.5
arctic_a0082,Arabic,ZHAA,nat+zero_0,His face was streaming with blood., His face was streaming with blood.,0.0
arctic_a0082,Arabic,ZHAA,l2+zero_0,His face was streaming with blood., His face was streaming with blood.,0.0
arctic_a0082,Arabic,ZHAA,nat+zero_100,His face was streaming with blood., His face was streaming with blood.,0.0
arctic_a0082,Arabic,ZHAA,l2+zero_100,His face was streaming with blood., His face was streaming with blood.,0.0
arctic_a0082,Arabic,ZHAA,nat+zero_200,His face was streaming with blood., His face was streaming with blood.,0.0
arctic_a0082,Arabic,ZHAA,l2+zero_200,His face was streaming with blood., his face was streaming with blood.,0.0
arctic_a0082,Arabic,ZHAA,nat+zero_400,His face was streaming with blood., His face was streaming with blood.,0.0
arctic_a0082,Arabic,ZHAA,l2+zero_400,His face was streaming with blood., his face was streaming with blood.,0.0
arctic_a0082,Arabic,ZHAA,nat+zero_800,His face was streaming with blood., His face was streaming with blood.,0.0
arctic_a0082,Arabic,ZHAA,l2+zero_800,His face was streaming with blood., his face was streaming with blood.,0.0
arctic_a0082,Arabic,ZHAA,nat+empty_pad,His face was streaming with blood., His face was streaming with blood.,0.0
arctic_a0082,Arabic,ZHAA,l2+empty_pad,His face was streaming with blood., His face was streaming with blood.,0.0
arctic_a0082,Chinese,BWC,nat+nat,His face was streaming with blood., His face was streaming with blood.,0.0
arctic_a0082,Chinese,BWC,nat+nat_diff_utt,His face was streaming with blood., His face was streaming with blood.,0.0
arctic_a0082,Chinese,BWC,nat+l2_same,His face was streaming with blood., His face was streaming with blood.,0.0
arctic_a0082,Chinese,BWC,nat+interp,His face was streaming with blood., His face was streaming with blood.,0.0
arctic_a0082,Chinese,BWC,nat+noise,His face was streaming with blood., His face was,0.5
arctic_a0082,Chinese,BWC,l2+l2,His face was streaming with blood., His face was steaming with blood.,0.16666666666666666
arctic_a0082,Chinese,BWC,l2+l2_diff_utt,His face was streaming with blood., His face was steaming with blood.,0.16666666666666666
arctic_a0082,Chinese,BWC,l2+nat_same,His face was streaming with blood., His face was steaming with blood.,0.16666666666666666
arctic_a0082,Chinese,BWC,l2+interp,His face was streaming with blood., His face was steaming with blood.,0.16666666666666666
arctic_a0082,Chinese,BWC,l2+noise,His face was streaming with blood., His his his his,0.8333333333333334
arctic_a0082,Chinese,BWC,nat+zero_0,His face was streaming with blood., His face was streaming with blood.,0.0
arctic_a0082,Chinese,BWC,l2+zero_0,His face was streaming with blood., His face was dimming with blood.,0.16666666666666666
arctic_a0082,Chinese,BWC,nat+zero_100,His face was streaming with blood., His face was streaming with blood.,0.0
arctic_a0082,Chinese,BWC,l2+zero_100,His face was streaming with blood., His face was dimming with blood.,0.16666666666666666
arctic_a0082,Chinese,BWC,nat+zero_200,His face was streaming with blood., His face was streaming with blood.,0.0
arctic_a0082,Chinese,BWC,l2+zero_200,His face was streaming with blood., His face was dimming with blood.,0.16666666666666666
arctic_a0082,Chinese,BWC,nat+zero_400,His face was streaming with blood., His face was streaming with blood.,0.0
arctic_a0082,Chinese,BWC,l2+zero_400,His face was streaming with blood., His face was dimming with blood.,0.16666666666666666
arctic_a0082,Chinese,BWC,nat+zero_800,His face was streaming with blood., His face was streaming with blood.,0.0
arctic_a0082,Chinese,BWC,l2+zero_800,His face was streaming with blood., His face was dimming with blood.,0.16666666666666666
arctic_a0082,Chinese,BWC,nat+empty_pad,His face was streaming with blood., His face was streaming with blood.,0.0
arctic_a0082,Chinese,BWC,l2+empty_pad,His face was streaming with blood., His face was steaming with blood.,0.16666666666666666
arctic_a0082,Hindi,SVBI,nat+nat,His face was streaming with blood., His face was streaming with blood.,0.0
arctic_a0082,Hindi,SVBI,nat+nat_diff_utt,His face was streaming with blood., His face was streaming with blood.,0.0
arctic_a0082,Hindi,SVBI,nat+l2_same,His face was streaming with blood., His face was streaming with blood.,0.0
arctic_a0082,Hindi,SVBI,nat+interp,His face was streaming with blood., His face was streaming with blood.,0.0
arctic_a0082,Hindi,SVBI,nat+noise,His face was streaming with blood., His face was,0.5
arctic_a0082,Hindi,SVBI,l2+l2,His face was streaming with blood., His face was streaming with blood.,0.0
arctic_a0082,Hindi,SVBI,l2+l2_diff_utt,His face was streaming with blood., His face was streaming with blood.,0.0
arctic_a0082,Hindi,SVBI,l2+nat_same,His face was streaming with blood., His face was streaming with blood.,0.0
arctic_a0082,Hindi,SVBI,l2+interp,His face was streaming with blood., His face was streaming with blood.,0.0
arctic_a0082,Hindi,SVBI,l2+noise,His face was streaming with blood., His his,0.8333333333333334
arctic_a0082,Hindi,SVBI,nat+zero_0,His face was streaming with blood., His face was streaming with blood.,0.0
arctic_a0082,Hindi,SVBI,l2+zero_0,His face was streaming with blood., His face was streaming with blood.,0.0
arctic_a0082,Hindi,SVBI,nat+zero_100,His face was streaming with blood., His face was streaming with blood.,0.0
arctic_a0082,Hindi,SVBI,l2+zero_100,His face was streaming with blood., His face was streaming with blood.,0.0
arctic_a0082,Hindi,SVBI,nat+zero_200,His face was streaming with blood., His face was streaming with blood.,0.0
arctic_a0082,Hindi,SVBI,l2+zero_200,His face was streaming with blood., His face was streaming with blood.,0.0
arctic_a0082,Hindi,SVBI,nat+zero_400,His face was streaming with blood., His face was streaming with blood.,0.0
arctic_a0082,Hindi,SVBI,l2+zero_400,His face was streaming with blood., His face was streaming with blood.,0.0
arctic_a0082,Hindi,SVBI,nat+zero_800,His face was streaming with blood., His face was streaming with blood.,0.0
arctic_a0082,Hindi,SVBI,l2+zero_800,His face was streaming with blood., His face was streaming with blood.,0.0
arctic_a0082,Hindi,SVBI,nat+empty_pad,His face was streaming with blood., His face was streaming with blood.,0.0
arctic_a0082,Hindi,SVBI,l2+empty_pad,His face was streaming with blood., His face was streaming with blood.,0.0
arctic_a0082,Korean,HJK,nat+nat,His face was streaming with blood., His face was streaming with blood.,0.0
arctic_a0082,Korean,HJK,nat+nat_diff_utt,His face was streaming with blood., His face was streaming with blood.,0.0
arctic_a0082,Korean,HJK,nat+l2_same,His face was streaming with blood., His face was streaming with blood.,0.0
arctic_a0082,Korean,HJK,nat+interp,His face was streaming with blood., His face was streaming with blood.,0.0
arctic_a0082,Korean,HJK,nat+noise,His face was streaming with blood., His face was,0.5
arctic_a0082,Korean,HJK,l2+l2,His face was streaming with blood., His face was streaming with blood.,0.0
arctic_a0082,Korean,HJK,l2+l2_diff_utt,His face was streaming with blood., His face was streaming with blood.,0.0
arctic_a0082,Korean,HJK,l2+nat_same,His face was streaming with blood., His face was streaming with blood.,0.0
arctic_a0082,Korean,HJK,l2+interp,His face was streaming with blood., His face was streaming with blood.,0.0
arctic_a0082,Korean,HJK,l2+noise,His face was streaming with blood., His his,0.8333333333333334
arctic_a0082,Korean,HJK,nat+zero_0,His face was streaming with blood., His face was streaming with blood.,0.0
arctic_a0082,Korean,HJK,l2+zero_0,His face was streaming with blood., His face was streaming with blood.,0.0
arctic_a0082,Korean,HJK,nat+zero_100,His face was streaming with blood., His face was streaming with blood.,0.0
arctic_a0082,Korean,HJK,l2+zero_100,His face was streaming with blood., His face was streaming with blood.,0.0
arctic_a0082,Korean,HJK,nat+zero_200,His face was streaming with blood., His face was streaming with blood.,0.0
arctic_a0082,Korean,HJK,l2+zero_200,His face was streaming with blood., His face was streaming with blood.,0.0
arctic_a0082,Korean,HJK,nat+zero_400,His face was streaming with blood., His face was streaming with blood.,0.0
arctic_a0082,Korean,HJK,l2+zero_400,His face was streaming with blood., His face was streaming with blood.,0.0
arctic_a0082,Korean,HJK,nat+zero_800,His face was streaming with blood., His face was streaming with blood.,0.0
arctic_a0082,Korean,HJK,l2+zero_800,His face was streaming with blood., His face was streaming with blood.,0.0
arctic_a0082,Korean,HJK,nat+empty_pad,His face was streaming with blood., His face was streaming with blood.,0.0
arctic_a0082,Korean,HJK,l2+empty_pad,His face was streaming with blood., His face was streaming with blood.,0.0
arctic_a0082,Spanish,EBVS,nat+nat,His face was streaming with blood., His face was streaming with blood.,0.0
arctic_a0082,Spanish,EBVS,nat+nat_diff_utt,His face was streaming with blood., His face was streaming with blood.,0.0
arctic_a0082,Spanish,EBVS,nat+l2_same,His face was streaming with blood., His face was streaming with blood.,0.0
arctic_a0082,Spanish,EBVS,nat+interp,His face was streaming with blood., His face was streaming with blood.,0.0
arctic_a0082,Spanish,EBVS,nat+noise,His face was streaming with blood., His face was,0.5
arctic_a0082,Spanish,EBVS,l2+l2,His face was streaming with blood., His fate was streaming with blood.,0.16666666666666666
arctic_a0082,Spanish,EBVS,l2+l2_diff_utt,His face was streaming with blood., His fate was streaming with blood.,0.16666666666666666
arctic_a0082,Spanish,EBVS,l2+nat_same,His face was streaming with blood., His fate was straining with blood.,0.3333333333333333
arctic_a0082,Spanish,EBVS,l2+interp,His face was streaming with blood., His fate was streaming with blood.,0.16666666666666666
arctic_a0082,Spanish,EBVS,l2+noise,His face was streaming with blood., His faith was,0.6666666666666666
arctic_a0082,Spanish,EBVS,nat+zero_0,His face was streaming with blood., His face was streaming with blood.,0.0
arctic_a0082,Spanish,EBVS,l2+zero_0,His face was streaming with blood., His fate was streaming with blood.,0.16666666666666666
arctic_a0082,Spanish,EBVS,nat+zero_100,His face was streaming with blood., His face was streaming with blood.,0.0
arctic_a0082,Spanish,EBVS,l2+zero_100,His face was streaming with blood., His fate was streaming with blood.,0.16666666666666666
arctic_a0082,Spanish,EBVS,nat+zero_200,His face was streaming with blood., His face was streaming with blood.,0.0
arctic_a0082,Spanish,EBVS,l2+zero_200,His face was streaming with blood., His fate was streaming with blood.,0.16666666666666666
arctic_a0082,Spanish,EBVS,nat+zero_400,His face was streaming with blood., His face was streaming with blood.,0.0
arctic_a0082,Spanish,EBVS,l2+zero_400,His face was streaming with blood., His fate was streaming with blood.,0.16666666666666666
arctic_a0082,Spanish,EBVS,nat+zero_800,His face was streaming with blood., His face was streaming with blood.,0.0
arctic_a0082,Spanish,EBVS,l2+zero_800,His face was streaming with blood., His fate was streaming with blood.,0.16666666666666666
arctic_a0082,Spanish,EBVS,nat+empty_pad,His face was streaming with blood., His face was streaming with blood.,0.0
arctic_a0082,Spanish,EBVS,l2+empty_pad,His face was streaming with blood., His fate was streaming with blood.,0.16666666666666666
arctic_a0082,Vietnamese,HQTV,nat+nat,His face was streaming with blood., His face was streaming with blood.,0.0
arctic_a0082,Vietnamese,HQTV,nat+nat_diff_utt,His face was streaming with blood., His face was streaming with blood.,0.0
arctic_a0082,Vietnamese,HQTV,nat+l2_same,His face was streaming with blood., His face was streaming with blood.,0.0
arctic_a0082,Vietnamese,HQTV,nat+interp,His face was streaming with blood., His face was streaming with blood.,0.0
arctic_a0082,Vietnamese,HQTV,nat+noise,His face was streaming with blood., His face was,0.5
arctic_a0082,Vietnamese,HQTV,l2+l2,His face was streaming with blood., if I was trembling with blood.,0.5
arctic_a0082,Vietnamese,HQTV,l2+l2_diff_utt,His face was streaming with blood., if I was trembling with blood.,0.5
arctic_a0082,Vietnamese,HQTV,l2+nat_same,His face was streaming with blood., if I was trembling with blood.,0.5
arctic_a0082,Vietnamese,HQTV,l2+interp,His face was streaming with blood., if I was streaming with blood.,0.3333333333333333
arctic_a0082,Vietnamese,HQTV,l2+noise,His face was streaming with blood., If I,1.0
arctic_a0082,Vietnamese,HQTV,nat+zero_0,His face was streaming with blood., His face was streaming with blood.,0.0
arctic_a0082,Vietnamese,HQTV,l2+zero_0,His face was streaming with blood., If I was trembling with blood,0.5
arctic_a0082,Vietnamese,HQTV,nat+zero_100,His face was streaming with blood., His face was streaming with blood.,0.0
arctic_a0082,Vietnamese,HQTV,l2+zero_100,His face was streaming with blood., if I was trembling with blood.,0.5
arctic_a0082,Vietnamese,HQTV,nat+zero_200,His face was streaming with blood., His face was streaming with blood.,0.0
arctic_a0082,Vietnamese,HQTV,l2+zero_200,His face was streaming with blood., if I was trembling with blood.,0.5
arctic_a0082,Vietnamese,HQTV,nat+zero_400,His face was streaming with blood., His face was streaming with blood.,0.0
arctic_a0082,Vietnamese,HQTV,l2+zero_400,His face was streaming with blood., if I was trembling with blood.,0.5
arctic_a0082,Vietnamese,HQTV,nat+zero_800,His face was streaming with blood., His face was streaming with blood.,0.0
arctic_a0082,Vietnamese,HQTV,l2+zero_800,His face was streaming with blood., if I was trembling with blood.,0.5
arctic_a0082,Vietnamese,HQTV,nat+empty_pad,His face was streaming with blood., His face was streaming with blood.,0.0
arctic_a0082,Vietnamese,HQTV,l2+empty_pad,His face was streaming with blood., if I was trembling with blood.,0.5
arctic_a0101,Arabic,ZHAA,nat+nat,"You, you would not keep the truth from me."," You, you would not keep the truth from me.",0.0
arctic_a0101,Arabic,ZHAA,nat+nat_diff_utt,"You, you would not keep the truth from me."," You, you would not keep the truth from me.",0.0
arctic_a0101,Arabic,ZHAA,nat+l2_same,"You, you would not keep the truth from me."," You, you would not keep the truth from me.",0.0
arctic_a0101,Arabic,ZHAA,nat+interp,"You, you would not keep the truth from me."," You, you would not keep the truth from me.",0.0
arctic_a0101,Arabic,ZHAA,nat+noise,"You, you would not keep the truth from me.", You.,0.8888888888888888
arctic_a0101,Arabic,ZHAA,l2+l2,"You, you would not keep the truth from me."," You, you would not keep the truth from me.",0.0
arctic_a0101,Arabic,ZHAA,l2+l2_diff_utt,"You, you would not keep the truth from me."," You, you would not keep the truth from me.",0.0
arctic_a0101,Arabic,ZHAA,l2+nat_same,"You, you would not keep the truth from me."," You, you would not keep the truth from me.",0.0
arctic_a0101,Arabic,ZHAA,l2+interp,"You, you would not keep the truth from me."," You, you would not keep the truth from me.",0.0
arctic_a0101,Arabic,ZHAA,l2+noise,"You, you would not keep the truth from me.", you,0.8888888888888888
arctic_a0101,Arabic,ZHAA,nat+zero_0,"You, you would not keep the truth from me."," You, you would not keep the truth from me.",0.0
arctic_a0101,Arabic,ZHAA,l2+zero_0,"You, you would not keep the truth from me.", You would not keep the truth from me.,0.1111111111111111
arctic_a0101,Arabic,ZHAA,nat+zero_100,"You, you would not keep the truth from me."," You, you would not keep the truth from me.",0.0
arctic_a0101,Arabic,ZHAA,l2+zero_100,"You, you would not keep the truth from me.", You would not keep the truth from me.,0.1111111111111111
arctic_a0101,Arabic,ZHAA,nat+zero_200,"You, you would not keep the truth from me."," You, you would not keep the truth from me.",0.0
arctic_a0101,Arabic,ZHAA,l2+zero_200,"You, you would not keep the truth from me.", You would not keep the truth from me.,0.1111111111111111
arctic_a0101,Arabic,ZHAA,nat+zero_400,"You, you would not keep the truth from me."," You, you would not keep the truth from me.",0.0
arctic_a0101,Arabic,ZHAA,l2+zero_400,"You, you would not keep the truth from me."," You, you would not keep the truth from me.",0.0
arctic_a0101,Arabic,ZHAA,nat+zero_800,"You, you would not keep the truth from me."," You, you would not keep the truth from me.",0.0
arctic_a0101,Arabic,ZHAA,l2+zero_800,"You, you would not keep the truth from me."," You, you would not keep the truth from me.",0.0
arctic_a0101,Arabic,ZHAA,nat+empty_pad,"You, you would not keep the truth from me."," You, you would not keep the truth from me.",0.0
arctic_a0101,Arabic,ZHAA,l2+empty_pad,"You, you would not keep the truth from me."," You, you would not keep the truth from me.",0.0
arctic_a0101,Chinese,BWC,nat+nat,"You, you would not keep the truth from me."," You, you would not keep the truth from me.",0.0
arctic_a0101,Chinese,BWC,nat+nat_diff_utt,"You, you would not keep the truth from me."," You, you would not keep the truth from me.",0.0
arctic_a0101,Chinese,BWC,nat+l2_same,"You, you would not keep the truth from me."," You, you would not keep the truth from me.",0.0
arctic_a0101,Chinese,BWC,nat+interp,"You, you would not keep the truth from me."," You, you would not keep the truth from me.",0.0
arctic_a0101,Chinese,BWC,nat+noise,"You, you would not keep the truth from me.", You.,0.8888888888888888
arctic_a0101,Chinese,BWC,l2+l2,"You, you would not keep the truth from me.", You will now keep the truth from me.,0.3333333333333333
arctic_a0101,Chinese,BWC,l2+l2_diff_utt,"You, you would not keep the truth from me.", You will now keep the truth from me.,0.3333333333333333
arctic_a0101,Chinese,BWC,l2+nat_same,"You, you would not keep the truth from me."," You, you will now keep the truth from me.",0.2222222222222222
arctic_a0101,Chinese,BWC,l2+interp,"You, you would not keep the truth from me.", You will now keep the truth from me.,0.3333333333333333
arctic_a0101,Chinese,BWC,l2+noise,"You, you would not keep the truth from me.", You you now,0.7777777777777778
arctic_a0101,Chinese,BWC,nat+zero_0,"You, you would not keep the truth from me."," You, you would not keep the truth from me.",0.0
arctic_a0101,Chinese,BWC,l2+zero_0,"You, you would not keep the truth from me.", You will now keep the truth from me.,0.3333333333333333
arctic_a0101,Chinese,BWC,nat+zero_100,"You, you would not keep the truth from me."," You, you would not keep the truth from me.",0.0
arctic_a0101,Chinese,BWC,l2+zero_100,"You, you would not keep the truth from me.", You will now keep the truth from me.,0.3333333333333333
arctic_a0101,Chinese,BWC,nat+zero_200,"You, you would not keep the truth from me."," You, you would not keep the truth from me.",0.0
arctic_a0101,Chinese,BWC,l2+zero_200,"You, you would not keep the truth from me.", You will now keep the truth from me.,0.3333333333333333
arctic_a0101,Chinese,BWC,nat+zero_400,"You, you would not keep the truth from me."," You, you would not keep the truth from me.",0.0
arctic_a0101,Chinese,BWC,l2+zero_400,"You, you would not keep the truth from me.", You will now keep the truth from me.,0.3333333333333333
arctic_a0101,Chinese,BWC,nat+zero_800,"You, you would not keep the truth from me."," You, you would not keep the truth from me.",0.0
arctic_a0101,Chinese,BWC,l2+zero_800,"You, you would not keep the truth from me.", You will now keep the truth from me.,0.3333333333333333
arctic_a0101,Chinese,BWC,nat+empty_pad,"You, you would not keep the truth from me."," You, you would not keep the truth from me.",0.0
arctic_a0101,Chinese,BWC,l2+empty_pad,"You, you would not keep the truth from me."," You, you will now keep the truth from me.",0.2222222222222222
arctic_a0101,Hindi,SVBI,nat+nat,"You, you would not keep the truth from me."," You, you would not keep the truth from me.",0.0
arctic_a0101,Hindi,SVBI,nat+nat_diff_utt,"You, you would not keep the truth from me."," You, you would not keep the truth from me.",0.0
arctic_a0101,Hindi,SVBI,nat+l2_same,"You, you would not keep the truth from me."," You, you would not keep the truth from me.",0.0
arctic_a0101,Hindi,SVBI,nat+interp,"You, you would not keep the truth from me."," You, you would not keep the truth from me.",0.0
arctic_a0101,Hindi,SVBI,nat+noise,"You, you would not keep the truth from me.", You.,0.8888888888888888
arctic_a0101,Hindi,SVBI,l2+l2,"You, you would not keep the truth from me.", You would not keep the truth from me.,0.1111111111111111
arctic_a0101,Hindi,SVBI,l2+l2_diff_utt,"You, you would not keep the truth from me.", You would not keep the truth from me.,0.1111111111111111
arctic_a0101,Hindi,SVBI,l2+nat_same,"You, you would not keep the truth from me.", You would not keep the truth from me.,0.1111111111111111
arctic_a0101,Hindi,SVBI,l2+interp,"You, you would not keep the truth from me.", You would not keep the truth from me.,0.1111111111111111
arctic_a0101,Hindi,SVBI,l2+noise,"You, you would not keep the truth from me.", You,0.8888888888888888
arctic_a0101,Hindi,SVBI,nat+zero_0,"You, you would not keep the truth from me."," You, you would not keep the truth from me.",0.0
arctic_a0101,Hindi,SVBI,l2+zero_0,"You, you would not keep the truth from me.", You would not keep the truth from me.,0.1111111111111111
arctic_a0101,Hindi,SVBI,nat+zero_100,"You, you would not keep the truth from me."," You, you would not keep the truth from me.",0.0
arctic_a0101,Hindi,SVBI,l2+zero_100,"You, you would not keep the truth from me.", You would not keep the truth from me.,0.1111111111111111
arctic_a0101,Hindi,SVBI,nat+zero_200,"You, you would not keep the truth from me."," You, you would not keep the truth from me.",0.0
arctic_a0101,Hindi,SVBI,l2+zero_200,"You, you would not keep the truth from me.", You would not keep the truth from me.,0.1111111111111111
arctic_a0101,Hindi,SVBI,nat+zero_400,"You, you would not keep the truth from me."," You, you would not keep the truth from me.",0.0
arctic_a0101,Hindi,SVBI,l2+zero_400,"You, you would not keep the truth from me.", You would not keep the truth from me.,0.1111111111111111
arctic_a0101,Hindi,SVBI,nat+zero_800,"You, you would not keep the truth from me."," You, you would not keep the truth from me.",0.0
arctic_a0101,Hindi,SVBI,l2+zero_800,"You, you would not keep the truth from me.", You would not keep the truth from me.,0.1111111111111111
arctic_a0101,Hindi,SVBI,nat+empty_pad,"You, you would not keep the truth from me."," You, you would not keep the truth from me.",0.0
arctic_a0101,Hindi,SVBI,l2+empty_pad,"You, you would not keep the truth from me.", You would not keep the truth from me.,0.1111111111111111
arctic_a0101,Korean,HJK,nat+nat,"You, you would not keep the truth from me."," You, you would not keep the truth from me.",0.0
arctic_a0101,Korean,HJK,nat+nat_diff_utt,"You, you would not keep the truth from me."," You, you would not keep the truth from me.",0.0
arctic_a0101,Korean,HJK,nat+l2_same,"You, you would not keep the truth from me."," You, you would not keep the truth from me.",0.0
arctic_a0101,Korean,HJK,nat+interp,"You, you would not keep the truth from me."," You, you would not keep the truth from me.",0.0
arctic_a0101,Korean,HJK,nat+noise,"You, you would not keep the truth from me.", You.,0.8888888888888888
arctic_a0101,Korean,HJK,l2+l2,"You, you would not keep the truth from me."," You, you would not keep the truth from me.",0.0
arctic_a0101,Korean,HJK,l2+l2_diff_utt,"You, you would not keep the truth from me."," You, you would not keep the truth from me.",0.0
arctic_a0101,Korean,HJK,l2+nat_same,"You, you would not keep the truth from me."," You, you would not keep the truth from me.",0.0
arctic_a0101,Korean,HJK,l2+interp,"You, you would not keep the truth from me."," You, you would not keep the truth from me.",0.0
arctic_a0101,Korean,HJK,l2+noise,"You, you would not keep the truth from me.", You,0.8888888888888888
arctic_a0101,Korean,HJK,nat+zero_0,"You, you would not keep the truth from me."," You, you would not keep the truth from me.",0.0
arctic_a0101,Korean,HJK,l2+zero_0,"You, you would not keep the truth from me."," You, you would not keep the truth from me.",0.0
arctic_a0101,Korean,HJK,nat+zero_100,"You, you would not keep the truth from me."," You, you would not keep the truth from me.",0.0
arctic_a0101,Korean,HJK,l2+zero_100,"You, you would not keep the truth from me."," You, you would not keep the truth from me.",0.0
arctic_a0101,Korean,HJK,nat+zero_200,"You, you would not keep the truth from me."," You, you would not keep the truth from me.",0.0
arctic_a0101,Korean,HJK,l2+zero_200,"You, you would not keep the truth from me."," You, you would not keep the truth from me.",0.0
arctic_a0101,Korean,HJK,nat+zero_400,"You, you would not keep the truth from me."," You, you would not keep the truth from me.",0.0
arctic_a0101,Korean,HJK,l2+zero_400,"You, you would not keep the truth from me."," You, you would not keep the truth from me.",0.0
arctic_a0101,Korean,HJK,nat+zero_800,"You, you would not keep the truth from me."," You, you would not keep the truth from me.",0.0
arctic_a0101,Korean,HJK,l2+zero_800,"You, you would not keep the truth from me."," You, you would not keep the truth from me.",0.0
arctic_a0101,Korean,HJK,nat+empty_pad,"You, you would not keep the truth from me."," You, you would not keep the truth from me.",0.0
arctic_a0101,Korean,HJK,l2+empty_pad,"You, you would not keep the truth from me."," You, you would not keep the truth from me.",0.0
arctic_a0101,Spanish,EBVS,nat+nat,"You, you would not keep the truth from me."," You, you would not keep the truth from me.",0.0
arctic_a0101,Spanish,EBVS,nat+nat_diff_utt,"You, you would not keep the truth from me."," You, you would not keep the truth from me.",0.0
arctic_a0101,Spanish,EBVS,nat+l2_same,"You, you would not keep the truth from me."," You, you would not keep the truth from me.",0.0
arctic_a0101,Spanish,EBVS,nat+interp,"You, you would not keep the truth from me."," You, you would not keep the truth from me.",0.0
arctic_a0101,Spanish,EBVS,nat+noise,"You, you would not keep the truth from me.", You.,0.8888888888888888
arctic_a0101,Spanish,EBVS,l2+l2,"You, you would not keep the truth from me.", You. You will not keep the truth from me.,0.1111111111111111
arctic_a0101,Spanish,EBVS,l2+l2_diff_utt,"You, you would not keep the truth from me.", You. You will not keep the truth from me.,0.1111111111111111
arctic_a0101,Spanish,EBVS,l2+nat_same,"You, you would not keep the truth from me.", You. You will not keep the truth from me.,0.1111111111111111
arctic_a0101,Spanish,EBVS,l2+interp,"You, you would not keep the truth from me."," You, you will not keep the truth from me",0.1111111111111111
arctic_a0101,Spanish,EBVS,l2+noise,"You, you would not keep the truth from me.", You,0.8888888888888888
arctic_a0101,Spanish,EBVS,nat+zero_0,"You, you would not keep the truth from me."," You, you would not keep the truth from me.",0.0
arctic_a0101,Spanish,EBVS,l2+zero_0,"You, you would not keep the truth from me."," You, you will not keep the truth from me.",0.1111111111111111
arctic_a0101,Spanish,EBVS,nat+zero_100,"You, you would not keep the truth from me."," You, you would not keep the truth from me.",0.0
arctic_a0101,Spanish,EBVS,l2+zero_100,"You, you would not keep the truth from me."," You, you will not keep the truth from me.",0.1111111111111111
arctic_a0101,Spanish,EBVS,nat+zero_200,"You, you would not keep the truth from me."," You, you would not keep the truth from me.",0.0
arctic_a0101,Spanish,EBVS,l2+zero_200,"You, you would not keep the truth from me."," You, you will not keep the truth from me.",0.1111111111111111
arctic_a0101,Spanish,EBVS,nat+zero_400,"You, you would not keep the truth from me."," You, you would not keep the truth from me.",0.0
arctic_a0101,Spanish,EBVS,l2+zero_400,"You, you would not keep the truth from me."," You, you will not keep the truth from me.",0.1111111111111111
arctic_a0101,Spanish,EBVS,nat+zero_800,"You, you would not keep the truth from me."," You, you would not keep the truth from me.",0.0
arctic_a0101,Spanish,EBVS,l2+zero_800,"You, you would not keep the truth from me."," You, you will not keep the truth from me.",0.1111111111111111
arctic_a0101,Spanish,EBVS,nat+empty_pad,"You, you would not keep the truth from me."," You, you would not keep the truth from me.",0.0
arctic_a0101,Spanish,EBVS,l2+empty_pad,"You, you would not keep the truth from me.", You. You will not keep the truth from me.,0.1111111111111111
arctic_a0101,Vietnamese,HQTV,nat+nat,"You, you would not keep the truth from me."," You, you would not keep the truth from me.",0.0
arctic_a0101,Vietnamese,HQTV,nat+nat_diff_utt,"You, you would not keep the truth from me."," You, you would not keep the truth from me.",0.0
arctic_a0101,Vietnamese,HQTV,nat+l2_same,"You, you would not keep the truth from me."," You, you would not keep the truth from me.",0.0
arctic_a0101,Vietnamese,HQTV,nat+interp,"You, you would not keep the truth from me."," You, you would not keep the truth from me.",0.0
arctic_a0101,Vietnamese,HQTV,nat+noise,"You, you would not keep the truth from me.", You.,0.8888888888888888
arctic_a0101,Vietnamese,HQTV,l2+l2,"You, you would not keep the truth from me.", You would not keep the trust from me.,0.2222222222222222
arctic_a0101,Vietnamese,HQTV,l2+l2_diff_utt,"You, you would not keep the truth from me.", You would not keep the trust for me.,0.3333333333333333
arctic_a0101,Vietnamese,HQTV,l2+nat_same,"You, you would not keep the truth from me.", You would not keep the trust for me.,0.3333333333333333
arctic_a0101,Vietnamese,HQTV,l2+interp,"You, you would not keep the truth from me.", You would not keep the trust for me.,0.3333333333333333
arctic_a0101,Vietnamese,HQTV,l2+noise,"You, you would not keep the truth from me.", You you,0.7777777777777778
arctic_a0101,Vietnamese,HQTV,nat+zero_0,"You, you would not keep the truth from me."," You, you would not keep the truth from me.",0.0
arctic_a0101,Vietnamese,HQTV,l2+zero_0,"You, you would not keep the truth from me.", You would not keep the trust for me.,0.3333333333333333
arctic_a0101,Vietnamese,HQTV,nat+zero_100,"You, you would not keep the truth from me."," You, you would not keep the truth from me.",0.0
arctic_a0101,Vietnamese,HQTV,l2+zero_100,"You, you would not keep the truth from me.", You would not keep the trust for me.,0.3333333333333333
arctic_a0101,Vietnamese,HQTV,nat+zero_200,"You, you would not keep the truth from me."," You, you would not keep the truth from me.",0.0
arctic_a0101,Vietnamese,HQTV,l2+zero_200,"You, you would not keep the truth from me.", You would not keep the trust for me.,0.3333333333333333
arctic_a0101,Vietnamese,HQTV,nat+zero_400,"You, you would not keep the truth from me."," You, you would not keep the truth from me.",0.0
arctic_a0101,Vietnamese,HQTV,l2+zero_400,"You, you would not keep the truth from me.", You would not keep the trust for me.,0.3333333333333333
arctic_a0101,Vietnamese,HQTV,nat+zero_800,"You, you would not keep the truth from me."," You, you would not keep the truth from me.",0.0
arctic_a0101,Vietnamese,HQTV,l2+zero_800,"You, you would not keep the truth from me.", You would not keep the trust for me.,0.3333333333333333
arctic_a0101,Vietnamese,HQTV,nat+empty_pad,"You, you would not keep the truth from me."," You, you would not keep the truth from me.",0.0
arctic_a0101,Vietnamese,HQTV,l2+empty_pad,"You, you would not keep the truth from me.", You would not keep the trust for me.,0.3333333333333333
arctic_a0106,Arabic,ZHAA,nat+nat,The emotion which she had suppressed burst forth now in a choking sob., the emotion which she had suppressed burst forth now in a choking sob.,0.0
arctic_a0106,Arabic,ZHAA,nat+nat_diff_utt,The emotion which she had suppressed burst forth now in a choking sob., the emotion which she had suppressed burst forth now in a choking sob.,0.0
arctic_a0106,Arabic,ZHAA,nat+l2_same,The emotion which she had suppressed burst forth now in a choking sob., the emotion which she had suppressed burst forth now in a choking sob.,0.0
arctic_a0106,Arabic,ZHAA,nat+interp,The emotion which she had suppressed burst forth now in a choking sob., the emotion which she had suppressed burst forth now in a choking sob.,0.0
arctic_a0106,Arabic,ZHAA,nat+noise,The emotion which she had suppressed burst forth now in a choking sob.," The Em,",0.9230769230769231
arctic_a0106,Arabic,ZHAA,l2+l2,The emotion which she had suppressed burst forth now in a choking sob., the emotion which he has suppressed first forth now in a chucking sob.,0.3076923076923077
arctic_a0106,Arabic,ZHAA,l2+l2_diff_utt,The emotion which she had suppressed burst forth now in a choking sob., the emotion which he has suppressed first forth now in a chucking sob.,0.3076923076923077
arctic_a0106,Arabic,ZHAA,l2+nat_same,The emotion which she had suppressed burst forth now in a choking sob., the emotion which he has suppressed first forth now in a chucking sob.,0.3076923076923077
arctic_a0106,Arabic,ZHAA,l2+interp,The emotion which she had suppressed burst forth now in a choking sob., the emotion which he has suppressed first forth now in a chucking song.,0.38461538461538464
arctic_a0106,Arabic,ZHAA,l2+noise,The emotion which she had suppressed burst forth now in a choking sob., the emotion which she has,0.6923076923076923
arctic_a0106,Arabic,ZHAA,nat+zero_0,The emotion which she had suppressed burst forth now in a choking sob., the emotion which she had suppressed burst forth now in a choking sob.,0.0
arctic_a0106,Arabic,ZHAA,l2+zero_0,The emotion which she had suppressed burst forth now in a choking sob., the emotion which he has suppressed first forth now in a shocking stop.,0.38461538461538464
arctic_a0106,Arabic,ZHAA,nat+zero_100,The emotion which she had suppressed burst forth now in a choking sob., the emotion which she had suppressed burst forth now in a choking sob.,0.0
arctic_a0106,Arabic,ZHAA,l2+zero_100,The emotion which she had suppressed burst forth now in a choking sob., the emotion which he has suppressed first forth now in a shocking soap.,0.38461538461538464
arctic_a0106,Arabic,ZHAA,nat+zero_200,The emotion which she had suppressed burst forth now in a choking sob., the emotion which she had suppressed burst forth now in a choking sob.,0.0
arctic_a0106,Arabic,ZHAA,l2+zero_200,The emotion which she had suppressed burst forth now in a choking sob., the emotion which he has suppressed first forth now in a shocking soap.,0.38461538461538464
arctic_a0106,Arabic,ZHAA,nat+zero_400,The emotion which she had suppressed burst forth now in a choking sob., the emotion which she had suppressed burst forth now in a choking sob.,0.0
arctic_a0106,Arabic,ZHAA,l2+zero_400,The emotion which she had suppressed burst forth now in a choking sob., the emotion which he has suppressed first forth now in a shocking soap.,0.38461538461538464
arctic_a0106,Arabic,ZHAA,nat+zero_800,The emotion which she had suppressed burst forth now in a choking sob., the emotion which she had suppressed burst forth now in a choking sob.,0.0
arctic_a0106,Arabic,ZHAA,l2+zero_800,The emotion which she had suppressed burst forth now in a choking sob., the emotion which he has suppressed first forth now in a shocking soap.,0.38461538461538464
arctic_a0106,Arabic,ZHAA,nat+empty_pad,The emotion which she had suppressed burst forth now in a choking sob., the emotion which she had suppressed burst forth now in a choking sob.,0.0
arctic_a0106,Arabic,ZHAA,l2+empty_pad,The emotion which she had suppressed burst forth now in a choking sob., the emotion which he has suppressed first forth now in a chucking sob.,0.3076923076923077
arctic_a0106,Chinese,BWC,nat+nat,The emotion which she had suppressed burst forth now in a choking sob., the emotion which she had suppressed burst forth now in a choking sob.,0.0
arctic_a0106,Chinese,BWC,nat+nat_diff_utt,The emotion which she had suppressed burst forth now in a choking sob., the emotion which she had suppressed burst forth now in a choking sob.,0.0
arctic_a0106,Chinese,BWC,nat+l2_same,The emotion which she had suppressed burst forth now in a choking sob., the emotion which she had suppressed burst forth now in a choking sob.,0.0
arctic_a0106,Chinese,BWC,nat+interp,The emotion which she had suppressed burst forth now in a choking sob., the emotion which she had suppressed burst forth now in a choking sob.,0.0
arctic_a0106,Chinese,BWC,nat+noise,The emotion which she had suppressed burst forth now in a choking sob.," The Em,",0.9230769230769231
arctic_a0106,Chinese,BWC,l2+l2,The emotion which she had suppressed burst forth now in a choking sob., the emotion which she had surprised brassed forth now in the shocking song.,0.38461538461538464
arctic_a0106,Chinese,BWC,l2+l2_diff_utt,The emotion which she had suppressed burst forth now in a choking sob., the emotion which she had surprised brassed forth now in the shocking song.,0.38461538461538464
arctic_a0106,Chinese,BWC,l2+nat_same,The emotion which she had suppressed burst forth now in a choking sob., the emotion which she had surprised Blast forth now in the shocking song.,0.38461538461538464
arctic_a0106,Chinese,BWC,l2+interp,The emotion which she had suppressed burst forth now in a choking sob.," the emotion which she had surprised, brassed forth now in the shocking song.",0.38461538461538464
arctic_a0106,Chinese,BWC,l2+noise,The emotion which she had suppressed burst forth now in a choking sob.," the emotion which she had surprised, breathed now in the",0.46153846153846156
arctic_a0106,Chinese,BWC,nat+zero_0,The emotion which she had suppressed burst forth now in a choking sob., the emotion which she had suppressed burst forth now in a choking sob.,0.0
arctic_a0106,Chinese,BWC,l2+zero_0,The emotion which she had suppressed burst forth now in a choking sob., the emotion which she had surprised Blast forth now in the shocking,0.38461538461538464
arctic_a0106,Chinese,BWC,nat+zero_100,The emotion which she had suppressed burst forth now in a choking sob., the emotion which she had suppressed burst forth now in a choking sob.,0.0
arctic_a0106,Chinese,BWC,l2+zero_100,The emotion which she had suppressed burst forth now in a choking sob., the emotion which she had surprised Blast forth now in the shocking,0.38461538461538464
arctic_a0106,Chinese,BWC,nat+zero_200,The emotion which she had suppressed burst forth now in a choking sob., the emotion which she had suppressed burst forth now in a choking sob.,0.0
arctic_a0106,Chinese,BWC,l2+zero_200,The emotion which she had suppressed burst forth now in a choking sob., the emotion which she had surprised Blast forth now in the shocking,0.38461538461538464
arctic_a0106,Chinese,BWC,nat+zero_400,The emotion which she had suppressed burst forth now in a choking sob., the emotion which she had suppressed burst forth now in a choking sob.,0.0
arctic_a0106,Chinese,BWC,l2+zero_400,The emotion which she had suppressed burst forth now in a choking sob., the emotion which she had surprised Blast forth now in the shocking,0.38461538461538464
arctic_a0106,Chinese,BWC,nat+zero_800,The emotion which she had suppressed burst forth now in a choking sob., the emotion which she had suppressed burst forth now in a choking sob.,0.0
arctic_a0106,Chinese,BWC,l2+zero_800,The emotion which she had suppressed burst forth now in a choking sob., the emotion which she had surprised Blast forth now in the shocking song.,0.38461538461538464
arctic_a0106,Chinese,BWC,nat+empty_pad,The emotion which she had suppressed burst forth now in a choking sob., the emotion which she had suppressed burst forth now in a choking sob.,0.0
arctic_a0106,Chinese,BWC,l2+empty_pad,The emotion which she had suppressed burst forth now in a choking sob., the emotion which she had surprised brass fourth now in the shocking song.,0.46153846153846156
arctic_a0106,Hindi,SVBI,nat+nat,The emotion which she had suppressed burst forth now in a choking sob., the emotion which she had suppressed burst forth now in a choking sob.,0.0
arctic_a0106,Hindi,SVBI,nat+nat_diff_utt,The emotion which she had suppressed burst forth now in a choking sob., the emotion which she had suppressed burst forth now in a choking sob.,0.0
arctic_a0106,Hindi,SVBI,nat+l2_same,The emotion which she had suppressed burst forth now in a choking sob., the emotion which she had suppressed burst forth now in a choking sob.,0.0
arctic_a0106,Hindi,SVBI,nat+interp,The emotion which she had suppressed burst forth now in a choking sob., the emotion which she had suppressed burst forth now in a choking sob.,0.0
arctic_a0106,Hindi,SVBI,nat+noise,The emotion which she had suppressed burst forth now in a choking sob.," The Em,",0.9230769230769231
arctic_a0106,Hindi,SVBI,l2+l2,The emotion which she had suppressed burst forth now in a choking sob., The emotion which she had suppressed burst forth now in a talking sob.,0.07692307692307693
arctic_a0106,Hindi,SVBI,l2+l2_diff_utt,The emotion which she had suppressed burst forth now in a choking sob., The emotion which she had suppressed burst forth now in a talking sob.,0.07692307692307693
arctic_a0106,Hindi,SVBI,l2+nat_same,The emotion which she had suppressed burst forth now in a choking sob., The emotion which she had suppressed burst forth now in a talking sob.,0.07692307692307693
arctic_a0106,Hindi,SVBI,l2+interp,The emotion which she had suppressed burst forth now in a choking sob., The emotion which she had suppressed burst forth now in a talking sob.,0.07692307692307693
arctic_a0106,Hindi,SVBI,l2+noise,The emotion which she had suppressed burst forth now in a choking sob.," The emotion, the emotion,",0.8461538461538461
arctic_a0106,Hindi,SVBI,nat+zero_0,The emotion which she had suppressed burst forth now in a choking sob., the emotion which she had suppressed burst forth now in a choking sob.,0.0
arctic_a0106,Hindi,SVBI,l2+zero_0,The emotion which she had suppressed burst forth now in a choking sob., The emotion which she had suppressed burst forth now in a talking sob.,0.07692307692307693
arctic_a0106,Hindi,SVBI,nat+zero_100,The emotion which she had suppressed burst forth now in a choking sob., the emotion which she had suppressed burst forth now in a choking sob.,0.0
arctic_a0106,Hindi,SVBI,l2+zero_100,The emotion which she had suppressed burst forth now in a choking sob., The emotion which she had suppressed burst forth now in a talking sob.,0.07692307692307693
arctic_a0106,Hindi,SVBI,nat+zero_200,The emotion which she had suppressed burst forth now in a choking sob., the emotion which she had suppressed burst forth now in a choking sob.,0.0
arctic_a0106,Hindi,SVBI,l2+zero_200,The emotion which she had suppressed burst forth now in a choking sob., The emotion which she had suppressed burst forth now in a talking sob.,0.07692307692307693
arctic_a0106,Hindi,SVBI,nat+zero_400,The emotion which she had suppressed burst forth now in a choking sob., the emotion which she had suppressed burst forth now in a choking sob.,0.0
arctic_a0106,Hindi,SVBI,l2+zero_400,The emotion which she had suppressed burst forth now in a choking sob., The emotion which she had suppressed burst forth now in a talking sob.,0.07692307692307693
arctic_a0106,Hindi,SVBI,nat+zero_800,The emotion which she had suppressed burst forth now in a choking sob., the emotion which she had suppressed burst forth now in a choking sob.,0.0
arctic_a0106,Hindi,SVBI,l2+zero_800,The emotion which she had suppressed burst forth now in a choking sob., The emotion which she had suppressed burst forth now in a talking sob.,0.07692307692307693
arctic_a0106,Hindi,SVBI,nat+empty_pad,The emotion which she had suppressed burst forth now in a choking sob., the emotion which she had suppressed burst forth now in a choking sob.,0.0
arctic_a0106,Hindi,SVBI,l2+empty_pad,The emotion which she had suppressed burst forth now in a choking sob., The emotion which she had suppressed burst forth now in a talking sob.,0.07692307692307693
arctic_a0106,Korean,HJK,nat+nat,The emotion which she had suppressed burst forth now in a choking sob., the emotion which she had suppressed burst forth now in a choking sob.,0.0
arctic_a0106,Korean,HJK,nat+nat_diff_utt,The emotion which she had suppressed burst forth now in a choking sob., the emotion which she had suppressed burst forth now in a choking sob.,0.0
arctic_a0106,Korean,HJK,nat+l2_same,The emotion which she had suppressed burst forth now in a choking sob., the emotion which she had suppressed burst forth now in a choking sob.,0.0
arctic_a0106,Korean,HJK,nat+interp,The emotion which she had suppressed burst forth now in a choking sob., the emotion which she had suppressed burst forth now in a choking sob.,0.0
arctic_a0106,Korean,HJK,nat+noise,The emotion which she had suppressed burst forth now in a choking sob.," The Em,",0.9230769230769231
arctic_a0106,Korean,HJK,l2+l2,The emotion which she had suppressed burst forth now in a choking sob., the emotion which she had suppressed burst forth now in a choking sob.,0.0
arctic_a0106,Korean,HJK,l2+l2_diff_utt,The emotion which she had suppressed burst forth now in a choking sob., the emotion which she had suppressed burst forth now in a choking sob.,0.0
arctic_a0106,Korean,HJK,l2+nat_same,The emotion which she had suppressed burst forth now in a choking sob., The emotion which she had suppressed burst forth now in a choking sob.,0.0
arctic_a0106,Korean,HJK,l2+interp,The emotion which she had suppressed burst forth now in a choking sob., The emotion which she had suppressed burst forth now in a choking sob.,0.0
arctic_a0106,Korean,HJK,l2+noise,The emotion which she had suppressed burst forth now in a choking sob.," The emotion,",0.8461538461538461
arctic_a0106,Korean,HJK,nat+zero_0,The emotion which she had suppressed burst forth now in a choking sob., the emotion which she had suppressed burst forth now in a choking sob.,0.0
arctic_a0106,Korean,HJK,l2+zero_0,The emotion which she had suppressed burst forth now in a choking sob., The emotion which she had suppressed burst forth now in a choking sob.,0.0
arctic_a0106,Korean,HJK,nat+zero_100,The emotion which she had suppressed burst forth now in a choking sob., the emotion which she had suppressed burst forth now in a choking sob.,0.0
arctic_a0106,Korean,HJK,l2+zero_100,The emotion which she had suppressed burst forth now in a choking sob., the emotion which she had suppressed burst forth now in a choking sob.,0.0
arctic_a0106,Korean,HJK,nat+zero_200,The emotion which she had suppressed burst forth now in a choking sob., the emotion which she had suppressed burst forth now in a choking sob.,0.0
arctic_a0106,Korean,HJK,l2+zero_200,The emotion which she had suppressed burst forth now in a choking sob., the emotion which she had suppressed burst forth now in a choking sob.,0.0
arctic_a0106,Korean,HJK,nat+zero_400,The emotion which she had suppressed burst forth now in a choking sob., the emotion which she had suppressed burst forth now in a choking sob.,0.0
arctic_a0106,Korean,HJK,l2+zero_400,The emotion which she had suppressed burst forth now in a choking sob., the emotion which she had suppressed burst forth now in a choking sob.,0.0
arctic_a0106,Korean,HJK,nat+zero_800,The emotion which she had suppressed burst forth now in a choking sob., the emotion which she had suppressed burst forth now in a choking sob.,0.0
arctic_a0106,Korean,HJK,l2+zero_800,The emotion which she had suppressed burst forth now in a choking sob., the emotion which she had suppressed burst forth now in a choking sob.,0.0
arctic_a0106,Korean,HJK,nat+empty_pad,The emotion which she had suppressed burst forth now in a choking sob., the emotion which she had suppressed burst forth now in a choking sob.,0.0
arctic_a0106,Korean,HJK,l2+empty_pad,The emotion which she had suppressed burst forth now in a choking sob., The emotion which she had suppressed burst forth now in a choking sob.,0.0
arctic_a0106,Spanish,EBVS,nat+nat,The emotion which she had suppressed burst forth now in a choking sob., the emotion which she had suppressed burst forth now in a choking sob.,0.0
arctic_a0106,Spanish,EBVS,nat+nat_diff_utt,The emotion which she had suppressed burst forth now in a choking sob., the emotion which she had suppressed burst forth now in a choking sob.,0.0
arctic_a0106,Spanish,EBVS,nat+l2_same,The emotion which she had suppressed burst forth now in a choking sob., the emotion which she had suppressed burst forth now in a choking sob.,0.0
arctic_a0106,Spanish,EBVS,nat+interp,The emotion which she had suppressed burst forth now in a choking sob., the emotion which she had suppressed burst forth now in a choking sob.,0.0
arctic_a0106,Spanish,EBVS,nat+noise,The emotion which she had suppressed burst forth now in a choking sob.," The Em,",0.9230769230769231
arctic_a0106,Spanish,EBVS,l2+l2,The emotion which she had suppressed burst forth now in a choking sob., the motion which she has pressed first now in a shocking top,0.5384615384615384
arctic_a0106,Spanish,EBVS,l2+l2_diff_utt,The emotion which she had suppressed burst forth now in a choking sob., the motion which she has pressed first now in a shocking top,0.5384615384615384
arctic_a0106,Spanish,EBVS,l2+nat_same,The emotion which she had suppressed burst forth now in a choking sob., the motion which she has pressed first now in a shocking top.,0.5384615384615384
arctic_a0106,Spanish,EBVS,l2+interp,The emotion which she had suppressed burst forth now in a choking sob., the motion which she has suppressed was forced now in a shocking top.,0.46153846153846156
arctic_a0106,Spanish,EBVS,l2+noise,The emotion which she had suppressed burst forth now in a choking sob., The motion which she has pressed the first,0.7692307692307693
arctic_a0106,Spanish,EBVS,nat+zero_0,The emotion which she had suppressed burst forth now in a choking sob., the emotion which she had suppressed burst forth now in a choking sob.,0.0
arctic_a0106,Spanish,EBVS,l2+zero_0,The emotion which she had suppressed burst forth now in a choking sob.," the motion which she has pressed first, now in a shocking top.",0.5384615384615384
arctic_a0106,Spanish,EBVS,nat+zero_100,The emotion which she had suppressed burst forth now in a choking sob., the emotion which she had suppressed burst forth now in a choking sob.,0.0
arctic_a0106,Spanish,EBVS,l2+zero_100,The emotion which she had suppressed burst forth now in a choking sob.," the motion which she has pressed first, now in a shocking top.",0.5384615384615384
arctic_a0106,Spanish,EBVS,nat+zero_200,The emotion which she had suppressed burst forth now in a choking sob., the emotion which she had suppressed burst forth now in a choking sob.,0.0
arctic_a0106,Spanish,EBVS,l2+zero_200,The emotion which she had suppressed burst forth now in a choking sob.," the motion which she has pressed first, now in a shocking top.",0.5384615384615384
arctic_a0106,Spanish,EBVS,nat+zero_400,The emotion which she had suppressed burst forth now in a choking sob., the emotion which she had suppressed burst forth now in a choking sob.,0.0
arctic_a0106,Spanish,EBVS,l2+zero_400,The emotion which she had suppressed burst forth now in a choking sob.," the motion which she has pressed first, now in a shocking top.",0.5384615384615384
arctic_a0106,Spanish,EBVS,nat+zero_800,The emotion which she had suppressed burst forth now in a choking sob., the emotion which she had suppressed burst forth now in a choking sob.,0.0
arctic_a0106,Spanish,EBVS,l2+zero_800,The emotion which she had suppressed burst forth now in a choking sob., the motion which she has pressed first now in a shocking top.,0.5384615384615384
arctic_a0106,Spanish,EBVS,nat+empty_pad,The emotion which she had suppressed burst forth now in a choking sob., the emotion which she had suppressed burst forth now in a choking sob.,0.0
arctic_a0106,Spanish,EBVS,l2+empty_pad,The emotion which she had suppressed burst forth now in a choking sob., the motion which she has pressed first now in a shocking top.,0.5384615384615384
arctic_a0106,Vietnamese,HQTV,nat+nat,The emotion which she had suppressed burst forth now in a choking sob., the emotion which she had suppressed burst forth now in a choking sob.,0.0
arctic_a0106,Vietnamese,HQTV,nat+nat_diff_utt,The emotion which she had suppressed burst forth now in a choking sob., the emotion which she had suppressed burst forth now in a choking sob.,0.0
arctic_a0106,Vietnamese,HQTV,nat+l2_same,The emotion which she had suppressed burst forth now in a choking sob., the emotion which she had suppressed burst forth now in a choking sob.,0.0
arctic_a0106,Vietnamese,HQTV,nat+interp,The emotion which she had suppressed burst forth now in a choking sob., the emotion which she had suppressed burst forth now in a choking sob.,0.0
arctic_a0106,Vietnamese,HQTV,nat+noise,The emotion which she had suppressed burst forth now in a choking sob.," The Em,",0.9230769230769231
arctic_a0106,Vietnamese,HQTV,l2+l2,The emotion which she had suppressed burst forth now in a choking sob., the emotion which she has suppressed burst forth now in the choking soft.,0.23076923076923078
arctic_a0106,Vietnamese,HQTV,l2+l2_diff_utt,The emotion which she had suppressed burst forth now in a choking sob., the emotion which she has suppressed burst forth now in the choking soft,0.23076923076923078
arctic_a0106,Vietnamese,HQTV,l2+nat_same,The emotion which she had suppressed burst forth now in a choking sob., the emotion which she has suppressed burst forth now in the choking soft.,0.23076923076923078
arctic_a0106,Vietnamese,HQTV,l2+interp,The emotion which she had suppressed burst forth now in a choking sob., the emotion which she has suppressed burst burst now in the choking soft,0.3076923076923077
arctic_a0106,Vietnamese,HQTV,l2+noise,The emotion which she had suppressed burst forth now in a choking sob., the motion which she has the,0.7692307692307693
arctic_a0106,Vietnamese,HQTV,nat+zero_0,The emotion which she had suppressed burst forth now in a choking sob., the emotion which she had suppressed burst forth now in a choking sob.,0.0
arctic_a0106,Vietnamese,HQTV,l2+zero_0,The emotion which she had suppressed burst forth now in a choking sob., the emotion which she has suppressed for now in the choking soft.,0.38461538461538464
arctic_a0106,Vietnamese,HQTV,nat+zero_100,The emotion which she had suppressed burst forth now in a choking sob., the emotion which she had suppressed burst forth now in a choking sob.,0.0
arctic_a0106,Vietnamese,HQTV,l2+zero_100,The emotion which she had suppressed burst forth now in a choking sob., the emotion which she has suppressed for now in the choking soft.,0.38461538461538464
arctic_a0106,Vietnamese,HQTV,nat+zero_200,The emotion which she had suppressed burst forth now in a choking sob., the emotion which she had suppressed burst forth now in a choking sob.,0.0
arctic_a0106,Vietnamese,HQTV,l2+zero_200,The emotion which she had suppressed burst forth now in a choking sob., the emotion which she has suppressed for now in the choking soft.,0.38461538461538464
arctic_a0106,Vietnamese,HQTV,nat+zero_400,The emotion which she had suppressed burst forth now in a choking sob., the emotion which she had suppressed burst forth now in a choking sob.,0.0
arctic_a0106,Vietnamese,HQTV,l2+zero_400,The emotion which she had suppressed burst forth now in a choking sob., the emotion which she has suppressed for now in the choking soft.,0.38461538461538464
arctic_a0106,Vietnamese,HQTV,nat+zero_800,The emotion which she had suppressed burst forth now in a choking sob., the emotion which she had suppressed burst forth now in a choking sob.,0.0
arctic_a0106,Vietnamese,HQTV,l2+zero_800,The emotion which she had suppressed burst forth now in a choking sob., the emotion which she has suppressed for now in the choking soft.,0.38461538461538464
arctic_a0106,Vietnamese,HQTV,nat+empty_pad,The emotion which she had suppressed burst forth now in a choking sob., the emotion which she had suppressed burst forth now in a choking sob.,0.0
arctic_a0106,Vietnamese,HQTV,l2+empty_pad,The emotion which she had suppressed burst forth now in a choking sob., the emotion which she has suppressed burst forth now in the choking soft.,0.23076923076923078
arctic_a0111,Arabic,ZHAA,nat+nat,"Instead, he joined her; and they ate like two hungry children."," Instead, he joined her, and they ate like two hungry children.",0.0
arctic_a0111,Arabic,ZHAA,nat+nat_diff_utt,"Instead, he joined her; and they ate like two hungry children."," Instead, he joined her, and they ate like two hungry children.",0.0
arctic_a0111,Arabic,ZHAA,nat+l2_same,"Instead, he joined her; and they ate like two hungry children."," Instead, he joined her, and they ate like two hungry children.",0.0
arctic_a0111,Arabic,ZHAA,nat+interp,"Instead, he joined her; and they ate like two hungry children."," Instead he joined her, and they ate like two hungry children.",0.0
arctic_a0111,Arabic,ZHAA,nat+noise,"Instead, he joined her; and they ate like two hungry children.", Instead Instead,0.9090909090909091
arctic_a0111,Arabic,ZHAA,l2+l2,"Instead, he joined her; and they ate like two hungry children."," Instead, he joined her and they ate like two hungry children.",0.0
arctic_a0111,Arabic,ZHAA,l2+l2_diff_utt,"Instead, he joined her; and they ate like two hungry children."," Instead, he joined her and they ate like two hungry children.",0.0
arctic_a0111,Arabic,ZHAA,l2+nat_same,"Instead, he joined her; and they ate like two hungry children."," Instead, he joined her and they ate like two hungry children.",0.0
arctic_a0111,Arabic,ZHAA,l2+interp,"Instead, he joined her; and they ate like two hungry children."," Instead, he joined her and they ate like two hungry children.",0.0
arctic_a0111,Arabic,ZHAA,l2+noise,"Instead, he joined her; and they ate like two hungry children.", Instead he joined,0.7272727272727273
arctic_a0111,Arabic,ZHAA,nat+zero_0,"Instead, he joined her; and they ate like two hungry children."," Instead, he joined her and they ate like two hungry children.",0.0
arctic_a0111,Arabic,ZHAA,l2+zero_0,"Instead, he joined her; and they ate like two hungry children."," Instead, he joined her and they ate like two hungry children.",0.0
arctic_a0111,Arabic,ZHAA,nat+zero_100,"Instead, he joined her; and they ate like two hungry children."," Instead, he joined her and they ate like two hungry children.",0.0
arctic_a0111,Arabic,ZHAA,l2+zero_100,"Instead, he joined her; and they ate like two hungry children."," Instead, he joined her and they ate like two hungry children.",0.0
arctic_a0111,Arabic,ZHAA,nat+zero_200,"Instead, he joined her; and they ate like two hungry children."," Instead, he joined her and they ate like two hungry children.",0.0
arctic_a0111,Arabic,ZHAA,l2+zero_200,"Instead, he joined her; and they ate like two hungry children."," Instead, he joined her and they ate like two hungry children.",0.0
arctic_a0111,Arabic,ZHAA,nat+zero_400,"Instead, he joined her; and they ate like two hungry children."," Instead, he joined her and they ate like two hungry children.",0.0
arctic_a0111,Arabic,ZHAA,l2+zero_400,"Instead, he joined her; and they ate like two hungry children."," Instead, he joined her and they ate like two hungry children.",0.0
arctic_a0111,Arabic,ZHAA,nat+zero_800,"Instead, he joined her; and they ate like two hungry children."," Instead, he joined her and they ate like two hungry children.",0.0
arctic_a0111,Arabic,ZHAA,l2+zero_800,"Instead, he joined her; and they ate like two hungry children."," Instead, he joined her and they ate like two hungry children.",0.0
arctic_a0111,Arabic,ZHAA,nat+empty_pad,"Instead, he joined her; and they ate like two hungry children.", Instead he joined her and they ate like two hungry children.,0.0
arctic_a0111,Arabic,ZHAA,l2+empty_pad,"Instead, he joined her; and they ate like two hungry children."," Instead, he joined her and they ate like two hungry children.",0.0
arctic_a0111,Chinese,BWC,nat+nat,"Instead, he joined her; and they ate like two hungry children."," Instead, he joined her, and they ate like two hungry children.",0.0
arctic_a0111,Chinese,BWC,nat+nat_diff_utt,"Instead, he joined her; and they ate like two hungry children."," Instead, he joined her, and they ate like two hungry children.",0.0
arctic_a0111,Chinese,BWC,nat+l2_same,"Instead, he joined her; and they ate like two hungry children."," Instead, he joined her, and they ate like two hungry children.",0.0
arctic_a0111,Chinese,BWC,nat+interp,"Instead, he joined her; and they ate like two hungry children."," Instead, he joined her, and they ate like two hungry children.",0.0
arctic_a0111,Chinese,BWC,nat+noise,"Instead, he joined her; and they ate like two hungry children.", Instead Instead,0.9090909090909091
arctic_a0111,Chinese,BWC,l2+l2,"Instead, he joined her; and they ate like two hungry children."," Instead, he joined her and they ate like two hungry children.",0.0
arctic_a0111,Chinese,BWC,l2+l2_diff_utt,"Instead, he joined her; and they ate like two hungry children."," Instead, he joined her and they ate like two hungry children.",0.0
arctic_a0111,Chinese,BWC,l2+nat_same,"Instead, he joined her; and they ate like two hungry children."," Instead, he joined her and they ate like two hungry children.",0.0
arctic_a0111,Chinese,BWC,l2+interp,"Instead, he joined her; and they ate like two hungry children."," Instead, he joined her and they ate like two hungry children.",0.0
arctic_a0111,Chinese,BWC,l2+noise,"Instead, he joined her; and they ate like two hungry children."," Instead,",0.9090909090909091
arctic_a0111,Chinese,BWC,nat+zero_0,"Instead, he joined her; and they ate like two hungry children."," Instead, he joined her and they ate like two hungry children.",0.0
arctic_a0111,Chinese,BWC,l2+zero_0,"Instead, he joined her; and they ate like two hungry children."," Instead, he joined her and they ate like two hungry children.",0.0
arctic_a0111,Chinese,BWC,nat+zero_100,"Instead, he joined her; and they ate like two hungry children."," Instead, he joined her and they ate like two hungry children.",0.0
arctic_a0111,Chinese,BWC,l2+zero_100,"Instead, he joined her; and they ate like two hungry children."," Instead, he joined her and they ate like two hungry children.",0.0
arctic_a0111,Chinese,BWC,nat+zero_200,"Instead, he joined her; and they ate like two hungry children."," Instead, he joined her and they ate like two hungry children.",0.0
arctic_a0111,Chinese,BWC,l2+zero_200,"Instead, he joined her; and they ate like two hungry children."," Instead, he joined her and they ate like two hungry children.",0.0
arctic_a0111,Chinese,BWC,nat+zero_400,"Instead, he joined her; and they ate like two hungry children."," Instead, he joined her and they ate like two hungry children.",0.0
arctic_a0111,Chinese,BWC,l2+zero_400,"Instead, he joined her; and they ate like two hungry children."," Instead, he joined her and they ate like two hungry children.",0.0
arctic_a0111,Chinese,BWC,nat+zero_800,"Instead, he joined her; and they ate like two hungry children."," Instead, he joined her and they ate like two hungry children.",0.0
arctic_a0111,Chinese,BWC,l2+zero_800,"Instead, he joined her; and they ate like two hungry children."," Instead, he joined her and they ate like two hungry children.",0.0
arctic_a0111,Chinese,BWC,nat+empty_pad,"Instead, he joined her; and they ate like two hungry children.", Instead he joined her and they ate like two hungry children.,0.0
arctic_a0111,Chinese,BWC,l2+empty_pad,"Instead, he joined her; and they ate like two hungry children."," Instead, he joined her and they ate like two hungry children.",0.0
arctic_a0111,Hindi,SVBI,nat+nat,"Instead, he joined her; and they ate like two hungry children."," Instead, he joined her, and they ate like two hungry children.",0.0
arctic_a0111,Hindi,SVBI,nat+nat_diff_utt,"Instead, he joined her; and they ate like two hungry children."," Instead, he joined her, and they ate like two hungry children.",0.0
arctic_a0111,Hindi,SVBI,nat+l2_same,"Instead, he joined her; and they ate like two hungry children.", Instead he joined her and they ate like two hungry children.,0.0
arctic_a0111,Hindi,SVBI,nat+interp,"Instead, he joined her; and they ate like two hungry children.", Instead he joined her and they ate like two hungry children.,0.0
arctic_a0111,Hindi,SVBI,nat+noise,"Instead, he joined her; and they ate like two hungry children.", Instead Instead,0.9090909090909091
arctic_a0111,Hindi,SVBI,l2+l2,"Instead, he joined her; and they ate like two hungry children.", Instead he joined her and they ate like two hungry children.,0.0
arctic_a0111,Hindi,SVBI,l2+l2_diff_utt,"Instead, he joined her; and they ate like two hungry children.", Instead he joined her and they ate like two hungry children.,0.0
arctic_a0111,Hindi,SVBI,l2+nat_same,"Instead, he joined her; and they ate like two hungry children."," Instead, he joined her and they ate like two hungry children.",0.0
arctic_a0111,Hindi,SVBI,l2+interp,"Instead, he joined her; and they ate like two hungry children.", Instead he joined her and they ate like two hungry children.,0.0
arctic_a0111,Hindi,SVBI,l2+noise,"Instead, he joined her; and they ate like two hungry children."," Instead,",0.9090909090909091
arctic_a0111,Hindi,SVBI,nat+zero_0,"Instead, he joined her; and they ate like two hungry children."," Instead, he joined her and they ate like two hungry children.",0.0
arctic_a0111,Hindi,SVBI,l2+zero_0,"Instead, he joined her; and they ate like two hungry children.", Instead he joined her and they ate like two hungry children.,0.0
arctic_a0111,Hindi,SVBI,nat+zero_100,"Instead, he joined her; and they ate like two hungry children."," Instead, he joined her and they ate like two hungry children.",0.0
arctic_a0111,Hindi,SVBI,l2+zero_100,"Instead, he joined her; and they ate like two hungry children.", Instead he joined her and they ate like two hungry children.,0.0
arctic_a0111,Hindi,SVBI,nat+zero_200,"Instead, he joined her; and they ate like two hungry children."," Instead, he joined her and they ate like two hungry children.",0.0
arctic_a0111,Hindi,SVBI,l2+zero_200,"Instead, he joined her; and they ate like two hungry children.", Instead he joined her and they ate like two hungry children.,0.0
arctic_a0111,Hindi,SVBI,nat+zero_400,"Instead, he joined her; and they ate like two hungry children."," Instead, he joined her and they ate like two hungry children.",0.0
arctic_a0111,Hindi,SVBI,l2+zero_400,"Instead, he joined her; and they ate like two hungry children.", Instead he joined her and they ate like two hungry children.,0.0
arctic_a0111,Hindi,SVBI,nat+zero_800,"Instead, he joined her; and they ate like two hungry children."," Instead, he joined her and they ate like two hungry children.",0.0
arctic_a0111,Hindi,SVBI,l2+zero_800,"Instead, he joined her; and they ate like two hungry children.", Instead he joined her and they ate like two hungry children.,0.0
arctic_a0111,Hindi,SVBI,nat+empty_pad,"Instead, he joined her; and they ate like two hungry children.", Instead he joined her and they ate like two hungry children.,0.0
arctic_a0111,Hindi,SVBI,l2+empty_pad,"Instead, he joined her; and they ate like two hungry children.", Instead he joined her and they ate like two hungry children.,0.0
arctic_a0111,Korean,HJK,nat+nat,"Instead, he joined her; and they ate like two hungry children."," Instead, he joined her, and they ate like two hungry children.",0.0
arctic_a0111,Korean,HJK,nat+nat_diff_utt,"Instead, he joined her; and they ate like two hungry children."," Instead, he joined her, and they ate like two hungry children.",0.0
arctic_a0111,Korean,HJK,nat+l2_same,"Instead, he joined her; and they ate like two hungry children."," Instead, he joined her, and they ate like two hungry children.",0.0
arctic_a0111,Korean,HJK,nat+interp,"Instead, he joined her; and they ate like two hungry children."," Instead he joined her, and they ate like two hungry children.",0.0
arctic_a0111,Korean,HJK,nat+noise,"Instead, he joined her; and they ate like two hungry children.", Instead Instead,0.9090909090909091
arctic_a0111,Korean,HJK,l2+l2,"Instead, he joined her; and they ate like two hungry children."," Instead, he joined her and they ate like 200 children.",0.18181818181818182
arctic_a0111,Korean,HJK,l2+l2_diff_utt,"Instead, he joined her; and they ate like two hungry children."," Instead, he joined her and they ate like 200 children.",0.18181818181818182
arctic_a0111,Korean,HJK,l2+nat_same,"Instead, he joined her; and they ate like two hungry children."," Instead, he joined her and they ate like 200 children.",0.18181818181818182
arctic_a0111,Korean,HJK,l2+interp,"Instead, he joined her; and they ate like two hungry children.", Instead he joined her and they ate like 200 children.,0.18181818181818182
arctic_a0111,Korean,HJK,l2+noise,"Instead, he joined her; and they ate like two hungry children."," Instead,",0.9090909090909091
arctic_a0111,Korean,HJK,nat+zero_0,"Instead, he joined her; and they ate like two hungry children."," Instead, he joined her and they ate like two hungry children.",0.0
arctic_a0111,Korean,HJK,l2+zero_0,"Instead, he joined her; and they ate like two hungry children.", Instead he joined her and they ate like two hungry children.,0.0
arctic_a0111,Korean,HJK,nat+zero_100,"Instead, he joined her; and they ate like two hungry children."," Instead, he joined her and they ate like two hungry children.",0.0
arctic_a0111,Korean,HJK,l2+zero_100,"Instead, he joined her; and they ate like two hungry children.", Instead he joined her and they ate like two hungry children.,0.0
arctic_a0111,Korean,HJK,nat+zero_200,"Instead, he joined her; and they ate like two hungry children."," Instead, he joined her and they ate like two hungry children.",0.0
arctic_a0111,Korean,HJK,l2+zero_200,"Instead, he joined her; and they ate like two hungry children.", Instead he joined her and they ate like two hungry children.,0.0
arctic_a0111,Korean,HJK,nat+zero_400,"Instead, he joined her; and they ate like two hungry children."," Instead, he joined her and they ate like two hungry children.",0.0
arctic_a0111,Korean,HJK,l2+zero_400,"Instead, he joined her; and they ate like two hungry children.", Instead he joined her and they ate like two hungry children.,0.0
arctic_a0111,Korean,HJK,nat+zero_800,"Instead, he joined her; and they ate like two hungry children."," Instead, he joined her and they ate like two hungry children.",0.0
arctic_a0111,Korean,HJK,l2+zero_800,"Instead, he joined her; and they ate like two hungry children.", Instead he joined her and they ate like 200 children.,0.18181818181818182
arctic_a0111,Korean,HJK,nat+empty_pad,"Instead, he joined her; and they ate like two hungry children.", Instead he joined her and they ate like two hungry children.,0.0
arctic_a0111,Korean,HJK,l2+empty_pad,"Instead, he joined her; and they ate like two hungry children."," Instead, he joined her and they ate like 200 children.",0.18181818181818182
arctic_a0111,Spanish,EBVS,nat+nat,"Instead, he joined her; and they ate like two hungry children."," Instead, he joined her, and they ate like two hungry children.",0.0
arctic_a0111,Spanish,EBVS,nat+nat_diff_utt,"Instead, he joined her; and they ate like two hungry children."," Instead, he joined her, and they ate like two hungry children.",0.0
arctic_a0111,Spanish,EBVS,nat+l2_same,"Instead, he joined her; and they ate like two hungry children.", Instead he joined her and they ate like two hungry children.,0.0
arctic_a0111,Spanish,EBVS,nat+interp,"Instead, he joined her; and they ate like two hungry children."," Instead he joined her, and they ate like two hungry children.",0.0
arctic_a0111,Spanish,EBVS,nat+noise,"Instead, he joined her; and they ate like two hungry children.", Instead Instead,0.9090909090909091
arctic_a0111,Spanish,EBVS,l2+l2,"Instead, he joined her; and they ate like two hungry children."," Instead, he joined her and they ate like 200 children.",0.18181818181818182
arctic_a0111,Spanish,EBVS,l2+l2_diff_utt,"Instead, he joined her; and they ate like two hungry children."," Instead, he joined her and they ate like 200 children.",0.18181818181818182
arctic_a0111,Spanish,EBVS,l2+nat_same,"Instead, he joined her; and they ate like two hungry children."," Instead, he joined her and they ate like 200 children.",0.18181818181818182
arctic_a0111,Spanish,EBVS,l2+interp,"Instead, he joined her; and they ate like two hungry children."," Instead, he joined her and they ate like 200 children.",0.18181818181818182
arctic_a0111,Spanish,EBVS,l2+noise,"Instead, he joined her; and they ate like two hungry children.", Instead he joined her and they ate like 200 children.,0.18181818181818182
arctic_a0111,Spanish,EBVS,nat+zero_0,"Instead, he joined her; and they ate like two hungry children."," Instead, he joined her and they ate like two hungry children.",0.0
arctic_a0111,Spanish,EBVS,l2+zero_0,"Instead, he joined her; and they ate like two hungry children."," Instead, he joined her and they ate like 200 children.",0.18181818181818182
arctic_a0111,Spanish,EBVS,nat+zero_100,"Instead, he joined her; and they ate like two hungry children."," Instead, he joined her and they ate like two hungry children.",0.0
arctic_a0111,Spanish,EBVS,l2+zero_100,"Instead, he joined her; and they ate like two hungry children."," Instead, he joined her and they ate like 200 children.",0.18181818181818182
arctic_a0111,Spanish,EBVS,nat+zero_200,"Instead, he joined her; and they ate like two hungry children."," Instead, he joined her and they ate like two hungry children.",0.0
arctic_a0111,Spanish,EBVS,l2+zero_200,"Instead, he joined her; and they ate like two hungry children."," Instead, he joined her and they ate like 200 children.",0.18181818181818182
arctic_a0111,Spanish,EBVS,nat+zero_400,"Instead, he joined her; and they ate like two hungry children."," Instead, he joined her and they ate like two hungry children.",0.0
arctic_a0111,Spanish,EBVS,l2+zero_400,"Instead, he joined her; and they ate like two hungry children."," Instead, he joined her and they ate like 200 children.",0.18181818181818182
arctic_a0111,Spanish,EBVS,nat+zero_800,"Instead, he joined her; and they ate like two hungry children."," Instead, he joined her and they ate like two hungry children.",0.0
arctic_a0111,Spanish,EBVS,l2+zero_800,"Instead, he joined her; and they ate like two hungry children."," Instead, he joined her and they ate like 200 children.",0.18181818181818182
arctic_a0111,Spanish,EBVS,nat+empty_pad,"Instead, he joined her; and they ate like two hungry children.", Instead he joined her and they ate like two hungry children.,0.0
arctic_a0111,Spanish,EBVS,l2+empty_pad,"Instead, he joined her; and they ate like two hungry children."," Instead, he joined her and they ate like 200 children.",0.18181818181818182
arctic_a0111,Vietnamese,HQTV,nat+nat,"Instead, he joined her; and they ate like two hungry children."," Instead, he joined her, and they ate like two hungry children.",0.0
arctic_a0111,Vietnamese,HQTV,nat+nat_diff_utt,"Instead, he joined her; and they ate like two hungry children."," Instead, he joined her, and they ate like two hungry children.",0.0
arctic_a0111,Vietnamese,HQTV,nat+l2_same,"Instead, he joined her; and they ate like two hungry children.", Instead he joined her and they ate like two hungry children.,0.0
arctic_a0111,Vietnamese,HQTV,nat+interp,"Instead, he joined her; and they ate like two hungry children."," Instead he joined her, and they ate like two hungry children.",0.0
arctic_a0111,Vietnamese,HQTV,nat+noise,"Instead, he joined her; and they ate like two hungry children.", Instead Instead,0.9090909090909091
arctic_a0111,Vietnamese,HQTV,l2+l2,"Instead, he joined her; and they ate like two hungry children."," Instead, he chose her. They ate like two hungry children.",0.18181818181818182
arctic_a0111,Vietnamese,HQTV,l2+l2_diff_utt,"Instead, he joined her; and they ate like two hungry children."," Instead, he chose her. Day 8, lie to hungry children.",0.5454545454545454
arctic_a0111,Vietnamese,HQTV,l2+nat_same,"Instead, he joined her; and they ate like two hungry children."," Instead, he chose her. They ate like two hungry children.",0.18181818181818182
arctic_a0111,Vietnamese,HQTV,l2+interp,"Instead, he joined her; and they ate like two hungry children."," Instead, he choice her. Day 8, lie to hungry children.",0.5454545454545454
arctic_a0111,Vietnamese,HQTV,l2+noise,"Instead, he joined her; and they ate like two hungry children.", Instead,0.9090909090909091
arctic_a0111,Vietnamese,HQTV,nat+zero_0,"Instead, he joined her; and they ate like two hungry children."," Instead, he joined her and they ate like two hungry children.",0.0
arctic_a0111,Vietnamese,HQTV,l2+zero_0,"Instead, he joined her; and they ate like two hungry children."," Instead, he chose her. They ate live two hungry children.",0.2727272727272727
arctic_a0111,Vietnamese,HQTV,nat+zero_100,"Instead, he joined her; and they ate like two hungry children."," Instead, he joined her and they ate like two hungry children.",0.0
arctic_a0111,Vietnamese,HQTV,l2+zero_100,"Instead, he joined her; and they ate like two hungry children."," Instead, he chose her. They ate live two hungry children.",0.2727272727272727
arctic_a0111,Vietnamese,HQTV,nat+zero_200,"Instead, he joined her; and they ate like two hungry children."," Instead, he joined her and they ate like two hungry children.",0.0
arctic_a0111,Vietnamese,HQTV,l2+zero_200,"Instead, he joined her; and they ate like two hungry children."," Instead, he chose her. They ate live two hungry children.",0.2727272727272727
arctic_a0111,Vietnamese,HQTV,nat+zero_400,"Instead, he joined her; and they ate like two hungry children."," Instead, he joined her and they ate like two hungry children.",0.0
arctic_a0111,Vietnamese,HQTV,l2+zero_400,"Instead, he joined her; and they ate like two hungry children."," Instead, he chose her. They ate like two hungry children.",0.18181818181818182
arctic_a0111,Vietnamese,HQTV,nat+zero_800,"Instead, he joined her; and they ate like two hungry children."," Instead, he joined her and they ate like two hungry children.",0.0
arctic_a0111,Vietnamese,HQTV,l2+zero_800,"Instead, he joined her; and they ate like two hungry children."," Instead, he chose her. They ate like two hungry children.",0.18181818181818182
arctic_a0111,Vietnamese,HQTV,nat+empty_pad,"Instead, he joined her; and they ate like two hungry children.", Instead he joined her and they ate like two hungry children.,0.0
arctic_a0111,Vietnamese,HQTV,l2+empty_pad,"Instead, he joined her; and they ate like two hungry children."," Instead, he chose her. They ate like two hungry children.",0.18181818181818182
arctic_a0241,Arabic,ZHAA,nat+nat,I think it's much nicer to quarrel., I think it's much nicer to quarrel.,0.0
arctic_a0241,Arabic,ZHAA,nat+nat_diff_utt,I think it's much nicer to quarrel., I think it's much nicer to quarrel.,0.0
arctic_a0241,Arabic,ZHAA,nat+l2_same,I think it's much nicer to quarrel., I think it's much nicer to quarrel.,0.0
arctic_a0241,Arabic,ZHAA,nat+interp,I think it's much nicer to quarrel., I think it's much nicer to quarrel.,0.0
arctic_a0241,Arabic,ZHAA,nat+noise,I think it's much nicer to quarrel., I think it I think it is,0.7142857142857143
arctic_a0241,Arabic,ZHAA,l2+l2,I think it's much nicer to quarrel., I think it's much nicer to quarrel.,0.0
arctic_a0241,Arabic,ZHAA,l2+l2_diff_utt,I think it's much nicer to quarrel., I think it's much nicer to quarrel.,0.0
arctic_a0241,Arabic,ZHAA,l2+nat_same,I think it's much nicer to quarrel., I think it's much nicer to quarrel.,0.0
arctic_a0241,Arabic,ZHAA,l2+interp,I think it's much nicer to quarrel., I think it's much nicer took world,0.2857142857142857
arctic_a0241,Arabic,ZHAA,l2+noise,I think it's much nicer to quarrel., I think it,0.7142857142857143
arctic_a0241,Arabic,ZHAA,nat+zero_0,I think it's much nicer to quarrel., I think it's much nicer to quarrel.,0.0
arctic_a0241,Arabic,ZHAA,l2+zero_0,I think it's much nicer to quarrel., I think it's much nicer to quarrel.,0.0
arctic_a0241,Arabic,ZHAA,nat+zero_100,I think it's much nicer to quarrel., I think it's much nicer to quarrel.,0.0
arctic_a0241,Arabic,ZHAA,l2+zero_100,I think it's much nicer to quarrel., I think it's much nicer to quarrel.,0.0
arctic_a0241,Arabic,ZHAA,nat+zero_200,I think it's much nicer to quarrel., I think it's much nicer to quarrel.,0.0
arctic_a0241,Arabic,ZHAA,l2+zero_200,I think it's much nicer to quarrel., I think it's much nicer to quarrel.,0.0
arctic_a0241,Arabic,ZHAA,nat+zero_400,I think it's much nicer to quarrel., I think it's much nicer to quarrel.,0.0
arctic_a0241,Arabic,ZHAA,l2+zero_400,I think it's much nicer to quarrel., I think it's much nicer to quarrel.,0.0
arctic_a0241,Arabic,ZHAA,nat+zero_800,I think it's much nicer to quarrel., I think it's much nicer to quarrel.,0.0
arctic_a0241,Arabic,ZHAA,l2+zero_800,I think it's much nicer to quarrel., I think it's much nicer to quarrel.,0.0
arctic_a0241,Arabic,ZHAA,nat+empty_pad,I think it's much nicer to quarrel., I think it's much nicer to quarrel.,0.0
arctic_a0241,Arabic,ZHAA,l2+empty_pad,I think it's much nicer to quarrel., I think it's much nicer to quarrel.,0.0
arctic_a0241,Chinese,BWC,nat+nat,I think it's much nicer to quarrel., I think it's much nicer to quarrel.,0.0
arctic_a0241,Chinese,BWC,nat+nat_diff_utt,I think it's much nicer to quarrel., I think it's much nicer to quarrel.,0.0
arctic_a0241,Chinese,BWC,nat+l2_same,I think it's much nicer to quarrel., I think it's much nicer to quarrel.,0.0
arctic_a0241,Chinese,BWC,nat+interp,I think it's much nicer to quarrel., I think it's much nicer to quarrel.,0.0
arctic_a0241,Chinese,BWC,nat+noise,I think it's much nicer to quarrel., I think it I think it is,0.7142857142857143
arctic_a0241,Chinese,BWC,l2+l2,I think it's much nicer to quarrel., I think it's much nicer to Corio.,0.14285714285714285
arctic_a0241,Chinese,BWC,l2+l2_diff_utt,I think it's much nicer to quarrel., I think it's much nicer to Corio.,0.14285714285714285
arctic_a0241,Chinese,BWC,l2+nat_same,I think it's much nicer to quarrel., I think it's much nicer to Corio.,0.14285714285714285
arctic_a0241,Chinese,BWC,l2+interp,I think it's much nicer to quarrel., I think it's much nicer to Corio.,0.14285714285714285
arctic_a0241,Chinese,BWC,l2+noise,I think it's much nicer to quarrel., I think is much much much,0.5714285714285714
arctic_a0241,Chinese,BWC,nat+zero_0,I think it's much nicer to quarrel., I think it's much nicer to quarrel.,0.0
arctic_a0241,Chinese,BWC,l2+zero_0,I think it's much nicer to quarrel., I think it's much nicer to quarrel.,0.0
arctic_a0241,Chinese,BWC,nat+zero_100,I think it's much nicer to quarrel., I think it's much nicer to quarrel.,0.0
arctic_a0241,Chinese,BWC,l2+zero_100,I think it's much nicer to quarrel., I think it's much nicer to quarrel.,0.0
arctic_a0241,Chinese,BWC,nat+zero_200,I think it's much nicer to quarrel., I think it's much nicer to quarrel.,0.0
arctic_a0241,Chinese,BWC,l2+zero_200,I think it's much nicer to quarrel., I think it's much nicer to Corio.,0.14285714285714285
arctic_a0241,Chinese,BWC,nat+zero_400,I think it's much nicer to quarrel., I think it's much nicer to quarrel.,0.0
arctic_a0241,Chinese,BWC,l2+zero_400,I think it's much nicer to quarrel., I think it's much nicer to Corio.,0.14285714285714285
arctic_a0241,Chinese,BWC,nat+zero_800,I think it's much nicer to quarrel., I think it's much nicer to quarrel.,0.0
arctic_a0241,Chinese,BWC,l2+zero_800,I think it's much nicer to quarrel., I think it's much nicer to Corio.,0.14285714285714285
arctic_a0241,Chinese,BWC,nat+empty_pad,I think it's much nicer to quarrel., I think it's much nicer to quarrel.,0.0
arctic_a0241,Chinese,BWC,l2+empty_pad,I think it's much nicer to quarrel., I think it's much nicer to Corio.,0.14285714285714285
arctic_a0241,Hindi,SVBI,nat+nat,I think it's much nicer to quarrel., I think it's much nicer to quarrel.,0.0
arctic_a0241,Hindi,SVBI,nat+nat_diff_utt,I think it's much nicer to quarrel., I think it's much nicer to quarrel.,0.0
arctic_a0241,Hindi,SVBI,nat+l2_same,I think it's much nicer to quarrel., I think it's much nicer to quarrel.,0.0
arctic_a0241,Hindi,SVBI,nat+interp,I think it's much nicer to quarrel., I think it's much nicer to quarl.,0.14285714285714285
arctic_a0241,Hindi,SVBI,nat+noise,I think it's much nicer to quarrel., I think it I think it is,0.7142857142857143
arctic_a0241,Hindi,SVBI,l2+l2,I think it's much nicer to quarrel., I think it's much nicer to quarrel.,0.0
arctic_a0241,Hindi,SVBI,l2+l2_diff_utt,I think it's much nicer to quarrel., I think it's much nicer to quarrel.,0.0
arctic_a0241,Hindi,SVBI,l2+nat_same,I think it's much nicer to quarrel., I think it's much nicer to quarrel.,0.0
arctic_a0241,Hindi,SVBI,l2+interp,I think it's much nicer to quarrel., I think it's much nicer to quarrel.,0.0
arctic_a0241,Hindi,SVBI,l2+noise,I think it's much nicer to quarrel., I think it,0.7142857142857143
arctic_a0241,Hindi,SVBI,nat+zero_0,I think it's much nicer to quarrel., I think it's much nicer to quarrel.,0.0
arctic_a0241,Hindi,SVBI,l2+zero_0,I think it's much nicer to quarrel., I think it's much nicer to quarrel.,0.0
arctic_a0241,Hindi,SVBI,nat+zero_100,I think it's much nicer to quarrel., I think it's much nicer to quarrel.,0.0
arctic_a0241,Hindi,SVBI,l2+zero_100,I think it's much nicer to quarrel., I think it's much nicer to quarrel.,0.0
arctic_a0241,Hindi,SVBI,nat+zero_200,I think it's much nicer to quarrel., I think it's much nicer to quarrel.,0.0
arctic_a0241,Hindi,SVBI,l2+zero_200,I think it's much nicer to quarrel., I think it's much nicer to quarrel.,0.0
arctic_a0241,Hindi,SVBI,nat+zero_400,I think it's much nicer to quarrel., I think it's much nicer to quarrel.,0.0
arctic_a0241,Hindi,SVBI,l2+zero_400,I think it's much nicer to quarrel., I think it's much nicer to quarrel.,0.0
arctic_a0241,Hindi,SVBI,nat+zero_800,I think it's much nicer to quarrel., I think it's much nicer to quarrel.,0.0
arctic_a0241,Hindi,SVBI,l2+zero_800,I think it's much nicer to quarrel., I think it's much nicer to quarrel.,0.0
arctic_a0241,Hindi,SVBI,nat+empty_pad,I think it's much nicer to quarrel., I think it's much nicer to quarrel.,0.0
arctic_a0241,Hindi,SVBI,l2+empty_pad,I think it's much nicer to quarrel., I think it's much nicer to quarrel.,0.0
arctic_a0241,Korean,HJK,nat+nat,I think it's much nicer to quarrel., I think it's much nicer to quarrel.,0.0
arctic_a0241,Korean,HJK,nat+nat_diff_utt,I think it's much nicer to quarrel., I think it's much nicer to quarrel.,0.0
arctic_a0241,Korean,HJK,nat+l2_same,I think it's much nicer to quarrel., I think it's much nicer to quarrel.,0.0
arctic_a0241,Korean,HJK,nat+interp,I think it's much nicer to quarrel., I think it's much nicer to quarrel.,0.0
arctic_a0241,Korean,HJK,nat+noise,I think it's much nicer to quarrel., I think it I think it is,0.7142857142857143
arctic_a0241,Korean,HJK,l2+l2,I think it's much nicer to quarrel., I think it's much nicer to coral.,0.14285714285714285
arctic_a0241,Korean,HJK,l2+l2_diff_utt,I think it's much nicer to quarrel., I think it's much nicer to coral.,0.14285714285714285
arctic_a0241,Korean,HJK,l2+nat_same,I think it's much nicer to quarrel., I think it's much nicer to coral.,0.14285714285714285
arctic_a0241,Korean,HJK,l2+interp,I think it's much nicer to quarrel., I think it's much nicer to coral.,0.14285714285714285
arctic_a0241,Korean,HJK,l2+noise,I think it's much nicer to quarrel., I think it's I think it's,0.5714285714285714
arctic_a0241,Korean,HJK,nat+zero_0,I think it's much nicer to quarrel., I think it's much nicer to quarrel.,0.0
arctic_a0241,Korean,HJK,l2+zero_0,I think it's much nicer to quarrel., I think it's much nicer to coral.,0.14285714285714285
arctic_a0241,Korean,HJK,nat+zero_100,I think it's much nicer to quarrel., I think it's much nicer to quarrel.,0.0
arctic_a0241,Korean,HJK,l2+zero_100,I think it's much nicer to quarrel., I think it's much nicer to coral.,0.14285714285714285
arctic_a0241,Korean,HJK,nat+zero_200,I think it's much nicer to quarrel., I think it's much nicer to quarrel.,0.0
arctic_a0241,Korean,HJK,l2+zero_200,I think it's much nicer to quarrel., I think it's much nicer to coral.,0.14285714285714285
arctic_a0241,Korean,HJK,nat+zero_400,I think it's much nicer to quarrel., I think it's much nicer to quarrel.,0.0
arctic_a0241,Korean,HJK,l2+zero_400,I think it's much nicer to quarrel., I think it's much nicer to coral.,0.14285714285714285
arctic_a0241,Korean,HJK,nat+zero_800,I think it's much nicer to quarrel., I think it's much nicer to quarrel.,0.0
arctic_a0241,Korean,HJK,l2+zero_800,I think it's much nicer to quarrel., I think it's much nicer to coral.,0.14285714285714285
arctic_a0241,Korean,HJK,nat+empty_pad,I think it's much nicer to quarrel., I think it's much nicer to quarrel.,0.0
arctic_a0241,Korean,HJK,l2+empty_pad,I think it's much nicer to quarrel., I think it's much nicer to coral.,0.14285714285714285
arctic_a0241,Spanish,EBVS,nat+nat,I think it's much nicer to quarrel., I think it's much nicer to quarrel.,0.0
arctic_a0241,Spanish,EBVS,nat+nat_diff_utt,I think it's much nicer to quarrel., I think it's much nicer to quarrel.,0.0
arctic_a0241,Spanish,EBVS,nat+l2_same,I think it's much nicer to quarrel., I think it's much nicer to quarrel.,0.0
arctic_a0241,Spanish,EBVS,nat+interp,I think it's much nicer to quarrel., I think it's much nicer to quarl.,0.14285714285714285
arctic_a0241,Spanish,EBVS,nat+noise,I think it's much nicer to quarrel., I think it I think it is,0.7142857142857143
arctic_a0241,Spanish,EBVS,l2+l2,I think it's much nicer to quarrel., I think it's much nicer to quarrel.,0.0
arctic_a0241,Spanish,EBVS,l2+l2_diff_utt,I think it's much nicer to quarrel., I think it's much nicer to quarrel.,0.0
arctic_a0241,Spanish,EBVS,l2+nat_same,I think it's much nicer to quarrel., I think it's much nicer to quarrel.,0.0
arctic_a0241,Spanish,EBVS,l2+interp,I think it's much nicer to quarrel., I think it's much nicer to quarter.,0.14285714285714285
arctic_a0241,Spanish,EBVS,l2+noise,I think it's much nicer to quarrel., I think is I think is,0.7142857142857143
arctic_a0241,Spanish,EBVS,nat+zero_0,I think it's much nicer to quarrel., I think it's much nicer to quarrel.,0.0
arctic_a0241,Spanish,EBVS,l2+zero_0,I think it's much nicer to quarrel., I think it's much nicer to quarrel.,0.0
arctic_a0241,Spanish,EBVS,nat+zero_100,I think it's much nicer to quarrel., I think it's much nicer to quarrel.,0.0
arctic_a0241,Spanish,EBVS,l2+zero_100,I think it's much nicer to quarrel., I think it's much nicer to quarrel.,0.0
arctic_a0241,Spanish,EBVS,nat+zero_200,I think it's much nicer to quarrel., I think it's much nicer to quarrel.,0.0
arctic_a0241,Spanish,EBVS,l2+zero_200,I think it's much nicer to quarrel., I think it's much nicer to quarrel.,0.0
arctic_a0241,Spanish,EBVS,nat+zero_400,I think it's much nicer to quarrel., I think it's much nicer to quarrel.,0.0
arctic_a0241,Spanish,EBVS,l2+zero_400,I think it's much nicer to quarrel., I think it's much nicer to quarrel.,0.0
arctic_a0241,Spanish,EBVS,nat+zero_800,I think it's much nicer to quarrel., I think it's much nicer to quarrel.,0.0
arctic_a0241,Spanish,EBVS,l2+zero_800,I think it's much nicer to quarrel., I think it's much nicer to quarrel.,0.0
arctic_a0241,Spanish,EBVS,nat+empty_pad,I think it's much nicer to quarrel., I think it's much nicer to quarrel.,0.0
arctic_a0241,Spanish,EBVS,l2+empty_pad,I think it's much nicer to quarrel., I think it's much nicer to quarrel.,0.0
arctic_a0241,Vietnamese,HQTV,nat+nat,I think it's much nicer to quarrel., I think it's much nicer to quarrel.,0.0
arctic_a0241,Vietnamese,HQTV,nat+nat_diff_utt,I think it's much nicer to quarrel., I think it's much nicer to quarrel.,0.0
arctic_a0241,Vietnamese,HQTV,nat+l2_same,I think it's much nicer to quarrel., I think it's much nicer to quarrel.,0.0
arctic_a0241,Vietnamese,HQTV,nat+interp,I think it's much nicer to quarrel., I think it's much nicer to quarrel.,0.0
arctic_a0241,Vietnamese,HQTV,nat+noise,I think it's much nicer to quarrel., I think it I think it is,0.7142857142857143
arctic_a0241,Vietnamese,HQTV,l2+l2,I think it's much nicer to quarrel., I think it's much nicer to borrow.,0.14285714285714285
arctic_a0241,Vietnamese,HQTV,l2+l2_diff_utt,I think it's much nicer to quarrel., I think it's much nicer to water.,0.14285714285714285
arctic_a0241,Vietnamese,HQTV,l2+nat_same,I think it's much nicer to quarrel., I think it's much nicer to borrow.,0.14285714285714285
arctic_a0241,Vietnamese,HQTV,l2+interp,I think it's much nicer to quarrel., I think it's much nicer to borrow.,0.14285714285714285
arctic_a0241,Vietnamese,HQTV,l2+noise,I think it's much nicer to quarrel., I think is much much nicer,0.5714285714285714
arctic_a0241,Vietnamese,HQTV,nat+zero_0,I think it's much nicer to quarrel., I think it's much nicer to quarrel.,0.0
arctic_a0241,Vietnamese,HQTV,l2+zero_0,I think it's much nicer to quarrel., I think it's much nicer to borrow.,0.14285714285714285
arctic_a0241,Vietnamese,HQTV,nat+zero_100,I think it's much nicer to quarrel., I think it's much nicer to quarrel.,0.0
arctic_a0241,Vietnamese,HQTV,l2+zero_100,I think it's much nicer to quarrel., I think it's much nicer to borrow.,0.14285714285714285
arctic_a0241,Vietnamese,HQTV,nat+zero_200,I think it's much nicer to quarrel., I think it's much nicer to quarrel.,0.0
arctic_a0241,Vietnamese,HQTV,l2+zero_200,I think it's much nicer to quarrel., I think it's much nicer to borrow.,0.14285714285714285
arctic_a0241,Vietnamese,HQTV,nat+zero_400,I think it's much nicer to quarrel., I think it's much nicer to quarrel.,0.0
arctic_a0241,Vietnamese,HQTV,l2+zero_400,I think it's much nicer to quarrel., I think it's much nicer to borrow.,0.14285714285714285
arctic_a0241,Vietnamese,HQTV,nat+zero_800,I think it's much nicer to quarrel., I think it's much nicer to quarrel.,0.0
arctic_a0241,Vietnamese,HQTV,l2+zero_800,I think it's much nicer to quarrel., I think it's much nicer to borrow.,0.14285714285714285
arctic_a0241,Vietnamese,HQTV,nat+empty_pad,I think it's much nicer to quarrel., I think it's much nicer to quarrel.,0.0
arctic_a0241,Vietnamese,HQTV,l2+empty_pad,I think it's much nicer to quarrel., I think it's much nicer to borrow.,0.14285714285714285
arctic_a0255,Arabic,ZHAA,nat+nat,"You won't die of malnutrition, be sure of that."," You won't die of malnutrition, be sure of that.",0.0
arctic_a0255,Arabic,ZHAA,nat+nat_diff_utt,"You won't die of malnutrition, be sure of that."," You won't die of malnutrition, be sure of that.",0.0
arctic_a0255,Arabic,ZHAA,nat+l2_same,"You won't die of malnutrition, be sure of that."," You won't die of malnutrition, be sure of that.",0.0
arctic_a0255,Arabic,ZHAA,nat+interp,"You won't die of malnutrition, be sure of that.", You won't die of malnutrition. Be sure of that.,0.0
arctic_a0255,Arabic,ZHAA,nat+noise,"You won't die of malnutrition, be sure of that.", You won't you,0.7777777777777778
arctic_a0255,Arabic,ZHAA,l2+l2,"You won't die of malnutrition, be sure of that."," you won't die of malnutrition, be sure of that.",0.0
arctic_a0255,Arabic,ZHAA,l2+l2_diff_utt,"You won't die of malnutrition, be sure of that."," you won't die of malnutrition, be sure of that.",0.0
arctic_a0255,Arabic,ZHAA,l2+nat_same,"You won't die of malnutrition, be sure of that."," you won't die of malnutrition, be sure of that.",0.0
arctic_a0255,Arabic,ZHAA,l2+interp,"You won't die of malnutrition, be sure of that.", you won die of malnutrition be sure of that,0.1111111111111111
arctic_a0255,Arabic,ZHAA,l2+noise,"You won't die of malnutrition, be sure of that.", you won die of mal nutrition. Be sure that,0.4444444444444444
arctic_a0255,Arabic,ZHAA,nat+zero_0,"You won't die of malnutrition, be sure of that."," You won't die of malnutrition, be sure of that.",0.0
arctic_a0255,Arabic,ZHAA,l2+zero_0,"You won't die of malnutrition, be sure of that."," you won't die of malnutrition, be sure of that.",0.0
arctic_a0255,Arabic,ZHAA,nat+zero_100,"You won't die of malnutrition, be sure of that."," You won't die of malnutrition, be sure of that.",0.0
arctic_a0255,Arabic,ZHAA,l2+zero_100,"You won't die of malnutrition, be sure of that."," you won't die of malnutrition, be sure of that.",0.0
arctic_a0255,Arabic,ZHAA,nat+zero_200,"You won't die of malnutrition, be sure of that."," You won't die of malnutrition, be sure of that.",0.0
arctic_a0255,Arabic,ZHAA,l2+zero_200,"You won't die of malnutrition, be sure of that."," you won't die of malnutrition, be sure of that.",0.0
arctic_a0255,Arabic,ZHAA,nat+zero_400,"You won't die of malnutrition, be sure of that."," You won't die of malnutrition, be sure of that.",0.0
arctic_a0255,Arabic,ZHAA,l2+zero_400,"You won't die of malnutrition, be sure of that."," you won't die of malnutrition, be sure of that.",0.0
arctic_a0255,Arabic,ZHAA,nat+zero_800,"You won't die of malnutrition, be sure of that."," You won't die of malnutrition, be sure of that.",0.0
arctic_a0255,Arabic,ZHAA,l2+zero_800,"You won't die of malnutrition, be sure of that."," you won't die of malnutrition, be sure of that.",0.0
arctic_a0255,Arabic,ZHAA,nat+empty_pad,"You won't die of malnutrition, be sure of that.", You won't die of malnutrition. Be sure of that.,0.0
arctic_a0255,Arabic,ZHAA,l2+empty_pad,"You won't die of malnutrition, be sure of that."," you won't die of malnutrition, be sure of that.",0.0
arctic_a0255,Chinese,BWC,nat+nat,"You won't die of malnutrition, be sure of that."," You won't die of malnutrition, be sure of that.",0.0
arctic_a0255,Chinese,BWC,nat+nat_diff_utt,"You won't die of malnutrition, be sure of that."," You won't die of malnutrition, be sure of that.",0.0
arctic_a0255,Chinese,BWC,nat+l2_same,"You won't die of malnutrition, be sure of that."," You won't die of malnutrition, be sure of that.",0.0
arctic_a0255,Chinese,BWC,nat+interp,"You won't die of malnutrition, be sure of that.", You won't die of malnutrition. Be sure of that.,0.0
arctic_a0255,Chinese,BWC,nat+noise,"You won't die of malnutrition, be sure of that.", You won't you,0.7777777777777778
arctic_a0255,Chinese,BWC,l2+l2,"You won't die of malnutrition, be sure of that."," You won't die of malnutrition, be sure of that.",0.0
arctic_a0255,Chinese,BWC,l2+l2_diff_utt,"You won't die of malnutrition, be sure of that."," you won't die of malnutrition, be sure of that.",0.0
arctic_a0255,Chinese,BWC,l2+nat_same,"You won't die of malnutrition, be sure of that."," You won't die of malnutrition, be sure of that.",0.0
arctic_a0255,Chinese,BWC,l2+interp,"You won't die of malnutrition, be sure of that."," You won't die of malnutrition, be sure of that.",0.0
arctic_a0255,Chinese,BWC,l2+noise,"You won't die of malnutrition, be sure of that.", you won,0.8888888888888888
arctic_a0255,Chinese,BWC,nat+zero_0,"You won't die of malnutrition, be sure of that."," You won't die of malnutrition, be sure of that.",0.0
arctic_a0255,Chinese,BWC,l2+zero_0,"You won't die of malnutrition, be sure of that.", you won't die of malnutrition be sure of that,0.0
arctic_a0255,Chinese,BWC,nat+zero_100,"You won't die of malnutrition, be sure of that."," You won't die of malnutrition, be sure of that.",0.0
arctic_a0255,Chinese,BWC,l2+zero_100,"You won't die of malnutrition, be sure of that."," You won't die of malnutrition, be sure of that.",0.0
arctic_a0255,Chinese,BWC,nat+zero_200,"You won't die of malnutrition, be sure of that."," You won't die of malnutrition, be sure of that.",0.0
arctic_a0255,Chinese,BWC,l2+zero_200,"You won't die of malnutrition, be sure of that."," You won't die of malnutrition, be sure of that.",0.0
arctic_a0255,Chinese,BWC,nat+zero_400,"You won't die of malnutrition, be sure of that."," You won't die of malnutrition, be sure of that.",0.0
arctic_a0255,Chinese,BWC,l2+zero_400,"You won't die of malnutrition, be sure of that."," You won't die of malnutrition, be sure of that.",0.0
arctic_a0255,Chinese,BWC,nat+zero_800,"You won't die of malnutrition, be sure of that."," You won't die of malnutrition, be sure of that.",0.0
arctic_a0255,Chinese,BWC,l2+zero_800,"You won't die of malnutrition, be sure of that."," You won't die of malnutrition, be sure of that.",0.0
arctic_a0255,Chinese,BWC,nat+empty_pad,"You won't die of malnutrition, be sure of that.", You won't die of malnutrition. Be sure of that.,0.0
arctic_a0255,Chinese,BWC,l2+empty_pad,"You won't die of malnutrition, be sure of that."," You won't die of malnutrition, be sure of that.",0.0
arctic_a0255,Hindi,SVBI,nat+nat,"You won't die of malnutrition, be sure of that."," You won't die of malnutrition, be sure of that.",0.0
arctic_a0255,Hindi,SVBI,nat+nat_diff_utt,"You won't die of malnutrition, be sure of that."," You won't die of malnutrition, be sure of that.",0.0
arctic_a0255,Hindi,SVBI,nat+l2_same,"You won't die of malnutrition, be sure of that."," You won't die of malnutrition, be sure of that.",0.0
arctic_a0255,Hindi,SVBI,nat+interp,"You won't die of malnutrition, be sure of that.", You won't die of malnutrition. Be sure of that.,0.0
arctic_a0255,Hindi,SVBI,nat+noise,"You won't die of malnutrition, be sure of that.", You won't you,0.7777777777777778
arctic_a0255,Hindi,SVBI,l2+l2,"You won't die of malnutrition, be sure of that.", You won't die of malnutrition. Be sure of that.,0.0
arctic_a0255,Hindi,SVBI,l2+l2_diff_utt,"You won't die of malnutrition, be sure of that.", You won't die of malnutrition. Be sure of that.,0.0
arctic_a0255,Hindi,SVBI,l2+nat_same,"You won't die of malnutrition, be sure of that.", You won't die of malnutrition. Be sure of that.,0.0
arctic_a0255,Hindi,SVBI,l2+interp,"You won't die of malnutrition, be sure of that.", you won't die of small nutrition be sure of that,0.2222222222222222
arctic_a0255,Hindi,SVBI,l2+noise,"You won't die of malnutrition, be sure of that.", you won,0.8888888888888888
arctic_a0255,Hindi,SVBI,nat+zero_0,"You won't die of malnutrition, be sure of that."," You won't die of malnutrition, be sure of that.",0.0
arctic_a0255,Hindi,SVBI,l2+zero_0,"You won't die of malnutrition, be sure of that.", You won't die of malnutrition. Be sure of that.,0.0
arctic_a0255,Hindi,SVBI,nat+zero_100,"You won't die of malnutrition, be sure of that."," You won't die of malnutrition, be sure of that.",0.0
arctic_a0255,Hindi,SVBI,l2+zero_100,"You won't die of malnutrition, be sure of that.", You won't die of malnutrition. Be sure of that.,0.0
arctic_a0255,Hindi,SVBI,nat+zero_200,"You won't die of malnutrition, be sure of that."," You won't die of malnutrition, be sure of that.",0.0
arctic_a0255,Hindi,SVBI,l2+zero_200,"You won't die of malnutrition, be sure of that.", You won't die of malnutrition. Be sure of that.,0.0
arctic_a0255,Hindi,SVBI,nat+zero_400,"You won't die of malnutrition, be sure of that."," You won't die of malnutrition, be sure of that.",0.0
arctic_a0255,Hindi,SVBI,l2+zero_400,"You won't die of malnutrition, be sure of that.", You won't die of malnutrition. Be sure of that.,0.0
arctic_a0255,Hindi,SVBI,nat+zero_800,"You won't die of malnutrition, be sure of that."," You won't die of malnutrition, be sure of that.",0.0
arctic_a0255,Hindi,SVBI,l2+zero_800,"You won't die of malnutrition, be sure of that.", You won't die of malnutrition. Be sure of that.,0.0
arctic_a0255,Hindi,SVBI,nat+empty_pad,"You won't die of malnutrition, be sure of that.", You won't die of malnutrition. Be sure of that.,0.0
arctic_a0255,Hindi,SVBI,l2+empty_pad,"You won't die of malnutrition, be sure of that.", You won't die of malnutrition. Be sure of that.,0.0
arctic_a0255,Korean,HJK,nat+nat,"You won't die of malnutrition, be sure of that."," You won't die of malnutrition, be sure of that.",0.0
arctic_a0255,Korean,HJK,nat+nat_diff_utt,"You won't die of malnutrition, be sure of that."," You won't die of malnutrition, be sure of that.",0.0
arctic_a0255,Korean,HJK,nat+l2_same,"You won't die of malnutrition, be sure of that."," You won't die of malnutrition, be sure of that.",0.0
arctic_a0255,Korean,HJK,nat+interp,"You won't die of malnutrition, be sure of that."," You won't die of malnutrition, be sure of that.",0.0
arctic_a0255,Korean,HJK,nat+noise,"You won't die of malnutrition, be sure of that.", You won't you,0.7777777777777778
arctic_a0255,Korean,HJK,l2+l2,"You won't die of malnutrition, be sure of that."," You won't die of malnutrition, be sure of that.",0.0
arctic_a0255,Korean,HJK,l2+l2_diff_utt,"You won't die of malnutrition, be sure of that."," You won't die of malnutrition, be sure of that.",0.0
arctic_a0255,Korean,HJK,l2+nat_same,"You won't die of malnutrition, be sure of that."," You won't die of malnutrition, be sure of that.",0.0
arctic_a0255,Korean,HJK,l2+interp,"You won't die of malnutrition, be sure of that."," You won't die of malnutrition, be sure of that.",0.0
arctic_a0255,Korean,HJK,l2+noise,"You won't die of malnutrition, be sure of that.", You want you,0.8888888888888888
arctic_a0255,Korean,HJK,nat+zero_0,"You won't die of malnutrition, be sure of that."," You won't die of malnutrition, be sure of that.",0.0
arctic_a0255,Korean,HJK,l2+zero_0,"You won't die of malnutrition, be sure of that."," You won't die a malnutrition, be sure of that.",0.1111111111111111
arctic_a0255,Korean,HJK,nat+zero_100,"You won't die of malnutrition, be sure of that."," You won't die of malnutrition, be sure of that.",0.0
arctic_a0255,Korean,HJK,l2+zero_100,"You won't die of malnutrition, be sure of that."," You won't die a malnutrition, be sure of that.",0.1111111111111111
arctic_a0255,Korean,HJK,nat+zero_200,"You won't die of malnutrition, be sure of that."," You won't die of malnutrition, be sure of that.",0.0
arctic_a0255,Korean,HJK,l2+zero_200,"You won't die of malnutrition, be sure of that."," You won't die a malnutrition, be sure of that.",0.1111111111111111
arctic_a0255,Korean,HJK,nat+zero_400,"You won't die of malnutrition, be sure of that."," You won't die of malnutrition, be sure of that.",0.0
arctic_a0255,Korean,HJK,l2+zero_400,"You won't die of malnutrition, be sure of that."," You won't die a malnutrition, be sure of that.",0.1111111111111111
arctic_a0255,Korean,HJK,nat+zero_800,"You won't die of malnutrition, be sure of that."," You won't die of malnutrition, be sure of that.",0.0
arctic_a0255,Korean,HJK,l2+zero_800,"You won't die of malnutrition, be sure of that."," You won't die a malnutrition, be sure of that.",0.1111111111111111
arctic_a0255,Korean,HJK,nat+empty_pad,"You won't die of malnutrition, be sure of that.", You won't die of malnutrition. Be sure of that.,0.0
arctic_a0255,Korean,HJK,l2+empty_pad,"You won't die of malnutrition, be sure of that."," You won't die of malnutrition, be sure of that.",0.0
arctic_a0255,Spanish,EBVS,nat+nat,"You won't die of malnutrition, be sure of that."," You won't die of malnutrition, be sure of that.",0.0
arctic_a0255,Spanish,EBVS,nat+nat_diff_utt,"You won't die of malnutrition, be sure of that."," You won't die of malnutrition, be sure of that.",0.0
arctic_a0255,Spanish,EBVS,nat+l2_same,"You won't die of malnutrition, be sure of that."," You won't die of malnutrition, be sure of that.",0.0
arctic_a0255,Spanish,EBVS,nat+interp,"You won't die of malnutrition, be sure of that.", You won't die of malnutrition. Be sure of that.,0.0
arctic_a0255,Spanish,EBVS,nat+noise,"You won't die of malnutrition, be sure of that.", You won't you,0.7777777777777778
arctic_a0255,Spanish,EBVS,l2+l2,"You won't die of malnutrition, be sure of that.", You won't die of malnutrition. Be sure of that.,0.0
arctic_a0255,Spanish,EBVS,l2+l2_diff_utt,"You won't die of malnutrition, be sure of that.", You won't die of malnutrition. Be sure of that.,0.0
arctic_a0255,Spanish,EBVS,l2+nat_same,"You won't die of malnutrition, be sure of that.", You won't die of malnutrition. Be sure of that.,0.0
arctic_a0255,Spanish,EBVS,l2+interp,"You won't die of malnutrition, be sure of that.", You won't die of malnutrition. Be sure of that.,0.0
arctic_a0255,Spanish,EBVS,l2+noise,"You won't die of malnutrition, be sure of that.", you won't die of malnutrition. Be sure of that.,0.0
arctic_a0255,Spanish,EBVS,nat+zero_0,"You won't die of malnutrition, be sure of that."," You won't die of malnutrition, be sure of that.",0.0
arctic_a0255,Spanish,EBVS,l2+zero_0,"You won't die of malnutrition, be sure of that.", You won't die of malnutrition. Be sure of that.,0.0
arctic_a0255,Spanish,EBVS,nat+zero_100,"You won't die of malnutrition, be sure of that."," You won't die of malnutrition, be sure of that.",0.0
arctic_a0255,Spanish,EBVS,l2+zero_100,"You won't die of malnutrition, be sure of that.", You won't die of malnutrition. Be sure of that.,0.0
arctic_a0255,Spanish,EBVS,nat+zero_200,"You won't die of malnutrition, be sure of that."," You won't die of malnutrition, be sure of that.",0.0
arctic_a0255,Spanish,EBVS,l2+zero_200,"You won't die of malnutrition, be sure of that.", You won't die of malnutrition. Be sure of that.,0.0
arctic_a0255,Spanish,EBVS,nat+zero_400,"You won't die of malnutrition, be sure of that."," You won't die of malnutrition, be sure of that.",0.0
arctic_a0255,Spanish,EBVS,l2+zero_400,"You won't die of malnutrition, be sure of that.", You won't die of malnutrition. Be sure of that.,0.0
arctic_a0255,Spanish,EBVS,nat+zero_800,"You won't die of malnutrition, be sure of that."," You won't die of malnutrition, be sure of that.",0.0
arctic_a0255,Spanish,EBVS,l2+zero_800,"You won't die of malnutrition, be sure of that.", You won't die of malnutrition. Be sure of that.,0.0
arctic_a0255,Spanish,EBVS,nat+empty_pad,"You won't die of malnutrition, be sure of that.", You won't die of malnutrition. Be sure of that.,0.0
arctic_a0255,Spanish,EBVS,l2+empty_pad,"You won't die of malnutrition, be sure of that.", You won't die of malnutrition. Be sure of that.,0.0
arctic_a0255,Vietnamese,HQTV,nat+nat,"You won't die of malnutrition, be sure of that."," You won't die of malnutrition, be sure of that.",0.0
arctic_a0255,Vietnamese,HQTV,nat+nat_diff_utt,"You won't die of malnutrition, be sure of that."," You won't die of malnutrition, be sure of that.",0.0
arctic_a0255,Vietnamese,HQTV,nat+l2_same,"You won't die of malnutrition, be sure of that."," You won't die of malnutrition, be sure of that.",0.0
arctic_a0255,Vietnamese,HQTV,nat+interp,"You won't die of malnutrition, be sure of that."," You won't die of malnutrition, be sure of that.",0.0
arctic_a0255,Vietnamese,HQTV,nat+noise,"You won't die of malnutrition, be sure of that.", You won't you,0.7777777777777778
arctic_a0255,Vietnamese,HQTV,l2+l2,"You won't die of malnutrition, be sure of that.", You won't die of a malnutrition. Be sure of that.,0.1111111111111111
arctic_a0255,Vietnamese,HQTV,l2+l2_diff_utt,"You won't die of malnutrition, be sure of that.", You won't die of a malnutrition. Be sure of that.,0.1111111111111111
arctic_a0255,Vietnamese,HQTV,l2+nat_same,"You won't die of malnutrition, be sure of that.", You won't die of a malnutrition. Be sure of that.,0.1111111111111111
arctic_a0255,Vietnamese,HQTV,l2+interp,"You won't die of malnutrition, be sure of that.", You won't die of a malnutrition. Be sure of that.,0.1111111111111111
arctic_a0255,Vietnamese,HQTV,l2+noise,"You won't die of malnutrition, be sure of that.", you won,0.8888888888888888
arctic_a0255,Vietnamese,HQTV,nat+zero_0,"You won't die of malnutrition, be sure of that."," You won't die of malnutrition, be sure of that.",0.0
arctic_a0255,Vietnamese,HQTV,l2+zero_0,"You won't die of malnutrition, be sure of that.", You won't die of a malnutrition. Be sure of that.,0.1111111111111111
arctic_a0255,Vietnamese,HQTV,nat+zero_100,"You won't die of malnutrition, be sure of that."," You won't die of malnutrition, be sure of that.",0.0
arctic_a0255,Vietnamese,HQTV,l2+zero_100,"You won't die of malnutrition, be sure of that.", You won't die of a malnutrition. Be sure of that.,0.1111111111111111
arctic_a0255,Vietnamese,HQTV,nat+zero_200,"You won't die of malnutrition, be sure of that."," You won't die of malnutrition, be sure of that.",0.0
arctic_a0255,Vietnamese,HQTV,l2+zero_200,"You won't die of malnutrition, be sure of that.", You won't die of a malnutrition. Be sure of that.,0.1111111111111111
arctic_a0255,Vietnamese,HQTV,nat+zero_400,"You won't die of malnutrition, be sure of that."," You won't die of malnutrition, be sure of that.",0.0
arctic_a0255,Vietnamese,HQTV,l2+zero_400,"You won't die of malnutrition, be sure of that.", You won't die of a malnutrition. Be sure of that.,0.1111111111111111
arctic_a0255,Vietnamese,HQTV,nat+zero_800,"You won't die of malnutrition, be sure of that."," You won't die of malnutrition, be sure of that.",0.0
arctic_a0255,Vietnamese,HQTV,l2+zero_800,"You won't die of malnutrition, be sure of that.", You won't die of a malnutrition. Be sure of that.,0.1111111111111111
arctic_a0255,Vietnamese,HQTV,nat+empty_pad,"You won't die of malnutrition, be sure of that.", You won't die of malnutrition. Be sure of that.,0.0
arctic_a0255,Vietnamese,HQTV,l2+empty_pad,"You won't die of malnutrition, be sure of that.", You won't die of a malnutrition. Be sure of that.,0.1111111111111111
arctic_a0263,Arabic,ZHAA,nat+nat,"Joan looked triumphantly at Sheldon, who bowed."," Joan looked triumphantly at Sheldon, who bowed.",0.0
arctic_a0263,Arabic,ZHAA,nat+nat_diff_utt,"Joan looked triumphantly at Sheldon, who bowed."," Joan looked triumphantly at Sheldon, who bowed.",0.0
arctic_a0263,Arabic,ZHAA,nat+l2_same,"Joan looked triumphantly at Sheldon, who bowed."," Joan looked triumphantly at Sheldon, who bowed.",0.0
arctic_a0263,Arabic,ZHAA,nat+interp,"Joan looked triumphantly at Sheldon, who bowed.", Joan looked triumphantly at Sheldon who bowed.,0.0
arctic_a0263,Arabic,ZHAA,nat+noise,"Joan looked triumphantly at Sheldon, who bowed.", Joan looked,0.7142857142857143
arctic_a0263,Arabic,ZHAA,l2+l2,"Joan looked triumphantly at Sheldon, who bowed.", John looked triumphantly at children who pout.,0.42857142857142855
arctic_a0263,Arabic,ZHAA,l2+l2_diff_utt,"Joan looked triumphantly at Sheldon, who bowed.", John looked triumphantly at children who pout.,0.42857142857142855
arctic_a0263,Arabic,ZHAA,l2+nat_same,"Joan looked triumphantly at Sheldon, who bowed.", John looked triumphantly at children who pout.,0.42857142857142855
arctic_a0263,Arabic,ZHAA,l2+interp,"Joan looked triumphantly at Sheldon, who bowed.", John looked triumphantly at children who pout.,0.42857142857142855
arctic_a0263,Arabic,ZHAA,l2+noise,"Joan looked triumphantly at Sheldon, who bowed.", John luck triumph and,1.0
arctic_a0263,Arabic,ZHAA,nat+zero_0,"Joan looked triumphantly at Sheldon, who bowed."," Joan looked triumphantly at Sheldon, who bowed.",0.0
arctic_a0263,Arabic,ZHAA,l2+zero_0,"Joan looked triumphantly at Sheldon, who bowed.", John looked triumphantly at children who pouted.,0.42857142857142855
arctic_a0263,Arabic,ZHAA,nat+zero_100,"Joan looked triumphantly at Sheldon, who bowed."," Joan looked triumphantly at Sheldon, who bowed.",0.0
arctic_a0263,Arabic,ZHAA,l2+zero_100,"Joan looked triumphantly at Sheldon, who bowed.", John looked triumphantly at children who pouted.,0.42857142857142855
arctic_a0263,Arabic,ZHAA,nat+zero_200,"Joan looked triumphantly at Sheldon, who bowed."," Joan looked triumphantly at Sheldon, who bowed.",0.0
arctic_a0263,Arabic,ZHAA,l2+zero_200,"Joan looked triumphantly at Sheldon, who bowed.", John looked triumphantly at children who pouted.,0.42857142857142855
arctic_a0263,Arabic,ZHAA,nat+zero_400,"Joan looked triumphantly at Sheldon, who bowed."," Joan looked triumphantly at Sheldon, who bowed.",0.0
arctic_a0263,Arabic,ZHAA,l2+zero_400,"Joan looked triumphantly at Sheldon, who bowed.", John looked triumphantly at children who pout.,0.42857142857142855
arctic_a0263,Arabic,ZHAA,nat+zero_800,"Joan looked triumphantly at Sheldon, who bowed."," Joan looked triumphantly at Sheldon, who bowed.",0.0
arctic_a0263,Arabic,ZHAA,l2+zero_800,"Joan looked triumphantly at Sheldon, who bowed.", John looked triumphantly at children who pout.,0.42857142857142855
arctic_a0263,Arabic,ZHAA,nat+empty_pad,"Joan looked triumphantly at Sheldon, who bowed."," Joan looked triumphantly at Sheldon, who bowed.",0.0
arctic_a0263,Arabic,ZHAA,l2+empty_pad,"Joan looked triumphantly at Sheldon, who bowed.", John looked triumphantly at children who pouted.,0.42857142857142855
arctic_a0263,Chinese,BWC,nat+nat,"Joan looked triumphantly at Sheldon, who bowed."," Joan looked triumphantly at Sheldon, who bowed.",0.0
arctic_a0263,Chinese,BWC,nat+nat_diff_utt,"Joan looked triumphantly at Sheldon, who bowed."," Joan looked triumphantly at Sheldon, who bowed.",0.0
arctic_a0263,Chinese,BWC,nat+l2_same,"Joan looked triumphantly at Sheldon, who bowed.", Joan looked triumphantly at Sheldon who bowed.,0.0
arctic_a0263,Chinese,BWC,nat+interp,"Joan looked triumphantly at Sheldon, who bowed.", Joan looked triumphantly at Sheldon who bowed.,0.0
arctic_a0263,Chinese,BWC,nat+noise,"Joan looked triumphantly at Sheldon, who bowed.", Joan looked,0.7142857142857143
arctic_a0263,Chinese,BWC,l2+l2,"Joan looked triumphantly at Sheldon, who bowed.", Joy looked triumphantly at Sheldon who brought,0.2857142857142857
arctic_a0263,Chinese,BWC,l2+l2_diff_utt,"Joan looked triumphantly at Sheldon, who bowed.", The duo looked triumphantly at Sheldon who brought,0.42857142857142855
arctic_a0263,Chinese,BWC,l2+nat_same,"Joan looked triumphantly at Sheldon, who bowed.", Joy looked triumphantly at Sheldon who brought,0.2857142857142857
arctic_a0263,Chinese,BWC,l2+interp,"Joan looked triumphantly at Sheldon, who bowed.", Jo looked triumphantly at Sheldan who brought,0.42857142857142855
arctic_a0263,Chinese,BWC,l2+noise,"Joan looked triumphantly at Sheldon, who bowed.", J,1.0
arctic_a0263,Chinese,BWC,nat+zero_0,"Joan looked triumphantly at Sheldon, who bowed."," Joan looked triumphantly at Sheldon, who bowed.",0.0
arctic_a0263,Chinese,BWC,l2+zero_0,"Joan looked triumphantly at Sheldon, who bowed.", Joy looked triumphantly at Sheldon who brought,0.2857142857142857
arctic_a0263,Chinese,BWC,nat+zero_100,"Joan looked triumphantly at Sheldon, who bowed."," Joan looked triumphantly at Sheldon, who bowed.",0.0
arctic_a0263,Chinese,BWC,l2+zero_100,"Joan looked triumphantly at Sheldon, who bowed.", Joy looked triumphantly at Sheldon who brought,0.2857142857142857
arctic_a0263,Chinese,BWC,nat+zero_200,"Joan looked triumphantly at Sheldon, who bowed."," Joan looked triumphantly at Sheldon, who bowed.",0.0
arctic_a0263,Chinese,BWC,l2+zero_200,"Joan looked triumphantly at Sheldon, who bowed.", Joy looked triumphantly at Sheldon who brought,0.2857142857142857
arctic_a0263,Chinese,BWC,nat+zero_400,"Joan looked triumphantly at Sheldon, who bowed."," Joan looked triumphantly at Sheldon, who bowed.",0.0
arctic_a0263,Chinese,BWC,l2+zero_400,"Joan looked triumphantly at Sheldon, who bowed.", Joy looked triumphantly at Sheldon who brought,0.2857142857142857
arctic_a0263,Chinese,BWC,nat+zero_800,"Joan looked triumphantly at Sheldon, who bowed."," Joan looked triumphantly at Sheldon, who bowed.",0.0
arctic_a0263,Chinese,BWC,l2+zero_800,"Joan looked triumphantly at Sheldon, who bowed.", Joy looked triumphantly at Sheldon who brought,0.2857142857142857
arctic_a0263,Chinese,BWC,nat+empty_pad,"Joan looked triumphantly at Sheldon, who bowed."," Joan looked triumphantly at Sheldon, who bowed.",0.0
arctic_a0263,Chinese,BWC,l2+empty_pad,"Joan looked triumphantly at Sheldon, who bowed.", Joy looked triumphantly at Sheldon who brought,0.2857142857142857
arctic_a0263,Hindi,SVBI,nat+nat,"Joan looked triumphantly at Sheldon, who bowed."," Joan looked triumphantly at Sheldon, who bowed.",0.0
arctic_a0263,Hindi,SVBI,nat+nat_diff_utt,"Joan looked triumphantly at Sheldon, who bowed."," Joan looked triumphantly at Sheldon, who bowed.",0.0
arctic_a0263,Hindi,SVBI,nat+l2_same,"Joan looked triumphantly at Sheldon, who bowed."," Joan looked triumphantly at Sheldon, who bowed.",0.0
arctic_a0263,Hindi,SVBI,nat+interp,"Joan looked triumphantly at Sheldon, who bowed."," Joan looked triumphantly at Sheldon, who bowed.",0.0
arctic_a0263,Hindi,SVBI,nat+noise,"Joan looked triumphantly at Sheldon, who bowed.", Joan looked,0.7142857142857143
arctic_a0263,Hindi,SVBI,l2+l2,"Joan looked triumphantly at Sheldon, who bowed.", Johan looked triumphantly at Sheldon who bowed.,0.14285714285714285
arctic_a0263,Hindi,SVBI,l2+l2_diff_utt,"Joan looked triumphantly at Sheldon, who bowed.", Joanne looked triumphantly at Sheldon who bowed.,0.14285714285714285
arctic_a0263,Hindi,SVBI,l2+nat_same,"Joan looked triumphantly at Sheldon, who bowed.", Joan looked triumphantly at Sheldon who bowed.,0.0
arctic_a0263,Hindi,SVBI,l2+interp,"Joan looked triumphantly at Sheldon, who bowed.", Johan looked triumphantly at Sheldon who bowed.,0.14285714285714285
arctic_a0263,Hindi,SVBI,l2+noise,"Joan looked triumphantly at Sheldon, who bowed.", Joanne,1.0
arctic_a0263,Hindi,SVBI,nat+zero_0,"Joan looked triumphantly at Sheldon, who bowed."," Joan looked triumphantly at Sheldon, who bowed.",0.0
arctic_a0263,Hindi,SVBI,l2+zero_0,"Joan looked triumphantly at Sheldon, who bowed.", Joan looked triumphantly at Sheldon who bowed.,0.0
arctic_a0263,Hindi,SVBI,nat+zero_100,"Joan looked triumphantly at Sheldon, who bowed."," Joan looked triumphantly at Sheldon, who bowed.",0.0
arctic_a0263,Hindi,SVBI,l2+zero_100,"Joan looked triumphantly at Sheldon, who bowed.", Joan looked triumphantly at Sheldon who bowed.,0.0
arctic_a0263,Hindi,SVBI,nat+zero_200,"Joan looked triumphantly at Sheldon, who bowed."," Joan looked triumphantly at Sheldon, who bowed.",0.0
arctic_a0263,Hindi,SVBI,l2+zero_200,"Joan looked triumphantly at Sheldon, who bowed.", Joan looked triumphantly at Sheldon who bowed.,0.0
arctic_a0263,Hindi,SVBI,nat+zero_400,"Joan looked triumphantly at Sheldon, who bowed."," Joan looked triumphantly at Sheldon, who bowed.",0.0
arctic_a0263,Hindi,SVBI,l2+zero_400,"Joan looked triumphantly at Sheldon, who bowed.", Joan looked triumphantly at Sheldon who bowed.,0.0
arctic_a0263,Hindi,SVBI,nat+zero_800,"Joan looked triumphantly at Sheldon, who bowed."," Joan looked triumphantly at Sheldon, who bowed.",0.0
arctic_a0263,Hindi,SVBI,l2+zero_800,"Joan looked triumphantly at Sheldon, who bowed.", Joan looked triumphantly at Sheldon who bowed.,0.0
arctic_a0263,Hindi,SVBI,nat+empty_pad,"Joan looked triumphantly at Sheldon, who bowed."," Joan looked triumphantly at Sheldon, who bowed.",0.0
arctic_a0263,Hindi,SVBI,l2+empty_pad,"Joan looked triumphantly at Sheldon, who bowed.", Joanne looked triumphantly at Sheldon who bowed.,0.14285714285714285
arctic_a0263,Korean,HJK,nat+nat,"Joan looked triumphantly at Sheldon, who bowed."," Joan looked triumphantly at Sheldon, who bowed.",0.0
arctic_a0263,Korean,HJK,nat+nat_diff_utt,"Joan looked triumphantly at Sheldon, who bowed."," Joan looked triumphantly at Sheldon, who bowed.",0.0
arctic_a0263,Korean,HJK,nat+l2_same,"Joan looked triumphantly at Sheldon, who bowed."," Joan looked triumphantly at Sheldon, who bowed.",0.0
arctic_a0263,Korean,HJK,nat+interp,"Joan looked triumphantly at Sheldon, who bowed."," Joan looked triumphantly at Sheldon, who bowed.",0.0
arctic_a0263,Korean,HJK,nat+noise,"Joan looked triumphantly at Sheldon, who bowed.", Joan looked,0.7142857142857143
arctic_a0263,Korean,HJK,l2+l2,"Joan looked triumphantly at Sheldon, who bowed."," John looked triumphantly at Sheldon, who bowed.",0.14285714285714285
arctic_a0263,Korean,HJK,l2+l2_diff_utt,"Joan looked triumphantly at Sheldon, who bowed."," John looked triumphantly at Sheldon, who bowed.",0.14285714285714285
arctic_a0263,Korean,HJK,l2+nat_same,"Joan looked triumphantly at Sheldon, who bowed."," John looked triumphantly at Sheldon, who bowed.",0.14285714285714285
arctic_a0263,Korean,HJK,l2+interp,"Joan looked triumphantly at Sheldon, who bowed."," John looked triumphantly at Sheldon, who bowed.",0.14285714285714285
arctic_a0263,Korean,HJK,l2+noise,"Joan looked triumphantly at Sheldon, who bowed.", John looked,0.8571428571428571
arctic_a0263,Korean,HJK,nat+zero_0,"Joan looked triumphantly at Sheldon, who bowed."," Joan looked triumphantly at Sheldon, who bowed.",0.0
arctic_a0263,Korean,HJK,l2+zero_0,"Joan looked triumphantly at Sheldon, who bowed."," John looked triumphantly at Sheldon, who bowed.",0.14285714285714285
arctic_a0263,Korean,HJK,nat+zero_100,"Joan looked triumphantly at Sheldon, who bowed."," Joan looked triumphantly at Sheldon, who bowed.",0.0
arctic_a0263,Korean,HJK,l2+zero_100,"Joan looked triumphantly at Sheldon, who bowed."," John looked triumphantly at Sheldon, who bowed.",0.14285714285714285
arctic_a0263,Korean,HJK,nat+zero_200,"Joan looked triumphantly at Sheldon, who bowed."," Joan looked triumphantly at Sheldon, who bowed.",0.0
arctic_a0263,Korean,HJK,l2+zero_200,"Joan looked triumphantly at Sheldon, who bowed."," John looked triumphantly at Sheldon, who bowed.",0.14285714285714285
arctic_a0263,Korean,HJK,nat+zero_400,"Joan looked triumphantly at Sheldon, who bowed."," Joan looked triumphantly at Sheldon, who bowed.",0.0
arctic_a0263,Korean,HJK,l2+zero_400,"Joan looked triumphantly at Sheldon, who bowed."," John looked triumphantly at Sheldon, who bowed.",0.14285714285714285
arctic_a0263,Korean,HJK,nat+zero_800,"Joan looked triumphantly at Sheldon, who bowed."," Joan looked triumphantly at Sheldon, who bowed.",0.0
arctic_a0263,Korean,HJK,l2+zero_800,"Joan looked triumphantly at Sheldon, who bowed."," John looked triumphantly at Sheldon, who bowed.",0.14285714285714285
arctic_a0263,Korean,HJK,nat+empty_pad,"Joan looked triumphantly at Sheldon, who bowed."," Joan looked triumphantly at Sheldon, who bowed.",0.0
arctic_a0263,Korean,HJK,l2+empty_pad,"Joan looked triumphantly at Sheldon, who bowed."," John looked triumphantly at Sheldon, who bowed.",0.14285714285714285
arctic_a0263,Spanish,EBVS,nat+nat,"Joan looked triumphantly at Sheldon, who bowed."," Joan looked triumphantly at Sheldon, who bowed.",0.0
arctic_a0263,Spanish,EBVS,nat+nat_diff_utt,"Joan looked triumphantly at Sheldon, who bowed."," Joan looked triumphantly at Sheldon, who bowed.",0.0
arctic_a0263,Spanish,EBVS,nat+l2_same,"Joan looked triumphantly at Sheldon, who bowed.", Joan looked triumphantly at Sheldon who bowed.,0.0
arctic_a0263,Spanish,EBVS,nat+interp,"Joan looked triumphantly at Sheldon, who bowed."," Joan looked triumphantly at Sheldon, who bowed.",0.0
arctic_a0263,Spanish,EBVS,nat+noise,"Joan looked triumphantly at Sheldon, who bowed.", Joan looked,0.7142857142857143
arctic_a0263,Spanish,EBVS,l2+l2,"Joan looked triumphantly at Sheldon, who bowed.", Join lookitrumpfully and shut down. Co-operate.,1.0
arctic_a0263,Spanish,EBVS,l2+l2_diff_utt,"Joan looked triumphantly at Sheldon, who bowed.", Join look it carefully and shut down.,1.0
arctic_a0263,Spanish,EBVS,l2+nat_same,"Joan looked triumphantly at Sheldon, who bowed.", Join lookitremply and shut down. Co-op it.,1.0
arctic_a0263,Spanish,EBVS,l2+interp,"Joan looked triumphantly at Sheldon, who bowed."," Join, look it carefully and shut down. Co-op it.",1.2857142857142858
arctic_a0263,Spanish,EBVS,l2+noise,"Joan looked triumphantly at Sheldon, who bowed.", John look it carefully,1.0
arctic_a0263,Spanish,EBVS,nat+zero_0,"Joan looked triumphantly at Sheldon, who bowed."," Joan looked triumphantly at Sheldon, who bowed.",0.0
arctic_a0263,Spanish,EBVS,l2+zero_0,"Joan looked triumphantly at Sheldon, who bowed.", Join Lookit Tramfully and sell them.,1.0
arctic_a0263,Spanish,EBVS,nat+zero_100,"Joan looked triumphantly at Sheldon, who bowed."," Joan looked triumphantly at Sheldon, who bowed.",0.0
arctic_a0263,Spanish,EBVS,l2+zero_100,"Joan looked triumphantly at Sheldon, who bowed.", Join Lookit Tramfully and Sheldon Cooper.,0.8571428571428571
arctic_a0263,Spanish,EBVS,nat+zero_200,"Joan looked triumphantly at Sheldon, who bowed."," Joan looked triumphantly at Sheldon, who bowed.",0.0
arctic_a0263,Spanish,EBVS,l2+zero_200,"Joan looked triumphantly at Sheldon, who bowed.", Join Lookit Tramfully and Sheldon Cooper.,0.8571428571428571
arctic_a0263,Spanish,EBVS,nat+zero_400,"Joan looked triumphantly at Sheldon, who bowed."," Joan looked triumphantly at Sheldon, who bowed.",0.0
arctic_a0263,Spanish,EBVS,l2+zero_400,"Joan looked triumphantly at Sheldon, who bowed.", Join Lookit Tramfully and Sheldon Cooper.,0.8571428571428571
arctic_a0263,Spanish,EBVS,nat+zero_800,"Joan looked triumphantly at Sheldon, who bowed."," Joan looked triumphantly at Sheldon, who bowed.",0.0
arctic_a0263,Spanish,EBVS,l2+zero_800,"Joan looked triumphantly at Sheldon, who bowed.", Join Lookit Tramfully and Sheldon Cooper.,0.8571428571428571
arctic_a0263,Spanish,EBVS,nat+empty_pad,"Joan looked triumphantly at Sheldon, who bowed."," Joan looked triumphantly at Sheldon, who bowed.",0.0
arctic_a0263,Spanish,EBVS,l2+empty_pad,"Joan looked triumphantly at Sheldon, who bowed."," Join, look it carefully and shut down. Cool work.",1.2857142857142858
arctic_a0263,Vietnamese,HQTV,nat+nat,"Joan looked triumphantly at Sheldon, who bowed."," Joan looked triumphantly at Sheldon, who bowed.",0.0
arctic_a0263,Vietnamese,HQTV,nat+nat_diff_utt,"Joan looked triumphantly at Sheldon, who bowed."," Joan looked triumphantly at Sheldon, who bowed.",0.0
arctic_a0263,Vietnamese,HQTV,nat+l2_same,"Joan looked triumphantly at Sheldon, who bowed.", Joan looked triumphantly at Sheldon who bowed.,0.0
arctic_a0263,Vietnamese,HQTV,nat+interp,"Joan looked triumphantly at Sheldon, who bowed.", Joan looked triumphantly at Sheldon who bowed.,0.0
arctic_a0263,Vietnamese,HQTV,nat+noise,"Joan looked triumphantly at Sheldon, who bowed.", Joan looked,0.7142857142857143
arctic_a0263,Vietnamese,HQTV,l2+l2,"Joan looked triumphantly at Sheldon, who bowed.", Charm looked triumphantly as Sheldon who bowed.,0.2857142857142857
arctic_a0263,Vietnamese,HQTV,l2+l2_diff_utt,"Joan looked triumphantly at Sheldon, who bowed.", Charm looked triumphantly as Sheldon who bought,0.42857142857142855
arctic_a0263,Vietnamese,HQTV,l2+nat_same,"Joan looked triumphantly at Sheldon, who bowed.", Charm looked triumphantly as Sheldon who bought,0.42857142857142855
arctic_a0263,Vietnamese,HQTV,l2+interp,"Joan looked triumphantly at Sheldon, who bowed.", Charan looked triumphantly as Sheldon Hubbell,0.5714285714285714
arctic_a0263,Vietnamese,HQTV,l2+noise,"Joan looked triumphantly at Sheldon, who bowed.", Char look trium fun Lee as Sheld Sheld Sheld Sh,1.4285714285714286
arctic_a0263,Vietnamese,HQTV,nat+zero_0,"Joan looked triumphantly at Sheldon, who bowed."," Joan looked triumphantly at Sheldon, who bowed.",0.0
arctic_a0263,Vietnamese,HQTV,l2+zero_0,"Joan looked triumphantly at Sheldon, who bowed.", Charm looked triumphantly as Sheldon who bought,0.42857142857142855
arctic_a0263,Vietnamese,HQTV,nat+zero_100,"Joan looked triumphantly at Sheldon, who bowed."," Joan looked triumphantly at Sheldon, who bowed.",0.0
arctic_a0263,Vietnamese,HQTV,l2+zero_100,"Joan looked triumphantly at Sheldon, who bowed.", Charm looked triumphantly as Sheldon who bought,0.42857142857142855
arctic_a0263,Vietnamese,HQTV,nat+zero_200,"Joan looked triumphantly at Sheldon, who bowed."," Joan looked triumphantly at Sheldon, who bowed.",0.0
arctic_a0263,Vietnamese,HQTV,l2+zero_200,"Joan looked triumphantly at Sheldon, who bowed.", Charm looked triumphantly as Sheldon who bought,0.42857142857142855
arctic_a0263,Vietnamese,HQTV,nat+zero_400,"Joan looked triumphantly at Sheldon, who bowed."," Joan looked triumphantly at Sheldon, who bowed.",0.0
arctic_a0263,Vietnamese,HQTV,l2+zero_400,"Joan looked triumphantly at Sheldon, who bowed.", Charm looked triumphantly as Sheldon who bought,0.42857142857142855
arctic_a0263,Vietnamese,HQTV,nat+zero_800,"Joan looked triumphantly at Sheldon, who bowed."," Joan looked triumphantly at Sheldon, who bowed.",0.0
arctic_a0263,Vietnamese,HQTV,l2+zero_800,"Joan looked triumphantly at Sheldon, who bowed.", Charm looked triumphantly as Sheldon who bought,0.42857142857142855
arctic_a0263,Vietnamese,HQTV,nat+empty_pad,"Joan looked triumphantly at Sheldon, who bowed."," Joan looked triumphantly at Sheldon, who bowed.",0.0
arctic_a0263,Vietnamese,HQTV,l2+empty_pad,"Joan looked triumphantly at Sheldon, who bowed.", Charm looked triumphantly as Sheldon who bowed.,0.2857142857142857
arctic_a0276,Arabic,ZHAA,nat+nat,Oolong Atoll was one hundred and forty miles in circumference., Oolong at all was 140 miles in circumference.,0.6
arctic_a0276,Arabic,ZHAA,nat+nat_diff_utt,Oolong Atoll was one hundred and forty miles in circumference., Oolong atol was 140 miles in circumference.,0.5
arctic_a0276,Arabic,ZHAA,nat+l2_same,Oolong Atoll was one hundred and forty miles in circumference., Oolong Atal was 140 miles in circumference.,0.5
arctic_a0276,Arabic,ZHAA,nat+interp,Oolong Atoll was one hundred and forty miles in circumference., Oolong A-T,0.9
arctic_a0276,Arabic,ZHAA,nat+noise,Oolong Atoll was one hundred and forty miles in circumference., Ool,1.0
arctic_a0276,Arabic,ZHAA,l2+l2,Oolong Atoll was one hundred and forty miles in circumference., Olong Atoll was 140 miles in circumference.,0.5
arctic_a0276,Arabic,ZHAA,l2+l2_diff_utt,Oolong Atoll was one hundred and forty miles in circumference., Olong Atoll was 140 miles in circumference.,0.5
arctic_a0276,Arabic,ZHAA,l2+nat_same,Oolong Atoll was one hundred and forty miles in circumference., Olong Atoll was 140 miles in circumference.,0.5
arctic_a0276,Arabic,ZHAA,l2+interp,Oolong Atoll was one hundred and forty miles in circumference., Olong Aht al was 140 miles in circum France.,0.9
arctic_a0276,Arabic,ZHAA,l2+noise,Oolong Atoll was one hundred and forty miles in circumference.," O Long,",1.0
arctic_a0276,Arabic,ZHAA,nat+zero_0,Oolong Atoll was one hundred and forty miles in circumference., Oolong at all was 140 miles in circumference.,0.6
arctic_a0276,Arabic,ZHAA,l2+zero_0,Oolong Atoll was one hundred and forty miles in circumference., Allong Atoll was 140 miles in circumference.,0.5
arctic_a0276,Arabic,ZHAA,nat+zero_100,Oolong Atoll was one hundred and forty miles in circumference., Oolong at all was 140 miles in circumference.,0.6
arctic_a0276,Arabic,ZHAA,l2+zero_100,Oolong Atoll was one hundred and forty miles in circumference., Allong Atoll was 140 miles in circumference.,0.5
arctic_a0276,Arabic,ZHAA,nat+zero_200,Oolong Atoll was one hundred and forty miles in circumference., Oolong at all was 140 miles in circumference.,0.6
arctic_a0276,Arabic,ZHAA,l2+zero_200,Oolong Atoll was one hundred and forty miles in circumference., Allong Atoll was 140 miles in circumference.,0.5
arctic_a0276,Arabic,ZHAA,nat+zero_400,Oolong Atoll was one hundred and forty miles in circumference., Oolong at all was 140 miles in circumference.,0.6
arctic_a0276,Arabic,ZHAA,l2+zero_400,Oolong Atoll was one hundred and forty miles in circumference., Allong Atoll was 140 miles in circumference.,0.5
arctic_a0276,Arabic,ZHAA,nat+zero_800,Oolong Atoll was one hundred and forty miles in circumference., Oolong atol was 140 miles in circumference.,0.5
arctic_a0276,Arabic,ZHAA,l2+zero_800,Oolong Atoll was one hundred and forty miles in circumference., Olong Atoll was 140 miles in circumference.,0.5
arctic_a0276,Arabic,ZHAA,nat+empty_pad,Oolong Atoll was one hundred and forty miles in circumference., Oolong atol was 140 miles in circumference.,0.5
arctic_a0276,Arabic,ZHAA,l2+empty_pad,Oolong Atoll was one hundred and forty miles in circumference., Olong Atoll was 140 miles in circumference.,0.5
arctic_a0276,Chinese,BWC,nat+nat,Oolong Atoll was one hundred and forty miles in circumference., Oolong at all was 140 miles in circumference.,0.6
arctic_a0276,Chinese,BWC,nat+nat_diff_utt,Oolong Atoll was one hundred and forty miles in circumference., Oolong atol was 140 miles in circumference.,0.5
arctic_a0276,Chinese,BWC,nat+l2_same,Oolong Atoll was one hundred and forty miles in circumference., Oolong Atal was 140 miles in circumference.,0.5
arctic_a0276,Chinese,BWC,nat+interp,Oolong Atoll was one hundred and forty miles in circumference., Oolong Atal was 140 miles in circumference.,0.5
arctic_a0276,Chinese,BWC,nat+noise,Oolong Atoll was one hundred and forty miles in circumference., Ool,1.0
arctic_a0276,Chinese,BWC,l2+l2,Oolong Atoll was one hundred and forty miles in circumference., Ulan Atau was 140 miles in the circumference.,0.7
arctic_a0276,Chinese,BWC,l2+l2_diff_utt,Oolong Atoll was one hundred and forty miles in circumference., Ulaan Atao was 140 miles in the circumference.,0.7
arctic_a0276,Chinese,BWC,l2+nat_same,Oolong Atoll was one hundred and forty miles in circumference., Ulaan Atao was 140 miles in the circumference.,0.7
arctic_a0276,Chinese,BWC,l2+interp,Oolong Atoll was one hundred and forty miles in circumference., Wulan A Tao was 140 miles in the circumference.,0.8
arctic_a0276,Chinese,BWC,l2+noise,Oolong Atoll was one hundred and forty miles in circumference.," W,",1.0
arctic_a0276,Chinese,BWC,nat+zero_0,Oolong Atoll was one hundred and forty miles in circumference., Oolong at all was 140 miles in circumference.,0.6
arctic_a0276,Chinese,BWC,l2+zero_0,Oolong Atoll was one hundred and forty miles in circumference., Ulan Atal was 140 miles in the circumference.,0.7
arctic_a0276,Chinese,BWC,nat+zero_100,Oolong Atoll was one hundred and forty miles in circumference., Oolong at all was 140 miles in circumference.,0.6
arctic_a0276,Chinese,BWC,l2+zero_100,Oolong Atoll was one hundred and forty miles in circumference., Ulan Atau was 140 miles in the circumference.,0.7
arctic_a0276,Chinese,BWC,nat+zero_200,Oolong Atoll was one hundred and forty miles in circumference., Oolong at all was 140 miles in circumference.,0.6
arctic_a0276,Chinese,BWC,l2+zero_200,Oolong Atoll was one hundred and forty miles in circumference., Ulan Atau was 140 miles in the circumference.,0.7
arctic_a0276,Chinese,BWC,nat+zero_400,Oolong Atoll was one hundred and forty miles in circumference., Oolong at all was 140 miles in circumference.,0.6
arctic_a0276,Chinese,BWC,l2+zero_400,Oolong Atoll was one hundred and forty miles in circumference., Ulan Atau was 140 miles in the circumference.,0.7
arctic_a0276,Chinese,BWC,nat+zero_800,Oolong Atoll was one hundred and forty miles in circumference., Oolong atol was 140 miles in circumference.,0.5
arctic_a0276,Chinese,BWC,l2+zero_800,Oolong Atoll was one hundred and forty miles in circumference., Ulan Atau was 140 miles in the circumference.,0.7
arctic_a0276,Chinese,BWC,nat+empty_pad,Oolong Atoll was one hundred and forty miles in circumference., Oolong atol was 140 miles in circumference.,0.5
arctic_a0276,Chinese,BWC,l2+empty_pad,Oolong Atoll was one hundred and forty miles in circumference., Ulaan Atao was 140 miles in the circumference.,0.7
arctic_a0276,Hindi,SVBI,nat+nat,Oolong Atoll was one hundred and forty miles in circumference., Oolong at all was 140 miles in circumference.,0.6
arctic_a0276,Hindi,SVBI,nat+nat_diff_utt,Oolong Atoll was one hundred and forty miles in circumference., Oolong atol was 140 miles in circumference.,0.5
arctic_a0276,Hindi,SVBI,nat+l2_same,Oolong Atoll was one hundred and forty miles in circumference., Oolong at all was 140 miles in circumference.,0.6
arctic_a0276,Hindi,SVBI,nat+interp,Oolong Atoll was one hundred and forty miles in circumference., Oolong Atal was 140 miles in circumference.,0.5
arctic_a0276,Hindi,SVBI,nat+noise,Oolong Atoll was one hundred and forty miles in circumference., Ool,1.0
arctic_a0276,Hindi,SVBI,l2+l2,Oolong Atoll was one hundred and forty miles in circumference., Oolong at all was 140 miles in circumference.,0.6
arctic_a0276,Hindi,SVBI,l2+l2_diff_utt,Oolong Atoll was one hundred and forty miles in circumference., Oolong at all was 140 miles in circumference.,0.6
arctic_a0276,Hindi,SVBI,l2+nat_same,Oolong Atoll was one hundred and forty miles in circumference., Oolong at all was 140 miles in circumference.,0.6
arctic_a0276,Hindi,SVBI,l2+interp,Oolong Atoll was one hundred and forty miles in circumference., Oolong was 140 miles in circumference.,0.5
arctic_a0276,Hindi,SVBI,l2+noise,Oolong Atoll was one hundred and forty miles in circumference., Ool,1.0
arctic_a0276,Hindi,SVBI,nat+zero_0,Oolong Atoll was one hundred and forty miles in circumference., Oolong at all was 140 miles in circumference.,0.6
arctic_a0276,Hindi,SVBI,l2+zero_0,Oolong Atoll was one hundred and forty miles in circumference., Oolong was 140 miles in circumference.,0.5
arctic_a0276,Hindi,SVBI,nat+zero_100,Oolong Atoll was one hundred and forty miles in circumference., Oolong at all was 140 miles in circumference.,0.6
arctic_a0276,Hindi,SVBI,l2+zero_100,Oolong Atoll was one hundred and forty miles in circumference., Oolong was 140 miles in circumference.,0.5
arctic_a0276,Hindi,SVBI,nat+zero_200,Oolong Atoll was one hundred and forty miles in circumference., Oolong at all was 140 miles in circumference.,0.6
arctic_a0276,Hindi,SVBI,l2+zero_200,Oolong Atoll was one hundred and forty miles in circumference., Oolong was 140 miles in circumference.,0.5
arctic_a0276,Hindi,SVBI,nat+zero_400,Oolong Atoll was one hundred and forty miles in circumference., Oolong at all was 140 miles in circumference.,0.6
arctic_a0276,Hindi,SVBI,l2+zero_400,Oolong Atoll was one hundred and forty miles in circumference., Oolong was 140 miles in circumference.,0.5
arctic_a0276,Hindi,SVBI,nat+zero_800,Oolong Atoll was one hundred and forty miles in circumference., Oolong atol was 140 miles in circumference.,0.5
arctic_a0276,Hindi,SVBI,l2+zero_800,Oolong Atoll was one hundred and forty miles in circumference., Oolong was 140 miles in circumference.,0.5
arctic_a0276,Hindi,SVBI,nat+empty_pad,Oolong Atoll was one hundred and forty miles in circumference., Oolong atol was 140 miles in circumference.,0.5
arctic_a0276,Hindi,SVBI,l2+empty_pad,Oolong Atoll was one hundred and forty miles in circumference., Oolong at all was 140 miles in circumference.,0.6
arctic_a0276,Korean,HJK,nat+nat,Oolong Atoll was one hundred and forty miles in circumference., Oolong at all was 140 miles in circumference.,0.6
arctic_a0276,Korean,HJK,nat+nat_diff_utt,Oolong Atoll was one hundred and forty miles in circumference., Oolong atol was 140 miles in circumference.,0.5
arctic_a0276,Korean,HJK,nat+l2_same,Oolong Atoll was one hundred and forty miles in circumference., Oolong at all was 140 miles in circumference.,0.6
arctic_a0276,Korean,HJK,nat+interp,Oolong Atoll was one hundred and forty miles in circumference., Oolong at all was 140 miles in circumference.,0.6
arctic_a0276,Korean,HJK,nat+noise,Oolong Atoll was one hundred and forty miles in circumference., Ool,1.0
arctic_a0276,Korean,HJK,l2+l2,Oolong Atoll was one hundred and forty miles in circumference., Ulung Ato was 140 miles in circumference.,0.6
arctic_a0276,Korean,HJK,l2+l2_diff_utt,Oolong Atoll was one hundred and forty miles in circumference., Ulung Ato was 140 miles in circumference.,0.6
arctic_a0276,Korean,HJK,l2+nat_same,Oolong Atoll was one hundred and forty miles in circumference., Ulong at all was 140 miles in circumference.,0.7
arctic_a0276,Korean,HJK,l2+interp,Oolong Atoll was one hundred and forty miles in circumference., Ulung Ato was 140 miles in circumference.,0.6
arctic_a0276,Korean,HJK,l2+noise,Oolong Atoll was one hundred and forty miles in circumference., U-,1.0
arctic_a0276,Korean,HJK,nat+zero_0,Oolong Atoll was one hundred and forty miles in circumference., Oolong at all was 140 miles in circumference.,0.6
arctic_a0276,Korean,HJK,l2+zero_0,Oolong Atoll was one hundred and forty miles in circumference., Ulung Ato was 140 miles in circumference.,0.6
arctic_a0276,Korean,HJK,nat+zero_100,Oolong Atoll was one hundred and forty miles in circumference., Oolong at all was 140 miles in circumference.,0.6
arctic_a0276,Korean,HJK,l2+zero_100,Oolong Atoll was one hundred and forty miles in circumference., Ulung Ato was 140 miles in circumference.,0.6
arctic_a0276,Korean,HJK,nat+zero_200,Oolong Atoll was one hundred and forty miles in circumference., Oolong at all was 140 miles in circumference.,0.6
arctic_a0276,Korean,HJK,l2+zero_200,Oolong Atoll was one hundred and forty miles in circumference., Ulung Ato was 140 miles in circumference.,0.6
arctic_a0276,Korean,HJK,nat+zero_400,Oolong Atoll was one hundred and forty miles in circumference., Oolong at all was 140 miles in circumference.,0.6
arctic_a0276,Korean,HJK,l2+zero_400,Oolong Atoll was one hundred and forty miles in circumference., Ulong Ato was 140 miles in circumference.,0.6
arctic_a0276,Korean,HJK,nat+zero_800,Oolong Atoll was one hundred and forty miles in circumference., Oolong atol was 140 miles in circumference.,0.5
arctic_a0276,Korean,HJK,l2+zero_800,Oolong Atoll was one hundred and forty miles in circumference., Ulong Ato was 140 miles in circumference.,0.6
arctic_a0276,Korean,HJK,nat+empty_pad,Oolong Atoll was one hundred and forty miles in circumference., Oolong atol was 140 miles in circumference.,0.5
arctic_a0276,Korean,HJK,l2+empty_pad,Oolong Atoll was one hundred and forty miles in circumference., Ulung Ato was 140 miles in circumference.,0.6
arctic_a0276,Spanish,EBVS,nat+nat,Oolong Atoll was one hundred and forty miles in circumference., Oolong at all was 140 miles in circumference.,0.6
arctic_a0276,Spanish,EBVS,nat+nat_diff_utt,Oolong Atoll was one hundred and forty miles in circumference., Oolong atol was 140 miles in circumference.,0.5
arctic_a0276,Spanish,EBVS,nat+l2_same,Oolong Atoll was one hundred and forty miles in circumference., Oolong Atal was 140 miles in circumference.,0.5
arctic_a0276,Spanish,EBVS,nat+interp,Oolong Atoll was one hundred and forty miles in circumference., Oolong A-Tal was 140 miles in circumference.,0.5
arctic_a0276,Spanish,EBVS,nat+noise,Oolong Atoll was one hundred and forty miles in circumference., Ool,1.0
arctic_a0276,Spanish,EBVS,l2+l2,Oolong Atoll was one hundred and forty miles in circumference., Orangutor was 140 miles in circumference.,0.6
arctic_a0276,Spanish,EBVS,l2+l2_diff_utt,Oolong Atoll was one hundred and forty miles in circumference., Orangutor was 140 miles in circumference.,0.6
arctic_a0276,Spanish,EBVS,l2+nat_same,Oolong Atoll was one hundred and forty miles in circumference., Orangutor was 140 miles in circumference.,0.6
arctic_a0276,Spanish,EBVS,l2+interp,Oolong Atoll was one hundred and forty miles in circumference., Orang Ahtor was 140 miles in circumference.,0.6
arctic_a0276,Spanish,EBVS,l2+noise,Oolong Atoll was one hundred and forty miles in circumference., O Long,1.0
arctic_a0276,Spanish,EBVS,nat+zero_0,Oolong Atoll was one hundred and forty miles in circumference., Oolong at all was 140 miles in circumference.,0.6
arctic_a0276,Spanish,EBVS,l2+zero_0,Oolong Atoll was one hundred and forty miles in circumference., All on a tour was 140 miles in circumference.,0.7
arctic_a0276,Spanish,EBVS,nat+zero_100,Oolong Atoll was one hundred and forty miles in circumference., Oolong at all was 140 miles in circumference.,0.6
arctic_a0276,Spanish,EBVS,l2+zero_100,Oolong Atoll was one hundred and forty miles in circumference., All on a tour was 140 miles in circumference.,0.7
arctic_a0276,Spanish,EBVS,nat+zero_200,Oolong Atoll was one hundred and forty miles in circumference., Oolong at all was 140 miles in circumference.,0.6
arctic_a0276,Spanish,EBVS,l2+zero_200,Oolong Atoll was one hundred and forty miles in circumference., All on a tour was 140 miles in circumference.,0.7
arctic_a0276,Spanish,EBVS,nat+zero_400,Oolong Atoll was one hundred and forty miles in circumference., Oolong at all was 140 miles in circumference.,0.6
arctic_a0276,Spanish,EBVS,l2+zero_400,Oolong Atoll was one hundred and forty miles in circumference., All on a tour was 140 miles in circumference.,0.7
arctic_a0276,Spanish,EBVS,nat+zero_800,Oolong Atoll was one hundred and forty miles in circumference., Oolong atol was 140 miles in circumference.,0.5
arctic_a0276,Spanish,EBVS,l2+zero_800,Oolong Atoll was one hundred and forty miles in circumference., O'Rourke Tower was 140 miles in circumference.,0.6
arctic_a0276,Spanish,EBVS,nat+empty_pad,Oolong Atoll was one hundred and forty miles in circumference., Oolong atol was 140 miles in circumference.,0.5
arctic_a0276,Spanish,EBVS,l2+empty_pad,Oolong Atoll was one hundred and forty miles in circumference., Orangutor was 140 miles in circumference.,0.6
arctic_a0276,Vietnamese,HQTV,nat+nat,Oolong Atoll was one hundred and forty miles in circumference., Oolong at all was 140 miles in circumference.,0.6
arctic_a0276,Vietnamese,HQTV,nat+nat_diff_utt,Oolong Atoll was one hundred and forty miles in circumference., Oolong atol was 140 miles in circumference.,0.5
arctic_a0276,Vietnamese,HQTV,nat+l2_same,Oolong Atoll was one hundred and forty miles in circumference., Oolong Atal was 140 miles in circumference.,0.5
arctic_a0276,Vietnamese,HQTV,nat+interp,Oolong Atoll was one hundred and forty miles in circumference., Oolong Atal was 140 miles in circumference.,0.5
arctic_a0276,Vietnamese,HQTV,nat+noise,Oolong Atoll was one hundred and forty miles in circumference., Ool,1.0
arctic_a0276,Vietnamese,HQTV,l2+l2,Oolong Atoll was one hundred and forty miles in circumference.," O'Long, Atoll was 140 miles in circumference.",0.5
arctic_a0276,Vietnamese,HQTV,l2+l2_diff_utt,Oolong Atoll was one hundred and forty miles in circumference.," O'Long, A'Torn, was 140 miles in circumference.",0.6
arctic_a0276,Vietnamese,HQTV,l2+nat_same,Oolong Atoll was one hundred and forty miles in circumference.," O'Long, our town was 140 miles in circumference.",0.7
arctic_a0276,Vietnamese,HQTV,l2+interp,Oolong Atoll was one hundred and forty miles in circumference.," O'Long, our turn was 140 miles in circumference.",0.7
arctic_a0276,Vietnamese,HQTV,l2+noise,Oolong Atoll was one hundred and forty miles in circumference., O,1.0
arctic_a0276,Vietnamese,HQTV,nat+zero_0,Oolong Atoll was one hundred and forty miles in circumference., Oolong at all was 140 miles in circumference.,0.6
arctic_a0276,Vietnamese,HQTV,l2+zero_0,Oolong Atoll was one hundred and forty miles in circumference.," All along, our turn was 140 miles in circumference.",0.7
arctic_a0276,Vietnamese,HQTV,nat+zero_100,Oolong Atoll was one hundred and forty miles in circumference., Oolong at all was 140 miles in circumference.,0.6
arctic_a0276,Vietnamese,HQTV,l2+zero_100,Oolong Atoll was one hundred and forty miles in circumference.," All along, our turn was 140 miles in circumference.",0.7
arctic_a0276,Vietnamese,HQTV,nat+zero_200,Oolong Atoll was one hundred and forty miles in circumference., Oolong at all was 140 miles in circumference.,0.6
arctic_a0276,Vietnamese,HQTV,l2+zero_200,Oolong Atoll was one hundred and forty miles in circumference.," All along, our turn was 140 miles in circumference.",0.7
arctic_a0276,Vietnamese,HQTV,nat+zero_400,Oolong Atoll was one hundred and forty miles in circumference., Oolong at all was 140 miles in circumference.,0.6
arctic_a0276,Vietnamese,HQTV,l2+zero_400,Oolong Atoll was one hundred and forty miles in circumference.," All along, our turn was 140 miles in circumference.",0.7
arctic_a0276,Vietnamese,HQTV,nat+zero_800,Oolong Atoll was one hundred and forty miles in circumference., Oolong atol was 140 miles in circumference.,0.5
arctic_a0276,Vietnamese,HQTV,l2+zero_800,Oolong Atoll was one hundred and forty miles in circumference.," All along, our tour was 140 miles in circumference.",0.7
arctic_a0276,Vietnamese,HQTV,nat+empty_pad,Oolong Atoll was one hundred and forty miles in circumference., Oolong atol was 140 miles in circumference.,0.5
arctic_a0276,Vietnamese,HQTV,l2+empty_pad,Oolong Atoll was one hundred and forty miles in circumference.," O'Long, our town was 140 miles in circumference.",0.7
arctic_a0359,Arabic,ZHAA,nat+nat,Earth and gravel seemed to fill the pan., Earthen gravel seemed to fill the pan.,0.25
arctic_a0359,Arabic,ZHAA,nat+nat_diff_utt,Earth and gravel seemed to fill the pan., Earthen gravel seemed to fill the pan.,0.25
arctic_a0359,Arabic,ZHAA,nat+l2_same,Earth and gravel seemed to fill the pan., Earthen gravel seemed to fill the pan.,0.25
arctic_a0359,Arabic,ZHAA,nat+interp,Earth and gravel seemed to fill the pan., Earth and gravel seem to fill the pan.,0.125
arctic_a0359,Arabic,ZHAA,nat+noise,Earth and gravel seemed to fill the pan., Earth and gravel seemed to seem to seem to,0.5
arctic_a0359,Arabic,ZHAA,l2+l2,Earth and gravel seemed to fill the pan., Earthen gravel seemed to fill the pan.,0.25
arctic_a0359,Arabic,ZHAA,l2+l2_diff_utt,Earth and gravel seemed to fill the pan., Earthen gravel seemed to fill the pan.,0.25
arctic_a0359,Arabic,ZHAA,l2+nat_same,Earth and gravel seemed to fill the pan., Earthen gravel seemed to fill the pan.,0.25
arctic_a0359,Arabic,ZHAA,l2+interp,Earth and gravel seemed to fill the pan., Earthen gravel seem to fall the ban.,0.625
arctic_a0359,Arabic,ZHAA,l2+noise,Earth and gravel seemed to fill the pan., Earth and,0.75
arctic_a0359,Arabic,ZHAA,nat+zero_0,Earth and gravel seemed to fill the pan., Earth and gravel seem to fill the pan.,0.125
arctic_a0359,Arabic,ZHAA,l2+zero_0,Earth and gravel seemed to fill the pan., Earthen gravel seemed to fill the pen.,0.375
arctic_a0359,Arabic,ZHAA,nat+zero_100,Earth and gravel seemed to fill the pan., Earth and gravel seem to fill the pan.,0.125
arctic_a0359,Arabic,ZHAA,l2+zero_100,Earth and gravel seemed to fill the pan., Earth and gravel seem to fall down.,0.5
arctic_a0359,Arabic,ZHAA,nat+zero_200,Earth and gravel seemed to fill the pan., Earth and gravel seem to fill the pan.,0.125
arctic_a0359,Arabic,ZHAA,l2+zero_200,Earth and gravel seemed to fill the pan., Earth and gravel seem to fall down.,0.5
arctic_a0359,Arabic,ZHAA,nat+zero_400,Earth and gravel seemed to fill the pan., Earth and gravel seem to fill the pan.,0.125
arctic_a0359,Arabic,ZHAA,l2+zero_400,Earth and gravel seemed to fill the pan., Earthen gravel seemed to fill the pen.,0.375
arctic_a0359,Arabic,ZHAA,nat+zero_800,Earth and gravel seemed to fill the pan., Earth and gravel seem to fill the pan.,0.125
arctic_a0359,Arabic,ZHAA,l2+zero_800,Earth and gravel seemed to fill the pan., Earthen gravel seemed to fill the pen.,0.375
arctic_a0359,Arabic,ZHAA,nat+empty_pad,Earth and gravel seemed to fill the pan., Earthen gravel seemed to fill the pan.,0.25
arctic_a0359,Arabic,ZHAA,l2+empty_pad,Earth and gravel seemed to fill the pan., Earthen gravel seemed to fill the pan.,0.25
arctic_a0359,Chinese,BWC,nat+nat,Earth and gravel seemed to fill the pan., Earthen gravel seemed to fill the pan.,0.25
arctic_a0359,Chinese,BWC,nat+nat_diff_utt,Earth and gravel seemed to fill the pan., Earthen gravel seemed to fill the pan.,0.25
arctic_a0359,Chinese,BWC,nat+l2_same,Earth and gravel seemed to fill the pan., Earthen gravel seemed to fill the pan.,0.25
arctic_a0359,Chinese,BWC,nat+interp,Earth and gravel seemed to fill the pan., Earthen gravel seemed to fill the pan.,0.25
arctic_a0359,Chinese,BWC,nat+noise,Earth and gravel seemed to fill the pan., Earth and gravel seemed to seem to seem to,0.5
arctic_a0359,Chinese,BWC,l2+l2,Earth and gravel seemed to fill the pan., Earth and Gryvel seemed to feel the pain.,0.375
arctic_a0359,Chinese,BWC,l2+l2_diff_utt,Earth and gravel seemed to fill the pan., Earth and Gryvel seemed to feel the pain.,0.375
arctic_a0359,Chinese,BWC,l2+nat_same,Earth and gravel seemed to fill the pan., Earth and gravel seemed to fill the pan.,0.0
arctic_a0359,Chinese,BWC,l2+interp,Earth and gravel seemed to fill the pan., Earth and Gryvel seemed to feel the pain.,0.375
arctic_a0359,Chinese,BWC,l2+noise,Earth and gravel seemed to fill the pan., Earth and Gr,0.75
arctic_a0359,Chinese,BWC,nat+zero_0,Earth and gravel seemed to fill the pan., Earth and gravel seem to fill the pan.,0.125
arctic_a0359,Chinese,BWC,l2+zero_0,Earth and gravel seemed to fill the pan., Earth and Greville seemed to feel the pain.,0.375
arctic_a0359,Chinese,BWC,nat+zero_100,Earth and gravel seemed to fill the pan., Earth and gravel seem to fill the pan.,0.125
arctic_a0359,Chinese,BWC,l2+zero_100,Earth and gravel seemed to fill the pan., Earth and Greville seemed to feel the pain.,0.375
arctic_a0359,Chinese,BWC,nat+zero_200,Earth and gravel seemed to fill the pan., Earth and gravel seem to fill the pan.,0.125
arctic_a0359,Chinese,BWC,l2+zero_200,Earth and gravel seemed to fill the pan., Earth and Greville seemed to feel the pain.,0.375
arctic_a0359,Chinese,BWC,nat+zero_400,Earth and gravel seemed to fill the pan., Earth and gravel seem to fill the pan.,0.125
arctic_a0359,Chinese,BWC,l2+zero_400,Earth and gravel seemed to fill the pan., Earth and Greville seemed to feel the pain.,0.375
arctic_a0359,Chinese,BWC,nat+zero_800,Earth and gravel seemed to fill the pan., Earth and gravel seem to fill the pan.,0.125
arctic_a0359,Chinese,BWC,l2+zero_800,Earth and gravel seemed to fill the pan., Earth and gravel seemed to fill the pan.,0.0
arctic_a0359,Chinese,BWC,nat+empty_pad,Earth and gravel seemed to fill the pan., Earthen gravel seemed to fill the pan.,0.25
arctic_a0359,Chinese,BWC,l2+empty_pad,Earth and gravel seemed to fill the pan., Earth and gravel seemed to fill the pan.,0.0
arctic_a0359,Hindi,SVBI,nat+nat,Earth and gravel seemed to fill the pan., Earthen gravel seemed to fill the pan.,0.25
arctic_a0359,Hindi,SVBI,nat+nat_diff_utt,Earth and gravel seemed to fill the pan., Earthen gravel seemed to fill the pan.,0.25
arctic_a0359,Hindi,SVBI,nat+l2_same,Earth and gravel seemed to fill the pan., Earthen gravel seemed to fill the pan.,0.25
arctic_a0359,Hindi,SVBI,nat+interp,Earth and gravel seemed to fill the pan., Earthen gravel seemed to fill the pan.,0.25
arctic_a0359,Hindi,SVBI,nat+noise,Earth and gravel seemed to fill the pan., Earth and gravel seemed to seem to seem to,0.5
arctic_a0359,Hindi,SVBI,l2+l2,Earth and gravel seemed to fill the pan., Earth and gravel seem to fill the pan.,0.125
arctic_a0359,Hindi,SVBI,l2+l2_diff_utt,Earth and gravel seemed to fill the pan., Earth and gravel seem to fill the pan.,0.125
arctic_a0359,Hindi,SVBI,l2+nat_same,Earth and gravel seemed to fill the pan., Earth and gravel seem to fill the pan.,0.125
arctic_a0359,Hindi,SVBI,l2+interp,Earth and gravel seemed to fill the pan., Earth and gravel seem to fill the pan.,0.125
arctic_a0359,Hindi,SVBI,l2+noise,Earth and gravel seemed to fill the pan., Earth and Gravel seem to seem to fill the pan,0.375
arctic_a0359,Hindi,SVBI,nat+zero_0,Earth and gravel seemed to fill the pan., Earth and gravel seem to fill the pan.,0.125
arctic_a0359,Hindi,SVBI,l2+zero_0,Earth and gravel seemed to fill the pan., Earth and gravel seem to fill the pan.,0.125
arctic_a0359,Hindi,SVBI,nat+zero_100,Earth and gravel seemed to fill the pan., Earth and gravel seem to fill the pan.,0.125
arctic_a0359,Hindi,SVBI,l2+zero_100,Earth and gravel seemed to fill the pan., Earth and gravel seem to fill the pan.,0.125
arctic_a0359,Hindi,SVBI,nat+zero_200,Earth and gravel seemed to fill the pan., Earth and gravel seem to fill the pan.,0.125
arctic_a0359,Hindi,SVBI,l2+zero_200,Earth and gravel seemed to fill the pan., Earth and gravel seem to fill the pan.,0.125
arctic_a0359,Hindi,SVBI,nat+zero_400,Earth and gravel seemed to fill the pan., Earth and gravel seem to fill the pan.,0.125
arctic_a0359,Hindi,SVBI,l2+zero_400,Earth and gravel seemed to fill the pan., Earth and gravel seem to fill the pan.,0.125
arctic_a0359,Hindi,SVBI,nat+zero_800,Earth and gravel seemed to fill the pan., Earth and gravel seem to fill the pan.,0.125
arctic_a0359,Hindi,SVBI,l2+zero_800,Earth and gravel seemed to fill the pan., Earth and gravel seem to fill the pan.,0.125
arctic_a0359,Hindi,SVBI,nat+empty_pad,Earth and gravel seemed to fill the pan., Earthen gravel seemed to fill the pan.,0.25
arctic_a0359,Hindi,SVBI,l2+empty_pad,Earth and gravel seemed to fill the pan., Earth and gravel seem to fill the pan.,0.125
arctic_a0359,Korean,HJK,nat+nat,Earth and gravel seemed to fill the pan., Earthen gravel seemed to fill the pan.,0.25
arctic_a0359,Korean,HJK,nat+nat_diff_utt,Earth and gravel seemed to fill the pan., Earthen gravel seemed to fill the pan.,0.25
arctic_a0359,Korean,HJK,nat+l2_same,Earth and gravel seemed to fill the pan., Earthen gravel seemed to fill the pan.,0.25
arctic_a0359,Korean,HJK,nat+interp,Earth and gravel seemed to fill the pan., Earthen gravel seemed to fill the pan.,0.25
arctic_a0359,Korean,HJK,nat+noise,Earth and gravel seemed to fill the pan., Earth and gravel seemed to seem to seem to,0.5
arctic_a0359,Korean,HJK,l2+l2,Earth and gravel seemed to fill the pan., Earth and gravel seem to fill the pen.,0.25
arctic_a0359,Korean,HJK,l2+l2_diff_utt,Earth and gravel seemed to fill the pan., Earth and gravel seem to fill the pan.,0.125
arctic_a0359,Korean,HJK,l2+nat_same,Earth and gravel seemed to fill the pan., Earth and gravel seem to fill the pan.,0.125
arctic_a0359,Korean,HJK,l2+interp,Earth and gravel seemed to fill the pan., Earth and Gravel seemed to fill the pen.,0.125
arctic_a0359,Korean,HJK,l2+noise,Earth and gravel seemed to fill the pan., Earth and Gravel seem to,0.5
arctic_a0359,Korean,HJK,nat+zero_0,Earth and gravel seemed to fill the pan., Earth and gravel seem to fill the pan.,0.125
arctic_a0359,Korean,HJK,l2+zero_0,Earth and gravel seemed to fill the pan., Earth and gravel seem to fill the pen.,0.25
arctic_a0359,Korean,HJK,nat+zero_100,Earth and gravel seemed to fill the pan., Earth and gravel seem to fill the pan.,0.125
arctic_a0359,Korean,HJK,l2+zero_100,Earth and gravel seemed to fill the pan., Earth and gravel seem to fill the pen.,0.25
arctic_a0359,Korean,HJK,nat+zero_200,Earth and gravel seemed to fill the pan., Earth and gravel seem to fill the pan.,0.125
arctic_a0359,Korean,HJK,l2+zero_200,Earth and gravel seemed to fill the pan., Earth and gravel seem to fill the pen.,0.25
arctic_a0359,Korean,HJK,nat+zero_400,Earth and gravel seemed to fill the pan., Earth and gravel seem to fill the pan.,0.125
arctic_a0359,Korean,HJK,l2+zero_400,Earth and gravel seemed to fill the pan., Earth and gravel seem to fill the pen.,0.25
arctic_a0359,Korean,HJK,nat+zero_800,Earth and gravel seemed to fill the pan., Earth and gravel seem to fill the pan.,0.125
arctic_a0359,Korean,HJK,l2+zero_800,Earth and gravel seemed to fill the pan., Earth and gravel seem to fill the pen.,0.25
arctic_a0359,Korean,HJK,nat+empty_pad,Earth and gravel seemed to fill the pan., Earthen gravel seemed to fill the pan.,0.25
arctic_a0359,Korean,HJK,l2+empty_pad,Earth and gravel seemed to fill the pan., Earth and gravel seem to fill the pen.,0.25
arctic_a0359,Spanish,EBVS,nat+nat,Earth and gravel seemed to fill the pan., Earthen gravel seemed to fill the pan.,0.25
arctic_a0359,Spanish,EBVS,nat+nat_diff_utt,Earth and gravel seemed to fill the pan., Earthen gravel seemed to fill the pan.,0.25
arctic_a0359,Spanish,EBVS,nat+l2_same,Earth and gravel seemed to fill the pan., Earthen gravel seemed to fill the pan.,0.25
arctic_a0359,Spanish,EBVS,nat+interp,Earth and gravel seemed to fill the pan., Earthen gravel seemed to fill the pan.,0.25
arctic_a0359,Spanish,EBVS,nat+noise,Earth and gravel seemed to fill the pan., Earth and gravel seemed to seem to seem to,0.5
arctic_a0359,Spanish,EBVS,l2+l2,Earth and gravel seemed to fill the pan., earth and gravel seeming to fill the pan.,0.125
arctic_a0359,Spanish,EBVS,l2+l2_diff_utt,Earth and gravel seemed to fill the pan., earth and gravel seeming to fill the pan.,0.125
arctic_a0359,Spanish,EBVS,l2+nat_same,Earth and gravel seemed to fill the pan., earth and gravel seeming to fill the pan.,0.125
arctic_a0359,Spanish,EBVS,l2+interp,Earth and gravel seemed to fill the pan., earth and gravel seeming to fill the pan.,0.125
arctic_a0359,Spanish,EBVS,l2+noise,Earth and gravel seemed to fill the pan., Earth and,0.75
arctic_a0359,Spanish,EBVS,nat+zero_0,Earth and gravel seemed to fill the pan., Earth and gravel seem to fill the pan.,0.125
arctic_a0359,Spanish,EBVS,l2+zero_0,Earth and gravel seemed to fill the pan., earth and gravel seeming to fill the pants.,0.25
arctic_a0359,Spanish,EBVS,nat+zero_100,Earth and gravel seemed to fill the pan., Earth and gravel seem to fill the pan.,0.125
arctic_a0359,Spanish,EBVS,l2+zero_100,Earth and gravel seemed to fill the pan., earth and gravel seeming to fill the pants.,0.25
arctic_a0359,Spanish,EBVS,nat+zero_200,Earth and gravel seemed to fill the pan., Earth and gravel seem to fill the pan.,0.125
arctic_a0359,Spanish,EBVS,l2+zero_200,Earth and gravel seemed to fill the pan., earth and gravel seeming to fill the pants.,0.25
arctic_a0359,Spanish,EBVS,nat+zero_400,Earth and gravel seemed to fill the pan., Earth and gravel seem to fill the pan.,0.125
arctic_a0359,Spanish,EBVS,l2+zero_400,Earth and gravel seemed to fill the pan., earth and gravel seeming to fill the pants.,0.25
arctic_a0359,Spanish,EBVS,nat+zero_800,Earth and gravel seemed to fill the pan., Earth and gravel seem to fill the pan.,0.125
arctic_a0359,Spanish,EBVS,l2+zero_800,Earth and gravel seemed to fill the pan., earth and gravel seeming to fill the pants.,0.25
arctic_a0359,Spanish,EBVS,nat+empty_pad,Earth and gravel seemed to fill the pan., Earthen gravel seemed to fill the pan.,0.25
arctic_a0359,Spanish,EBVS,l2+empty_pad,Earth and gravel seemed to fill the pan., earth and gravel seeming to fill the pan.,0.125
arctic_a0359,Vietnamese,HQTV,nat+nat,Earth and gravel seemed to fill the pan., Earthen gravel seemed to fill the pan.,0.25
arctic_a0359,Vietnamese,HQTV,nat+nat_diff_utt,Earth and gravel seemed to fill the pan., Earthen gravel seemed to fill the pan.,0.25
arctic_a0359,Vietnamese,HQTV,nat+l2_same,Earth and gravel seemed to fill the pan., Earthen gravel seemed to fill the pan.,0.25
arctic_a0359,Vietnamese,HQTV,nat+interp,Earth and gravel seemed to fill the pan., Earthen gravel seemed to fill the pan.,0.25
arctic_a0359,Vietnamese,HQTV,nat+noise,Earth and gravel seemed to fill the pan., Earth and gravel seemed to seem to seem to,0.5
arctic_a0359,Vietnamese,HQTV,l2+l2,Earth and gravel seemed to fill the pan., Art and Craver seem to feel the pain.,0.625
arctic_a0359,Vietnamese,HQTV,l2+l2_diff_utt,Earth and gravel seemed to fill the pan., Art and Craver seem to fill the pan.,0.375
arctic_a0359,Vietnamese,HQTV,l2+nat_same,Earth and gravel seemed to fill the pan., Art and Craver seem to feel the pain.,0.625
arctic_a0359,Vietnamese,HQTV,l2+interp,Earth and gravel seemed to fill the pan., Art and Craver seem to fill the pen.,0.5
arctic_a0359,Vietnamese,HQTV,l2+noise,Earth and gravel seemed to fill the pan., O O,1.0
arctic_a0359,Vietnamese,HQTV,nat+zero_0,Earth and gravel seemed to fill the pan., Earth and gravel seem to fill the pan.,0.125
arctic_a0359,Vietnamese,HQTV,l2+zero_0,Earth and gravel seemed to fill the pan., Art and Craver seem to feel the pain.,0.625
arctic_a0359,Vietnamese,HQTV,nat+zero_100,Earth and gravel seemed to fill the pan., Earth and gravel seem to fill the pan.,0.125
arctic_a0359,Vietnamese,HQTV,l2+zero_100,Earth and gravel seemed to fill the pan., Art and Craver seem to feel the pain.,0.625
arctic_a0359,Vietnamese,HQTV,nat+zero_200,Earth and gravel seemed to fill the pan., Earth and gravel seem to fill the pan.,0.125
arctic_a0359,Vietnamese,HQTV,l2+zero_200,Earth and gravel seemed to fill the pan., Art and Craver seem to feel the pain.,0.625
arctic_a0359,Vietnamese,HQTV,nat+zero_400,Earth and gravel seemed to fill the pan., Earth and gravel seem to fill the pan.,0.125
arctic_a0359,Vietnamese,HQTV,l2+zero_400,Earth and gravel seemed to fill the pan., Art and Craver seem to feel the pain.,0.625
arctic_a0359,Vietnamese,HQTV,nat+zero_800,Earth and gravel seemed to fill the pan., Earth and gravel seem to fill the pan.,0.125
arctic_a0359,Vietnamese,HQTV,l2+zero_800,Earth and gravel seemed to fill the pan., Odd and Craver seem to feel the pain.,0.625
arctic_a0359,Vietnamese,HQTV,nat+empty_pad,Earth and gravel seemed to fill the pan., Earthen gravel seemed to fill the pan.,0.25
arctic_a0359,Vietnamese,HQTV,l2+empty_pad,Earth and gravel seemed to fill the pan., Art and Craver seem to feel the pain.,0.625
arctic_a0379,Arabic,ZHAA,nat+nat,"How old are you, daddy.", How old are you daddy?,0.0
arctic_a0379,Arabic,ZHAA,nat+nat_diff_utt,"How old are you, daddy.", How old are you daddy?,0.0
arctic_a0379,Arabic,ZHAA,nat+l2_same,"How old are you, daddy.", How old are you daddy?,0.0
arctic_a0379,Arabic,ZHAA,nat+interp,"How old are you, daddy.", How old are you daddy?,0.0
arctic_a0379,Arabic,ZHAA,nat+noise,"How old are you, daddy.", How how old are you,0.4
arctic_a0379,Arabic,ZHAA,l2+l2,"How old are you, daddy."," How old are you, Daddy?",0.0
arctic_a0379,Arabic,ZHAA,l2+l2_diff_utt,"How old are you, daddy."," How old are you, Daddy?",0.0
arctic_a0379,Arabic,ZHAA,l2+nat_same,"How old are you, daddy."," How old are you, Daddy?",0.0
arctic_a0379,Arabic,ZHAA,l2+interp,"How old are you, daddy."," How old are you, Daddy?",0.0
arctic_a0379,Arabic,ZHAA,l2+noise,"How old are you, daddy.", How old,0.6
arctic_a0379,Arabic,ZHAA,nat+zero_0,"How old are you, daddy.", How old are you daddy?,0.0
arctic_a0379,Arabic,ZHAA,l2+zero_0,"How old are you, daddy."," How old are you, Daddy?",0.0
arctic_a0379,Arabic,ZHAA,nat+zero_100,"How old are you, daddy.", How old are you daddy?,0.0
arctic_a0379,Arabic,ZHAA,l2+zero_100,"How old are you, daddy."," How old are you, Daddy?",0.0
arctic_a0379,Arabic,ZHAA,nat+zero_200,"How old are you, daddy.", How old are you daddy?,0.0
arctic_a0379,Arabic,ZHAA,l2+zero_200,"How old are you, daddy."," How old are you, Daddy?",0.0
arctic_a0379,Arabic,ZHAA,nat+zero_400,"How old are you, daddy.", How old are you daddy?,0.0
arctic_a0379,Arabic,ZHAA,l2+zero_400,"How old are you, daddy."," How old are you, Daddy?",0.0
arctic_a0379,Arabic,ZHAA,nat+zero_800,"How old are you, daddy.", How old are you daddy?,0.0
arctic_a0379,Arabic,ZHAA,l2+zero_800,"How old are you, daddy."," How old are you, Daddy?",0.0
arctic_a0379,Arabic,ZHAA,nat+empty_pad,"How old are you, daddy.", How old are you daddy?,0.0
arctic_a0379,Arabic,ZHAA,l2+empty_pad,"How old are you, daddy."," How old are you, Daddy?",0.0
arctic_a0379,Chinese,BWC,nat+nat,"How old are you, daddy.", How old are you daddy?,0.0
arctic_a0379,Chinese,BWC,nat+nat_diff_utt,"How old are you, daddy.", How old are you daddy?,0.0
arctic_a0379,Chinese,BWC,nat+l2_same,"How old are you, daddy.", How old are you daddy?,0.0
arctic_a0379,Chinese,BWC,nat+interp,"How old are you, daddy.", How old are you daddy?,0.0
arctic_a0379,Chinese,BWC,nat+noise,"How old are you, daddy.", How how old are you,0.4
arctic_a0379,Chinese,BWC,l2+l2,"How old are you, daddy.", How old are you daddy?,0.0
arctic_a0379,Chinese,BWC,l2+l2_diff_utt,"How old are you, daddy.", How old are you daddy?,0.0
arctic_a0379,Chinese,BWC,l2+nat_same,"How old are you, daddy."," How old are you, daddy?",0.0
arctic_a0379,Chinese,BWC,l2+interp,"How old are you, daddy.", How old are you daddy?,0.0
arctic_a0379,Chinese,BWC,l2+noise,"How old are you, daddy.", How old are you daddy,0.0
arctic_a0379,Chinese,BWC,nat+zero_0,"How old are you, daddy.", How old are you daddy?,0.0
arctic_a0379,Chinese,BWC,l2+zero_0,"How old are you, daddy.", How old are you daddy?,0.0
arctic_a0379,Chinese,BWC,nat+zero_100,"How old are you, daddy.", How old are you daddy?,0.0
arctic_a0379,Chinese,BWC,l2+zero_100,"How old are you, daddy.", How old are you daddy?,0.0
arctic_a0379,Chinese,BWC,nat+zero_200,"How old are you, daddy.", How old are you daddy?,0.0
arctic_a0379,Chinese,BWC,l2+zero_200,"How old are you, daddy.", How old are you daddy?,0.0
arctic_a0379,Chinese,BWC,nat+zero_400,"How old are you, daddy.", How old are you daddy?,0.0
arctic_a0379,Chinese,BWC,l2+zero_400,"How old are you, daddy.", How old are you daddy?,0.0
arctic_a0379,Chinese,BWC,nat+zero_800,"How old are you, daddy.", How old are you daddy?,0.0
arctic_a0379,Chinese,BWC,l2+zero_800,"How old are you, daddy.", How old are you daddy?,0.0
arctic_a0379,Chinese,BWC,nat+empty_pad,"How old are you, daddy.", How old are you daddy?,0.0
arctic_a0379,Chinese,BWC,l2+empty_pad,"How old are you, daddy."," How old are you, daddy?",0.0
arctic_a0379,Hindi,SVBI,nat+nat,"How old are you, daddy.", How old are you daddy?,0.0
arctic_a0379,Hindi,SVBI,nat+nat_diff_utt,"How old are you, daddy.", How old are you daddy?,0.0
arctic_a0379,Hindi,SVBI,nat+l2_same,"How old are you, daddy.", How old are you daddy?,0.0
arctic_a0379,Hindi,SVBI,nat+interp,"How old are you, daddy.", How old are you daddy?,0.0
arctic_a0379,Hindi,SVBI,nat+noise,"How old are you, daddy.", How how old are you,0.4
arctic_a0379,Hindi,SVBI,l2+l2,"How old are you, daddy.", How old are you daddy?,0.0
arctic_a0379,Hindi,SVBI,l2+l2_diff_utt,"How old are you, daddy.", How old are you daddy?,0.0
arctic_a0379,Hindi,SVBI,l2+nat_same,"How old are you, daddy."," How old are you, daddy?",0.0
arctic_a0379,Hindi,SVBI,l2+interp,"How old are you, daddy.", How old are you daddy?,0.0
arctic_a0379,Hindi,SVBI,l2+noise,"How old are you, daddy.", How old are you,0.2
arctic_a0379,Hindi,SVBI,nat+zero_0,"How old are you, daddy.", How old are you daddy?,0.0
arctic_a0379,Hindi,SVBI,l2+zero_0,"How old are you, daddy.", How old are you daddy?,0.0
arctic_a0379,Hindi,SVBI,nat+zero_100,"How old are you, daddy.", How old are you daddy?,0.0
arctic_a0379,Hindi,SVBI,l2+zero_100,"How old are you, daddy.", How old are you daddy?,0.0
arctic_a0379,Hindi,SVBI,nat+zero_200,"How old are you, daddy.", How old are you daddy?,0.0
arctic_a0379,Hindi,SVBI,l2+zero_200,"How old are you, daddy.", How old are you daddy?,0.0
arctic_a0379,Hindi,SVBI,nat+zero_400,"How old are you, daddy.", How old are you daddy?,0.0
arctic_a0379,Hindi,SVBI,l2+zero_400,"How old are you, daddy.", How old are you daddy?,0.0
arctic_a0379,Hindi,SVBI,nat+zero_800,"How old are you, daddy.", How old are you daddy?,0.0
arctic_a0379,Hindi,SVBI,l2+zero_800,"How old are you, daddy.", How old are you daddy?,0.0
arctic_a0379,Hindi,SVBI,nat+empty_pad,"How old are you, daddy.", How old are you daddy?,0.0
arctic_a0379,Hindi,SVBI,l2+empty_pad,"How old are you, daddy."," How old are you, daddy?",0.0
arctic_a0379,Korean,HJK,nat+nat,"How old are you, daddy.", How old are you daddy?,0.0
arctic_a0379,Korean,HJK,nat+nat_diff_utt,"How old are you, daddy.", How old are you daddy?,0.0
arctic_a0379,Korean,HJK,nat+l2_same,"How old are you, daddy.", How old are you daddy?,0.0
arctic_a0379,Korean,HJK,nat+interp,"How old are you, daddy.", How old are you daddy?,0.0
arctic_a0379,Korean,HJK,nat+noise,"How old are you, daddy.", How how old are you,0.4
arctic_a0379,Korean,HJK,l2+l2,"How old are you, daddy.", How old are you daddy?,0.0
arctic_a0379,Korean,HJK,l2+l2_diff_utt,"How old are you, daddy.", How old are you daddy?,0.0
arctic_a0379,Korean,HJK,l2+nat_same,"How old are you, daddy.", How old are you daddy?,0.0
arctic_a0379,Korean,HJK,l2+interp,"How old are you, daddy.", How old are you daddy?,0.0
arctic_a0379,Korean,HJK,l2+noise,"How old are you, daddy.", How old are you daddy,0.0
arctic_a0379,Korean,HJK,nat+zero_0,"How old are you, daddy.", How old are you daddy?,0.0
arctic_a0379,Korean,HJK,l2+zero_0,"How old are you, daddy.", How old are you daddy?,0.0
arctic_a0379,Korean,HJK,nat+zero_100,"How old are you, daddy.", How old are you daddy?,0.0
arctic_a0379,Korean,HJK,l2+zero_100,"How old are you, daddy.", How old are you daddy?,0.0
arctic_a0379,Korean,HJK,nat+zero_200,"How old are you, daddy.", How old are you daddy?,0.0
arctic_a0379,Korean,HJK,l2+zero_200,"How old are you, daddy.", How old are you daddy?,0.0
arctic_a0379,Korean,HJK,nat+zero_400,"How old are you, daddy.", How old are you daddy?,0.0
arctic_a0379,Korean,HJK,l2+zero_400,"How old are you, daddy.", How old are you daddy?,0.0
arctic_a0379,Korean,HJK,nat+zero_800,"How old are you, daddy.", How old are you daddy?,0.0
arctic_a0379,Korean,HJK,l2+zero_800,"How old are you, daddy.", How old are you daddy?,0.0
arctic_a0379,Korean,HJK,nat+empty_pad,"How old are you, daddy.", How old are you daddy?,0.0
arctic_a0379,Korean,HJK,l2+empty_pad,"How old are you, daddy.", How old are you daddy?,0.0
arctic_a0379,Spanish,EBVS,nat+nat,"How old are you, daddy.", How old are you daddy?,0.0
arctic_a0379,Spanish,EBVS,nat+nat_diff_utt,"How old are you, daddy.", How old are you daddy?,0.0
arctic_a0379,Spanish,EBVS,nat+l2_same,"How old are you, daddy.", How old are you daddy?,0.0
arctic_a0379,Spanish,EBVS,nat+interp,"How old are you, daddy.", How old are you daddy?,0.0
arctic_a0379,Spanish,EBVS,nat+noise,"How old are you, daddy.", How how old are you,0.4
arctic_a0379,Spanish,EBVS,l2+l2,"How old are you, daddy."," How old are you, Daddy?",0.0
arctic_a0379,Spanish,EBVS,l2+l2_diff_utt,"How old are you, daddy."," How old are you, daddy?",0.0
arctic_a0379,Spanish,EBVS,l2+nat_same,"How old are you, daddy."," How old are you, Daddy?",0.0
arctic_a0379,Spanish,EBVS,l2+interp,"How old are you, daddy."," How old are you, Daddy?",0.0
arctic_a0379,Spanish,EBVS,l2+noise,"How old are you, daddy.", How how how how How How How How,1.4
arctic_a0379,Spanish,EBVS,nat+zero_0,"How old are you, daddy.", How old are you daddy?,0.0
arctic_a0379,Spanish,EBVS,l2+zero_0,"How old are you, daddy.", How old are you daddy?,0.0
arctic_a0379,Spanish,EBVS,nat+zero_100,"How old are you, daddy.", How old are you daddy?,0.0
arctic_a0379,Spanish,EBVS,l2+zero_100,"How old are you, daddy.", How old are you daddy?,0.0
arctic_a0379,Spanish,EBVS,nat+zero_200,"How old are you, daddy.", How old are you daddy?,0.0
arctic_a0379,Spanish,EBVS,l2+zero_200,"How old are you, daddy.", How old are you daddy?,0.0
arctic_a0379,Spanish,EBVS,nat+zero_400,"How old are you, daddy.", How old are you daddy?,0.0
arctic_a0379,Spanish,EBVS,l2+zero_400,"How old are you, daddy.", How old are you daddy?,0.0
arctic_a0379,Spanish,EBVS,nat+zero_800,"How old are you, daddy.", How old are you daddy?,0.0
arctic_a0379,Spanish,EBVS,l2+zero_800,"How old are you, daddy.", How old are you daddy?,0.0
arctic_a0379,Spanish,EBVS,nat+empty_pad,"How old are you, daddy.", How old are you daddy?,0.0
arctic_a0379,Spanish,EBVS,l2+empty_pad,"How old are you, daddy."," How old are you, Daddy?",0.0
arctic_a0379,Vietnamese,HQTV,nat+nat,"How old are you, daddy.", How old are you daddy?,0.0
arctic_a0379,Vietnamese,HQTV,nat+nat_diff_utt,"How old are you, daddy.", How old are you daddy?,0.0
arctic_a0379,Vietnamese,HQTV,nat+l2_same,"How old are you, daddy.", How old are you daddy?,0.0
arctic_a0379,Vietnamese,HQTV,nat+interp,"How old are you, daddy.", How old are you daddy?,0.0
arctic_a0379,Vietnamese,HQTV,nat+noise,"How old are you, daddy.", How how old are you,0.4
arctic_a0379,Vietnamese,HQTV,l2+l2,"How old are you, daddy.", How old are you daddy?,0.0
arctic_a0379,Vietnamese,HQTV,l2+l2_diff_utt,"How old are you, daddy.", How old are you daddy?,0.0
arctic_a0379,Vietnamese,HQTV,l2+nat_same,"How old are you, daddy.", How old are you daddy?,0.0
arctic_a0379,Vietnamese,HQTV,l2+interp,"How old are you, daddy.", How old now you daddy?,0.2
arctic_a0379,Vietnamese,HQTV,l2+noise,"How old are you, daddy.", How,0.8
arctic_a0379,Vietnamese,HQTV,nat+zero_0,"How old are you, daddy.", How old are you daddy?,0.0
arctic_a0379,Vietnamese,HQTV,l2+zero_0,"How old are you, daddy.", How old are you daddy?,0.0
arctic_a0379,Vietnamese,HQTV,nat+zero_100,"How old are you, daddy.", How old are you daddy?,0.0
arctic_a0379,Vietnamese,HQTV,l2+zero_100,"How old are you, daddy.", How old are you daddy?,0.0
arctic_a0379,Vietnamese,HQTV,nat+zero_200,"How old are you, daddy.", How old are you daddy?,0.0
arctic_a0379,Vietnamese,HQTV,l2+zero_200,"How old are you, daddy.", How old are you daddy?,0.0
arctic_a0379,Vietnamese,HQTV,nat+zero_400,"How old are you, daddy.", How old are you daddy?,0.0
arctic_a0379,Vietnamese,HQTV,l2+zero_400,"How old are you, daddy.", How old are you daddy?,0.0
arctic_a0379,Vietnamese,HQTV,nat+zero_800,"How old are you, daddy.", How old are you daddy?,0.0
arctic_a0379,Vietnamese,HQTV,l2+zero_800,"How old are you, daddy.", How old are you daddy?,0.0
arctic_a0379,Vietnamese,HQTV,nat+empty_pad,"How old are you, daddy.", How old are you daddy?,0.0
arctic_a0379,Vietnamese,HQTV,l2+empty_pad,"How old are you, daddy.", How old are you daddy?,0.0
arctic_a0391,Arabic,ZHAA,nat+nat,But he reconciled himself to it by an act of faith., but he reconciled himself to it by an act of faith.,0.0
arctic_a0391,Arabic,ZHAA,nat+nat_diff_utt,But he reconciled himself to it by an act of faith., but he reconciled himself to it by an act of faith.,0.0
arctic_a0391,Arabic,ZHAA,nat+l2_same,But he reconciled himself to it by an act of faith., but he reconciled himself to it by an act of faith.,0.0
arctic_a0391,Arabic,ZHAA,nat+interp,But he reconciled himself to it by an act of faith., but he reconciled himself to it by an act of faith.,0.0
arctic_a0391,Arabic,ZHAA,nat+noise,But he reconciled himself to it by an act of faith., But he,0.8181818181818182
arctic_a0391,Arabic,ZHAA,l2+l2,But he reconciled himself to it by an act of faith., but he reconciled himself to it by an act of faith.,0.0
arctic_a0391,Arabic,ZHAA,l2+l2_diff_utt,But he reconciled himself to it by an act of faith., but he reconciled himself to it by an act of faith.,0.0
arctic_a0391,Arabic,ZHAA,l2+nat_same,But he reconciled himself to it by an act of faith., but he reconciled himself to it by an act of faith.,0.0
arctic_a0391,Arabic,ZHAA,l2+interp,But he reconciled himself to it by an act of faith., but he reconciled himself to it by an act of faith.,0.0
arctic_a0391,Arabic,ZHAA,l2+noise,But he reconciled himself to it by an act of faith., But he reconciled himself to it by an act of faith.,0.0
arctic_a0391,Arabic,ZHAA,nat+zero_0,But he reconciled himself to it by an act of faith., but he reconciled himself to it by an act of faith.,0.0
arctic_a0391,Arabic,ZHAA,l2+zero_0,But he reconciled himself to it by an act of faith., but he reconciled himself to it by an act of faith.,0.0
arctic_a0391,Arabic,ZHAA,nat+zero_100,But he reconciled himself to it by an act of faith., but he reconciled himself to it by an act of faith.,0.0
arctic_a0391,Arabic,ZHAA,l2+zero_100,But he reconciled himself to it by an act of faith., but he reconciled himself to it by an act of faith.,0.0
arctic_a0391,Arabic,ZHAA,nat+zero_200,But he reconciled himself to it by an act of faith., but he reconciled himself to it by an act of faith.,0.0
arctic_a0391,Arabic,ZHAA,l2+zero_200,But he reconciled himself to it by an act of faith., but he reconciled himself to it by an act of faith.,0.0
arctic_a0391,Arabic,ZHAA,nat+zero_400,But he reconciled himself to it by an act of faith., but he reconciled himself to it by an act of faith.,0.0
arctic_a0391,Arabic,ZHAA,l2+zero_400,But he reconciled himself to it by an act of faith., but he reconciled himself to it by an act of faith.,0.0
arctic_a0391,Arabic,ZHAA,nat+zero_800,But he reconciled himself to it by an act of faith., but he reconciled himself to it by an act of faith.,0.0
arctic_a0391,Arabic,ZHAA,l2+zero_800,But he reconciled himself to it by an act of faith., but he reconciled himself to it by an act of faith.,0.0
arctic_a0391,Arabic,ZHAA,nat+empty_pad,But he reconciled himself to it by an act of faith., but he reconciled himself to it by an act of faith.,0.0
arctic_a0391,Arabic,ZHAA,l2+empty_pad,But he reconciled himself to it by an act of faith., but he reconciled himself to it by an act of faith.,0.0
arctic_a0391,Chinese,BWC,nat+nat,But he reconciled himself to it by an act of faith., but he reconciled himself to it by an act of faith.,0.0
arctic_a0391,Chinese,BWC,nat+nat_diff_utt,But he reconciled himself to it by an act of faith., but he reconciled himself to it by an act of faith.,0.0
arctic_a0391,Chinese,BWC,nat+l2_same,But he reconciled himself to it by an act of faith., but he reconciled himself to it by an act of faith.,0.0
arctic_a0391,Chinese,BWC,nat+interp,But he reconciled himself to it by an act of faith., but he reconciled himself to it by an act of faith.,0.0
arctic_a0391,Chinese,BWC,nat+noise,But he reconciled himself to it by an act of faith., But he,0.8181818181818182
arctic_a0391,Chinese,BWC,l2+l2,But he reconciled himself to it by an act of faith., but she recanceled himself to it by an act of faith.,0.18181818181818182
arctic_a0391,Chinese,BWC,l2+l2_diff_utt,But he reconciled himself to it by an act of faith., but she recanceled himself to it by an act of faith.,0.18181818181818182
arctic_a0391,Chinese,BWC,l2+nat_same,But he reconciled himself to it by an act of faith., but she recanceled himself to it by an act of faith.,0.18181818181818182
arctic_a0391,Chinese,BWC,l2+interp,But he reconciled himself to it by an act of faith., but she recancelled himself to it by an act of faith.,0.18181818181818182
arctic_a0391,Chinese,BWC,l2+noise,But he reconciled himself to it by an act of faith., but she recansaled,0.9090909090909091
arctic_a0391,Chinese,BWC,nat+zero_0,But he reconciled himself to it by an act of faith., but he reconciled himself to it by an act of faith.,0.0
arctic_a0391,Chinese,BWC,l2+zero_0,But he reconciled himself to it by an act of faith., but she recansled himself to it by an act of faith.,0.18181818181818182
arctic_a0391,Chinese,BWC,nat+zero_100,But he reconciled himself to it by an act of faith., but he reconciled himself to it by an act of faith.,0.0
arctic_a0391,Chinese,BWC,l2+zero_100,But he reconciled himself to it by an act of faith., but she recansled himself to it by an act of faith.,0.18181818181818182
arctic_a0391,Chinese,BWC,nat+zero_200,But he reconciled himself to it by an act of faith., but he reconciled himself to it by an act of faith.,0.0
arctic_a0391,Chinese,BWC,l2+zero_200,But he reconciled himself to it by an act of faith., but she recansled himself to it by an act of faith.,0.18181818181818182
arctic_a0391,Chinese,BWC,nat+zero_400,But he reconciled himself to it by an act of faith., but he reconciled himself to it by an act of faith.,0.0
arctic_a0391,Chinese,BWC,l2+zero_400,But he reconciled himself to it by an act of faith., but she recansled himself to it by an act of faith.,0.18181818181818182
arctic_a0391,Chinese,BWC,nat+zero_800,But he reconciled himself to it by an act of faith., but he reconciled himself to it by an act of faith.,0.0
arctic_a0391,Chinese,BWC,l2+zero_800,But he reconciled himself to it by an act of faith., but she recancelled himself to it by an act of faith.,0.18181818181818182
arctic_a0391,Chinese,BWC,nat+empty_pad,But he reconciled himself to it by an act of faith., but he reconciled himself to it by an act of faith.,0.0
arctic_a0391,Chinese,BWC,l2+empty_pad,But he reconciled himself to it by an act of faith., but she recancelled himself to it by an act of faith.,0.18181818181818182
arctic_a0391,Hindi,SVBI,nat+nat,But he reconciled himself to it by an act of faith., but he reconciled himself to it by an act of faith.,0.0
arctic_a0391,Hindi,SVBI,nat+nat_diff_utt,But he reconciled himself to it by an act of faith., but he reconciled himself to it by an act of faith.,0.0
arctic_a0391,Hindi,SVBI,nat+l2_same,But he reconciled himself to it by an act of faith., but he reconciled himself to it by an act of faith.,0.0
arctic_a0391,Hindi,SVBI,nat+interp,But he reconciled himself to it by an act of faith., but he reconciled himself to it by an act of faith.,0.0
arctic_a0391,Hindi,SVBI,nat+noise,But he reconciled himself to it by an act of faith., But he,0.8181818181818182
arctic_a0391,Hindi,SVBI,l2+l2,But he reconciled himself to it by an act of faith., but he reconciled himself to it by an act of faith.,0.0
arctic_a0391,Hindi,SVBI,l2+l2_diff_utt,But he reconciled himself to it by an act of faith., but he reconciled himself to it by an act of faith.,0.0
arctic_a0391,Hindi,SVBI,l2+nat_same,But he reconciled himself to it by an act of faith., but he reconciled himself to it by an act of faith.,0.0
arctic_a0391,Hindi,SVBI,l2+interp,But he reconciled himself to it by an act of faith., but he reconciled himself to it by an act of faith.,0.0
arctic_a0391,Hindi,SVBI,l2+noise,But he reconciled himself to it by an act of faith., But he,0.8181818181818182
arctic_a0391,Hindi,SVBI,nat+zero_0,But he reconciled himself to it by an act of faith., but he reconciled himself to it by an act of faith.,0.0
arctic_a0391,Hindi,SVBI,l2+zero_0,But he reconciled himself to it by an act of faith., but he reconciled himself to it by an act of faith.,0.0
arctic_a0391,Hindi,SVBI,nat+zero_100,But he reconciled himself to it by an act of faith., but he reconciled himself to it by an act of faith.,0.0
arctic_a0391,Hindi,SVBI,l2+zero_100,But he reconciled himself to it by an act of faith., but he reconciled himself to it by an act of faith.,0.0
arctic_a0391,Hindi,SVBI,nat+zero_200,But he reconciled himself to it by an act of faith., but he reconciled himself to it by an act of faith.,0.0
arctic_a0391,Hindi,SVBI,l2+zero_200,But he reconciled himself to it by an act of faith., but he reconciled himself to it by an act of faith.,0.0
arctic_a0391,Hindi,SVBI,nat+zero_400,But he reconciled himself to it by an act of faith., but he reconciled himself to it by an act of faith.,0.0
arctic_a0391,Hindi,SVBI,l2+zero_400,But he reconciled himself to it by an act of faith., but he reconciled himself to it by an act of faith.,0.0
arctic_a0391,Hindi,SVBI,nat+zero_800,But he reconciled himself to it by an act of faith., but he reconciled himself to it by an act of faith.,0.0
arctic_a0391,Hindi,SVBI,l2+zero_800,But he reconciled himself to it by an act of faith., but he reconciled himself to it by an act of faith.,0.0
arctic_a0391,Hindi,SVBI,nat+empty_pad,But he reconciled himself to it by an act of faith., but he reconciled himself to it by an act of faith.,0.0
arctic_a0391,Hindi,SVBI,l2+empty_pad,But he reconciled himself to it by an act of faith., but he reconciled himself to it by an act of faith.,0.0
arctic_a0391,Korean,HJK,nat+nat,But he reconciled himself to it by an act of faith., but he reconciled himself to it by an act of faith.,0.0
arctic_a0391,Korean,HJK,nat+nat_diff_utt,But he reconciled himself to it by an act of faith., but he reconciled himself to it by an act of faith.,0.0
arctic_a0391,Korean,HJK,nat+l2_same,But he reconciled himself to it by an act of faith., but he reconciled himself to it by an act of faith.,0.0
arctic_a0391,Korean,HJK,nat+interp,But he reconciled himself to it by an act of faith., but he reconciled himself to it by an act of faith.,0.0
arctic_a0391,Korean,HJK,nat+noise,But he reconciled himself to it by an act of faith., But he,0.8181818181818182
arctic_a0391,Korean,HJK,l2+l2,But he reconciled himself to it by an act of faith., but he reconciled himself to it by an act of faith.,0.0
arctic_a0391,Korean,HJK,l2+l2_diff_utt,But he reconciled himself to it by an act of faith., but he reconciled himself to it by an act of faith.,0.0
arctic_a0391,Korean,HJK,l2+nat_same,But he reconciled himself to it by an act of faith., but he reconciled himself to it by an act of faith.,0.0
arctic_a0391,Korean,HJK,l2+interp,But he reconciled himself to it by an act of faith., but he reconciled himself to it by an act of faith.,0.0
arctic_a0391,Korean,HJK,l2+noise,But he reconciled himself to it by an act of faith., But he,0.8181818181818182
arctic_a0391,Korean,HJK,nat+zero_0,But he reconciled himself to it by an act of faith., but he reconciled himself to it by an act of faith.,0.0
arctic_a0391,Korean,HJK,l2+zero_0,But he reconciled himself to it by an act of faith., but he reconciled himself to it by an act of faith.,0.0
arctic_a0391,Korean,HJK,nat+zero_100,But he reconciled himself to it by an act of faith., but he reconciled himself to it by an act of faith.,0.0
arctic_a0391,Korean,HJK,l2+zero_100,But he reconciled himself to it by an act of faith., but he reconciled himself to it by an act of faith.,0.0
arctic_a0391,Korean,HJK,nat+zero_200,But he reconciled himself to it by an act of faith., but he reconciled himself to it by an act of faith.,0.0
arctic_a0391,Korean,HJK,l2+zero_200,But he reconciled himself to it by an act of faith., but he reconciled himself to it by an act of faith.,0.0
arctic_a0391,Korean,HJK,nat+zero_400,But he reconciled himself to it by an act of faith., but he reconciled himself to it by an act of faith.,0.0
arctic_a0391,Korean,HJK,l2+zero_400,But he reconciled himself to it by an act of faith., but he reconciled himself to it by an act of faith.,0.0
arctic_a0391,Korean,HJK,nat+zero_800,But he reconciled himself to it by an act of faith., but he reconciled himself to it by an act of faith.,0.0
arctic_a0391,Korean,HJK,l2+zero_800,But he reconciled himself to it by an act of faith., but he reconciled himself to it by an act of faith.,0.0
arctic_a0391,Korean,HJK,nat+empty_pad,But he reconciled himself to it by an act of faith., but he reconciled himself to it by an act of faith.,0.0
arctic_a0391,Korean,HJK,l2+empty_pad,But he reconciled himself to it by an act of faith., but he reconciled himself to it by an act of faith.,0.0
arctic_a0391,Spanish,EBVS,nat+nat,But he reconciled himself to it by an act of faith., but he reconciled himself to it by an act of faith.,0.0
arctic_a0391,Spanish,EBVS,nat+nat_diff_utt,But he reconciled himself to it by an act of faith., but he reconciled himself to it by an act of faith.,0.0
arctic_a0391,Spanish,EBVS,nat+l2_same,But he reconciled himself to it by an act of faith., but he reconciled himself to it by an act of faith.,0.0
arctic_a0391,Spanish,EBVS,nat+interp,But he reconciled himself to it by an act of faith., but he reconciled himself to it by an act of faith.,0.0
arctic_a0391,Spanish,EBVS,nat+noise,But he reconciled himself to it by an act of faith., But he,0.8181818181818182
arctic_a0391,Spanish,EBVS,l2+l2,But he reconciled himself to it by an act of faith., but here reconcile himself to it by an act of faith.,0.18181818181818182
arctic_a0391,Spanish,EBVS,l2+l2_diff_utt,But he reconciled himself to it by an act of faith., But here reconcile himself to it by an act of faith.,0.18181818181818182
arctic_a0391,Spanish,EBVS,l2+nat_same,But he reconciled himself to it by an act of faith., but here reconcile himself to it by an act of faith.,0.18181818181818182
arctic_a0391,Spanish,EBVS,l2+interp,But he reconciled himself to it by an act of faith., But here reconcile himself to it by an act of faith,0.18181818181818182
arctic_a0391,Spanish,EBVS,l2+noise,But he reconciled himself to it by an act of faith., But here,0.9090909090909091
arctic_a0391,Spanish,EBVS,nat+zero_0,But he reconciled himself to it by an act of faith., but he reconciled himself to it by an act of faith.,0.0
arctic_a0391,Spanish,EBVS,l2+zero_0,But he reconciled himself to it by an act of faith.," But here reconcile, reconcile to it by an act of faith.",0.2727272727272727
arctic_a0391,Spanish,EBVS,nat+zero_100,But he reconciled himself to it by an act of faith., but he reconciled himself to it by an act of faith.,0.0
arctic_a0391,Spanish,EBVS,l2+zero_100,But he reconciled himself to it by an act of faith.," But here reconcile, reconcile to it by an act of faith.",0.2727272727272727
arctic_a0391,Spanish,EBVS,nat+zero_200,But he reconciled himself to it by an act of faith., but he reconciled himself to it by an act of faith.,0.0
arctic_a0391,Spanish,EBVS,l2+zero_200,But he reconciled himself to it by an act of faith.," But here reconcile, reconcile to it by an act of faith.",0.2727272727272727
arctic_a0391,Spanish,EBVS,nat+zero_400,But he reconciled himself to it by an act of faith., but he reconciled himself to it by an act of faith.,0.0
arctic_a0391,Spanish,EBVS,l2+zero_400,But he reconciled himself to it by an act of faith.," But here reconcile, reconcile to it by an act of faith.",0.2727272727272727
arctic_a0391,Spanish,EBVS,nat+zero_800,But he reconciled himself to it by an act of faith., but he reconciled himself to it by an act of faith.,0.0
arctic_a0391,Spanish,EBVS,l2+zero_800,But he reconciled himself to it by an act of faith.," but here reconcile, reconcile to it by an act of faith.",0.2727272727272727
arctic_a0391,Spanish,EBVS,nat+empty_pad,But he reconciled himself to it by an act of faith., but he reconciled himself to it by an act of faith.,0.0
arctic_a0391,Spanish,EBVS,l2+empty_pad,But he reconciled himself to it by an act of faith., But here reconcile himself to it by an act of faith.,0.18181818181818182
arctic_a0391,Vietnamese,HQTV,nat+nat,But he reconciled himself to it by an act of faith., but he reconciled himself to it by an act of faith.,0.0
arctic_a0391,Vietnamese,HQTV,nat+nat_diff_utt,But he reconciled himself to it by an act of faith., but he reconciled himself to it by an act of faith.,0.0
arctic_a0391,Vietnamese,HQTV,nat+l2_same,But he reconciled himself to it by an act of faith., but he reconciled himself to it by an act of faith.,0.0
arctic_a0391,Vietnamese,HQTV,nat+interp,But he reconciled himself to it by an act of faith., but he reconciled himself to it by an act of faith.,0.0
arctic_a0391,Vietnamese,HQTV,nat+noise,But he reconciled himself to it by an act of faith., But he,0.8181818181818182
arctic_a0391,Vietnamese,HQTV,l2+l2,But he reconciled himself to it by an act of faith., but he reconciled himself to it by an edge of fate.,0.18181818181818182
arctic_a0391,Vietnamese,HQTV,l2+l2_diff_utt,But he reconciled himself to it by an act of faith., but he reconciled himself to it by an edge of fate.,0.18181818181818182
arctic_a0391,Vietnamese,HQTV,l2+nat_same,But he reconciled himself to it by an act of faith., but he reconciled himself to it by an edge of fate.,0.18181818181818182
arctic_a0391,Vietnamese,HQTV,l2+interp,But he reconciled himself to it by an act of faith., but he reconciled himself to it by an edge of fate.,0.18181818181818182
arctic_a0391,Vietnamese,HQTV,l2+noise,But he reconciled himself to it by an act of faith., But he,0.8181818181818182
arctic_a0391,Vietnamese,HQTV,nat+zero_0,But he reconciled himself to it by an act of faith., but he reconciled himself to it by an act of faith.,0.0
arctic_a0391,Vietnamese,HQTV,l2+zero_0,But he reconciled himself to it by an act of faith., but he reconciled himself to it by an edge of fate.,0.18181818181818182
arctic_a0391,Vietnamese,HQTV,nat+zero_100,But he reconciled himself to it by an act of faith., but he reconciled himself to it by an act of faith.,0.0
arctic_a0391,Vietnamese,HQTV,l2+zero_100,But he reconciled himself to it by an act of faith., but he reconciled himself to it by an edge of fate.,0.18181818181818182
arctic_a0391,Vietnamese,HQTV,nat+zero_200,But he reconciled himself to it by an act of faith., but he reconciled himself to it by an act of faith.,0.0
arctic_a0391,Vietnamese,HQTV,l2+zero_200,But he reconciled himself to it by an act of faith., but he reconciled himself to it by an edge of fate.,0.18181818181818182
arctic_a0391,Vietnamese,HQTV,nat+zero_400,But he reconciled himself to it by an act of faith., but he reconciled himself to it by an act of faith.,0.0
arctic_a0391,Vietnamese,HQTV,l2+zero_400,But he reconciled himself to it by an act of faith., but he reconciled himself to it by an edge of fate.,0.18181818181818182
arctic_a0391,Vietnamese,HQTV,nat+zero_800,But he reconciled himself to it by an act of faith., but he reconciled himself to it by an act of faith.,0.0
arctic_a0391,Vietnamese,HQTV,l2+zero_800,But he reconciled himself to it by an act of faith., but he reconciled himself to it by an edge of fate.,0.18181818181818182
arctic_a0391,Vietnamese,HQTV,nat+empty_pad,But he reconciled himself to it by an act of faith., but he reconciled himself to it by an act of faith.,0.0
arctic_a0391,Vietnamese,HQTV,l2+empty_pad,But he reconciled himself to it by an act of faith., but he reconciled himself to it by an edge of fate.,0.18181818181818182
arctic_a0416,Arabic,ZHAA,nat+nat,The added weight had a velocity of fifteen miles per hour., the added weight had a velocity of 15 miles per hour.,0.09090909090909091
arctic_a0416,Arabic,ZHAA,nat+nat_diff_utt,The added weight had a velocity of fifteen miles per hour., the added weight had a velocity of 15 miles per hour.,0.09090909090909091
arctic_a0416,Arabic,ZHAA,nat+l2_same,The added weight had a velocity of fifteen miles per hour., the added weight had a velocity of 15 miles per hour.,0.09090909090909091
arctic_a0416,Arabic,ZHAA,nat+interp,The added weight had a velocity of fifteen miles per hour., the added weight had a velocity of 15 miles per hour.,0.09090909090909091
arctic_a0416,Arabic,ZHAA,nat+noise,The added weight had a velocity of fifteen miles per hour., The added,0.8181818181818182
arctic_a0416,Arabic,ZHAA,l2+l2,The added weight had a velocity of fifteen miles per hour., The added weight had a velocity of 15 miles per hour.,0.09090909090909091
arctic_a0416,Arabic,ZHAA,l2+l2_diff_utt,The added weight had a velocity of fifteen miles per hour., The added weight had a velocity of 15 miles per hour.,0.09090909090909091
arctic_a0416,Arabic,ZHAA,l2+nat_same,The added weight had a velocity of fifteen miles per hour., The added weight had a velocity of 15 miles per hour.,0.09090909090909091
arctic_a0416,Arabic,ZHAA,l2+interp,The added weight had a velocity of fifteen miles per hour., The added weight had a velocity of 15 miles per hour.,0.09090909090909091
arctic_a0416,Arabic,ZHAA,l2+noise,The added weight had a velocity of fifteen miles per hour., The added did,0.8181818181818182
arctic_a0416,Arabic,ZHAA,nat+zero_0,The added weight had a velocity of fifteen miles per hour., the added weight had a velocity of 15 miles per hour.,0.09090909090909091
arctic_a0416,Arabic,ZHAA,l2+zero_0,The added weight had a velocity of fifteen miles per hour., The added weight had a velocity of 15 miles per hour.,0.09090909090909091
arctic_a0416,Arabic,ZHAA,nat+zero_100,The added weight had a velocity of fifteen miles per hour., the added weight had a velocity of 15 miles per hour.,0.09090909090909091
arctic_a0416,Arabic,ZHAA,l2+zero_100,The added weight had a velocity of fifteen miles per hour., The added weight had a velocity of 15 miles per hour.,0.09090909090909091
arctic_a0416,Arabic,ZHAA,nat+zero_200,The added weight had a velocity of fifteen miles per hour., the added weight had a velocity of 15 miles per hour.,0.09090909090909091
arctic_a0416,Arabic,ZHAA,l2+zero_200,The added weight had a velocity of fifteen miles per hour., The added weight had a velocity of 15 miles per hour.,0.09090909090909091
arctic_a0416,Arabic,ZHAA,nat+zero_400,The added weight had a velocity of fifteen miles per hour., the added weight had a velocity of 15 miles per hour.,0.09090909090909091
arctic_a0416,Arabic,ZHAA,l2+zero_400,The added weight had a velocity of fifteen miles per hour., The added weight had a velocity of 15 miles per hour.,0.09090909090909091
arctic_a0416,Arabic,ZHAA,nat+zero_800,The added weight had a velocity of fifteen miles per hour., the added weight had a velocity of 15 miles per hour.,0.09090909090909091
arctic_a0416,Arabic,ZHAA,l2+zero_800,The added weight had a velocity of fifteen miles per hour., The added weight had a velocity of 15 miles per hour.,0.09090909090909091
arctic_a0416,Arabic,ZHAA,nat+empty_pad,The added weight had a velocity of fifteen miles per hour., the added weight had a velocity of 15 miles per hour.,0.09090909090909091
arctic_a0416,Arabic,ZHAA,l2+empty_pad,The added weight had a velocity of fifteen miles per hour., The added weight had a velocity of 15 miles per hour.,0.09090909090909091
arctic_a0416,Chinese,BWC,nat+nat,The added weight had a velocity of fifteen miles per hour., the added weight had a velocity of 15 miles per hour.,0.09090909090909091
arctic_a0416,Chinese,BWC,nat+nat_diff_utt,The added weight had a velocity of fifteen miles per hour., the added weight had a velocity of 15 miles per hour.,0.09090909090909091
arctic_a0416,Chinese,BWC,nat+l2_same,The added weight had a velocity of fifteen miles per hour., the added weight had a velocity of 15 miles per hour.,0.09090909090909091
arctic_a0416,Chinese,BWC,nat+interp,The added weight had a velocity of fifteen miles per hour., the added weight had a velocity of 15 miles per hour.,0.09090909090909091
arctic_a0416,Chinese,BWC,nat+noise,The added weight had a velocity of fifteen miles per hour., The added,0.8181818181818182
arctic_a0416,Chinese,BWC,l2+l2,The added weight had a velocity of fifteen miles per hour., The added weight has a velocity of 15 miles per hour.,0.18181818181818182
arctic_a0416,Chinese,BWC,l2+l2_diff_utt,The added weight had a velocity of fifteen miles per hour., The added weight has a velocity of 15 miles per hour.,0.18181818181818182
arctic_a0416,Chinese,BWC,l2+nat_same,The added weight had a velocity of fifteen miles per hour., The added weight has a velocity of 15 miles per hour.,0.18181818181818182
arctic_a0416,Chinese,BWC,l2+interp,The added weight had a velocity of fifteen miles per hour., The added weight has a velocity of 15 miles per hour.,0.18181818181818182
arctic_a0416,Chinese,BWC,l2+noise,The added weight had a velocity of fifteen miles per hour., the,0.9090909090909091
arctic_a0416,Chinese,BWC,nat+zero_0,The added weight had a velocity of fifteen miles per hour., the added weight had a velocity of 15 miles per hour.,0.09090909090909091
arctic_a0416,Chinese,BWC,l2+zero_0,The added weight had a velocity of fifteen miles per hour., The added weight has a velocity of 15 miles per hour.,0.18181818181818182
arctic_a0416,Chinese,BWC,nat+zero_100,The added weight had a velocity of fifteen miles per hour., the added weight had a velocity of 15 miles per hour.,0.09090909090909091
arctic_a0416,Chinese,BWC,l2+zero_100,The added weight had a velocity of fifteen miles per hour., The added weight has a velocity of 15 miles per hour.,0.18181818181818182
arctic_a0416,Chinese,BWC,nat+zero_200,The added weight had a velocity of fifteen miles per hour., the added weight had a velocity of 15 miles per hour.,0.09090909090909091
arctic_a0416,Chinese,BWC,l2+zero_200,The added weight had a velocity of fifteen miles per hour., The added weight has a velocity of 15 miles per hour.,0.18181818181818182
arctic_a0416,Chinese,BWC,nat+zero_400,The added weight had a velocity of fifteen miles per hour., the added weight had a velocity of 15 miles per hour.,0.09090909090909091
arctic_a0416,Chinese,BWC,l2+zero_400,The added weight had a velocity of fifteen miles per hour., The added weight has a velocity of 15 miles per hour.,0.18181818181818182
arctic_a0416,Chinese,BWC,nat+zero_800,The added weight had a velocity of fifteen miles per hour., the added weight had a velocity of 15 miles per hour.,0.09090909090909091
arctic_a0416,Chinese,BWC,l2+zero_800,The added weight had a velocity of fifteen miles per hour., The added weight has a velocity of 15 miles per hour.,0.18181818181818182
arctic_a0416,Chinese,BWC,nat+empty_pad,The added weight had a velocity of fifteen miles per hour., the added weight had a velocity of 15 miles per hour.,0.09090909090909091
arctic_a0416,Chinese,BWC,l2+empty_pad,The added weight had a velocity of fifteen miles per hour., The added weight has a velocity of 15 miles per hour.,0.18181818181818182
arctic_a0416,Hindi,SVBI,nat+nat,The added weight had a velocity of fifteen miles per hour., the added weight had a velocity of 15 miles per hour.,0.09090909090909091
arctic_a0416,Hindi,SVBI,nat+nat_diff_utt,The added weight had a velocity of fifteen miles per hour., the added weight had a velocity of 15 miles per hour.,0.09090909090909091
arctic_a0416,Hindi,SVBI,nat+l2_same,The added weight had a velocity of fifteen miles per hour., the added weight had a velocity of 15 miles per hour.,0.09090909090909091
arctic_a0416,Hindi,SVBI,nat+interp,The added weight had a velocity of fifteen miles per hour., the added weight had a velocity of 15 miles per hour.,0.09090909090909091
arctic_a0416,Hindi,SVBI,nat+noise,The added weight had a velocity of fifteen miles per hour., The added,0.8181818181818182
arctic_a0416,Hindi,SVBI,l2+l2,The added weight had a velocity of fifteen miles per hour., The added weight had a velocity of 15 miles per hour.,0.09090909090909091
arctic_a0416,Hindi,SVBI,l2+l2_diff_utt,The added weight had a velocity of fifteen miles per hour., The added weight had a velocity of 15 miles per hour.,0.09090909090909091
arctic_a0416,Hindi,SVBI,l2+nat_same,The added weight had a velocity of fifteen miles per hour., The added weight had a velocity of 15 miles per hour.,0.09090909090909091
arctic_a0416,Hindi,SVBI,l2+interp,The added weight had a velocity of fifteen miles per hour., The added weight had a velocity of 15 miles per hour.,0.09090909090909091
arctic_a0416,Hindi,SVBI,l2+noise,The added weight had a velocity of fifteen miles per hour., The added weight had a,0.5454545454545454
arctic_a0416,Hindi,SVBI,nat+zero_0,The added weight had a velocity of fifteen miles per hour., the added weight had a velocity of 15 miles per hour.,0.09090909090909091
arctic_a0416,Hindi,SVBI,l2+zero_0,The added weight had a velocity of fifteen miles per hour., The added weight had a velocity of 15 miles per hour.,0.09090909090909091
arctic_a0416,Hindi,SVBI,nat+zero_100,The added weight had a velocity of fifteen miles per hour., the added weight had a velocity of 15 miles per hour.,0.09090909090909091
arctic_a0416,Hindi,SVBI,l2+zero_100,The added weight had a velocity of fifteen miles per hour., The added weight had a velocity of 15 miles per hour.,0.09090909090909091
arctic_a0416,Hindi,SVBI,nat+zero_200,The added weight had a velocity of fifteen miles per hour., the added weight had a velocity of 15 miles per hour.,0.09090909090909091
arctic_a0416,Hindi,SVBI,l2+zero_200,The added weight had a velocity of fifteen miles per hour., The added weight had a velocity of 15 miles per hour.,0.09090909090909091
arctic_a0416,Hindi,SVBI,nat+zero_400,The added weight had a velocity of fifteen miles per hour., the added weight had a velocity of 15 miles per hour.,0.09090909090909091
arctic_a0416,Hindi,SVBI,l2+zero_400,The added weight had a velocity of fifteen miles per hour., The added weight had a velocity of 15 miles per hour.,0.09090909090909091
arctic_a0416,Hindi,SVBI,nat+zero_800,The added weight had a velocity of fifteen miles per hour., the added weight had a velocity of 15 miles per hour.,0.09090909090909091
arctic_a0416,Hindi,SVBI,l2+zero_800,The added weight had a velocity of fifteen miles per hour., The added weight had a velocity of 15 miles per hour.,0.09090909090909091
arctic_a0416,Hindi,SVBI,nat+empty_pad,The added weight had a velocity of fifteen miles per hour., the added weight had a velocity of 15 miles per hour.,0.09090909090909091
arctic_a0416,Hindi,SVBI,l2+empty_pad,The added weight had a velocity of fifteen miles per hour., The added weight had a velocity of 15 miles per hour.,0.09090909090909091
arctic_a0416,Korean,HJK,nat+nat,The added weight had a velocity of fifteen miles per hour., the added weight had a velocity of 15 miles per hour.,0.09090909090909091
arctic_a0416,Korean,HJK,nat+nat_diff_utt,The added weight had a velocity of fifteen miles per hour., the added weight had a velocity of 15 miles per hour.,0.09090909090909091
arctic_a0416,Korean,HJK,nat+l2_same,The added weight had a velocity of fifteen miles per hour., the added weight had a velocity of 15 miles per hour.,0.09090909090909091
arctic_a0416,Korean,HJK,nat+interp,The added weight had a velocity of fifteen miles per hour., the added weight had a velocity of 15 miles per hour.,0.09090909090909091
arctic_a0416,Korean,HJK,nat+noise,The added weight had a velocity of fifteen miles per hour., The added,0.8181818181818182
arctic_a0416,Korean,HJK,l2+l2,The added weight had a velocity of fifteen miles per hour., The added weight had a velocity of 15 miles per hour.,0.09090909090909091
arctic_a0416,Korean,HJK,l2+l2_diff_utt,The added weight had a velocity of fifteen miles per hour., The added weight had a velocity of 15 miles per hour.,0.09090909090909091
arctic_a0416,Korean,HJK,l2+nat_same,The added weight had a velocity of fifteen miles per hour., The added weight had a velocity of 15 miles per hour.,0.09090909090909091
arctic_a0416,Korean,HJK,l2+interp,The added weight had a velocity of fifteen miles per hour., The added weight had a velocity of 15 miles per hour.,0.09090909090909091
arctic_a0416,Korean,HJK,l2+noise,The added weight had a velocity of fifteen miles per hour., The added,0.8181818181818182
arctic_a0416,Korean,HJK,nat+zero_0,The added weight had a velocity of fifteen miles per hour., the added weight had a velocity of 15 miles per hour.,0.09090909090909091
arctic_a0416,Korean,HJK,l2+zero_0,The added weight had a velocity of fifteen miles per hour., The added weight had a velocity of 15 miles per hour.,0.09090909090909091
arctic_a0416,Korean,HJK,nat+zero_100,The added weight had a velocity of fifteen miles per hour., the added weight had a velocity of 15 miles per hour.,0.09090909090909091
arctic_a0416,Korean,HJK,l2+zero_100,The added weight had a velocity of fifteen miles per hour., The added weight had a velocity of 15 miles per hour.,0.09090909090909091
arctic_a0416,Korean,HJK,nat+zero_200,The added weight had a velocity of fifteen miles per hour., the added weight had a velocity of 15 miles per hour.,0.09090909090909091
arctic_a0416,Korean,HJK,l2+zero_200,The added weight had a velocity of fifteen miles per hour., The added weight had a velocity of 15 miles per hour.,0.09090909090909091
arctic_a0416,Korean,HJK,nat+zero_400,The added weight had a velocity of fifteen miles per hour., the added weight had a velocity of 15 miles per hour.,0.09090909090909091
arctic_a0416,Korean,HJK,l2+zero_400,The added weight had a velocity of fifteen miles per hour., The added weight had a velocity of 15 miles per hour.,0.09090909090909091
arctic_a0416,Korean,HJK,nat+zero_800,The added weight had a velocity of fifteen miles per hour., the added weight had a velocity of 15 miles per hour.,0.09090909090909091
arctic_a0416,Korean,HJK,l2+zero_800,The added weight had a velocity of fifteen miles per hour., The added weight had a velocity of 15 miles per hour.,0.09090909090909091
arctic_a0416,Korean,HJK,nat+empty_pad,The added weight had a velocity of fifteen miles per hour., the added weight had a velocity of 15 miles per hour.,0.09090909090909091
arctic_a0416,Korean,HJK,l2+empty_pad,The added weight had a velocity of fifteen miles per hour., The added weight had a velocity of 15 miles per hour.,0.09090909090909091
arctic_a0416,Spanish,EBVS,nat+nat,The added weight had a velocity of fifteen miles per hour., the added weight had a velocity of 15 miles per hour.,0.09090909090909091
arctic_a0416,Spanish,EBVS,nat+nat_diff_utt,The added weight had a velocity of fifteen miles per hour., the added weight had a velocity of 15 miles per hour.,0.09090909090909091
arctic_a0416,Spanish,EBVS,nat+l2_same,The added weight had a velocity of fifteen miles per hour., the added weight had a velocity of 15 miles per hour.,0.09090909090909091
arctic_a0416,Spanish,EBVS,nat+interp,The added weight had a velocity of fifteen miles per hour., the added weight had a velocity of 15 miles per hour.,0.09090909090909091
arctic_a0416,Spanish,EBVS,nat+noise,The added weight had a velocity of fifteen miles per hour., The added,0.8181818181818182
arctic_a0416,Spanish,EBVS,l2+l2,The added weight had a velocity of fifteen miles per hour., The other way have a velocity of 15 miles per hour.,0.36363636363636365
arctic_a0416,Spanish,EBVS,l2+l2_diff_utt,The added weight had a velocity of fifteen miles per hour.," The other way, have a velocity of 15 miles per hour.",0.36363636363636365
arctic_a0416,Spanish,EBVS,l2+nat_same,The added weight had a velocity of fifteen miles per hour.," The other way, have a velocity of 15 miles per hour.",0.36363636363636365
arctic_a0416,Spanish,EBVS,l2+interp,The added weight had a velocity of fifteen miles per hour., The other way has a velocity of 15 miles per hour.,0.36363636363636365
arctic_a0416,Spanish,EBVS,l2+noise,The added weight had a velocity of fifteen miles per hour., The added the the,0.8181818181818182
arctic_a0416,Spanish,EBVS,nat+zero_0,The added weight had a velocity of fifteen miles per hour., the added weight had a velocity of 15 miles per hour.,0.09090909090909091
arctic_a0416,Spanish,EBVS,l2+zero_0,The added weight had a velocity of fifteen miles per hour.," The other way, have a velocity of 15 miles per hour.",0.36363636363636365
arctic_a0416,Spanish,EBVS,nat+zero_100,The added weight had a velocity of fifteen miles per hour., the added weight had a velocity of 15 miles per hour.,0.09090909090909091
arctic_a0416,Spanish,EBVS,l2+zero_100,The added weight had a velocity of fifteen miles per hour.," The other way, have a velocity of 15 miles per hour.",0.36363636363636365
arctic_a0416,Spanish,EBVS,nat+zero_200,The added weight had a velocity of fifteen miles per hour., the added weight had a velocity of 15 miles per hour.,0.09090909090909091
arctic_a0416,Spanish,EBVS,l2+zero_200,The added weight had a velocity of fifteen miles per hour.," The other way, have a velocity of 15 miles per hour.",0.36363636363636365
arctic_a0416,Spanish,EBVS,nat+zero_400,The added weight had a velocity of fifteen miles per hour., the added weight had a velocity of 15 miles per hour.,0.09090909090909091
arctic_a0416,Spanish,EBVS,l2+zero_400,The added weight had a velocity of fifteen miles per hour.," The other way, have a velocity of 15 miles per hour.",0.36363636363636365
arctic_a0416,Spanish,EBVS,nat+zero_800,The added weight had a velocity of fifteen miles per hour., the added weight had a velocity of 15 miles per hour.,0.09090909090909091
arctic_a0416,Spanish,EBVS,l2+zero_800,The added weight had a velocity of fifteen miles per hour.," The other way, have a velocity of 15 miles per hour.",0.36363636363636365
arctic_a0416,Spanish,EBVS,nat+empty_pad,The added weight had a velocity of fifteen miles per hour., the added weight had a velocity of 15 miles per hour.,0.09090909090909091
arctic_a0416,Spanish,EBVS,l2+empty_pad,The added weight had a velocity of fifteen miles per hour.," The other way, have a velocity of 15 miles per hour.",0.36363636363636365
arctic_a0416,Vietnamese,HQTV,nat+nat,The added weight had a velocity of fifteen miles per hour., the added weight had a velocity of 15 miles per hour.,0.09090909090909091
arctic_a0416,Vietnamese,HQTV,nat+nat_diff_utt,The added weight had a velocity of fifteen miles per hour., the added weight had a velocity of 15 miles per hour.,0.09090909090909091
arctic_a0416,Vietnamese,HQTV,nat+l2_same,The added weight had a velocity of fifteen miles per hour., the added weight had a velocity of 15 miles per hour.,0.09090909090909091
arctic_a0416,Vietnamese,HQTV,nat+interp,The added weight had a velocity of fifteen miles per hour., the added weight had a velocity of 15 miles per hour.,0.09090909090909091
arctic_a0416,Vietnamese,HQTV,nat+noise,The added weight had a velocity of fifteen miles per hour., The added,0.8181818181818182
arctic_a0416,Vietnamese,HQTV,l2+l2,The added weight had a velocity of fifteen miles per hour., the added weight as a velocity of 15 miles per hour.,0.18181818181818182
arctic_a0416,Vietnamese,HQTV,l2+l2_diff_utt,The added weight had a velocity of fifteen miles per hour., the added weight as a velocity of 15 miles per hour.,0.18181818181818182
arctic_a0416,Vietnamese,HQTV,l2+nat_same,The added weight had a velocity of fifteen miles per hour., the added weight as a velocity of 15 miles per hour.,0.18181818181818182
arctic_a0416,Vietnamese,HQTV,l2+interp,The added weight had a velocity of fifteen miles per hour., the added weight as a velocity of 15 miles per hour.,0.18181818181818182
arctic_a0416,Vietnamese,HQTV,l2+noise,The added weight had a velocity of fifteen miles per hour., The added,0.8181818181818182
arctic_a0416,Vietnamese,HQTV,nat+zero_0,The added weight had a velocity of fifteen miles per hour., the added weight had a velocity of 15 miles per hour.,0.09090909090909091
arctic_a0416,Vietnamese,HQTV,l2+zero_0,The added weight had a velocity of fifteen miles per hour., the added weight as a velocities of 15 miles per hour.,0.2727272727272727
arctic_a0416,Vietnamese,HQTV,nat+zero_100,The added weight had a velocity of fifteen miles per hour., the added weight had a velocity of 15 miles per hour.,0.09090909090909091
arctic_a0416,Vietnamese,HQTV,l2+zero_100,The added weight had a velocity of fifteen miles per hour., the added weight as a velocities of 15 miles per hour.,0.2727272727272727
arctic_a0416,Vietnamese,HQTV,nat+zero_200,The added weight had a velocity of fifteen miles per hour., the added weight had a velocity of 15 miles per hour.,0.09090909090909091
arctic_a0416,Vietnamese,HQTV,l2+zero_200,The added weight had a velocity of fifteen miles per hour., the added weight as a velocities of 15 miles per hour.,0.2727272727272727
arctic_a0416,Vietnamese,HQTV,nat+zero_400,The added weight had a velocity of fifteen miles per hour., the added weight had a velocity of 15 miles per hour.,0.09090909090909091
arctic_a0416,Vietnamese,HQTV,l2+zero_400,The added weight had a velocity of fifteen miles per hour., the added weight as a velocities of 15 miles per hour.,0.2727272727272727
arctic_a0416,Vietnamese,HQTV,nat+zero_800,The added weight had a velocity of fifteen miles per hour., the added weight had a velocity of 15 miles per hour.,0.09090909090909091
arctic_a0416,Vietnamese,HQTV,l2+zero_800,The added weight had a velocity of fifteen miles per hour., the added weight as a velocities of 15 miles per hour.,0.2727272727272727
arctic_a0416,Vietnamese,HQTV,nat+empty_pad,The added weight had a velocity of fifteen miles per hour., the added weight had a velocity of 15 miles per hour.,0.09090909090909091
arctic_a0416,Vietnamese,HQTV,l2+empty_pad,The added weight had a velocity of fifteen miles per hour., the added weight as a velocities of 15 miles per hour.,0.2727272727272727
arctic_a0432,Arabic,ZHAA,nat+nat,The boy at the wheel lost his head., The boy at the wheel lost his head.,0.0
arctic_a0432,Arabic,ZHAA,nat+nat_diff_utt,The boy at the wheel lost his head., the boy at the wheel lost his head.,0.0
arctic_a0432,Arabic,ZHAA,nat+l2_same,The boy at the wheel lost his head., The boy at the wheel lost his head.,0.0
arctic_a0432,Arabic,ZHAA,nat+interp,The boy at the wheel lost his head., The boy at the wheel lost his head.,0.0
arctic_a0432,Arabic,ZHAA,nat+noise,The boy at the wheel lost his head., The boy at the boy at the wheel lost lost,0.625
arctic_a0432,Arabic,ZHAA,l2+l2,The boy at the wheel lost his head., The boy at the wheel lost his head.,0.0
arctic_a0432,Arabic,ZHAA,l2+l2_diff_utt,The boy at the wheel lost his head., The boy at the wheel lost his head.,0.0
arctic_a0432,Arabic,ZHAA,l2+nat_same,The boy at the wheel lost his head., The boy at the wheel lost his head.,0.0
arctic_a0432,Arabic,ZHAA,l2+interp,The boy at the wheel lost his head., The boy at the wheel lost his head.,0.0
arctic_a0432,Arabic,ZHAA,l2+noise,The boy at the wheel lost his head., The boy at the boy at the wheel lost lost,0.625
arctic_a0432,Arabic,ZHAA,nat+zero_0,The boy at the wheel lost his head., The boy at the wheel lost his head.,0.0
arctic_a0432,Arabic,ZHAA,l2+zero_0,The boy at the wheel lost his head., The boy at the wheel lost his head.,0.0
arctic_a0432,Arabic,ZHAA,nat+zero_100,The boy at the wheel lost his head., The boy at the wheel lost his head.,0.0
arctic_a0432,Arabic,ZHAA,l2+zero_100,The boy at the wheel lost his head., The boy at the wheel lost his head.,0.0
arctic_a0432,Arabic,ZHAA,nat+zero_200,The boy at the wheel lost his head., The boy at the wheel lost his head.,0.0
arctic_a0432,Arabic,ZHAA,l2+zero_200,The boy at the wheel lost his head., The boy at the wheel lost his head.,0.0
arctic_a0432,Arabic,ZHAA,nat+zero_400,The boy at the wheel lost his head., The boy at the wheel lost his head.,0.0
arctic_a0432,Arabic,ZHAA,l2+zero_400,The boy at the wheel lost his head., The boy at the wheel lost his head.,0.0
arctic_a0432,Arabic,ZHAA,nat+zero_800,The boy at the wheel lost his head., The boy at the wheel lost his head.,0.0
arctic_a0432,Arabic,ZHAA,l2+zero_800,The boy at the wheel lost his head., The boy at the wheel lost his head.,0.0
arctic_a0432,Arabic,ZHAA,nat+empty_pad,The boy at the wheel lost his head., The boy at the wheel lost his head.,0.0
arctic_a0432,Arabic,ZHAA,l2+empty_pad,The boy at the wheel lost his head., The boy at the wheel lost his head.,0.0
arctic_a0432,Chinese,BWC,nat+nat,The boy at the wheel lost his head., The boy at the wheel lost his head.,0.0
arctic_a0432,Chinese,BWC,nat+nat_diff_utt,The boy at the wheel lost his head., the boy at the wheel lost his head.,0.0
arctic_a0432,Chinese,BWC,nat+l2_same,The boy at the wheel lost his head., the boy at the wheel lost his head.,0.0
arctic_a0432,Chinese,BWC,nat+interp,The boy at the wheel lost his head., The boy at the wheel lost his head.,0.0
arctic_a0432,Chinese,BWC,nat+noise,The boy at the wheel lost his head., The boy at the boy at the wheel lost lost,0.625
arctic_a0432,Chinese,BWC,l2+l2,The boy at the wheel lost his head., the boy at the wheel lost his hat.,0.125
arctic_a0432,Chinese,BWC,l2+l2_diff_utt,The boy at the wheel lost his head., the boy at the wheel lost his hat.,0.125
arctic_a0432,Chinese,BWC,l2+nat_same,The boy at the wheel lost his head., The boy at the wheel lost his hat.,0.125
arctic_a0432,Chinese,BWC,l2+interp,The boy at the wheel lost his head., The boy at the will lost his hat.,0.25
arctic_a0432,Chinese,BWC,l2+noise,The boy at the wheel lost his head., The boy at,0.625
arctic_a0432,Chinese,BWC,nat+zero_0,The boy at the wheel lost his head., The boy at the wheel lost his head.,0.0
arctic_a0432,Chinese,BWC,l2+zero_0,The boy at the wheel lost his head., the boy at the wheel lost his hat.,0.125
arctic_a0432,Chinese,BWC,nat+zero_100,The boy at the wheel lost his head., The boy at the wheel lost his head.,0.0
arctic_a0432,Chinese,BWC,l2+zero_100,The boy at the wheel lost his head., the boy at the wheel lost his hat.,0.125
arctic_a0432,Chinese,BWC,nat+zero_200,The boy at the wheel lost his head., The boy at the wheel lost his head.,0.0
arctic_a0432,Chinese,BWC,l2+zero_200,The boy at the wheel lost his head., the boy at the wheel lost his hat.,0.125
arctic_a0432,Chinese,BWC,nat+zero_400,The boy at the wheel lost his head., The boy at the wheel lost his head.,0.0
arctic_a0432,Chinese,BWC,l2+zero_400,The boy at the wheel lost his head., the boy at Will lost his hat.,0.375
arctic_a0432,Chinese,BWC,nat+zero_800,The boy at the wheel lost his head., The boy at the wheel lost his head.,0.0
arctic_a0432,Chinese,BWC,l2+zero_800,The boy at the wheel lost his head., The boy at the wheel lost his hat.,0.125
arctic_a0432,Chinese,BWC,nat+empty_pad,The boy at the wheel lost his head., The boy at the wheel lost his head.,0.0
arctic_a0432,Chinese,BWC,l2+empty_pad,The boy at the wheel lost his head., The boy at the wheel lost his hat.,0.125
arctic_a0432,Hindi,SVBI,nat+nat,The boy at the wheel lost his head., The boy at the wheel lost his head.,0.0
arctic_a0432,Hindi,SVBI,nat+nat_diff_utt,The boy at the wheel lost his head., the boy at the wheel lost his head.,0.0
arctic_a0432,Hindi,SVBI,nat+l2_same,The boy at the wheel lost his head., The boy at the wheel lost his head.,0.0
arctic_a0432,Hindi,SVBI,nat+interp,The boy at the wheel lost his head., The boy at the wheel lost his head.,0.0
arctic_a0432,Hindi,SVBI,nat+noise,The boy at the wheel lost his head., The boy at the boy at the wheel lost lost,0.625
arctic_a0432,Hindi,SVBI,l2+l2,The boy at the wheel lost his head., The boy at the wheel lost his head.,0.0
arctic_a0432,Hindi,SVBI,l2+l2_diff_utt,The boy at the wheel lost his head., The boy at the wheel lost his head.,0.0
arctic_a0432,Hindi,SVBI,l2+nat_same,The boy at the wheel lost his head., The boy at the wheel lost his head.,0.0
arctic_a0432,Hindi,SVBI,l2+interp,The boy at the wheel lost his head., The boy at the wheel lost his head.,0.0
arctic_a0432,Hindi,SVBI,l2+noise,The boy at the wheel lost his head., The boy at the boy at the boy at the wheel lost,1.0
arctic_a0432,Hindi,SVBI,nat+zero_0,The boy at the wheel lost his head., The boy at the wheel lost his head.,0.0
arctic_a0432,Hindi,SVBI,l2+zero_0,The boy at the wheel lost his head., The boy at the wheel lost his head.,0.0
arctic_a0432,Hindi,SVBI,nat+zero_100,The boy at the wheel lost his head., The boy at the wheel lost his head.,0.0
arctic_a0432,Hindi,SVBI,l2+zero_100,The boy at the wheel lost his head., The boy at the wheel lost his head.,0.0
arctic_a0432,Hindi,SVBI,nat+zero_200,The boy at the wheel lost his head., The boy at the wheel lost his head.,0.0
arctic_a0432,Hindi,SVBI,l2+zero_200,The boy at the wheel lost his head., The boy at the wheel lost his head.,0.0
arctic_a0432,Hindi,SVBI,nat+zero_400,The boy at the wheel lost his head., The boy at the wheel lost his head.,0.0
arctic_a0432,Hindi,SVBI,l2+zero_400,The boy at the wheel lost his head., The boy at the wheel lost his head.,0.0
arctic_a0432,Hindi,SVBI,nat+zero_800,The boy at the wheel lost his head., The boy at the wheel lost his head.,0.0
arctic_a0432,Hindi,SVBI,l2+zero_800,The boy at the wheel lost his head., The boy at the wheel lost his head.,0.0
arctic_a0432,Hindi,SVBI,nat+empty_pad,The boy at the wheel lost his head., The boy at the wheel lost his head.,0.0
arctic_a0432,Hindi,SVBI,l2+empty_pad,The boy at the wheel lost his head., The boy at the wheel lost his head.,0.0
arctic_a0432,Korean,HJK,nat+nat,The boy at the wheel lost his head., The boy at the wheel lost his head.,0.0
arctic_a0432,Korean,HJK,nat+nat_diff_utt,The boy at the wheel lost his head., the boy at the wheel lost his head.,0.0
arctic_a0432,Korean,HJK,nat+l2_same,The boy at the wheel lost his head., The boy at the wheel lost his head.,0.0
arctic_a0432,Korean,HJK,nat+interp,The boy at the wheel lost his head., The boy at the wheel lost his head.,0.0
arctic_a0432,Korean,HJK,nat+noise,The boy at the wheel lost his head., The boy at the boy at the wheel lost lost,0.625
arctic_a0432,Korean,HJK,l2+l2,The boy at the wheel lost his head., The boy at the wheel lost his hat.,0.125
arctic_a0432,Korean,HJK,l2+l2_diff_utt,The boy at the wheel lost his head., The boy at the wheel lost his hat.,0.125
arctic_a0432,Korean,HJK,l2+nat_same,The boy at the wheel lost his head., The boy at the wheel lost his hat.,0.125
arctic_a0432,Korean,HJK,l2+interp,The boy at the wheel lost his head., The boy at the wheel lost his hat.,0.125
arctic_a0432,Korean,HJK,l2+noise,The boy at the wheel lost his head., The boy at the boy at the boy at the boy at the boy at the boy at the boy at the boy at the,2.625
arctic_a0432,Korean,HJK,nat+zero_0,The boy at the wheel lost his head., The boy at the wheel lost his head.,0.0
arctic_a0432,Korean,HJK,l2+zero_0,The boy at the wheel lost his head., The boy at the wheel lost his hat.,0.125
arctic_a0432,Korean,HJK,nat+zero_100,The boy at the wheel lost his head., The boy at the wheel lost his head.,0.0
arctic_a0432,Korean,HJK,l2+zero_100,The boy at the wheel lost his head., The boy at the wheel lost his hat.,0.125
arctic_a0432,Korean,HJK,nat+zero_200,The boy at the wheel lost his head., The boy at the wheel lost his head.,0.0
arctic_a0432,Korean,HJK,l2+zero_200,The boy at the wheel lost his head., The boy at the wheel lost his hat.,0.125
arctic_a0432,Korean,HJK,nat+zero_400,The boy at the wheel lost his head., The boy at the wheel lost his head.,0.0
arctic_a0432,Korean,HJK,l2+zero_400,The boy at the wheel lost his head., The boy at the wheel lost his hat.,0.125
arctic_a0432,Korean,HJK,nat+zero_800,The boy at the wheel lost his head., The boy at the wheel lost his head.,0.0
arctic_a0432,Korean,HJK,l2+zero_800,The boy at the wheel lost his head., The boy at the wheel lost his hat.,0.125
arctic_a0432,Korean,HJK,nat+empty_pad,The boy at the wheel lost his head., The boy at the wheel lost his head.,0.0
arctic_a0432,Korean,HJK,l2+empty_pad,The boy at the wheel lost his head., The boy at the wheel lost his hat.,0.125
arctic_a0432,Spanish,EBVS,nat+nat,The boy at the wheel lost his head., The boy at the wheel lost his head.,0.0
arctic_a0432,Spanish,EBVS,nat+nat_diff_utt,The boy at the wheel lost his head., the boy at the wheel lost his head.,0.0
arctic_a0432,Spanish,EBVS,nat+l2_same,The boy at the wheel lost his head., The boy at the wheel lost his head.,0.0
arctic_a0432,Spanish,EBVS,nat+interp,The boy at the wheel lost his head., The boy at the wheel lost his head.,0.0
arctic_a0432,Spanish,EBVS,nat+noise,The boy at the wheel lost his head., The boy at the boy at the wheel lost lost,0.625
arctic_a0432,Spanish,EBVS,l2+l2,The boy at the wheel lost his head., The boy at the wheel lost his head.,0.0
arctic_a0432,Spanish,EBVS,l2+l2_diff_utt,The boy at the wheel lost his head., The boy at the wheel lost his head.,0.0
arctic_a0432,Spanish,EBVS,l2+nat_same,The boy at the wheel lost his head., The boy at the wheel lost his head.,0.0
arctic_a0432,Spanish,EBVS,l2+interp,The boy at the wheel lost his head., The boy at the will lost his head.,0.125
arctic_a0432,Spanish,EBVS,l2+noise,The boy at the wheel lost his head., The boy at the will lost,0.375
arctic_a0432,Spanish,EBVS,nat+zero_0,The boy at the wheel lost his head., The boy at the wheel lost his head.,0.0
arctic_a0432,Spanish,EBVS,l2+zero_0,The boy at the wheel lost his head., The boy at the wheel lost his head.,0.0
arctic_a0432,Spanish,EBVS,nat+zero_100,The boy at the wheel lost his head., The boy at the wheel lost his head.,0.0
arctic_a0432,Spanish,EBVS,l2+zero_100,The boy at the wheel lost his head., The boy at the wheel lost his head.,0.0
arctic_a0432,Spanish,EBVS,nat+zero_200,The boy at the wheel lost his head., The boy at the wheel lost his head.,0.0
arctic_a0432,Spanish,EBVS,l2+zero_200,The boy at the wheel lost his head., The boy at the wheel lost his head.,0.0
arctic_a0432,Spanish,EBVS,nat+zero_400,The boy at the wheel lost his head., The boy at the wheel lost his head.,0.0
arctic_a0432,Spanish,EBVS,l2+zero_400,The boy at the wheel lost his head., The boy at the wheel lost his head.,0.0
arctic_a0432,Spanish,EBVS,nat+zero_800,The boy at the wheel lost his head., The boy at the wheel lost his head.,0.0
arctic_a0432,Spanish,EBVS,l2+zero_800,The boy at the wheel lost his head., The boy at the wheel lost his head.,0.0
arctic_a0432,Spanish,EBVS,nat+empty_pad,The boy at the wheel lost his head., The boy at the wheel lost his head.,0.0
arctic_a0432,Spanish,EBVS,l2+empty_pad,The boy at the wheel lost his head., The boy at the wheel lost his head.,0.0
arctic_a0432,Vietnamese,HQTV,nat+nat,The boy at the wheel lost his head., The boy at the wheel lost his head.,0.0
arctic_a0432,Vietnamese,HQTV,nat+nat_diff_utt,The boy at the wheel lost his head., the boy at the wheel lost his head.,0.0
arctic_a0432,Vietnamese,HQTV,nat+l2_same,The boy at the wheel lost his head., The boy at the wheel lost his head.,0.0
arctic_a0432,Vietnamese,HQTV,nat+interp,The boy at the wheel lost his head., The boy at the wheel lost his head.,0.0
arctic_a0432,Vietnamese,HQTV,nat+noise,The boy at the wheel lost his head., The boy at the boy at the wheel lost lost,0.625
arctic_a0432,Vietnamese,HQTV,l2+l2,The boy at the wheel lost his head., The boy at the wheel lost his head.,0.0
arctic_a0432,Vietnamese,HQTV,l2+l2_diff_utt,The boy at the wheel lost his head., The boy at the wheel lost his head.,0.0
arctic_a0432,Vietnamese,HQTV,l2+nat_same,The boy at the wheel lost his head., The boy at the wheel lost his head.,0.0
arctic_a0432,Vietnamese,HQTV,l2+interp,The boy at the wheel lost his head., The boy at the wheel lost his head.,0.0
arctic_a0432,Vietnamese,HQTV,l2+noise,The boy at the wheel lost his head., The boy at The boy at The boy at The,0.75
arctic_a0432,Vietnamese,HQTV,nat+zero_0,The boy at the wheel lost his head., The boy at the wheel lost his head.,0.0
arctic_a0432,Vietnamese,HQTV,l2+zero_0,The boy at the wheel lost his head., The boy at the wheel lost his head.,0.0
arctic_a0432,Vietnamese,HQTV,nat+zero_100,The boy at the wheel lost his head., The boy at the wheel lost his head.,0.0
arctic_a0432,Vietnamese,HQTV,l2+zero_100,The boy at the wheel lost his head., The boy at the wheel lost his head.,0.0
arctic_a0432,Vietnamese,HQTV,nat+zero_200,The boy at the wheel lost his head., The boy at the wheel lost his head.,0.0
arctic_a0432,Vietnamese,HQTV,l2+zero_200,The boy at the wheel lost his head., The boy at the wheel lost his head.,0.0
arctic_a0432,Vietnamese,HQTV,nat+zero_400,The boy at the wheel lost his head., The boy at the wheel lost his head.,0.0
arctic_a0432,Vietnamese,HQTV,l2+zero_400,The boy at the wheel lost his head., The boy at the wheel lost his head.,0.0
arctic_a0432,Vietnamese,HQTV,nat+zero_800,The boy at the wheel lost his head., The boy at the wheel lost his head.,0.0
arctic_a0432,Vietnamese,HQTV,l2+zero_800,The boy at the wheel lost his head., The boy at the wheel lost his head.,0.0
arctic_a0432,Vietnamese,HQTV,nat+empty_pad,The boy at the wheel lost his head., The boy at the wheel lost his head.,0.0
arctic_a0432,Vietnamese,HQTV,l2+empty_pad,The boy at the wheel lost his head., The boy at the wheel lost his head.,0.0
arctic_a0455,Arabic,ZHAA,nat+nat,"I obeyed, and a minute or two later they stood before him."," I obeyed, and a minute or two later they stood before him.",0.0
arctic_a0455,Arabic,ZHAA,nat+nat_diff_utt,"I obeyed, and a minute or two later they stood before him."," I obeyed, and a minute or two later they stood before him.",0.0
arctic_a0455,Arabic,ZHAA,nat+l2_same,"I obeyed, and a minute or two later they stood before him.", I obeyed and a minute or two later they stood before him.,0.0
arctic_a0455,Arabic,ZHAA,nat+interp,"I obeyed, and a minute or two later they stood before him.", I obeyed and a minute or two later they stood before him.,0.0
arctic_a0455,Arabic,ZHAA,nat+noise,"I obeyed, and a minute or two later they stood before him.", I obey,0.9166666666666666
arctic_a0455,Arabic,ZHAA,l2+l2,"I obeyed, and a minute or two later they stood before him.", I obeyed and a minute or two later they stood before him.,0.0
arctic_a0455,Arabic,ZHAA,l2+l2_diff_utt,"I obeyed, and a minute or two later they stood before him.", I obeyed and a minute or two later they stood before him.,0.0
arctic_a0455,Arabic,ZHAA,l2+nat_same,"I obeyed, and a minute or two later they stood before him."," I obeyed, and a minute or two later they stood before him.",0.0
arctic_a0455,Arabic,ZHAA,l2+interp,"I obeyed, and a minute or two later they stood before him.", I obeyed and a minute or two later they stood before him,0.0
arctic_a0455,Arabic,ZHAA,l2+noise,"I obeyed, and a minute or two later they stood before him.", I obeyed,0.8333333333333334
arctic_a0455,Arabic,ZHAA,nat+zero_0,"I obeyed, and a minute or two later they stood before him.", I obeyed and a minute or two later they stood before him.,0.0
arctic_a0455,Arabic,ZHAA,l2+zero_0,"I obeyed, and a minute or two later they stood before him.", I obeyed and a minute or two later they stood before him.,0.0
arctic_a0455,Arabic,ZHAA,nat+zero_100,"I obeyed, and a minute or two later they stood before him.", I obeyed and a minute or two later they stood before him.,0.0
arctic_a0455,Arabic,ZHAA,l2+zero_100,"I obeyed, and a minute or two later they stood before him.", I obeyed and a minute or two later they stood before him.,0.0
arctic_a0455,Arabic,ZHAA,nat+zero_200,"I obeyed, and a minute or two later they stood before him.", I obeyed and a minute or two later they stood before him.,0.0
arctic_a0455,Arabic,ZHAA,l2+zero_200,"I obeyed, and a minute or two later they stood before him.", I obeyed and a minute or two later they stood before him.,0.0
arctic_a0455,Arabic,ZHAA,nat+zero_400,"I obeyed, and a minute or two later they stood before him.", I obeyed and a minute or two later they stood before him.,0.0
arctic_a0455,Arabic,ZHAA,l2+zero_400,"I obeyed, and a minute or two later they stood before him.", I obeyed and a minute or two later they stood before him.,0.0
arctic_a0455,Arabic,ZHAA,nat+zero_800,"I obeyed, and a minute or two later they stood before him.", I obeyed and a minute or two later they stood before him.,0.0
arctic_a0455,Arabic,ZHAA,l2+zero_800,"I obeyed, and a minute or two later they stood before him.", I obeyed and a minute or two later they stood before him.,0.0
arctic_a0455,Arabic,ZHAA,nat+empty_pad,"I obeyed, and a minute or two later they stood before him.", I obeyed and a minute or two later they stood before him.,0.0
arctic_a0455,Arabic,ZHAA,l2+empty_pad,"I obeyed, and a minute or two later they stood before him.", I obeyed and a minute or two later they stood before him.,0.0
arctic_a0455,Chinese,BWC,nat+nat,"I obeyed, and a minute or two later they stood before him."," I obeyed, and a minute or two later they stood before him.",0.0
arctic_a0455,Chinese,BWC,nat+nat_diff_utt,"I obeyed, and a minute or two later they stood before him."," I obeyed, and a minute or two later they stood before him.",0.0
arctic_a0455,Chinese,BWC,nat+l2_same,"I obeyed, and a minute or two later they stood before him.", I obeyed and a minute or two later they stood before him.,0.0
arctic_a0455,Chinese,BWC,nat+interp,"I obeyed, and a minute or two later they stood before him."," I obeyed, and a minute or two later they stood before him.",0.0
arctic_a0455,Chinese,BWC,nat+noise,"I obeyed, and a minute or two later they stood before him.", I obey,0.9166666666666666
arctic_a0455,Chinese,BWC,l2+l2,"I obeyed, and a minute or two later they stood before him.", I obeyed and a minute or two later days stood before him.,0.08333333333333333
arctic_a0455,Chinese,BWC,l2+l2_diff_utt,"I obeyed, and a minute or two later they stood before him.", I obeyed and a minute or two later days stood before him.,0.08333333333333333
arctic_a0455,Chinese,BWC,l2+nat_same,"I obeyed, and a minute or two later they stood before him.", I obeyed and a minute or two later days stood before him.,0.08333333333333333
arctic_a0455,Chinese,BWC,l2+interp,"I obeyed, and a minute or two later they stood before him.", I obeyed and a minute or two later days stood before him.,0.08333333333333333
arctic_a0455,Chinese,BWC,l2+noise,"I obeyed, and a minute or two later they stood before him.", I O,0.9166666666666666
arctic_a0455,Chinese,BWC,nat+zero_0,"I obeyed, and a minute or two later they stood before him.", I obeyed and a minute or two later they stood before him.,0.0
arctic_a0455,Chinese,BWC,l2+zero_0,"I obeyed, and a minute or two later they stood before him.", I obeyed and a minute or two later they stood before him.,0.0
arctic_a0455,Chinese,BWC,nat+zero_100,"I obeyed, and a minute or two later they stood before him.", I obeyed and a minute or two later they stood before him.,0.0
arctic_a0455,Chinese,BWC,l2+zero_100,"I obeyed, and a minute or two later they stood before him.", I obeyed and a minute or two later they stood before him.,0.0
arctic_a0455,Chinese,BWC,nat+zero_200,"I obeyed, and a minute or two later they stood before him.", I obeyed and a minute or two later they stood before him.,0.0
arctic_a0455,Chinese,BWC,l2+zero_200,"I obeyed, and a minute or two later they stood before him.", I obeyed and a minute or two later they stood before him.,0.0
arctic_a0455,Chinese,BWC,nat+zero_400,"I obeyed, and a minute or two later they stood before him.", I obeyed and a minute or two later they stood before him.,0.0
arctic_a0455,Chinese,BWC,l2+zero_400,"I obeyed, and a minute or two later they stood before him.", I obeyed and a minute or two later they stood before him.,0.0
arctic_a0455,Chinese,BWC,nat+zero_800,"I obeyed, and a minute or two later they stood before him.", I obeyed and a minute or two later they stood before him.,0.0
arctic_a0455,Chinese,BWC,l2+zero_800,"I obeyed, and a minute or two later they stood before him.", I obeyed and a minute or two later they stood before him.,0.0
arctic_a0455,Chinese,BWC,nat+empty_pad,"I obeyed, and a minute or two later they stood before him.", I obeyed and a minute or two later they stood before him.,0.0
arctic_a0455,Chinese,BWC,l2+empty_pad,"I obeyed, and a minute or two later they stood before him.", I obeyed and a minute or two later they stood before him.,0.0
arctic_a0455,Hindi,SVBI,nat+nat,"I obeyed, and a minute or two later they stood before him."," I obeyed, and a minute or two later they stood before him.",0.0
arctic_a0455,Hindi,SVBI,nat+nat_diff_utt,"I obeyed, and a minute or two later they stood before him."," I obeyed, and a minute or two later they stood before him.",0.0
arctic_a0455,Hindi,SVBI,nat+l2_same,"I obeyed, and a minute or two later they stood before him.", I obeyed and a minute or two later they stood before him.,0.0
arctic_a0455,Hindi,SVBI,nat+interp,"I obeyed, and a minute or two later they stood before him."," I obeyed, and a minute or two later they stood before him.",0.0
arctic_a0455,Hindi,SVBI,nat+noise,"I obeyed, and a minute or two later they stood before him.", I obey,0.9166666666666666
arctic_a0455,Hindi,SVBI,l2+l2,"I obeyed, and a minute or two later they stood before him.", I obeyed and a minute or two later they stood before him.,0.0
arctic_a0455,Hindi,SVBI,l2+l2_diff_utt,"I obeyed, and a minute or two later they stood before him.", I obeyed and a minute or two later they stood before him.,0.0
arctic_a0455,Hindi,SVBI,l2+nat_same,"I obeyed, and a minute or two later they stood before him.", I obeyed and a minute or two later they stood before him.,0.0
arctic_a0455,Hindi,SVBI,l2+interp,"I obeyed, and a minute or two later they stood before him.", I obeyed and a minute or two later they stood before him,0.0
arctic_a0455,Hindi,SVBI,l2+noise,"I obeyed, and a minute or two later they stood before him.", I obeyed,0.8333333333333334
arctic_a0455,Hindi,SVBI,nat+zero_0,"I obeyed, and a minute or two later they stood before him.", I obeyed and a minute or two later they stood before him.,0.0
arctic_a0455,Hindi,SVBI,l2+zero_0,"I obeyed, and a minute or two later they stood before him.", I obeyed and a minute or two later they stood before him.,0.0
arctic_a0455,Hindi,SVBI,nat+zero_100,"I obeyed, and a minute or two later they stood before him.", I obeyed and a minute or two later they stood before him.,0.0
arctic_a0455,Hindi,SVBI,l2+zero_100,"I obeyed, and a minute or two later they stood before him.", I obeyed and a minute or two later they stood before him.,0.0
arctic_a0455,Hindi,SVBI,nat+zero_200,"I obeyed, and a minute or two later they stood before him.", I obeyed and a minute or two later they stood before him.,0.0
arctic_a0455,Hindi,SVBI,l2+zero_200,"I obeyed, and a minute or two later they stood before him.", I obeyed and a minute or two later they stood before him.,0.0
arctic_a0455,Hindi,SVBI,nat+zero_400,"I obeyed, and a minute or two later they stood before him.", I obeyed and a minute or two later they stood before him.,0.0
arctic_a0455,Hindi,SVBI,l2+zero_400,"I obeyed, and a minute or two later they stood before him.", I obeyed and a minute or two later they stood before him.,0.0
arctic_a0455,Hindi,SVBI,nat+zero_800,"I obeyed, and a minute or two later they stood before him.", I obeyed and a minute or two later they stood before him.,0.0
arctic_a0455,Hindi,SVBI,l2+zero_800,"I obeyed, and a minute or two later they stood before him.", I obeyed and a minute or two later they stood before him.,0.0
arctic_a0455,Hindi,SVBI,nat+empty_pad,"I obeyed, and a minute or two later they stood before him.", I obeyed and a minute or two later they stood before him.,0.0
arctic_a0455,Hindi,SVBI,l2+empty_pad,"I obeyed, and a minute or two later they stood before him.", I obeyed and a minute or two later they stood before him.,0.0
arctic_a0455,Korean,HJK,nat+nat,"I obeyed, and a minute or two later they stood before him."," I obeyed, and a minute or two later they stood before him.",0.0
arctic_a0455,Korean,HJK,nat+nat_diff_utt,"I obeyed, and a minute or two later they stood before him."," I obeyed, and a minute or two later they stood before him.",0.0
arctic_a0455,Korean,HJK,nat+l2_same,"I obeyed, and a minute or two later they stood before him."," I obeyed, and a minute or two later they stood before him.",0.0
arctic_a0455,Korean,HJK,nat+interp,"I obeyed, and a minute or two later they stood before him."," I obeyed, and a minute or two later they stood before him.",0.0
arctic_a0455,Korean,HJK,nat+noise,"I obeyed, and a minute or two later they stood before him.", I obey,0.9166666666666666
arctic_a0455,Korean,HJK,l2+l2,"I obeyed, and a minute or two later they stood before him.", I obeyed and a minute or two later they stood before him.,0.0
arctic_a0455,Korean,HJK,l2+l2_diff_utt,"I obeyed, and a minute or two later they stood before him.", I obeyed and a minute or two later they stood before him.,0.0
arctic_a0455,Korean,HJK,l2+nat_same,"I obeyed, and a minute or two later they stood before him.", I obeyed and a minute or two later they stood before him.,0.0
arctic_a0455,Korean,HJK,l2+interp,"I obeyed, and a minute or two later they stood before him.", I obeyed and a minute or two later they stood before him.,0.0
arctic_a0455,Korean,HJK,l2+noise,"I obeyed, and a minute or two later they stood before him."," I obey,",0.9166666666666666
arctic_a0455,Korean,HJK,nat+zero_0,"I obeyed, and a minute or two later they stood before him.", I obeyed and a minute or two later they stood before him.,0.0
arctic_a0455,Korean,HJK,l2+zero_0,"I obeyed, and a minute or two later they stood before him.", I obeyed and a minute or two later they stood before him.,0.0
arctic_a0455,Korean,HJK,nat+zero_100,"I obeyed, and a minute or two later they stood before him.", I obeyed and a minute or two later they stood before him.,0.0
arctic_a0455,Korean,HJK,l2+zero_100,"I obeyed, and a minute or two later they stood before him.", I obeyed and a minute or two later they stood before him.,0.0
arctic_a0455,Korean,HJK,nat+zero_200,"I obeyed, and a minute or two later they stood before him.", I obeyed and a minute or two later they stood before him.,0.0
arctic_a0455,Korean,HJK,l2+zero_200,"I obeyed, and a minute or two later they stood before him.", I obeyed and a minute or two later they stood before him.,0.0
arctic_a0455,Korean,HJK,nat+zero_400,"I obeyed, and a minute or two later they stood before him.", I obeyed and a minute or two later they stood before him.,0.0
arctic_a0455,Korean,HJK,l2+zero_400,"I obeyed, and a minute or two later they stood before him.", I obeyed and a minute or two later they stood before him.,0.0
arctic_a0455,Korean,HJK,nat+zero_800,"I obeyed, and a minute or two later they stood before him.", I obeyed and a minute or two later they stood before him.,0.0
arctic_a0455,Korean,HJK,l2+zero_800,"I obeyed, and a minute or two later they stood before him.", I obeyed and a minute or two later they stood before him.,0.0
arctic_a0455,Korean,HJK,nat+empty_pad,"I obeyed, and a minute or two later they stood before him.", I obeyed and a minute or two later they stood before him.,0.0
arctic_a0455,Korean,HJK,l2+empty_pad,"I obeyed, and a minute or two later they stood before him.", I obeyed and a minute or two later they stood before him.,0.0
arctic_a0455,Spanish,EBVS,nat+nat,"I obeyed, and a minute or two later they stood before him."," I obeyed, and a minute or two later they stood before him.",0.0
arctic_a0455,Spanish,EBVS,nat+nat_diff_utt,"I obeyed, and a minute or two later they stood before him."," I obeyed, and a minute or two later they stood before him.",0.0
arctic_a0455,Spanish,EBVS,nat+l2_same,"I obeyed, and a minute or two later they stood before him.", I obeyed and a minute or two later they stood before him.,0.0
arctic_a0455,Spanish,EBVS,nat+interp,"I obeyed, and a minute or two later they stood before him.", I obeyed and a minute or too later they stood before him.,0.08333333333333333
arctic_a0455,Spanish,EBVS,nat+noise,"I obeyed, and a minute or two later they stood before him.", I obey,0.9166666666666666
arctic_a0455,Spanish,EBVS,l2+l2,"I obeyed, and a minute or two later they stood before him.", I wait a minute or two later that is thought before me.,0.5
arctic_a0455,Spanish,EBVS,l2+l2_diff_utt,"I obeyed, and a minute or two later they stood before him.", I'll wait a minute or two later that is taught before me.,0.5833333333333334
arctic_a0455,Spanish,EBVS,l2+nat_same,"I obeyed, and a minute or two later they stood before him.", I wait a minute or two later that is thought before me.,0.5
arctic_a0455,Spanish,EBVS,l2+interp,"I obeyed, and a minute or two later they stood before him.", I await and a minute or two later that is taught before me,0.4166666666666667
arctic_a0455,Spanish,EBVS,l2+noise,"I obeyed, and a minute or two later they stood before him.", I await,0.9166666666666666
arctic_a0455,Spanish,EBVS,nat+zero_0,"I obeyed, and a minute or two later they stood before him.", I obeyed and a minute or two later they stood before him.,0.0
arctic_a0455,Spanish,EBVS,l2+zero_0,"I obeyed, and a minute or two later they stood before him.", I await an minute or two later that is taught before me.,0.5833333333333334
arctic_a0455,Spanish,EBVS,nat+zero_100,"I obeyed, and a minute or two later they stood before him.", I obeyed and a minute or two later they stood before him.,0.0
arctic_a0455,Spanish,EBVS,l2+zero_100,"I obeyed, and a minute or two later they stood before him.", I await an minute or two later that is taught before me.,0.5833333333333334
arctic_a0455,Spanish,EBVS,nat+zero_200,"I obeyed, and a minute or two later they stood before him.", I obeyed and a minute or two later they stood before him.,0.0
arctic_a0455,Spanish,EBVS,l2+zero_200,"I obeyed, and a minute or two later they stood before him.", I await an minute or two later that is taught before me.,0.5833333333333334
arctic_a0455,Spanish,EBVS,nat+zero_400,"I obeyed, and a minute or two later they stood before him.", I obeyed and a minute or two later they stood before him.,0.0
arctic_a0455,Spanish,EBVS,l2+zero_400,"I obeyed, and a minute or two later they stood before him.", I wait a minute or two later that is thought before me.,0.5
arctic_a0455,Spanish,EBVS,nat+zero_800,"I obeyed, and a minute or two later they stood before him.", I obeyed and a minute or two later they stood before him.,0.0
arctic_a0455,Spanish,EBVS,l2+zero_800,"I obeyed, and a minute or two later they stood before him.", I wait a minute or two later that is thought before me.,0.5
arctic_a0455,Spanish,EBVS,nat+empty_pad,"I obeyed, and a minute or two later they stood before him.", I obeyed and a minute or two later they stood before him.,0.0
arctic_a0455,Spanish,EBVS,l2+empty_pad,"I obeyed, and a minute or two later they stood before him.", I'll wait a minute or two later that is taught before me.,0.5833333333333334
arctic_a0455,Vietnamese,HQTV,nat+nat,"I obeyed, and a minute or two later they stood before him."," I obeyed, and a minute or two later they stood before him.",0.0
arctic_a0455,Vietnamese,HQTV,nat+nat_diff_utt,"I obeyed, and a minute or two later they stood before him."," I obeyed, and a minute or two later they stood before him.",0.0
arctic_a0455,Vietnamese,HQTV,nat+l2_same,"I obeyed, and a minute or two later they stood before him.", I obeyed and a minute or two later they stood before him.,0.0
arctic_a0455,Vietnamese,HQTV,nat+interp,"I obeyed, and a minute or two later they stood before him."," I obeyed, and a minute or two later they stood before him.",0.0
arctic_a0455,Vietnamese,HQTV,nat+noise,"I obeyed, and a minute or two later they stood before him.", I obey,0.9166666666666666
arctic_a0455,Vietnamese,HQTV,l2+l2,"I obeyed, and a minute or two later they stood before him."," I obeyed him a minute and two letters, they stood before him.",0.25
arctic_a0455,Vietnamese,HQTV,l2+l2_diff_utt,"I obeyed, and a minute or two later they stood before him."," I obey in a minute and two latter, they stood before him.",0.3333333333333333
arctic_a0455,Vietnamese,HQTV,l2+nat_same,"I obeyed, and a minute or two later they stood before him."," I obeyed in a minute and two latter, they stood before him.",0.25
arctic_a0455,Vietnamese,HQTV,l2+interp,"I obeyed, and a minute or two later they stood before him.", I obey in a minute and two later they stood before him,0.25
arctic_a0455,Vietnamese,HQTV,l2+noise,"I obeyed, and a minute or two later they stood before him.", I obey,0.9166666666666666
arctic_a0455,Vietnamese,HQTV,nat+zero_0,"I obeyed, and a minute or two later they stood before him.", I obeyed and a minute or two later they stood before him.,0.0
arctic_a0455,Vietnamese,HQTV,l2+zero_0,"I obeyed, and a minute or two later they stood before him."," I obey in a minute until later, they stood before him.",0.3333333333333333
arctic_a0455,Vietnamese,HQTV,nat+zero_100,"I obeyed, and a minute or two later they stood before him.", I obeyed and a minute or two later they stood before him.,0.0
arctic_a0455,Vietnamese,HQTV,l2+zero_100,"I obeyed, and a minute or two later they stood before him."," I obey in a minute until later, they stood before him.",0.3333333333333333
arctic_a0455,Vietnamese,HQTV,nat+zero_200,"I obeyed, and a minute or two later they stood before him.", I obeyed and a minute or two later they stood before him.,0.0
arctic_a0455,Vietnamese,HQTV,l2+zero_200,"I obeyed, and a minute or two later they stood before him."," I obey in a minute until later, they stood before him.",0.3333333333333333
arctic_a0455,Vietnamese,HQTV,nat+zero_400,"I obeyed, and a minute or two later they stood before him.", I obeyed and a minute or two later they stood before him.,0.0
arctic_a0455,Vietnamese,HQTV,l2+zero_400,"I obeyed, and a minute or two later they stood before him."," I obey in a minute and two latter, they stood before him.",0.3333333333333333
arctic_a0455,Vietnamese,HQTV,nat+zero_800,"I obeyed, and a minute or two later they stood before him.", I obeyed and a minute or two later they stood before him.,0.0
arctic_a0455,Vietnamese,HQTV,l2+zero_800,"I obeyed, and a minute or two later they stood before him."," I obeyed in a minute and two letters, they stood before him.",0.25
arctic_a0455,Vietnamese,HQTV,nat+empty_pad,"I obeyed, and a minute or two later they stood before him.", I obeyed and a minute or two later they stood before him.,0.0
arctic_a0455,Vietnamese,HQTV,l2+empty_pad,"I obeyed, and a minute or two later they stood before him.", I obeyed him a minute and two letters. They stood before him.,0.25
arctic_a0490,Arabic,ZHAA,nat+nat,Both Johnny and his mother shuffled their feet as they walked., Both Johnny and his mother shuffled their feet as they walked.,0.0
arctic_a0490,Arabic,ZHAA,nat+nat_diff_utt,Both Johnny and his mother shuffled their feet as they walked., Both Johnny and his mother shuffled their feet as they walked.,0.0
arctic_a0490,Arabic,ZHAA,nat+l2_same,Both Johnny and his mother shuffled their feet as they walked., Both Johnny and his mother shuffled their feet as they walked.,0.0
arctic_a0490,Arabic,ZHAA,nat+interp,Both Johnny and his mother shuffled their feet as they walked., Both Johnny and his mother shuffled their feet as they walked.,0.0
arctic_a0490,Arabic,ZHAA,nat+noise,Both Johnny and his mother shuffled their feet as they walked., Both Johnny and his,0.6363636363636364
arctic_a0490,Arabic,ZHAA,l2+l2,Both Johnny and his mother shuffled their feet as they walked., Both Johnny and his mother shuffled their feet as they walked.,0.0
arctic_a0490,Arabic,ZHAA,l2+l2_diff_utt,Both Johnny and his mother shuffled their feet as they walked., Both Johnny and his mother shuffled their feet as they walked.,0.0
arctic_a0490,Arabic,ZHAA,l2+nat_same,Both Johnny and his mother shuffled their feet as they walked., Both Johnny and his mother shuffled their feet as they walked.,0.0
arctic_a0490,Arabic,ZHAA,l2+interp,Both Johnny and his mother shuffled their feet as they walked., Both Johnny and his mother shuffled their feet as they walked.,0.0
arctic_a0490,Arabic,ZHAA,l2+noise,Both Johnny and his mother shuffled their feet as they walked., Both Johnny and his mother,0.5454545454545454
arctic_a0490,Arabic,ZHAA,nat+zero_0,Both Johnny and his mother shuffled their feet as they walked., Both Johnny and his mother shuffled their feet as they walked.,0.0
arctic_a0490,Arabic,ZHAA,l2+zero_0,Both Johnny and his mother shuffled their feet as they walked., Both Johnny and his mother shuffled their feet as they walked.,0.0
arctic_a0490,Arabic,ZHAA,nat+zero_100,Both Johnny and his mother shuffled their feet as they walked., Both Johnny and his mother shuffled their feet as they walked.,0.0
arctic_a0490,Arabic,ZHAA,l2+zero_100,Both Johnny and his mother shuffled their feet as they walked., Both Johnny and his mother shuffled their feet as they walked.,0.0
arctic_a0490,Arabic,ZHAA,nat+zero_200,Both Johnny and his mother shuffled their feet as they walked., Both Johnny and his mother shuffled their feet as they walked.,0.0
arctic_a0490,Arabic,ZHAA,l2+zero_200,Both Johnny and his mother shuffled their feet as they walked., Both Johnny and his mother shuffled their feet as they walked.,0.0
arctic_a0490,Arabic,ZHAA,nat+zero_400,Both Johnny and his mother shuffled their feet as they walked., Both Johnny and his mother shuffled their feet as they walked.,0.0
arctic_a0490,Arabic,ZHAA,l2+zero_400,Both Johnny and his mother shuffled their feet as they walked., Both Johnny and his mother shuffled their feet as they walked.,0.0
arctic_a0490,Arabic,ZHAA,nat+zero_800,Both Johnny and his mother shuffled their feet as they walked., Both Johnny and his mother shuffled their feet as they walked.,0.0
arctic_a0490,Arabic,ZHAA,l2+zero_800,Both Johnny and his mother shuffled their feet as they walked., Both Johnny and his mother shuffled their feet as they walked.,0.0
arctic_a0490,Arabic,ZHAA,nat+empty_pad,Both Johnny and his mother shuffled their feet as they walked., Both Johnny and his mother shuffled their feet as they walked.,0.0
arctic_a0490,Arabic,ZHAA,l2+empty_pad,Both Johnny and his mother shuffled their feet as they walked., Both Johnny and his mother shuffled their feet as they walked.,0.0
arctic_a0490,Chinese,BWC,nat+nat,Both Johnny and his mother shuffled their feet as they walked., Both Johnny and his mother shuffled their feet as they walked.,0.0
arctic_a0490,Chinese,BWC,nat+nat_diff_utt,Both Johnny and his mother shuffled their feet as they walked., Both Johnny and his mother shuffled their feet as they walked.,0.0
arctic_a0490,Chinese,BWC,nat+l2_same,Both Johnny and his mother shuffled their feet as they walked., Both Johnny and his mother shuffled their feet as they walked.,0.0
arctic_a0490,Chinese,BWC,nat+interp,Both Johnny and his mother shuffled their feet as they walked., Both Johnny and his mother shuffled their feet as they walked.,0.0
arctic_a0490,Chinese,BWC,nat+noise,Both Johnny and his mother shuffled their feet as they walked., Both Johnny and his,0.6363636363636364
arctic_a0490,Chinese,BWC,l2+l2,Both Johnny and his mother shuffled their feet as they walked., Both Johnny and his mother shuffled their feet as they walked.,0.0
arctic_a0490,Chinese,BWC,l2+l2_diff_utt,Both Johnny and his mother shuffled their feet as they walked., Both Johnny and his mother shuffled their feet as they walked.,0.0
arctic_a0490,Chinese,BWC,l2+nat_same,Both Johnny and his mother shuffled their feet as they walked., Both Johnny and his mother shuffled their feet as they walked.,0.0
arctic_a0490,Chinese,BWC,l2+interp,Both Johnny and his mother shuffled their feet as they walked., Both Sojani and his mother shuffled their feet as they walked.,0.09090909090909091
arctic_a0490,Chinese,BWC,l2+noise,Both Johnny and his mother shuffled their feet as they walked., Both both P both P,0.9090909090909091
arctic_a0490,Chinese,BWC,nat+zero_0,Both Johnny and his mother shuffled their feet as they walked., Both Johnny and his mother shuffled their feet as they walked.,0.0
arctic_a0490,Chinese,BWC,l2+zero_0,Both Johnny and his mother shuffled their feet as they walked., Both Johnny and his mother shuffled their feet as they walked.,0.0
arctic_a0490,Chinese,BWC,nat+zero_100,Both Johnny and his mother shuffled their feet as they walked., Both Johnny and his mother shuffled their feet as they walked.,0.0
arctic_a0490,Chinese,BWC,l2+zero_100,Both Johnny and his mother shuffled their feet as they walked., Both Johnny and his mother shuffled their feet as they walked.,0.0
arctic_a0490,Chinese,BWC,nat+zero_200,Both Johnny and his mother shuffled their feet as they walked., Both Johnny and his mother shuffled their feet as they walked.,0.0
arctic_a0490,Chinese,BWC,l2+zero_200,Both Johnny and his mother shuffled their feet as they walked., Both Johnny and his mother shuffled their feet as they walked.,0.0
arctic_a0490,Chinese,BWC,nat+zero_400,Both Johnny and his mother shuffled their feet as they walked., Both Johnny and his mother shuffled their feet as they walked.,0.0
arctic_a0490,Chinese,BWC,l2+zero_400,Both Johnny and his mother shuffled their feet as they walked., Both Johnny and his mother shuffled their feet as they walked.,0.0
arctic_a0490,Chinese,BWC,nat+zero_800,Both Johnny and his mother shuffled their feet as they walked., Both Johnny and his mother shuffled their feet as they walked.,0.0
arctic_a0490,Chinese,BWC,l2+zero_800,Both Johnny and his mother shuffled their feet as they walked., Both Johnny and his mother shuffled their feet as they walked.,0.0
arctic_a0490,Chinese,BWC,nat+empty_pad,Both Johnny and his mother shuffled their feet as they walked., Both Johnny and his mother shuffled their feet as they walked.,0.0
arctic_a0490,Chinese,BWC,l2+empty_pad,Both Johnny and his mother shuffled their feet as they walked., Both Johnny and his mother shuffled their feet as they walked.,0.0
arctic_a0490,Hindi,SVBI,nat+nat,Both Johnny and his mother shuffled their feet as they walked., Both Johnny and his mother shuffled their feet as they walked.,0.0
arctic_a0490,Hindi,SVBI,nat+nat_diff_utt,Both Johnny and his mother shuffled their feet as they walked., Both Johnny and his mother shuffled their feet as they walked.,0.0
arctic_a0490,Hindi,SVBI,nat+l2_same,Both Johnny and his mother shuffled their feet as they walked., Both Johnny and his mother shuffled their feet as they walked.,0.0
arctic_a0490,Hindi,SVBI,nat+interp,Both Johnny and his mother shuffled their feet as they walked., Both Johnny and his mother shuffled,0.45454545454545453
arctic_a0490,Hindi,SVBI,nat+noise,Both Johnny and his mother shuffled their feet as they walked., Both Johnny and his,0.6363636363636364
arctic_a0490,Hindi,SVBI,l2+l2,Both Johnny and his mother shuffled their feet as they walked., Both Johnny and his mother shuffled their feet as they walked.,0.0
arctic_a0490,Hindi,SVBI,l2+l2_diff_utt,Both Johnny and his mother shuffled their feet as they walked., Both Johnny and his mother shuffled their feet as they walked.,0.0
arctic_a0490,Hindi,SVBI,l2+nat_same,Both Johnny and his mother shuffled their feet as they walked., Both Johnny and his mother shuffled their feet as they walked.,0.0
arctic_a0490,Hindi,SVBI,l2+interp,Both Johnny and his mother shuffled their feet as they walked., Both Johnny and his mother shuffled,0.45454545454545453
arctic_a0490,Hindi,SVBI,l2+noise,Both Johnny and his mother shuffled their feet as they walked., Both Johnny and his mother,0.5454545454545454
arctic_a0490,Hindi,SVBI,nat+zero_0,Both Johnny and his mother shuffled their feet as they walked., Both Johnny and his mother shuffled their feet as they walked.,0.0
arctic_a0490,Hindi,SVBI,l2+zero_0,Both Johnny and his mother shuffled their feet as they walked., Both Johnny and his mother shuffled their feet as they walked.,0.0
arctic_a0490,Hindi,SVBI,nat+zero_100,Both Johnny and his mother shuffled their feet as they walked., Both Johnny and his mother shuffled their feet as they walked.,0.0
arctic_a0490,Hindi,SVBI,l2+zero_100,Both Johnny and his mother shuffled their feet as they walked., Both Johnny and his mother shuffled their feet as they walked.,0.0
arctic_a0490,Hindi,SVBI,nat+zero_200,Both Johnny and his mother shuffled their feet as they walked., Both Johnny and his mother shuffled their feet as they walked.,0.0
arctic_a0490,Hindi,SVBI,l2+zero_200,Both Johnny and his mother shuffled their feet as they walked., Both Johnny and his mother shuffled their feet as they walked.,0.0
arctic_a0490,Hindi,SVBI,nat+zero_400,Both Johnny and his mother shuffled their feet as they walked., Both Johnny and his mother shuffled their feet as they walked.,0.0
arctic_a0490,Hindi,SVBI,l2+zero_400,Both Johnny and his mother shuffled their feet as they walked., Both Johnny and his mother shuffled their feet as they walked.,0.0
arctic_a0490,Hindi,SVBI,nat+zero_800,Both Johnny and his mother shuffled their feet as they walked., Both Johnny and his mother shuffled their feet as they walked.,0.0
arctic_a0490,Hindi,SVBI,l2+zero_800,Both Johnny and his mother shuffled their feet as they walked., Both Johnny and his mother shuffled their feet as they walked.,0.0
arctic_a0490,Hindi,SVBI,nat+empty_pad,Both Johnny and his mother shuffled their feet as they walked., Both Johnny and his mother shuffled their feet as they walked.,0.0
arctic_a0490,Hindi,SVBI,l2+empty_pad,Both Johnny and his mother shuffled their feet as they walked., Both Johnny and his mother shuffled their feet as they walked.,0.0
arctic_a0490,Korean,HJK,nat+nat,Both Johnny and his mother shuffled their feet as they walked., Both Johnny and his mother shuffled their feet as they walked.,0.0
arctic_a0490,Korean,HJK,nat+nat_diff_utt,Both Johnny and his mother shuffled their feet as they walked., Both Johnny and his mother shuffled their feet as they walked.,0.0
arctic_a0490,Korean,HJK,nat+l2_same,Both Johnny and his mother shuffled their feet as they walked., Both Johnny and his mother shuffled their feet as they walked.,0.0
arctic_a0490,Korean,HJK,nat+interp,Both Johnny and his mother shuffled their feet as they walked., Both Johnny and his mother shuffled their feet as they walked.,0.0
arctic_a0490,Korean,HJK,nat+noise,Both Johnny and his mother shuffled their feet as they walked., Both Johnny and his,0.6363636363636364
arctic_a0490,Korean,HJK,l2+l2,Both Johnny and his mother shuffled their feet as they walked., Both Johnny and his mother shuffled their feet as they walked.,0.0
arctic_a0490,Korean,HJK,l2+l2_diff_utt,Both Johnny and his mother shuffled their feet as they walked., Both Johnny and his mother shuffled their feet as they walked.,0.0
arctic_a0490,Korean,HJK,l2+nat_same,Both Johnny and his mother shuffled their feet as they walked., Both Johnny and his mother shuffled their feet as they walked.,0.0
arctic_a0490,Korean,HJK,l2+interp,Both Johnny and his mother shuffled their feet as they walked., Both Johnny and his mother shuffled their feet as they walked.,0.0
arctic_a0490,Korean,HJK,l2+noise,Both Johnny and his mother shuffled their feet as they walked., Both Johnny and his,0.6363636363636364
arctic_a0490,Korean,HJK,nat+zero_0,Both Johnny and his mother shuffled their feet as they walked., Both Johnny and his mother shuffled their feet as they walked.,0.0
arctic_a0490,Korean,HJK,l2+zero_0,Both Johnny and his mother shuffled their feet as they walked., Both Johnny and his mother shuffled their feet as they walked.,0.0
arctic_a0490,Korean,HJK,nat+zero_100,Both Johnny and his mother shuffled their feet as they walked., Both Johnny and his mother shuffled their feet as they walked.,0.0
arctic_a0490,Korean,HJK,l2+zero_100,Both Johnny and his mother shuffled their feet as they walked., Both Johnny and his mother shuffled their feet as they walked.,0.0
arctic_a0490,Korean,HJK,nat+zero_200,Both Johnny and his mother shuffled their feet as they walked., Both Johnny and his mother shuffled their feet as they walked.,0.0
arctic_a0490,Korean,HJK,l2+zero_200,Both Johnny and his mother shuffled their feet as they walked., Both Johnny and his mother shuffled their feet as they walked.,0.0
arctic_a0490,Korean,HJK,nat+zero_400,Both Johnny and his mother shuffled their feet as they walked., Both Johnny and his mother shuffled their feet as they walked.,0.0
arctic_a0490,Korean,HJK,l2+zero_400,Both Johnny and his mother shuffled their feet as they walked., Both Johnny and his mother shuffled their feet as they walked.,0.0
arctic_a0490,Korean,HJK,nat+zero_800,Both Johnny and his mother shuffled their feet as they walked., Both Johnny and his mother shuffled their feet as they walked.,0.0
arctic_a0490,Korean,HJK,l2+zero_800,Both Johnny and his mother shuffled their feet as they walked., Both Johnny and his mother shuffled their feet as they walked.,0.0
arctic_a0490,Korean,HJK,nat+empty_pad,Both Johnny and his mother shuffled their feet as they walked., Both Johnny and his mother shuffled their feet as they walked.,0.0
arctic_a0490,Korean,HJK,l2+empty_pad,Both Johnny and his mother shuffled their feet as they walked., Both Johnny and his mother shuffled their feet as they walked.,0.0
arctic_a0490,Spanish,EBVS,nat+nat,Both Johnny and his mother shuffled their feet as they walked., Both Johnny and his mother shuffled their feet as they walked.,0.0
arctic_a0490,Spanish,EBVS,nat+nat_diff_utt,Both Johnny and his mother shuffled their feet as they walked., Both Johnny and his mother shuffled their feet as they walked.,0.0
arctic_a0490,Spanish,EBVS,nat+l2_same,Both Johnny and his mother shuffled their feet as they walked., Both Johnny and his mother shuffled their feet as they walked.,0.0
arctic_a0490,Spanish,EBVS,nat+interp,Both Johnny and his mother shuffled their feet as they walked., Both Johnny and his mother shuffled their feet as they walked.,0.0
arctic_a0490,Spanish,EBVS,nat+noise,Both Johnny and his mother shuffled their feet as they walked., Both Johnny and his,0.6363636363636364
arctic_a0490,Spanish,EBVS,l2+l2,Both Johnny and his mother shuffled their feet as they walked., both Johnny and his mother such their fit as they work.,0.2727272727272727
arctic_a0490,Spanish,EBVS,l2+l2_diff_utt,Both Johnny and his mother shuffled their feet as they walked., both Johnny and his mother such their feet as they work.,0.18181818181818182
arctic_a0490,Spanish,EBVS,l2+nat_same,Both Johnny and his mother shuffled their feet as they walked., both Johnny and his mother such their feet as they work.,0.18181818181818182
arctic_a0490,Spanish,EBVS,l2+interp,Both Johnny and his mother shuffled their feet as they walked., both Johnny and his mother such their fit as they work.,0.2727272727272727
arctic_a0490,Spanish,EBVS,l2+noise,Both Johnny and his mother shuffled their feet as they walked., both Johnny and his mother such their fit as they work,0.2727272727272727
arctic_a0490,Spanish,EBVS,nat+zero_0,Both Johnny and his mother shuffled their feet as they walked., Both Johnny and his mother shuffled their feet as they walked.,0.0
arctic_a0490,Spanish,EBVS,l2+zero_0,Both Johnny and his mother shuffled their feet as they walked., both Johnny and his mother such their feet as they work.,0.18181818181818182
arctic_a0490,Spanish,EBVS,nat+zero_100,Both Johnny and his mother shuffled their feet as they walked., Both Johnny and his mother shuffled their feet as they walked.,0.0
arctic_a0490,Spanish,EBVS,l2+zero_100,Both Johnny and his mother shuffled their feet as they walked., both Johnny and his mother such their feet as they work.,0.18181818181818182
arctic_a0490,Spanish,EBVS,nat+zero_200,Both Johnny and his mother shuffled their feet as they walked., Both Johnny and his mother shuffled their feet as they walked.,0.0
arctic_a0490,Spanish,EBVS,l2+zero_200,Both Johnny and his mother shuffled their feet as they walked., both Johnny and his mother such their feet as they work.,0.18181818181818182
arctic_a0490,Spanish,EBVS,nat+zero_400,Both Johnny and his mother shuffled their feet as they walked., Both Johnny and his mother shuffled their feet as they walked.,0.0
arctic_a0490,Spanish,EBVS,l2+zero_400,Both Johnny and his mother shuffled their feet as they walked., both Johnny and his mother such their feet as they work.,0.18181818181818182
arctic_a0490,Spanish,EBVS,nat+zero_800,Both Johnny and his mother shuffled their feet as they walked., Both Johnny and his mother shuffled their feet as they walked.,0.0
arctic_a0490,Spanish,EBVS,l2+zero_800,Both Johnny and his mother shuffled their feet as they walked., both Johnny and his mother such their feet as they work.,0.18181818181818182
arctic_a0490,Spanish,EBVS,nat+empty_pad,Both Johnny and his mother shuffled their feet as they walked., Both Johnny and his mother shuffled their feet as they walked.,0.0
arctic_a0490,Spanish,EBVS,l2+empty_pad,Both Johnny and his mother shuffled their feet as they walked., both Johnny and his mother such their feet as they work.,0.18181818181818182
arctic_a0490,Vietnamese,HQTV,nat+nat,Both Johnny and his mother shuffled their feet as they walked., Both Johnny and his mother shuffled their feet as they walked.,0.0
arctic_a0490,Vietnamese,HQTV,nat+nat_diff_utt,Both Johnny and his mother shuffled their feet as they walked., Both Johnny and his mother shuffled their feet as they walked.,0.0
arctic_a0490,Vietnamese,HQTV,nat+l2_same,Both Johnny and his mother shuffled their feet as they walked., Both Johnny and his mother shuffled their feet as they walked.,0.0
arctic_a0490,Vietnamese,HQTV,nat+interp,Both Johnny and his mother shuffled their feet as they walked., Both Johnny and his mother shuffled their feet as they walked.,0.0
arctic_a0490,Vietnamese,HQTV,nat+noise,Both Johnny and his mother shuffled their feet as they walked., Both Johnny and his,0.6363636363636364
arctic_a0490,Vietnamese,HQTV,l2+l2,Both Johnny and his mother shuffled their feet as they walked., Both Trony and his mother suffered death fit as they walked.,0.36363636363636365
arctic_a0490,Vietnamese,HQTV,l2+l2_diff_utt,Both Johnny and his mother shuffled their feet as they walked., Both Trony and his mother suffer their fate as they walk.,0.36363636363636365
arctic_a0490,Vietnamese,HQTV,l2+nat_same,Both Johnny and his mother shuffled their feet as they walked., Both Trony and his mother suffer their fate as they walk.,0.36363636363636365
arctic_a0490,Vietnamese,HQTV,l2+interp,Both Johnny and his mother shuffled their feet as they walked., Bo Chonny and his mother suffer their fit as they walk,0.45454545454545453
arctic_a0490,Vietnamese,HQTV,l2+noise,Both Johnny and his mother shuffled their feet as they walked., Bo Trony,1.0
arctic_a0490,Vietnamese,HQTV,nat+zero_0,Both Johnny and his mother shuffled their feet as they walked., Both Johnny and his mother shuffled their feet as they walked.,0.0
arctic_a0490,Vietnamese,HQTV,l2+zero_0,Both Johnny and his mother shuffled their feet as they walked., Both Tony and his mother suffer death fit as they walk.,0.45454545454545453
arctic_a0490,Vietnamese,HQTV,nat+zero_100,Both Johnny and his mother shuffled their feet as they walked., Both Johnny and his mother shuffled their feet as they walked.,0.0
arctic_a0490,Vietnamese,HQTV,l2+zero_100,Both Johnny and his mother shuffled their feet as they walked., Both Johnny and his mother suffer death fit as they walk.,0.36363636363636365
arctic_a0490,Vietnamese,HQTV,nat+zero_200,Both Johnny and his mother shuffled their feet as they walked., Both Johnny and his mother shuffled their feet as they walked.,0.0
arctic_a0490,Vietnamese,HQTV,l2+zero_200,Both Johnny and his mother shuffled their feet as they walked., Both Johnny and his mother suffer death fit as they walk.,0.36363636363636365
arctic_a0490,Vietnamese,HQTV,nat+zero_400,Both Johnny and his mother shuffled their feet as they walked., Both Johnny and his mother shuffled their feet as they walked.,0.0
arctic_a0490,Vietnamese,HQTV,l2+zero_400,Both Johnny and his mother shuffled their feet as they walked., Both Tony and his mother suffer death fit as they walk.,0.45454545454545453
arctic_a0490,Vietnamese,HQTV,nat+zero_800,Both Johnny and his mother shuffled their feet as they walked., Both Johnny and his mother shuffled their feet as they walked.,0.0
arctic_a0490,Vietnamese,HQTV,l2+zero_800,Both Johnny and his mother shuffled their feet as they walked., Both Tony and his mother suffered death fit as they walked.,0.36363636363636365
arctic_a0490,Vietnamese,HQTV,nat+empty_pad,Both Johnny and his mother shuffled their feet as they walked., Both Johnny and his mother shuffled their feet as they walked.,0.0
arctic_a0490,Vietnamese,HQTV,l2+empty_pad,Both Johnny and his mother shuffled their feet as they walked., Both Trony and his mother suffer their fate as they walk.,0.36363636363636365
arctic_a0509,Arabic,ZHAA,nat+nat,"Yet, in accordance with Ernest's test of truth, it worked."," Yet in accordance with Ernest's test of truth, it worked.",0.0
arctic_a0509,Arabic,ZHAA,nat+nat_diff_utt,"Yet, in accordance with Ernest's test of truth, it worked."," Yet in accordance with Ernest's test of truth, it worked.",0.0
arctic_a0509,Arabic,ZHAA,nat+l2_same,"Yet, in accordance with Ernest's test of truth, it worked."," Yet in accordance with Ernest's test of truth, it worked.",0.0
arctic_a0509,Arabic,ZHAA,nat+interp,"Yet, in accordance with Ernest's test of truth, it worked."," Yet in accordance with Ernest's test of truth, it worked.",0.0
arctic_a0509,Arabic,ZHAA,nat+noise,"Yet, in accordance with Ernest's test of truth, it worked.", Yet in,0.8
arctic_a0509,Arabic,ZHAA,l2+l2,"Yet, in accordance with Ernest's test of truth, it worked."," Yet in accordance with Ernest's test of truth, it worked.",0.0
arctic_a0509,Arabic,ZHAA,l2+l2_diff_utt,"Yet, in accordance with Ernest's test of truth, it worked."," Yet in accordance with Ernest's test of truth, it worked.",0.0
arctic_a0509,Arabic,ZHAA,l2+nat_same,"Yet, in accordance with Ernest's test of truth, it worked."," Yet, in accordance with Ernest's test of truth, it worked.",0.0
arctic_a0509,Arabic,ZHAA,l2+interp,"Yet, in accordance with Ernest's test of truth, it worked.", Yet in accordance with Ernest's test of truth it worked.,0.0
arctic_a0509,Arabic,ZHAA,l2+noise,"Yet, in accordance with Ernest's test of truth, it worked.", Yet in,0.8
arctic_a0509,Arabic,ZHAA,nat+zero_0,"Yet, in accordance with Ernest's test of truth, it worked."," Yet in accordance with Ernest's test of truth, it worked.",0.0
arctic_a0509,Arabic,ZHAA,l2+zero_0,"Yet, in accordance with Ernest's test of truth, it worked."," Yet in accordance with Ernest's test of truth, it worked.",0.0
arctic_a0509,Arabic,ZHAA,nat+zero_100,"Yet, in accordance with Ernest's test of truth, it worked."," Yet in accordance with Ernest's test of truth, it worked.",0.0
arctic_a0509,Arabic,ZHAA,l2+zero_100,"Yet, in accordance with Ernest's test of truth, it worked."," Yet in accordance with Ernest's test of truth, it worked.",0.0
arctic_a0509,Arabic,ZHAA,nat+zero_200,"Yet, in accordance with Ernest's test of truth, it worked."," Yet in accordance with Ernest's test of truth, it worked.",0.0
arctic_a0509,Arabic,ZHAA,l2+zero_200,"Yet, in accordance with Ernest's test of truth, it worked."," Yet in accordance with Ernest's test of truth, it worked.",0.0
arctic_a0509,Arabic,ZHAA,nat+zero_400,"Yet, in accordance with Ernest's test of truth, it worked."," Yet in accordance with Ernest's test of truth, it worked.",0.0
arctic_a0509,Arabic,ZHAA,l2+zero_400,"Yet, in accordance with Ernest's test of truth, it worked."," Yet in accordance with Ernest's test of truth, it worked.",0.0
arctic_a0509,Arabic,ZHAA,nat+zero_800,"Yet, in accordance with Ernest's test of truth, it worked."," Yet in accordance with Ernest's test of truth, it worked.",0.0
arctic_a0509,Arabic,ZHAA,l2+zero_800,"Yet, in accordance with Ernest's test of truth, it worked."," Yet in accordance with Ernest's test of truth, it worked.",0.0
arctic_a0509,Arabic,ZHAA,nat+empty_pad,"Yet, in accordance with Ernest's test of truth, it worked."," Yet in accordance with Ernest's test of truth, it worked.",0.0
arctic_a0509,Arabic,ZHAA,l2+empty_pad,"Yet, in accordance with Ernest's test of truth, it worked."," Yet in accordance with Ernest's test of truth, it worked.",0.0
arctic_a0509,Chinese,BWC,nat+nat,"Yet, in accordance with Ernest's test of truth, it worked."," Yet in accordance with Ernest's test of truth, it worked.",0.0
arctic_a0509,Chinese,BWC,nat+nat_diff_utt,"Yet, in accordance with Ernest's test of truth, it worked."," Yet in accordance with Ernest's test of truth, it worked.",0.0
arctic_a0509,Chinese,BWC,nat+l2_same,"Yet, in accordance with Ernest's test of truth, it worked."," Yet in accordance with Ernest's test of truth, it worked.",0.0
arctic_a0509,Chinese,BWC,nat+interp,"Yet, in accordance with Ernest's test of truth, it worked."," Yet in accordance with Ernest's test of truth, it worked.",0.0
arctic_a0509,Chinese,BWC,nat+noise,"Yet, in accordance with Ernest's test of truth, it worked.", Yet in,0.8
arctic_a0509,Chinese,BWC,l2+l2,"Yet, in accordance with Ernest's test of truth, it worked.", yet in accordance with the ethnic status of truth it worked.,0.3
arctic_a0509,Chinese,BWC,l2+l2_diff_utt,"Yet, in accordance with Ernest's test of truth, it worked.", yet in accordance with the ethnic status of truth.,0.5
arctic_a0509,Chinese,BWC,l2+nat_same,"Yet, in accordance with Ernest's test of truth, it worked.", yet in accordance with ethnic styles of truth.,0.4
arctic_a0509,Chinese,BWC,l2+interp,"Yet, in accordance with Ernest's test of truth, it worked.", yet in accordance with ethnic test of truth.,0.3
arctic_a0509,Chinese,BWC,l2+noise,"Yet, in accordance with Ernest's test of truth, it worked.", yet in,0.8
arctic_a0509,Chinese,BWC,nat+zero_0,"Yet, in accordance with Ernest's test of truth, it worked."," Yet in accordance with Ernest's test of truth, it worked.",0.0
arctic_a0509,Chinese,BWC,l2+zero_0,"Yet, in accordance with Ernest's test of truth, it worked.", yet in accordance with ethnic styles of truth.,0.4
arctic_a0509,Chinese,BWC,nat+zero_100,"Yet, in accordance with Ernest's test of truth, it worked."," Yet in accordance with Ernest's test of truth, it worked.",0.0
arctic_a0509,Chinese,BWC,l2+zero_100,"Yet, in accordance with Ernest's test of truth, it worked.", yet in accordance with ethnic styles of truth it worked.,0.2
arctic_a0509,Chinese,BWC,nat+zero_200,"Yet, in accordance with Ernest's test of truth, it worked."," Yet in accordance with Ernest's test of truth, it worked.",0.0
arctic_a0509,Chinese,BWC,l2+zero_200,"Yet, in accordance with Ernest's test of truth, it worked.", yet in accordance with ethnic styles of truth it worked.,0.2
arctic_a0509,Chinese,BWC,nat+zero_400,"Yet, in accordance with Ernest's test of truth, it worked."," Yet in accordance with Ernest's test of truth, it worked.",0.0
arctic_a0509,Chinese,BWC,l2+zero_400,"Yet, in accordance with Ernest's test of truth, it worked.", yet in accordance with ethnic styles of truth it worked.,0.2
arctic_a0509,Chinese,BWC,nat+zero_800,"Yet, in accordance with Ernest's test of truth, it worked."," Yet in accordance with Ernest's test of truth, it worked.",0.0
arctic_a0509,Chinese,BWC,l2+zero_800,"Yet, in accordance with Ernest's test of truth, it worked.", yet in accordance with ethnic styles of truth it worked.,0.2
arctic_a0509,Chinese,BWC,nat+empty_pad,"Yet, in accordance with Ernest's test of truth, it worked."," Yet in accordance with Ernest's test of truth, it worked.",0.0
arctic_a0509,Chinese,BWC,l2+empty_pad,"Yet, in accordance with Ernest's test of truth, it worked.", yet in accordance with ethnic styles of truth.,0.4
arctic_a0509,Hindi,SVBI,nat+nat,"Yet, in accordance with Ernest's test of truth, it worked."," Yet in accordance with Ernest's test of truth, it worked.",0.0
arctic_a0509,Hindi,SVBI,nat+nat_diff_utt,"Yet, in accordance with Ernest's test of truth, it worked."," Yet in accordance with Ernest's test of truth, it worked.",0.0
arctic_a0509,Hindi,SVBI,nat+l2_same,"Yet, in accordance with Ernest's test of truth, it worked."," Yet in accordance with Ernest's test of truth, it worked.",0.0
arctic_a0509,Hindi,SVBI,nat+interp,"Yet, in accordance with Ernest's test of truth, it worked."," Yet in accordance with Ernest's test of truth, it worked.",0.0
arctic_a0509,Hindi,SVBI,nat+noise,"Yet, in accordance with Ernest's test of truth, it worked.", Yet in,0.8
arctic_a0509,Hindi,SVBI,l2+l2,"Yet, in accordance with Ernest's test of truth, it worked."," Yet in accordance with Ernest's test of truth, it worked.",0.0
arctic_a0509,Hindi,SVBI,l2+l2_diff_utt,"Yet, in accordance with Ernest's test of truth, it worked."," Yet in accordance with Ernest's test of truth, it worked.",0.0
arctic_a0509,Hindi,SVBI,l2+nat_same,"Yet, in accordance with Ernest's test of truth, it worked."," Yet, in accordance with Ernest's test of truth, it worked.",0.0
arctic_a0509,Hindi,SVBI,l2+interp,"Yet, in accordance with Ernest's test of truth, it worked."," Yet in accordance with Ernest's test of truth, it worked.",0.0
arctic_a0509,Hindi,SVBI,l2+noise,"Yet, in accordance with Ernest's test of truth, it worked.", Yet in,0.8
arctic_a0509,Hindi,SVBI,nat+zero_0,"Yet, in accordance with Ernest's test of truth, it worked."," Yet in accordance with Ernest's test of truth, it worked.",0.0
arctic_a0509,Hindi,SVBI,l2+zero_0,"Yet, in accordance with Ernest's test of truth, it worked."," Yet in accordance with Ernest's test of truth, it worked.",0.0
arctic_a0509,Hindi,SVBI,nat+zero_100,"Yet, in accordance with Ernest's test of truth, it worked."," Yet in accordance with Ernest's test of truth, it worked.",0.0
arctic_a0509,Hindi,SVBI,l2+zero_100,"Yet, in accordance with Ernest's test of truth, it worked."," Yet in accordance with Ernest's test of truth, it worked.",0.0
arctic_a0509,Hindi,SVBI,nat+zero_200,"Yet, in accordance with Ernest's test of truth, it worked."," Yet in accordance with Ernest's test of truth, it worked.",0.0
arctic_a0509,Hindi,SVBI,l2+zero_200,"Yet, in accordance with Ernest's test of truth, it worked."," Yet in accordance with Ernest's test of truth, it worked.",0.0
arctic_a0509,Hindi,SVBI,nat+zero_400,"Yet, in accordance with Ernest's test of truth, it worked."," Yet in accordance with Ernest's test of truth, it worked.",0.0
arctic_a0509,Hindi,SVBI,l2+zero_400,"Yet, in accordance with Ernest's test of truth, it worked."," Yet in accordance with Ernest's test of truth, it worked.",0.0
arctic_a0509,Hindi,SVBI,nat+zero_800,"Yet, in accordance with Ernest's test of truth, it worked."," Yet in accordance with Ernest's test of truth, it worked.",0.0
arctic_a0509,Hindi,SVBI,l2+zero_800,"Yet, in accordance with Ernest's test of truth, it worked."," Yet in accordance with Ernest's test of truth, it worked.",0.0
arctic_a0509,Hindi,SVBI,nat+empty_pad,"Yet, in accordance with Ernest's test of truth, it worked."," Yet in accordance with Ernest's test of truth, it worked.",0.0
arctic_a0509,Hindi,SVBI,l2+empty_pad,"Yet, in accordance with Ernest's test of truth, it worked."," Yet in accordance with Ernest's test of truth, it worked.",0.0
arctic_a0509,Korean,HJK,nat+nat,"Yet, in accordance with Ernest's test of truth, it worked."," Yet in accordance with Ernest's test of truth, it worked.",0.0
arctic_a0509,Korean,HJK,nat+nat_diff_utt,"Yet, in accordance with Ernest's test of truth, it worked."," Yet in accordance with Ernest's test of truth, it worked.",0.0
arctic_a0509,Korean,HJK,nat+l2_same,"Yet, in accordance with Ernest's test of truth, it worked."," Yet in accordance with Ernest's test of truth, it worked.",0.0
arctic_a0509,Korean,HJK,nat+interp,"Yet, in accordance with Ernest's test of truth, it worked."," Yet in accordance with Ernest's test of truth, it worked.",0.0
arctic_a0509,Korean,HJK,nat+noise,"Yet, in accordance with Ernest's test of truth, it worked.", Yet in,0.8
arctic_a0509,Korean,HJK,l2+l2,"Yet, in accordance with Ernest's test of truth, it worked."," Yet, in accordance with Ernest's test of truth, it worked.",0.0
arctic_a0509,Korean,HJK,l2+l2_diff_utt,"Yet, in accordance with Ernest's test of truth, it worked."," Yet, in accordance with Ernest's test of truth, it worked.",0.0
arctic_a0509,Korean,HJK,l2+nat_same,"Yet, in accordance with Ernest's test of truth, it worked."," Yet, in accordance with Ernest's test of truth, it worked.",0.0
arctic_a0509,Korean,HJK,l2+interp,"Yet, in accordance with Ernest's test of truth, it worked.", Yet in accordance with Ernest's test of truth it worked.,0.0
arctic_a0509,Korean,HJK,l2+noise,"Yet, in accordance with Ernest's test of truth, it worked."," Yet,",0.9
arctic_a0509,Korean,HJK,nat+zero_0,"Yet, in accordance with Ernest's test of truth, it worked."," Yet in accordance with Ernest's test of truth, it worked.",0.0
arctic_a0509,Korean,HJK,l2+zero_0,"Yet, in accordance with Ernest's test of truth, it worked.", Yet in accordance with Ernest's task of truth it worked.,0.1
arctic_a0509,Korean,HJK,nat+zero_100,"Yet, in accordance with Ernest's test of truth, it worked."," Yet in accordance with Ernest's test of truth, it worked.",0.0
arctic_a0509,Korean,HJK,l2+zero_100,"Yet, in accordance with Ernest's test of truth, it worked."," Yet in accordance with Ernest's task of truth, it worked.",0.1
arctic_a0509,Korean,HJK,nat+zero_200,"Yet, in accordance with Ernest's test of truth, it worked."," Yet in accordance with Ernest's test of truth, it worked.",0.0
arctic_a0509,Korean,HJK,l2+zero_200,"Yet, in accordance with Ernest's test of truth, it worked."," Yet in accordance with Ernest's task of truth, it worked.",0.1
arctic_a0509,Korean,HJK,nat+zero_400,"Yet, in accordance with Ernest's test of truth, it worked."," Yet in accordance with Ernest's test of truth, it worked.",0.0
arctic_a0509,Korean,HJK,l2+zero_400,"Yet, in accordance with Ernest's test of truth, it worked."," Yet in accordance with Ernest's task of truth, it worked.",0.1
arctic_a0509,Korean,HJK,nat+zero_800,"Yet, in accordance with Ernest's test of truth, it worked."," Yet in accordance with Ernest's test of truth, it worked.",0.0
arctic_a0509,Korean,HJK,l2+zero_800,"Yet, in accordance with Ernest's test of truth, it worked."," Yet in accordance with Ernest's task of truth, it worked.",0.1
arctic_a0509,Korean,HJK,nat+empty_pad,"Yet, in accordance with Ernest's test of truth, it worked."," Yet in accordance with Ernest's test of truth, it worked.",0.0
arctic_a0509,Korean,HJK,l2+empty_pad,"Yet, in accordance with Ernest's test of truth, it worked."," Yet in accordance with Ernest's test of truth, it worked.",0.0
arctic_a0509,Spanish,EBVS,nat+nat,"Yet, in accordance with Ernest's test of truth, it worked."," Yet in accordance with Ernest's test of truth, it worked.",0.0
arctic_a0509,Spanish,EBVS,nat+nat_diff_utt,"Yet, in accordance with Ernest's test of truth, it worked."," Yet in accordance with Ernest's test of truth, it worked.",0.0
arctic_a0509,Spanish,EBVS,nat+l2_same,"Yet, in accordance with Ernest's test of truth, it worked."," Yet in accordance with Ernest's test of truth, it worked.",0.0
arctic_a0509,Spanish,EBVS,nat+interp,"Yet, in accordance with Ernest's test of truth, it worked."," Yet in accordance with Ernest's test of truth, it worked.",0.0
arctic_a0509,Spanish,EBVS,nat+noise,"Yet, in accordance with Ernest's test of truth, it worked.", Yet in,0.8
arctic_a0509,Spanish,EBVS,l2+l2,"Yet, in accordance with Ernest's test of truth, it worked.", yet in accordance with Ernest's trust of the route it worked.,0.3
arctic_a0509,Spanish,EBVS,l2+l2_diff_utt,"Yet, in accordance with Ernest's test of truth, it worked.", yet in accordance with Ernest's trust of the route it worked.,0.3
arctic_a0509,Spanish,EBVS,l2+nat_same,"Yet, in accordance with Ernest's test of truth, it worked."," yet, in accordance with Ernest's trust of the route it worked.",0.3
arctic_a0509,Spanish,EBVS,l2+interp,"Yet, in accordance with Ernest's test of truth, it worked.", yet in accordance with Ernest's stress of the route it works it.,0.5
arctic_a0509,Spanish,EBVS,l2+noise,"Yet, in accordance with Ernest's test of truth, it worked.", yet,0.9
arctic_a0509,Spanish,EBVS,nat+zero_0,"Yet, in accordance with Ernest's test of truth, it worked."," Yet in accordance with Ernest's test of truth, it worked.",0.0
arctic_a0509,Spanish,EBVS,l2+zero_0,"Yet, in accordance with Ernest's test of truth, it worked.", yet in accordance with Ernest's trust of the route it worked.,0.3
arctic_a0509,Spanish,EBVS,nat+zero_100,"Yet, in accordance with Ernest's test of truth, it worked."," Yet in accordance with Ernest's test of truth, it worked.",0.0
arctic_a0509,Spanish,EBVS,l2+zero_100,"Yet, in accordance with Ernest's test of truth, it worked.", yet in accordance with Ernest's trust of the route it worked.,0.3
arctic_a0509,Spanish,EBVS,nat+zero_200,"Yet, in accordance with Ernest's test of truth, it worked."," Yet in accordance with Ernest's test of truth, it worked.",0.0
arctic_a0509,Spanish,EBVS,l2+zero_200,"Yet, in accordance with Ernest's test of truth, it worked.", yet in accordance with Ernest's trust of the route it worked.,0.3
arctic_a0509,Spanish,EBVS,nat+zero_400,"Yet, in accordance with Ernest's test of truth, it worked."," Yet in accordance with Ernest's test of truth, it worked.",0.0
arctic_a0509,Spanish,EBVS,l2+zero_400,"Yet, in accordance with Ernest's test of truth, it worked.", yet in accordance with Ernest's trust of the route it worked.,0.3
arctic_a0509,Spanish,EBVS,nat+zero_800,"Yet, in accordance with Ernest's test of truth, it worked."," Yet in accordance with Ernest's test of truth, it worked.",0.0
arctic_a0509,Spanish,EBVS,l2+zero_800,"Yet, in accordance with Ernest's test of truth, it worked.", yet in accordance with Ernest's trust of the route it worked.,0.3
arctic_a0509,Spanish,EBVS,nat+empty_pad,"Yet, in accordance with Ernest's test of truth, it worked."," Yet in accordance with Ernest's test of truth, it worked.",0.0
arctic_a0509,Spanish,EBVS,l2+empty_pad,"Yet, in accordance with Ernest's test of truth, it worked.", yet in accordance with Ernest's trust of the route it worked.,0.3
arctic_a0509,Vietnamese,HQTV,nat+nat,"Yet, in accordance with Ernest's test of truth, it worked."," Yet in accordance with Ernest's test of truth, it worked.",0.0
arctic_a0509,Vietnamese,HQTV,nat+nat_diff_utt,"Yet, in accordance with Ernest's test of truth, it worked."," Yet in accordance with Ernest's test of truth, it worked.",0.0
arctic_a0509,Vietnamese,HQTV,nat+l2_same,"Yet, in accordance with Ernest's test of truth, it worked."," Yet in accordance with Ernest's test of truth, it worked.",0.0
arctic_a0509,Vietnamese,HQTV,nat+interp,"Yet, in accordance with Ernest's test of truth, it worked."," Yet in accordance with Ernest's test of truth, it worked.",0.0
arctic_a0509,Vietnamese,HQTV,nat+noise,"Yet, in accordance with Ernest's test of truth, it worked.", Yet in,0.8
arctic_a0509,Vietnamese,HQTV,l2+l2,"Yet, in accordance with Ernest's test of truth, it worked."," Yes, in accordance with Anis' test of truth, it works.",0.3
arctic_a0509,Vietnamese,HQTV,l2+l2_diff_utt,"Yet, in accordance with Ernest's test of truth, it worked."," Yes, in accordance with Anis' test of truth, his work.",0.4
arctic_a0509,Vietnamese,HQTV,l2+nat_same,"Yet, in accordance with Ernest's test of truth, it worked."," Yes, in accordance with any test of truth, it works.",0.3
arctic_a0509,Vietnamese,HQTV,l2+interp,"Yet, in accordance with Ernest's test of truth, it worked."," Yes, in according with, on his test of truth is work.",0.6
arctic_a0509,Vietnamese,HQTV,l2+noise,"Yet, in accordance with Ernest's test of truth, it worked.", Yes in according with,0.8
arctic_a0509,Vietnamese,HQTV,nat+zero_0,"Yet, in accordance with Ernest's test of truth, it worked."," Yet in accordance with Ernest's test of truth, it worked.",0.0
arctic_a0509,Vietnamese,HQTV,l2+zero_0,"Yet, in accordance with Ernest's test of truth, it worked."," Yes, in accordance with Anis test of truth is work",0.4
arctic_a0509,Vietnamese,HQTV,nat+zero_100,"Yet, in accordance with Ernest's test of truth, it worked."," Yet in accordance with Ernest's test of truth, it worked.",0.0
arctic_a0509,Vietnamese,HQTV,l2+zero_100,"Yet, in accordance with Ernest's test of truth, it worked."," Yes, in accordance with Anis test of truth is work.",0.4
arctic_a0509,Vietnamese,HQTV,nat+zero_200,"Yet, in accordance with Ernest's test of truth, it worked."," Yet in accordance with Ernest's test of truth, it worked.",0.0
arctic_a0509,Vietnamese,HQTV,l2+zero_200,"Yet, in accordance with Ernest's test of truth, it worked."," Yes, in accordance with Anis test of truth, his work.",0.4
arctic_a0509,Vietnamese,HQTV,nat+zero_400,"Yet, in accordance with Ernest's test of truth, it worked."," Yet in accordance with Ernest's test of truth, it worked.",0.0
arctic_a0509,Vietnamese,HQTV,l2+zero_400,"Yet, in accordance with Ernest's test of truth, it worked."," Yes, in accordance with Anis test of truth, his work.",0.4
arctic_a0509,Vietnamese,HQTV,nat+zero_800,"Yet, in accordance with Ernest's test of truth, it worked."," Yet in accordance with Ernest's test of truth, it worked.",0.0
arctic_a0509,Vietnamese,HQTV,l2+zero_800,"Yet, in accordance with Ernest's test of truth, it worked."," Yes, in accordance with Anis test of truth, his work.",0.4
arctic_a0509,Vietnamese,HQTV,nat+empty_pad,"Yet, in accordance with Ernest's test of truth, it worked."," Yet in accordance with Ernest's test of truth, it worked.",0.0
arctic_a0509,Vietnamese,HQTV,l2+empty_pad,"Yet, in accordance with Ernest's test of truth, it worked."," Yes, in accordance with Anis' test of truth, his work.",0.4
arctic_a0515,Arabic,ZHAA,nat+nat,But here amongst ourselves let us speak out., But here amongst ourselves let us speak out.,0.0
arctic_a0515,Arabic,ZHAA,nat+nat_diff_utt,But here amongst ourselves let us speak out.," But here amongst ourselves, let us speak out.",0.0
arctic_a0515,Arabic,ZHAA,nat+l2_same,But here amongst ourselves let us speak out.," But here amongst ourselves, let us speak out.",0.0
arctic_a0515,Arabic,ZHAA,nat+interp,But here amongst ourselves let us speak out.," But here amongst ourselves, let us speak out.",0.0
arctic_a0515,Arabic,ZHAA,nat+noise,But here amongst ourselves let us speak out., But here amongst,0.625
arctic_a0515,Arabic,ZHAA,l2+l2,But here amongst ourselves let us speak out.," But here amongst ourselves, let us speak out.",0.0
arctic_a0515,Arabic,ZHAA,l2+l2_diff_utt,But here amongst ourselves let us speak out.," But here amongst ourselves, let us speak out.",0.0
arctic_a0515,Arabic,ZHAA,l2+nat_same,But here amongst ourselves let us speak out.," But here amongst ourselves, let us speak out.",0.0
arctic_a0515,Arabic,ZHAA,l2+interp,But here amongst ourselves let us speak out., But here amongst ourselves let us speak out,0.0
arctic_a0515,Arabic,ZHAA,l2+noise,But here amongst ourselves let us speak out., But here,0.75
arctic_a0515,Arabic,ZHAA,nat+zero_0,But here amongst ourselves let us speak out., but here amongst ourselves let us speak out.,0.0
arctic_a0515,Arabic,ZHAA,l2+zero_0,But here amongst ourselves let us speak out.," But here amongst ourselves, let us speak out.",0.0
arctic_a0515,Arabic,ZHAA,nat+zero_100,But here amongst ourselves let us speak out., but here amongst ourselves let us speak out.,0.0
arctic_a0515,Arabic,ZHAA,l2+zero_100,But here amongst ourselves let us speak out.," But here amongst ourselves, let us speak out.",0.0
arctic_a0515,Arabic,ZHAA,nat+zero_200,But here amongst ourselves let us speak out., but here amongst ourselves let us speak out.,0.0
arctic_a0515,Arabic,ZHAA,l2+zero_200,But here amongst ourselves let us speak out.," But here amongst ourselves, let us speak out.",0.0
arctic_a0515,Arabic,ZHAA,nat+zero_400,But here amongst ourselves let us speak out., but here amongst ourselves let us speak out.,0.0
arctic_a0515,Arabic,ZHAA,l2+zero_400,But here amongst ourselves let us speak out.," But here amongst ourselves, let us speak out.",0.0
arctic_a0515,Arabic,ZHAA,nat+zero_800,But here amongst ourselves let us speak out.," But here amongst ourselves, let us speak out.",0.0
arctic_a0515,Arabic,ZHAA,l2+zero_800,But here amongst ourselves let us speak out.," But here amongst ourselves, let us speak out.",0.0
arctic_a0515,Arabic,ZHAA,nat+empty_pad,But here amongst ourselves let us speak out.," But here amongst ourselves, let us speak out.",0.0
arctic_a0515,Arabic,ZHAA,l2+empty_pad,But here amongst ourselves let us speak out.," But here amongst ourselves, let us speak out.",0.0
arctic_a0515,Chinese,BWC,nat+nat,But here amongst ourselves let us speak out., But here amongst ourselves let us speak out.,0.0
arctic_a0515,Chinese,BWC,nat+nat_diff_utt,But here amongst ourselves let us speak out.," But here amongst ourselves, let us speak out.",0.0
arctic_a0515,Chinese,BWC,nat+l2_same,But here amongst ourselves let us speak out.," But here amongst ourselves, let us speak out.",0.0
arctic_a0515,Chinese,BWC,nat+interp,But here amongst ourselves let us speak out.," But here amongst ourselves, let us speak out.",0.0
arctic_a0515,Chinese,BWC,nat+noise,But here amongst ourselves let us speak out., But here amongst,0.625
arctic_a0515,Chinese,BWC,l2+l2,But here amongst ourselves let us speak out.," But here among us is our self, let us speak out.",0.625
arctic_a0515,Chinese,BWC,l2+l2_diff_utt,But here amongst ourselves let us speak out.," But here among us is our self, let us speak out.",0.625
arctic_a0515,Chinese,BWC,l2+nat_same,But here amongst ourselves let us speak out.," But here among us ourselves, let us speak out.",0.25
arctic_a0515,Chinese,BWC,l2+interp,But here amongst ourselves let us speak out.," But here among is ourself, let us speak out.",0.375
arctic_a0515,Chinese,BWC,l2+noise,But here amongst ourselves let us speak out., But here among,0.75
arctic_a0515,Chinese,BWC,nat+zero_0,But here amongst ourselves let us speak out., but here amongst ourselves let us speak out.,0.0
arctic_a0515,Chinese,BWC,l2+zero_0,But here amongst ourselves let us speak out.," But here among us ourselves, let us speak out.",0.25
arctic_a0515,Chinese,BWC,nat+zero_100,But here amongst ourselves let us speak out., but here amongst ourselves let us speak out.,0.0
arctic_a0515,Chinese,BWC,l2+zero_100,But here amongst ourselves let us speak out.," But here among us ourselves, let us speak out.",0.25
arctic_a0515,Chinese,BWC,nat+zero_200,But here amongst ourselves let us speak out., but here amongst ourselves let us speak out.,0.0
arctic_a0515,Chinese,BWC,l2+zero_200,But here amongst ourselves let us speak out.," But here among us ourselves, let us speak out.",0.25
arctic_a0515,Chinese,BWC,nat+zero_400,But here amongst ourselves let us speak out., but here amongst ourselves let us speak out.,0.0
arctic_a0515,Chinese,BWC,l2+zero_400,But here amongst ourselves let us speak out.," But here among us ourselves, let us speak out.",0.25
arctic_a0515,Chinese,BWC,nat+zero_800,But here amongst ourselves let us speak out.," But here amongst ourselves, let us speak out.",0.0
arctic_a0515,Chinese,BWC,l2+zero_800,But here amongst ourselves let us speak out.," But here among us ourselves, let us speak out.",0.25
arctic_a0515,Chinese,BWC,nat+empty_pad,But here amongst ourselves let us speak out.," But here amongst ourselves, let us speak out.",0.0
arctic_a0515,Chinese,BWC,l2+empty_pad,But here amongst ourselves let us speak out.," But here among us ourselves, let us speak out.",0.25
arctic_a0515,Hindi,SVBI,nat+nat,But here amongst ourselves let us speak out., But here amongst ourselves let us speak out.,0.0
arctic_a0515,Hindi,SVBI,nat+nat_diff_utt,But here amongst ourselves let us speak out.," But here amongst ourselves, let us speak out.",0.0
arctic_a0515,Hindi,SVBI,nat+l2_same,But here amongst ourselves let us speak out., But here amongst ourselves let us speak out.,0.0
arctic_a0515,Hindi,SVBI,nat+interp,But here amongst ourselves let us speak out., But here amongst ourselves let us speak out.,0.0
arctic_a0515,Hindi,SVBI,nat+noise,But here amongst ourselves let us speak out., But here amongst,0.625
arctic_a0515,Hindi,SVBI,l2+l2,But here amongst ourselves let us speak out., But here amongst ourselves let us speak out.,0.0
arctic_a0515,Hindi,SVBI,l2+l2_diff_utt,But here amongst ourselves let us speak out.," But here amongst ourselves, let us speak out.",0.0
arctic_a0515,Hindi,SVBI,l2+nat_same,But here amongst ourselves let us speak out.," But here, amongst ourselves, let us speak out.",0.0
arctic_a0515,Hindi,SVBI,l2+interp,But here amongst ourselves let us speak out.," But here amongst ourselves, let us speak out.",0.0
arctic_a0515,Hindi,SVBI,l2+noise,But here amongst ourselves let us speak out., But here,0.75
arctic_a0515,Hindi,SVBI,nat+zero_0,But here amongst ourselves let us speak out., but here amongst ourselves let us speak out.,0.0
arctic_a0515,Hindi,SVBI,l2+zero_0,But here amongst ourselves let us speak out.," But here amongst ourselves, let us speak out.",0.0
arctic_a0515,Hindi,SVBI,nat+zero_100,But here amongst ourselves let us speak out., but here amongst ourselves let us speak out.,0.0
arctic_a0515,Hindi,SVBI,l2+zero_100,But here amongst ourselves let us speak out.," But here amongst ourselves, let us speak out.",0.0
arctic_a0515,Hindi,SVBI,nat+zero_200,But here amongst ourselves let us speak out., but here amongst ourselves let us speak out.,0.0
arctic_a0515,Hindi,SVBI,l2+zero_200,But here amongst ourselves let us speak out.," But here amongst ourselves, let us speak out.",0.0
arctic_a0515,Hindi,SVBI,nat+zero_400,But here amongst ourselves let us speak out., but here amongst ourselves let us speak out.,0.0
arctic_a0515,Hindi,SVBI,l2+zero_400,But here amongst ourselves let us speak out.," But here amongst ourselves, let us speak out.",0.0
arctic_a0515,Hindi,SVBI,nat+zero_800,But here amongst ourselves let us speak out.," But here amongst ourselves, let us speak out.",0.0
arctic_a0515,Hindi,SVBI,l2+zero_800,But here amongst ourselves let us speak out.," But here amongst ourselves, let us speak out.",0.0
arctic_a0515,Hindi,SVBI,nat+empty_pad,But here amongst ourselves let us speak out.," But here amongst ourselves, let us speak out.",0.0
arctic_a0515,Hindi,SVBI,l2+empty_pad,But here amongst ourselves let us speak out.," But here amongst ourselves, let us speak out.",0.0
arctic_a0515,Korean,HJK,nat+nat,But here amongst ourselves let us speak out., But here amongst ourselves let us speak out.,0.0
arctic_a0515,Korean,HJK,nat+nat_diff_utt,But here amongst ourselves let us speak out.," But here amongst ourselves, let us speak out.",0.0
arctic_a0515,Korean,HJK,nat+l2_same,But here amongst ourselves let us speak out.," But here, amongst ourselves, let us speak out.",0.0
arctic_a0515,Korean,HJK,nat+interp,But here amongst ourselves let us speak out.," But here amongst ourselves, let us speak out.",0.0
arctic_a0515,Korean,HJK,nat+noise,But here amongst ourselves let us speak out., But here amongst,0.625
arctic_a0515,Korean,HJK,l2+l2,But here amongst ourselves let us speak out.," But here amongst ourselves, let us speak out.",0.0
arctic_a0515,Korean,HJK,l2+l2_diff_utt,But here amongst ourselves let us speak out.," But here amongst ourselves, let us speak out.",0.0
arctic_a0515,Korean,HJK,l2+nat_same,But here amongst ourselves let us speak out.," But here amongst ourselves, let us speak out.",0.0
arctic_a0515,Korean,HJK,l2+interp,But here amongst ourselves let us speak out.," But here amongst ourselves, let us speak out.",0.0
arctic_a0515,Korean,HJK,l2+noise,But here amongst ourselves let us speak out., But here amongst,0.625
arctic_a0515,Korean,HJK,nat+zero_0,But here amongst ourselves let us speak out., but here amongst ourselves let us speak out.,0.0
arctic_a0515,Korean,HJK,l2+zero_0,But here amongst ourselves let us speak out.," But here amongst ourselves, let us speak out.",0.0
arctic_a0515,Korean,HJK,nat+zero_100,But here amongst ourselves let us speak out., but here amongst ourselves let us speak out.,0.0
arctic_a0515,Korean,HJK,l2+zero_100,But here amongst ourselves let us speak out.," But here amongst ourselves, let us speak out.",0.0
arctic_a0515,Korean,HJK,nat+zero_200,But here amongst ourselves let us speak out., but here amongst ourselves let us speak out.,0.0
arctic_a0515,Korean,HJK,l2+zero_200,But here amongst ourselves let us speak out.," But here amongst ourselves, let us speak out.",0.0
arctic_a0515,Korean,HJK,nat+zero_400,But here amongst ourselves let us speak out., but here amongst ourselves let us speak out.,0.0
arctic_a0515,Korean,HJK,l2+zero_400,But here amongst ourselves let us speak out.," But here amongst ourselves, let us speak out.",0.0
arctic_a0515,Korean,HJK,nat+zero_800,But here amongst ourselves let us speak out.," But here amongst ourselves, let us speak out.",0.0
arctic_a0515,Korean,HJK,l2+zero_800,But here amongst ourselves let us speak out.," But here amongst ourselves, let us speak out.",0.0
arctic_a0515,Korean,HJK,nat+empty_pad,But here amongst ourselves let us speak out.," But here amongst ourselves, let us speak out.",0.0
arctic_a0515,Korean,HJK,l2+empty_pad,But here amongst ourselves let us speak out.," But here amongst ourselves, let us speak out.",0.0
arctic_a0515,Spanish,EBVS,nat+nat,But here amongst ourselves let us speak out., But here amongst ourselves let us speak out.,0.0
arctic_a0515,Spanish,EBVS,nat+nat_diff_utt,But here amongst ourselves let us speak out.," But here amongst ourselves, let us speak out.",0.0
arctic_a0515,Spanish,EBVS,nat+l2_same,But here amongst ourselves let us speak out.," But here amongst ourselves, let us speak out.",0.0
arctic_a0515,Spanish,EBVS,nat+interp,But here amongst ourselves let us speak out.," But here amongst ourselves, let us speak out.",0.0
arctic_a0515,Spanish,EBVS,nat+noise,But here amongst ourselves let us speak out., But here amongst,0.625
arctic_a0515,Spanish,EBVS,l2+l2,But here amongst ourselves let us speak out., but here amongst ourselves lets us pick out.,0.25
arctic_a0515,Spanish,EBVS,l2+l2_diff_utt,But here amongst ourselves let us speak out., but here amongst ourselves lets us pick out.,0.25
arctic_a0515,Spanish,EBVS,l2+nat_same,But here amongst ourselves let us speak out., but here amongst ourselves lets us pick out.,0.25
arctic_a0515,Spanish,EBVS,l2+interp,But here amongst ourselves let us speak out., But here amongst ourselves lets us pick out.,0.25
arctic_a0515,Spanish,EBVS,l2+noise,But here amongst ourselves let us speak out., But,0.875
arctic_a0515,Spanish,EBVS,nat+zero_0,But here amongst ourselves let us speak out., but here amongst ourselves let us speak out.,0.0
arctic_a0515,Spanish,EBVS,l2+zero_0,But here amongst ourselves let us speak out., but here amongst ourselves lets us pick out.,0.25
arctic_a0515,Spanish,EBVS,nat+zero_100,But here amongst ourselves let us speak out., but here amongst ourselves let us speak out.,0.0
arctic_a0515,Spanish,EBVS,l2+zero_100,But here amongst ourselves let us speak out., but here amongst ourselves lets us pick out.,0.25
arctic_a0515,Spanish,EBVS,nat+zero_200,But here amongst ourselves let us speak out., but here amongst ourselves let us speak out.,0.0
arctic_a0515,Spanish,EBVS,l2+zero_200,But here amongst ourselves let us speak out., but here amongst ourselves lets us pick out.,0.25
arctic_a0515,Spanish,EBVS,nat+zero_400,But here amongst ourselves let us speak out., but here amongst ourselves let us speak out.,0.0
arctic_a0515,Spanish,EBVS,l2+zero_400,But here amongst ourselves let us speak out., but here amongst ourselves lets us pick out.,0.25
arctic_a0515,Spanish,EBVS,nat+zero_800,But here amongst ourselves let us speak out.," But here amongst ourselves, let us speak out.",0.0
arctic_a0515,Spanish,EBVS,l2+zero_800,But here amongst ourselves let us speak out., but here amongst ourselves lets us pick out.,0.25
arctic_a0515,Spanish,EBVS,nat+empty_pad,But here amongst ourselves let us speak out.," But here amongst ourselves, let us speak out.",0.0
arctic_a0515,Spanish,EBVS,l2+empty_pad,But here amongst ourselves let us speak out., but here amongst ourselves lets us pick out.,0.25
arctic_a0515,Vietnamese,HQTV,nat+nat,But here amongst ourselves let us speak out., But here amongst ourselves let us speak out.,0.0
arctic_a0515,Vietnamese,HQTV,nat+nat_diff_utt,But here amongst ourselves let us speak out.," But here amongst ourselves, let us speak out.",0.0
arctic_a0515,Vietnamese,HQTV,nat+l2_same,But here amongst ourselves let us speak out.," But here amongst ourselves, let us speak out.",0.0
arctic_a0515,Vietnamese,HQTV,nat+interp,But here amongst ourselves let us speak out., But here amongst ourselves let us speak out.,0.0
arctic_a0515,Vietnamese,HQTV,nat+noise,But here amongst ourselves let us speak out., But here amongst,0.625
arctic_a0515,Vietnamese,HQTV,l2+l2,But here amongst ourselves let us speak out.," But here amongst, our service lesser speak out.",0.375
arctic_a0515,Vietnamese,HQTV,l2+l2_diff_utt,But here amongst ourselves let us speak out.," But here amongst our service, let us speak out.",0.25
arctic_a0515,Vietnamese,HQTV,l2+nat_same,But here amongst ourselves let us speak out.," but here amongst our service, let us speak out.",0.25
arctic_a0515,Vietnamese,HQTV,l2+interp,But here amongst ourselves let us speak out.," But here amongst, our service lesser speak out",0.375
arctic_a0515,Vietnamese,HQTV,l2+noise,But here amongst ourselves let us speak out.," But here amongst, our service, let us",0.5
arctic_a0515,Vietnamese,HQTV,nat+zero_0,But here amongst ourselves let us speak out., but here amongst ourselves let us speak out.,0.0
arctic_a0515,Vietnamese,HQTV,l2+zero_0,But here amongst ourselves let us speak out., but here amongst our service lesser speak out.,0.375
arctic_a0515,Vietnamese,HQTV,nat+zero_100,But here amongst ourselves let us speak out., but here amongst ourselves let us speak out.,0.0
arctic_a0515,Vietnamese,HQTV,l2+zero_100,But here amongst ourselves let us speak out., but here amongst our service lesser speak out.,0.375
arctic_a0515,Vietnamese,HQTV,nat+zero_200,But here amongst ourselves let us speak out., but here amongst ourselves let us speak out.,0.0
arctic_a0515,Vietnamese,HQTV,l2+zero_200,But here amongst ourselves let us speak out., but here amongst our service lesser speak out.,0.375
arctic_a0515,Vietnamese,HQTV,nat+zero_400,But here amongst ourselves let us speak out., but here amongst ourselves let us speak out.,0.0
arctic_a0515,Vietnamese,HQTV,l2+zero_400,But here amongst ourselves let us speak out., but here amongst our service lesser speak out.,0.375
arctic_a0515,Vietnamese,HQTV,nat+zero_800,But here amongst ourselves let us speak out.," But here amongst ourselves, let us speak out.",0.0
arctic_a0515,Vietnamese,HQTV,l2+zero_800,But here amongst ourselves let us speak out., but here amongst our service lesser speak out.,0.375
arctic_a0515,Vietnamese,HQTV,nat+empty_pad,But here amongst ourselves let us speak out.," But here amongst ourselves, let us speak out.",0.0
arctic_a0515,Vietnamese,HQTV,l2+empty_pad,But here amongst ourselves let us speak out., but here amongst our service lesser speak out.,0.375
arctic_a0542,Arabic,ZHAA,nat+nat,"Without a doubt, some of them have dinner engagements."," Without a doubt, some of them have dinner engagements.",0.0
arctic_a0542,Arabic,ZHAA,nat+nat_diff_utt,"Without a doubt, some of them have dinner engagements."," Without a doubt, some of them have dinner engagements.",0.0
arctic_a0542,Arabic,ZHAA,nat+l2_same,"Without a doubt, some of them have dinner engagements."," Without a doubt, some of them have dinner engagements.",0.0
arctic_a0542,Arabic,ZHAA,nat+interp,"Without a doubt, some of them have dinner engagements."," Without a doubt, some of them have dinner engagements.",0.0
arctic_a0542,Arabic,ZHAA,nat+noise,"Without a doubt, some of them have dinner engagements.", Without without,0.8888888888888888
arctic_a0542,Arabic,ZHAA,l2+l2,"Without a doubt, some of them have dinner engagements."," Without a doubt, some of them have dinner engagements.",0.0
arctic_a0542,Arabic,ZHAA,l2+l2_diff_utt,"Without a doubt, some of them have dinner engagements."," Without a doubt, some of them have dinner engagements.",0.0
arctic_a0542,Arabic,ZHAA,l2+nat_same,"Without a doubt, some of them have dinner engagements."," Without a doubt, some of them have dinner engagements.",0.0
arctic_a0542,Arabic,ZHAA,l2+interp,"Without a doubt, some of them have dinner engagements."," Without to doubt, some of them have dinner engagements.",0.1111111111111111
arctic_a0542,Arabic,ZHAA,l2+noise,"Without a doubt, some of them have dinner engagements.", Without to,0.8888888888888888
arctic_a0542,Arabic,ZHAA,nat+zero_0,"Without a doubt, some of them have dinner engagements."," Without a doubt, some of them have dinner engagements.",0.0
arctic_a0542,Arabic,ZHAA,l2+zero_0,"Without a doubt, some of them have dinner engagements."," Without a doubt, some of them have dinner engagements.",0.0
arctic_a0542,Arabic,ZHAA,nat+zero_100,"Without a doubt, some of them have dinner engagements."," Without a doubt, some of them have dinner engagements.",0.0
arctic_a0542,Arabic,ZHAA,l2+zero_100,"Without a doubt, some of them have dinner engagements."," Without a doubt, some of them have dinner engagements.",0.0
arctic_a0542,Arabic,ZHAA,nat+zero_200,"Without a doubt, some of them have dinner engagements."," Without a doubt, some of them have dinner engagements.",0.0
arctic_a0542,Arabic,ZHAA,l2+zero_200,"Without a doubt, some of them have dinner engagements."," Without a doubt, some of them have dinner engagements.",0.0
arctic_a0542,Arabic,ZHAA,nat+zero_400,"Without a doubt, some of them have dinner engagements."," Without a doubt, some of them have dinner engagements.",0.0
arctic_a0542,Arabic,ZHAA,l2+zero_400,"Without a doubt, some of them have dinner engagements."," Without a doubt, some of them have dinner engagements.",0.0
arctic_a0542,Arabic,ZHAA,nat+zero_800,"Without a doubt, some of them have dinner engagements."," Without a doubt, some of them have dinner engagements.",0.0
arctic_a0542,Arabic,ZHAA,l2+zero_800,"Without a doubt, some of them have dinner engagements."," Without a doubt, some of them have dinner engagements.",0.0
arctic_a0542,Arabic,ZHAA,nat+empty_pad,"Without a doubt, some of them have dinner engagements."," Without a doubt, some of them have dinner engagements.",0.0
arctic_a0542,Arabic,ZHAA,l2+empty_pad,"Without a doubt, some of them have dinner engagements."," Without a doubt, some of them have dinner engagements.",0.0
arctic_a0542,Chinese,BWC,nat+nat,"Without a doubt, some of them have dinner engagements."," Without a doubt, some of them have dinner engagements.",0.0
arctic_a0542,Chinese,BWC,nat+nat_diff_utt,"Without a doubt, some of them have dinner engagements."," Without a doubt, some of them have dinner engagements.",0.0
arctic_a0542,Chinese,BWC,nat+l2_same,"Without a doubt, some of them have dinner engagements."," Without a doubt, some of them have dinner engagements.",0.0
arctic_a0542,Chinese,BWC,nat+interp,"Without a doubt, some of them have dinner engagements.", Without a,0.7777777777777778
arctic_a0542,Chinese,BWC,nat+noise,"Without a doubt, some of them have dinner engagements.", Without without,0.8888888888888888
arctic_a0542,Chinese,BWC,l2+l2,"Without a doubt, some of them have dinner engagements."," Without a doubt, some of them had dinner engagements.",0.1111111111111111
arctic_a0542,Chinese,BWC,l2+l2_diff_utt,"Without a doubt, some of them have dinner engagements."," Without a doubt, some of them had dinner engagements.",0.1111111111111111
arctic_a0542,Chinese,BWC,l2+nat_same,"Without a doubt, some of them have dinner engagements."," Without a doubt, some of them had dinner engagements.",0.1111111111111111
arctic_a0542,Chinese,BWC,l2+interp,"Without a doubt, some of them have dinner engagements.", Without doubt some of them had dinner engagements.,0.2222222222222222
arctic_a0542,Chinese,BWC,l2+noise,"Without a doubt, some of them have dinner engagements."," Without,",0.8888888888888888
arctic_a0542,Chinese,BWC,nat+zero_0,"Without a doubt, some of them have dinner engagements."," Without a doubt, some of them have dinner engagements.",0.0
arctic_a0542,Chinese,BWC,l2+zero_0,"Without a doubt, some of them have dinner engagements.", Without a doubt some of them had dinner engagements.,0.1111111111111111
arctic_a0542,Chinese,BWC,nat+zero_100,"Without a doubt, some of them have dinner engagements."," Without a doubt, some of them have dinner engagements.",0.0
arctic_a0542,Chinese,BWC,l2+zero_100,"Without a doubt, some of them have dinner engagements.", Without a doubt some of them had dinner engagements.,0.1111111111111111
arctic_a0542,Chinese,BWC,nat+zero_200,"Without a doubt, some of them have dinner engagements."," Without a doubt, some of them have dinner engagements.",0.0
arctic_a0542,Chinese,BWC,l2+zero_200,"Without a doubt, some of them have dinner engagements."," Without a doubt, some of them had dinner engagements.",0.1111111111111111
arctic_a0542,Chinese,BWC,nat+zero_400,"Without a doubt, some of them have dinner engagements."," Without a doubt, some of them have dinner engagements.",0.0
arctic_a0542,Chinese,BWC,l2+zero_400,"Without a doubt, some of them have dinner engagements."," Without a doubt, some of them had dinner engagements.",0.1111111111111111
arctic_a0542,Chinese,BWC,nat+zero_800,"Without a doubt, some of them have dinner engagements."," Without a doubt, some of them have dinner engagements.",0.0
arctic_a0542,Chinese,BWC,l2+zero_800,"Without a doubt, some of them have dinner engagements."," Without a doubt, some of them had dinner engagements.",0.1111111111111111
arctic_a0542,Chinese,BWC,nat+empty_pad,"Without a doubt, some of them have dinner engagements."," Without a doubt, some of them have dinner engagements.",0.0
arctic_a0542,Chinese,BWC,l2+empty_pad,"Without a doubt, some of them have dinner engagements."," Without a doubt, some of them had dinner engagements.",0.1111111111111111
arctic_a0542,Hindi,SVBI,nat+nat,"Without a doubt, some of them have dinner engagements."," Without a doubt, some of them have dinner engagements.",0.0
arctic_a0542,Hindi,SVBI,nat+nat_diff_utt,"Without a doubt, some of them have dinner engagements."," Without a doubt, some of them have dinner engagements.",0.0
arctic_a0542,Hindi,SVBI,nat+l2_same,"Without a doubt, some of them have dinner engagements."," Without a doubt, some of them have dinner engagements.",0.0
arctic_a0542,Hindi,SVBI,nat+interp,"Without a doubt, some of them have dinner engagements."," Without a doubt, some of them have dinner engagements.",0.0
arctic_a0542,Hindi,SVBI,nat+noise,"Without a doubt, some of them have dinner engagements.", Without without,0.8888888888888888
arctic_a0542,Hindi,SVBI,l2+l2,"Without a doubt, some of them have dinner engagements."," Without a doubt, some of them have dinner engagements.",0.0
arctic_a0542,Hindi,SVBI,l2+l2_diff_utt,"Without a doubt, some of them have dinner engagements."," Without a doubt, some of them have dinner engagements.",0.0
arctic_a0542,Hindi,SVBI,l2+nat_same,"Without a doubt, some of them have dinner engagements."," Without a doubt, some of them have dinner engagements.",0.0
arctic_a0542,Hindi,SVBI,l2+interp,"Without a doubt, some of them have dinner engagements."," Without a doubt, some of them have dinner engagements.",0.0
arctic_a0542,Hindi,SVBI,l2+noise,"Without a doubt, some of them have dinner engagements.", Without some,0.7777777777777778
arctic_a0542,Hindi,SVBI,nat+zero_0,"Without a doubt, some of them have dinner engagements."," Without a doubt, some of them have dinner engagements.",0.0
arctic_a0542,Hindi,SVBI,l2+zero_0,"Without a doubt, some of them have dinner engagements."," Without a doubt, some of them have dinner engagements.",0.0
arctic_a0542,Hindi,SVBI,nat+zero_100,"Without a doubt, some of them have dinner engagements."," Without a doubt, some of them have dinner engagements.",0.0
arctic_a0542,Hindi,SVBI,l2+zero_100,"Without a doubt, some of them have dinner engagements."," Without a doubt, some of them have dinner engagements.",0.0
arctic_a0542,Hindi,SVBI,nat+zero_200,"Without a doubt, some of them have dinner engagements."," Without a doubt, some of them have dinner engagements.",0.0
arctic_a0542,Hindi,SVBI,l2+zero_200,"Without a doubt, some of them have dinner engagements."," Without a doubt, some of them have dinner engagements.",0.0
arctic_a0542,Hindi,SVBI,nat+zero_400,"Without a doubt, some of them have dinner engagements."," Without a doubt, some of them have dinner engagements.",0.0
arctic_a0542,Hindi,SVBI,l2+zero_400,"Without a doubt, some of them have dinner engagements."," Without a doubt, some of them have dinner engagements.",0.0
arctic_a0542,Hindi,SVBI,nat+zero_800,"Without a doubt, some of them have dinner engagements."," Without a doubt, some of them have dinner engagements.",0.0
arctic_a0542,Hindi,SVBI,l2+zero_800,"Without a doubt, some of them have dinner engagements."," Without a doubt, some of them have dinner engagements.",0.0
arctic_a0542,Hindi,SVBI,nat+empty_pad,"Without a doubt, some of them have dinner engagements."," Without a doubt, some of them have dinner engagements.",0.0
arctic_a0542,Hindi,SVBI,l2+empty_pad,"Without a doubt, some of them have dinner engagements."," Without a doubt, some of them have dinner engagements.",0.0
arctic_a0542,Korean,HJK,nat+nat,"Without a doubt, some of them have dinner engagements."," Without a doubt, some of them have dinner engagements.",0.0
arctic_a0542,Korean,HJK,nat+nat_diff_utt,"Without a doubt, some of them have dinner engagements."," Without a doubt, some of them have dinner engagements.",0.0
arctic_a0542,Korean,HJK,nat+l2_same,"Without a doubt, some of them have dinner engagements."," Without a doubt, some of them have dinner engagements.",0.0
arctic_a0542,Korean,HJK,nat+interp,"Without a doubt, some of them have dinner engagements."," Without a doubt, some of them have dinner engagements.",0.0
arctic_a0542,Korean,HJK,nat+noise,"Without a doubt, some of them have dinner engagements.", Without without,0.8888888888888888
arctic_a0542,Korean,HJK,l2+l2,"Without a doubt, some of them have dinner engagements."," Without a doubt, some of them have dinner engagements.",0.0
arctic_a0542,Korean,HJK,l2+l2_diff_utt,"Without a doubt, some of them have dinner engagements."," Without a doubt, some of them have dinner engagements.",0.0
arctic_a0542,Korean,HJK,l2+nat_same,"Without a doubt, some of them have dinner engagements."," Without a doubt, some of them have dinner engagements.",0.0
arctic_a0542,Korean,HJK,l2+interp,"Without a doubt, some of them have dinner engagements."," Without a doubt, some of them have dinner engagements.",0.0
arctic_a0542,Korean,HJK,l2+noise,"Without a doubt, some of them have dinner engagements."," Without without without, some of some of some of some of",0.8888888888888888
arctic_a0542,Korean,HJK,nat+zero_0,"Without a doubt, some of them have dinner engagements."," Without a doubt, some of them have dinner engagements.",0.0
arctic_a0542,Korean,HJK,l2+zero_0,"Without a doubt, some of them have dinner engagements."," Without a doubt, some of them have dinner engagements.",0.0
arctic_a0542,Korean,HJK,nat+zero_100,"Without a doubt, some of them have dinner engagements."," Without a doubt, some of them have dinner engagements.",0.0
arctic_a0542,Korean,HJK,l2+zero_100,"Without a doubt, some of them have dinner engagements."," Without a doubt, some of them have dinner engagements.",0.0
arctic_a0542,Korean,HJK,nat+zero_200,"Without a doubt, some of them have dinner engagements."," Without a doubt, some of them have dinner engagements.",0.0
arctic_a0542,Korean,HJK,l2+zero_200,"Without a doubt, some of them have dinner engagements."," Without a doubt, some of them have dinner engagements.",0.0
arctic_a0542,Korean,HJK,nat+zero_400,"Without a doubt, some of them have dinner engagements."," Without a doubt, some of them have dinner engagements.",0.0
arctic_a0542,Korean,HJK,l2+zero_400,"Without a doubt, some of them have dinner engagements."," Without a doubt, some of them have dinner engagements.",0.0
arctic_a0542,Korean,HJK,nat+zero_800,"Without a doubt, some of them have dinner engagements."," Without a doubt, some of them have dinner engagements.",0.0
arctic_a0542,Korean,HJK,l2+zero_800,"Without a doubt, some of them have dinner engagements."," Without a doubt, some of them have dinner engagements.",0.0
arctic_a0542,Korean,HJK,nat+empty_pad,"Without a doubt, some of them have dinner engagements."," Without a doubt, some of them have dinner engagements.",0.0
arctic_a0542,Korean,HJK,l2+empty_pad,"Without a doubt, some of them have dinner engagements."," Without a doubt, some of them have dinner engagements.",0.0
arctic_a0542,Spanish,EBVS,nat+nat,"Without a doubt, some of them have dinner engagements."," Without a doubt, some of them have dinner engagements.",0.0
arctic_a0542,Spanish,EBVS,nat+nat_diff_utt,"Without a doubt, some of them have dinner engagements."," Without a doubt, some of them have dinner engagements.",0.0
arctic_a0542,Spanish,EBVS,nat+l2_same,"Without a doubt, some of them have dinner engagements."," Without a doubt, some of them have dinner engagements.",0.0
arctic_a0542,Spanish,EBVS,nat+interp,"Without a doubt, some of them have dinner engagements."," Without a doubt, some of them have dinner engagements.",0.0
arctic_a0542,Spanish,EBVS,nat+noise,"Without a doubt, some of them have dinner engagements.", Without without,0.8888888888888888
arctic_a0542,Spanish,EBVS,l2+l2,"Without a doubt, some of them have dinner engagements."," Without a doubt, some of them have dinner engagement.",0.1111111111111111
arctic_a0542,Spanish,EBVS,l2+l2_diff_utt,"Without a doubt, some of them have dinner engagements."," Without a doubt, some of them have dinner engagement.",0.1111111111111111
arctic_a0542,Spanish,EBVS,l2+nat_same,"Without a doubt, some of them have dinner engagements."," Without a doubt, some of them have dinner engagement.",0.1111111111111111
arctic_a0542,Spanish,EBVS,l2+interp,"Without a doubt, some of them have dinner engagements."," Without a doubt, some of them have dinner engagement.",0.1111111111111111
arctic_a0542,Spanish,EBVS,l2+noise,"Without a doubt, some of them have dinner engagements.", Without,0.8888888888888888
arctic_a0542,Spanish,EBVS,nat+zero_0,"Without a doubt, some of them have dinner engagements."," Without a doubt, some of them have dinner engagements.",0.0
arctic_a0542,Spanish,EBVS,l2+zero_0,"Without a doubt, some of them have dinner engagements."," Without a doubt, some of them have dinner engagement.",0.1111111111111111
arctic_a0542,Spanish,EBVS,nat+zero_100,"Without a doubt, some of them have dinner engagements."," Without a doubt, some of them have dinner engagements.",0.0
arctic_a0542,Spanish,EBVS,l2+zero_100,"Without a doubt, some of them have dinner engagements."," Without a doubt, some of them have dinner engagement.",0.1111111111111111
arctic_a0542,Spanish,EBVS,nat+zero_200,"Without a doubt, some of them have dinner engagements."," Without a doubt, some of them have dinner engagements.",0.0
arctic_a0542,Spanish,EBVS,l2+zero_200,"Without a doubt, some of them have dinner engagements."," Without a doubt, some of them have dinner engagement.",0.1111111111111111
arctic_a0542,Spanish,EBVS,nat+zero_400,"Without a doubt, some of them have dinner engagements."," Without a doubt, some of them have dinner engagements.",0.0
arctic_a0542,Spanish,EBVS,l2+zero_400,"Without a doubt, some of them have dinner engagements."," Without a doubt, some of them have dinner engagement.",0.1111111111111111
arctic_a0542,Spanish,EBVS,nat+zero_800,"Without a doubt, some of them have dinner engagements."," Without a doubt, some of them have dinner engagements.",0.0
arctic_a0542,Spanish,EBVS,l2+zero_800,"Without a doubt, some of them have dinner engagements."," Without a doubt, some of them have dinner engagement.",0.1111111111111111
arctic_a0542,Spanish,EBVS,nat+empty_pad,"Without a doubt, some of them have dinner engagements."," Without a doubt, some of them have dinner engagements.",0.0
arctic_a0542,Spanish,EBVS,l2+empty_pad,"Without a doubt, some of them have dinner engagements."," Without a doubt, some of them have dinner engagement.",0.1111111111111111
arctic_a0542,Vietnamese,HQTV,nat+nat,"Without a doubt, some of them have dinner engagements."," Without a doubt, some of them have dinner engagements.",0.0
arctic_a0542,Vietnamese,HQTV,nat+nat_diff_utt,"Without a doubt, some of them have dinner engagements."," Without a doubt, some of them have dinner engagements.",0.0
arctic_a0542,Vietnamese,HQTV,nat+l2_same,"Without a doubt, some of them have dinner engagements."," Without a doubt, some of them have dinner engagements.",0.0
arctic_a0542,Vietnamese,HQTV,nat+interp,"Without a doubt, some of them have dinner engagements."," Without a doubt, some of them have dinner engagements.",0.0
arctic_a0542,Vietnamese,HQTV,nat+noise,"Without a doubt, some of them have dinner engagements.", Without without,0.8888888888888888
arctic_a0542,Vietnamese,HQTV,l2+l2,"Without a doubt, some of them have dinner engagements."," without adult, some of them have genuine engagement.",0.4444444444444444
arctic_a0542,Vietnamese,HQTV,l2+l2_diff_utt,"Without a doubt, some of them have dinner engagements."," without adult, some of them have genuine engagement.",0.4444444444444444
arctic_a0542,Vietnamese,HQTV,l2+nat_same,"Without a doubt, some of them have dinner engagements."," without adult, some of them have genuine engagement.",0.4444444444444444
arctic_a0542,Vietnamese,HQTV,l2+interp,"Without a doubt, some of them have dinner engagements.", without doubt some of some of them have genuine engagement,0.5555555555555556
arctic_a0542,Vietnamese,HQTV,l2+noise,"Without a doubt, some of them have dinner engagements.", without,0.8888888888888888
arctic_a0542,Vietnamese,HQTV,nat+zero_0,"Without a doubt, some of them have dinner engagements."," Without a doubt, some of them have dinner engagements.",0.0
arctic_a0542,Vietnamese,HQTV,l2+zero_0,"Without a doubt, some of them have dinner engagements.", without a doubt some of them have genuine engagement.,0.2222222222222222
arctic_a0542,Vietnamese,HQTV,nat+zero_100,"Without a doubt, some of them have dinner engagements."," Without a doubt, some of them have dinner engagements.",0.0
arctic_a0542,Vietnamese,HQTV,l2+zero_100,"Without a doubt, some of them have dinner engagements.", without a doubt some of them have genuine engagement.,0.2222222222222222
arctic_a0542,Vietnamese,HQTV,nat+zero_200,"Without a doubt, some of them have dinner engagements."," Without a doubt, some of them have dinner engagements.",0.0
arctic_a0542,Vietnamese,HQTV,l2+zero_200,"Without a doubt, some of them have dinner engagements.", without a doubt some of them have genuine engagement.,0.2222222222222222
arctic_a0542,Vietnamese,HQTV,nat+zero_400,"Without a doubt, some of them have dinner engagements."," Without a doubt, some of them have dinner engagements.",0.0
arctic_a0542,Vietnamese,HQTV,l2+zero_400,"Without a doubt, some of them have dinner engagements.", without some of them having any engagement.,0.5555555555555556
arctic_a0542,Vietnamese,HQTV,nat+zero_800,"Without a doubt, some of them have dinner engagements."," Without a doubt, some of them have dinner engagements.",0.0
arctic_a0542,Vietnamese,HQTV,l2+zero_800,"Without a doubt, some of them have dinner engagements.", without some of them having any engagement.,0.5555555555555556
arctic_a0542,Vietnamese,HQTV,nat+empty_pad,"Without a doubt, some of them have dinner engagements."," Without a doubt, some of them have dinner engagements.",0.0
arctic_a0542,Vietnamese,HQTV,l2+empty_pad,"Without a doubt, some of them have dinner engagements."," without adult, some of them have dinner engagement.",0.3333333333333333
arctic_a0554,Arabic,ZHAA,nat+nat,"Jack London, Waikiki Beach, Honolulu, Oahu."," Jack London, Waikiki Beach, Honolulu, Oahu.",0.0
arctic_a0554,Arabic,ZHAA,nat+nat_diff_utt,"Jack London, Waikiki Beach, Honolulu, Oahu."," Jack London, Waikiki Beach, Honolulu, Oahu.",0.0
arctic_a0554,Arabic,ZHAA,nat+l2_same,"Jack London, Waikiki Beach, Honolulu, Oahu."," Jack London, Waikiki Beach, Honolulu, Oahu.",0.0
arctic_a0554,Arabic,ZHAA,nat+interp,"Jack London, Waikiki Beach, Honolulu, Oahu."," Jack London, Waikiki Beach, Honolulu, Oahu.",0.0
arctic_a0554,Arabic,ZHAA,nat+noise,"Jack London, Waikiki Beach, Honolulu, Oahu.", Jack London.,0.6666666666666666
arctic_a0554,Arabic,ZHAA,l2+l2,"Jack London, Waikiki Beach, Honolulu, Oahu."," Jack London, Waqiki Beach, Honolulu, O'ahu.",0.16666666666666666
arctic_a0554,Arabic,ZHAA,l2+l2_diff_utt,"Jack London, Waikiki Beach, Honolulu, Oahu."," Jack London, Waqiki Beach, Honolulu, O'ahu.",0.16666666666666666
arctic_a0554,Arabic,ZHAA,l2+nat_same,"Jack London, Waikiki Beach, Honolulu, Oahu."," Jack London, Waqiki Beach, Honolulu, O'ahu.",0.16666666666666666
arctic_a0554,Arabic,ZHAA,l2+interp,"Jack London, Waikiki Beach, Honolulu, Oahu."," Jack London, Waqiki Beach, Honolulu, O'ahu",0.16666666666666666
arctic_a0554,Arabic,ZHAA,l2+noise,"Jack London, Waikiki Beach, Honolulu, Oahu.", Jack London,0.6666666666666666
arctic_a0554,Arabic,ZHAA,nat+zero_0,"Jack London, Waikiki Beach, Honolulu, Oahu."," Jack London, Waikiki Beach, Honolulu, Oahu.",0.0
arctic_a0554,Arabic,ZHAA,l2+zero_0,"Jack London, Waikiki Beach, Honolulu, Oahu."," Jack London, Wackyki Beach, Honolulu, O'ahu.",0.16666666666666666
arctic_a0554,Arabic,ZHAA,nat+zero_100,"Jack London, Waikiki Beach, Honolulu, Oahu."," Jack London, Waikiki Beach, Honolulu, Oahu.",0.0
arctic_a0554,Arabic,ZHAA,l2+zero_100,"Jack London, Waikiki Beach, Honolulu, Oahu."," Jack London, Wackyki Beach, Honolulu, O'ahu.",0.16666666666666666
arctic_a0554,Arabic,ZHAA,nat+zero_200,"Jack London, Waikiki Beach, Honolulu, Oahu."," Jack London, Waikiki Beach, Honolulu, Oahu.",0.0
arctic_a0554,Arabic,ZHAA,l2+zero_200,"Jack London, Waikiki Beach, Honolulu, Oahu."," Jack London, Waqiki Beach, Honolulu, O'ahu.",0.16666666666666666
arctic_a0554,Arabic,ZHAA,nat+zero_400,"Jack London, Waikiki Beach, Honolulu, Oahu."," Jack London, Waikiki Beach, Honolulu, Oahu.",0.0
arctic_a0554,Arabic,ZHAA,l2+zero_400,"Jack London, Waikiki Beach, Honolulu, Oahu."," Jack London, Waqiki Beach, Honolulu, O'ahu.",0.16666666666666666
arctic_a0554,Arabic,ZHAA,nat+zero_800,"Jack London, Waikiki Beach, Honolulu, Oahu."," Jack London, Waikiki Beach, Honolulu, Oahu.",0.0
arctic_a0554,Arabic,ZHAA,l2+zero_800,"Jack London, Waikiki Beach, Honolulu, Oahu."," Jack London, Waqiki Beach, Honolulu, O'ahu.",0.16666666666666666
arctic_a0554,Arabic,ZHAA,nat+empty_pad,"Jack London, Waikiki Beach, Honolulu, Oahu."," Jack London, Waikiki Beach, Honolulu, Oahu.",0.0
arctic_a0554,Arabic,ZHAA,l2+empty_pad,"Jack London, Waikiki Beach, Honolulu, Oahu."," Jack London, Waqiki Beach, Honolulu, O'ahu.",0.16666666666666666
arctic_a0554,Chinese,BWC,nat+nat,"Jack London, Waikiki Beach, Honolulu, Oahu."," Jack London, Waikiki Beach, Honolulu, Oahu.",0.0
arctic_a0554,Chinese,BWC,nat+nat_diff_utt,"Jack London, Waikiki Beach, Honolulu, Oahu."," Jack London, Waikiki Beach, Honolulu, Oahu.",0.0
arctic_a0554,Chinese,BWC,nat+l2_same,"Jack London, Waikiki Beach, Honolulu, Oahu."," Jack London, Waikiki Beach, Honolulu, Oahu",0.0
arctic_a0554,Chinese,BWC,nat+interp,"Jack London, Waikiki Beach, Honolulu, Oahu."," Jack London, Waikiki Beach, Honolulu, O",0.16666666666666666
arctic_a0554,Chinese,BWC,nat+noise,"Jack London, Waikiki Beach, Honolulu, Oahu.", Jack London.,0.6666666666666666
arctic_a0554,Chinese,BWC,l2+l2,"Jack London, Waikiki Beach, Honolulu, Oahu."," Jack Lender, Wikik Beach, Honolulu, Hoa.",0.5
arctic_a0554,Chinese,BWC,l2+l2_diff_utt,"Jack London, Waikiki Beach, Honolulu, Oahu."," Jack Lender, Wikik Beach, Honolulu, Hoa.",0.5
arctic_a0554,Chinese,BWC,l2+nat_same,"Jack London, Waikiki Beach, Honolulu, Oahu."," Jack Lender, Wikik Beach, Honolulu, Hoa.",0.5
arctic_a0554,Chinese,BWC,l2+interp,"Jack London, Waikiki Beach, Honolulu, Oahu."," Jack Lender, my kick beach, Honolulu, hoa.",0.6666666666666666
arctic_a0554,Chinese,BWC,l2+noise,"Jack London, Waikiki Beach, Honolulu, Oahu.", I,1.0
arctic_a0554,Chinese,BWC,nat+zero_0,"Jack London, Waikiki Beach, Honolulu, Oahu."," Jack London, Waikiki Beach, Honolulu, Oahu.",0.0
arctic_a0554,Chinese,BWC,l2+zero_0,"Jack London, Waikiki Beach, Honolulu, Oahu."," Jack Lander, my kick-beach Honolulu, hoa.",0.6666666666666666
arctic_a0554,Chinese,BWC,nat+zero_100,"Jack London, Waikiki Beach, Honolulu, Oahu."," Jack London, Waikiki Beach, Honolulu, Oahu.",0.0
arctic_a0554,Chinese,BWC,l2+zero_100,"Jack London, Waikiki Beach, Honolulu, Oahu."," Jack Lander, my kick-beach Honolulu, hoa.",0.6666666666666666
arctic_a0554,Chinese,BWC,nat+zero_200,"Jack London, Waikiki Beach, Honolulu, Oahu."," Jack London, Waikiki Beach, Honolulu, Oahu.",0.0
arctic_a0554,Chinese,BWC,l2+zero_200,"Jack London, Waikiki Beach, Honolulu, Oahu."," Jack Lander, my kick-beesh, Honolulu, hoa.",0.6666666666666666
arctic_a0554,Chinese,BWC,nat+zero_400,"Jack London, Waikiki Beach, Honolulu, Oahu."," Jack London, Waikiki Beach, Honolulu, Oahu.",0.0
arctic_a0554,Chinese,BWC,l2+zero_400,"Jack London, Waikiki Beach, Honolulu, Oahu."," Jack Lander, my kick-beesh, Honolulu, hoa.",0.6666666666666666
arctic_a0554,Chinese,BWC,nat+zero_800,"Jack London, Waikiki Beach, Honolulu, Oahu."," Jack London, Waikiki Beach, Honolulu, Oahu.",0.0
arctic_a0554,Chinese,BWC,l2+zero_800,"Jack London, Waikiki Beach, Honolulu, Oahu."," Jack Lander, my kick-a-beesh, Honolulu, hoa.",0.6666666666666666
arctic_a0554,Chinese,BWC,nat+empty_pad,"Jack London, Waikiki Beach, Honolulu, Oahu."," Jack London, Waikiki Beach, Honolulu, Oahu.",0.0
arctic_a0554,Chinese,BWC,l2+empty_pad,"Jack London, Waikiki Beach, Honolulu, Oahu."," Jack Lender, Wikik Beach, Honolulu, Hawa.",0.5
arctic_a0554,Hindi,SVBI,nat+nat,"Jack London, Waikiki Beach, Honolulu, Oahu."," Jack London, Waikiki Beach, Honolulu, Oahu.",0.0
arctic_a0554,Hindi,SVBI,nat+nat_diff_utt,"Jack London, Waikiki Beach, Honolulu, Oahu."," Jack London, Waikiki Beach, Honolulu, Oahu.",0.0
arctic_a0554,Hindi,SVBI,nat+l2_same,"Jack London, Waikiki Beach, Honolulu, Oahu."," Jack London, Waikiki Beach, Honolulu, Oahu.",0.0
arctic_a0554,Hindi,SVBI,nat+interp,"Jack London, Waikiki Beach, Honolulu, Oahu."," Jack London, Waikiki Beach, Honolulu O'A'O",0.16666666666666666
arctic_a0554,Hindi,SVBI,nat+noise,"Jack London, Waikiki Beach, Honolulu, Oahu.", Jack London.,0.6666666666666666
arctic_a0554,Hindi,SVBI,l2+l2,"Jack London, Waikiki Beach, Honolulu, Oahu."," Jack London, Waikiki Beach, Honolulu, Oahu",0.0
arctic_a0554,Hindi,SVBI,l2+l2_diff_utt,"Jack London, Waikiki Beach, Honolulu, Oahu."," Jack London, Waikiki Beach, Honolulu, Oahu",0.0
arctic_a0554,Hindi,SVBI,l2+nat_same,"Jack London, Waikiki Beach, Honolulu, Oahu."," Jack London, Waikiki Beach, Honolulu, Oahu",0.0
arctic_a0554,Hindi,SVBI,l2+interp,"Jack London, Waikiki Beach, Honolulu, Oahu."," Jack London, Waiki Ki Beach Honolulu Oahu",0.3333333333333333
arctic_a0554,Hindi,SVBI,l2+noise,"Jack London, Waikiki Beach, Honolulu, Oahu.", Jack London,0.6666666666666666
arctic_a0554,Hindi,SVBI,nat+zero_0,"Jack London, Waikiki Beach, Honolulu, Oahu."," Jack London, Waikiki Beach, Honolulu, Oahu.",0.0
arctic_a0554,Hindi,SVBI,l2+zero_0,"Jack London, Waikiki Beach, Honolulu, Oahu."," Jack London, Waikiki Beach Honolulu, Oahu.",0.0
arctic_a0554,Hindi,SVBI,nat+zero_100,"Jack London, Waikiki Beach, Honolulu, Oahu."," Jack London, Waikiki Beach, Honolulu, Oahu.",0.0
arctic_a0554,Hindi,SVBI,l2+zero_100,"Jack London, Waikiki Beach, Honolulu, Oahu."," Jack London, Waikiki Beach Honolulu, Oahu",0.0
arctic_a0554,Hindi,SVBI,nat+zero_200,"Jack London, Waikiki Beach, Honolulu, Oahu."," Jack London, Waikiki Beach, Honolulu, Oahu.",0.0
arctic_a0554,Hindi,SVBI,l2+zero_200,"Jack London, Waikiki Beach, Honolulu, Oahu."," Jack London, Waikiki Beach Honolulu, Oahu",0.0
arctic_a0554,Hindi,SVBI,nat+zero_400,"Jack London, Waikiki Beach, Honolulu, Oahu."," Jack London, Waikiki Beach, Honolulu, Oahu.",0.0
arctic_a0554,Hindi,SVBI,l2+zero_400,"Jack London, Waikiki Beach, Honolulu, Oahu."," Jack London, Waikiki Beach, Honolulu, Oahu.",0.0
arctic_a0554,Hindi,SVBI,nat+zero_800,"Jack London, Waikiki Beach, Honolulu, Oahu."," Jack London, Waikiki Beach, Honolulu, Oahu.",0.0
arctic_a0554,Hindi,SVBI,l2+zero_800,"Jack London, Waikiki Beach, Honolulu, Oahu."," Jack London, Waikiki Beach, Honolulu, Oahu",0.0
arctic_a0554,Hindi,SVBI,nat+empty_pad,"Jack London, Waikiki Beach, Honolulu, Oahu."," Jack London, Waikiki Beach, Honolulu, Oahu.",0.0
arctic_a0554,Hindi,SVBI,l2+empty_pad,"Jack London, Waikiki Beach, Honolulu, Oahu."," Jack London, Waikiki Beach, Honolulu, Oahu.",0.0
arctic_a0554,Korean,HJK,nat+nat,"Jack London, Waikiki Beach, Honolulu, Oahu."," Jack London, Waikiki Beach, Honolulu, Oahu.",0.0
arctic_a0554,Korean,HJK,nat+nat_diff_utt,"Jack London, Waikiki Beach, Honolulu, Oahu."," Jack London, Waikiki Beach, Honolulu, Oahu.",0.0
arctic_a0554,Korean,HJK,nat+l2_same,"Jack London, Waikiki Beach, Honolulu, Oahu."," Jack London, Waikiki Beach, Honolulu, Oahu.",0.0
arctic_a0554,Korean,HJK,nat+interp,"Jack London, Waikiki Beach, Honolulu, Oahu."," Jack London, Waikiki Beach, Honolulu O'ahu.",0.0
arctic_a0554,Korean,HJK,nat+noise,"Jack London, Waikiki Beach, Honolulu, Oahu.", Jack London.,0.6666666666666666
arctic_a0554,Korean,HJK,l2+l2,"Jack London, Waikiki Beach, Honolulu, Oahu."," Jack London, Waikiki Beach, Honolulu, Ohio.",0.16666666666666666
arctic_a0554,Korean,HJK,l2+l2_diff_utt,"Jack London, Waikiki Beach, Honolulu, Oahu."," Jack London, Waikiki Beach, Honolulu, O'Haw.",0.16666666666666666
arctic_a0554,Korean,HJK,l2+nat_same,"Jack London, Waikiki Beach, Honolulu, Oahu."," Jack London, Waikiki Beach, Honolulu, O'Haw.",0.16666666666666666
arctic_a0554,Korean,HJK,l2+interp,"Jack London, Waikiki Beach, Honolulu, Oahu."," Jack London, Waikiki Beach, Honolulu, O'Hau.",0.16666666666666666
arctic_a0554,Korean,HJK,l2+noise,"Jack London, Waikiki Beach, Honolulu, Oahu.", Jack London,0.6666666666666666
arctic_a0554,Korean,HJK,nat+zero_0,"Jack London, Waikiki Beach, Honolulu, Oahu."," Jack London, Waikiki Beach, Honolulu, Oahu.",0.0
arctic_a0554,Korean,HJK,l2+zero_0,"Jack London, Waikiki Beach, Honolulu, Oahu."," Jack London, Waikiki Beach, Honolulu, O'Haw.",0.16666666666666666
arctic_a0554,Korean,HJK,nat+zero_100,"Jack London, Waikiki Beach, Honolulu, Oahu."," Jack London, Waikiki Beach, Honolulu, Oahu.",0.0
arctic_a0554,Korean,HJK,l2+zero_100,"Jack London, Waikiki Beach, Honolulu, Oahu."," Jack London, Waikiki Beach, Honolulu, O'Haw.",0.16666666666666666
arctic_a0554,Korean,HJK,nat+zero_200,"Jack London, Waikiki Beach, Honolulu, Oahu."," Jack London, Waikiki Beach, Honolulu, Oahu.",0.0
arctic_a0554,Korean,HJK,l2+zero_200,"Jack London, Waikiki Beach, Honolulu, Oahu."," Jack London, Waikiki Beach, Honolulu, O'Haw.",0.16666666666666666
arctic_a0554,Korean,HJK,nat+zero_400,"Jack London, Waikiki Beach, Honolulu, Oahu."," Jack London, Waikiki Beach, Honolulu, Oahu.",0.0
arctic_a0554,Korean,HJK,l2+zero_400,"Jack London, Waikiki Beach, Honolulu, Oahu."," Jack London, Waikiki Beach, Honolulu, O'Haw.",0.16666666666666666
arctic_a0554,Korean,HJK,nat+zero_800,"Jack London, Waikiki Beach, Honolulu, Oahu."," Jack London, Waikiki Beach, Honolulu, Oahu.",0.0
arctic_a0554,Korean,HJK,l2+zero_800,"Jack London, Waikiki Beach, Honolulu, Oahu."," Jack London, Waikiki Beach, Honolulu, Ohio.",0.16666666666666666
arctic_a0554,Korean,HJK,nat+empty_pad,"Jack London, Waikiki Beach, Honolulu, Oahu."," Jack London, Waikiki Beach, Honolulu, Oahu.",0.0
arctic_a0554,Korean,HJK,l2+empty_pad,"Jack London, Waikiki Beach, Honolulu, Oahu."," Jack London, Waikiki Beach, Honolulu, O'Haw.",0.16666666666666666
arctic_a0554,Spanish,EBVS,nat+nat,"Jack London, Waikiki Beach, Honolulu, Oahu."," Jack London, Waikiki Beach, Honolulu, Oahu.",0.0
arctic_a0554,Spanish,EBVS,nat+nat_diff_utt,"Jack London, Waikiki Beach, Honolulu, Oahu."," Jack London, Waikiki Beach, Honolulu, Oahu.",0.0
arctic_a0554,Spanish,EBVS,nat+l2_same,"Jack London, Waikiki Beach, Honolulu, Oahu."," Jack London, Waikiki Beach, Honolulu, Oahu.",0.0
arctic_a0554,Spanish,EBVS,nat+interp,"Jack London, Waikiki Beach, Honolulu, Oahu."," Jack London, Waikiki Beach, Honolulu, Oahu.",0.0
arctic_a0554,Spanish,EBVS,nat+noise,"Jack London, Waikiki Beach, Honolulu, Oahu.", Jack London.,0.6666666666666666
arctic_a0554,Spanish,EBVS,l2+l2,"Jack London, Waikiki Beach, Honolulu, Oahu."," Jack London, Waikiki Beach, Honolulu, Oahu.",0.0
arctic_a0554,Spanish,EBVS,l2+l2_diff_utt,"Jack London, Waikiki Beach, Honolulu, Oahu."," Jack London, Waikiki Beach, Honolulu, Oahu.",0.0
arctic_a0554,Spanish,EBVS,l2+nat_same,"Jack London, Waikiki Beach, Honolulu, Oahu."," Jack London, Waikiki Beach, Honolulu, Oahu.",0.0
arctic_a0554,Spanish,EBVS,l2+interp,"Jack London, Waikiki Beach, Honolulu, Oahu."," Jack London, Waikiki Beach, Honolulu Wahoo.",0.16666666666666666
arctic_a0554,Spanish,EBVS,l2+noise,"Jack London, Waikiki Beach, Honolulu, Oahu.", Jack London,0.6666666666666666
arctic_a0554,Spanish,EBVS,nat+zero_0,"Jack London, Waikiki Beach, Honolulu, Oahu."," Jack London, Waikiki Beach, Honolulu, Oahu.",0.0
arctic_a0554,Spanish,EBVS,l2+zero_0,"Jack London, Waikiki Beach, Honolulu, Oahu."," Jack London, Waikiki Beach, Honolulu, Wahoo.",0.16666666666666666
arctic_a0554,Spanish,EBVS,nat+zero_100,"Jack London, Waikiki Beach, Honolulu, Oahu."," Jack London, Waikiki Beach, Honolulu, Oahu.",0.0
arctic_a0554,Spanish,EBVS,l2+zero_100,"Jack London, Waikiki Beach, Honolulu, Oahu."," Jack London, Waikiki Beach, Honolulu, Wahoo.",0.16666666666666666
arctic_a0554,Spanish,EBVS,nat+zero_200,"Jack London, Waikiki Beach, Honolulu, Oahu."," Jack London, Waikiki Beach, Honolulu, Oahu.",0.0
arctic_a0554,Spanish,EBVS,l2+zero_200,"Jack London, Waikiki Beach, Honolulu, Oahu."," Jack London, Waikiki Beach, Honolulu, Wahoo.",0.16666666666666666
arctic_a0554,Spanish,EBVS,nat+zero_400,"Jack London, Waikiki Beach, Honolulu, Oahu."," Jack London, Waikiki Beach, Honolulu, Oahu.",0.0
arctic_a0554,Spanish,EBVS,l2+zero_400,"Jack London, Waikiki Beach, Honolulu, Oahu."," Jack London, Waikiki Beach, Honolulu, Wahoo.",0.16666666666666666
arctic_a0554,Spanish,EBVS,nat+zero_800,"Jack London, Waikiki Beach, Honolulu, Oahu."," Jack London, Waikiki Beach, Honolulu, Oahu.",0.0
arctic_a0554,Spanish,EBVS,l2+zero_800,"Jack London, Waikiki Beach, Honolulu, Oahu."," Jack London, Waikiki Beach, Honolulu, Wahoo.",0.16666666666666666
arctic_a0554,Spanish,EBVS,nat+empty_pad,"Jack London, Waikiki Beach, Honolulu, Oahu."," Jack London, Waikiki Beach, Honolulu, Oahu.",0.0
arctic_a0554,Spanish,EBVS,l2+empty_pad,"Jack London, Waikiki Beach, Honolulu, Oahu."," Jack London, Waikiki Beach, Honolulu, Oahu.",0.0
arctic_a0554,Vietnamese,HQTV,nat+nat,"Jack London, Waikiki Beach, Honolulu, Oahu."," Jack London, Waikiki Beach, Honolulu, Oahu.",0.0
arctic_a0554,Vietnamese,HQTV,nat+nat_diff_utt,"Jack London, Waikiki Beach, Honolulu, Oahu."," Jack London, Waikiki Beach, Honolulu, Oahu.",0.0
arctic_a0554,Vietnamese,HQTV,nat+l2_same,"Jack London, Waikiki Beach, Honolulu, Oahu."," Jack London, Waikiki Beach, Honolulu, Oahu.",0.0
arctic_a0554,Vietnamese,HQTV,nat+interp,"Jack London, Waikiki Beach, Honolulu, Oahu."," Jack London, Waikiki Beach, Honolulu, O'",0.16666666666666666
arctic_a0554,Vietnamese,HQTV,nat+noise,"Jack London, Waikiki Beach, Honolulu, Oahu.", Jack London.,0.6666666666666666
arctic_a0554,Vietnamese,HQTV,l2+l2,"Jack London, Waikiki Beach, Honolulu, Oahu."," Jack London, Waikiki Beach, Honolulu, Ahu",0.16666666666666666
arctic_a0554,Vietnamese,HQTV,l2+l2_diff_utt,"Jack London, Waikiki Beach, Honolulu, Oahu."," Jack London, Waikiki Beach, Honolulu, Ahoo.",0.16666666666666666
arctic_a0554,Vietnamese,HQTV,l2+nat_same,"Jack London, Waikiki Beach, Honolulu, Oahu."," Jack London, Waikiki Beach, Honolulu, Ahu.",0.16666666666666666
arctic_a0554,Vietnamese,HQTV,l2+interp,"Jack London, Waikiki Beach, Honolulu, Oahu."," Jack London, Waiki KB",0.6666666666666666
arctic_a0554,Vietnamese,HQTV,l2+noise,"Jack London, Waikiki Beach, Honolulu, Oahu.", Jack London,0.6666666666666666
arctic_a0554,Vietnamese,HQTV,nat+zero_0,"Jack London, Waikiki Beach, Honolulu, Oahu."," Jack London, Waikiki Beach, Honolulu, Oahu.",0.0
arctic_a0554,Vietnamese,HQTV,l2+zero_0,"Jack London, Waikiki Beach, Honolulu, Oahu."," Jack London, Waikiki Beach, Honolulu, Ahoo.",0.16666666666666666
arctic_a0554,Vietnamese,HQTV,nat+zero_100,"Jack London, Waikiki Beach, Honolulu, Oahu."," Jack London, Waikiki Beach, Honolulu, Oahu.",0.0
arctic_a0554,Vietnamese,HQTV,l2+zero_100,"Jack London, Waikiki Beach, Honolulu, Oahu."," Jack London, Waikiki Beach, Honolulu, Ahoo.",0.16666666666666666
arctic_a0554,Vietnamese,HQTV,nat+zero_200,"Jack London, Waikiki Beach, Honolulu, Oahu."," Jack London, Waikiki Beach, Honolulu, Oahu.",0.0
arctic_a0554,Vietnamese,HQTV,l2+zero_200,"Jack London, Waikiki Beach, Honolulu, Oahu."," Jack London, Waikiki Beach, Honolulu, Ahoo.",0.16666666666666666
arctic_a0554,Vietnamese,HQTV,nat+zero_400,"Jack London, Waikiki Beach, Honolulu, Oahu."," Jack London, Waikiki Beach, Honolulu, Oahu.",0.0
arctic_a0554,Vietnamese,HQTV,l2+zero_400,"Jack London, Waikiki Beach, Honolulu, Oahu."," Jack London, Waikiki Beach, Honolulu, Ahoo.",0.16666666666666666
arctic_a0554,Vietnamese,HQTV,nat+zero_800,"Jack London, Waikiki Beach, Honolulu, Oahu."," Jack London, Waikiki Beach, Honolulu, Oahu.",0.0
arctic_a0554,Vietnamese,HQTV,l2+zero_800,"Jack London, Waikiki Beach, Honolulu, Oahu."," Jack London, Waikiki Beach, Honolulu, Ahoo.",0.16666666666666666
arctic_a0554,Vietnamese,HQTV,nat+empty_pad,"Jack London, Waikiki Beach, Honolulu, Oahu."," Jack London, Waikiki Beach, Honolulu, Oahu.",0.0
arctic_a0554,Vietnamese,HQTV,l2+empty_pad,"Jack London, Waikiki Beach, Honolulu, Oahu."," Jack London, Waikiki Beach, Honolulu, Ahu.",0.16666666666666666
arctic_a0584,Arabic,ZHAA,nat+nat,I have long noted your thirst unquenchable., I have long noted your thirst unquenchable.,0.0
arctic_a0584,Arabic,ZHAA,nat+nat_diff_utt,I have long noted your thirst unquenchable., I have long noted you're thirst unquenchable.,0.14285714285714285
arctic_a0584,Arabic,ZHAA,nat+l2_same,I have long noted your thirst unquenchable., I have long noted you're thirst unquenchable.,0.14285714285714285
arctic_a0584,Arabic,ZHAA,nat+interp,I have long noted your thirst unquenchable., I have long noted your thirst unquenchable.,0.0
arctic_a0584,Arabic,ZHAA,nat+noise,I have long noted your thirst unquenchable., I have long noted your,0.2857142857142857
arctic_a0584,Arabic,ZHAA,l2+l2,I have long noted your thirst unquenchable., I have long noted your thirst and quenchable.,0.2857142857142857
arctic_a0584,Arabic,ZHAA,l2+l2_diff_utt,I have long noted your thirst unquenchable., I have long noted your thirst and quenchable.,0.2857142857142857
arctic_a0584,Arabic,ZHAA,l2+nat_same,I have long noted your thirst unquenchable., I have long noted your thirst and quenchable.,0.2857142857142857
arctic_a0584,Arabic,ZHAA,l2+interp,I have long noted your thirst unquenchable., I have long noted your thirst and quenchable.,0.2857142857142857
arctic_a0584,Arabic,ZHAA,l2+noise,I have long noted your thirst unquenchable., I have long,0.5714285714285714
arctic_a0584,Arabic,ZHAA,nat+zero_0,I have long noted your thirst unquenchable., I have long noted your thirst unquenchable.,0.0
arctic_a0584,Arabic,ZHAA,l2+zero_0,I have long noted your thirst unquenchable., I have long noted your thirst and quenchable.,0.2857142857142857
arctic_a0584,Arabic,ZHAA,nat+zero_100,I have long noted your thirst unquenchable., I have long noted your thirst unquenchable.,0.0
arctic_a0584,Arabic,ZHAA,l2+zero_100,I have long noted your thirst unquenchable., I have long noted your thirst and quenchable.,0.2857142857142857
arctic_a0584,Arabic,ZHAA,nat+zero_200,I have long noted your thirst unquenchable., I have long noted your thirst unquenchable.,0.0
arctic_a0584,Arabic,ZHAA,l2+zero_200,I have long noted your thirst unquenchable., I have long noted your thirst and quenchable.,0.2857142857142857
arctic_a0584,Arabic,ZHAA,nat+zero_400,I have long noted your thirst unquenchable., I have long noted your thirst unquenchable.,0.0
arctic_a0584,Arabic,ZHAA,l2+zero_400,I have long noted your thirst unquenchable., I have long noted your thirst and quenchable.,0.2857142857142857
arctic_a0584,Arabic,ZHAA,nat+zero_800,I have long noted your thirst unquenchable., I have long noted your thirst unquenchable.,0.0
arctic_a0584,Arabic,ZHAA,l2+zero_800,I have long noted your thirst unquenchable., I have long noted your thirst and quenchable.,0.2857142857142857
arctic_a0584,Arabic,ZHAA,nat+empty_pad,I have long noted your thirst unquenchable., I have long noted your thirst unquenchable.,0.0
arctic_a0584,Arabic,ZHAA,l2+empty_pad,I have long noted your thirst unquenchable., I have long noted your thirst and quenchable.,0.2857142857142857
arctic_a0584,Chinese,BWC,nat+nat,I have long noted your thirst unquenchable., I have long noted your thirst unquenchable.,0.0
arctic_a0584,Chinese,BWC,nat+nat_diff_utt,I have long noted your thirst unquenchable., I have long noted you're thirst unquenchable.,0.14285714285714285
arctic_a0584,Chinese,BWC,nat+l2_same,I have long noted your thirst unquenchable., I have long noted you're thirst unquenchable.,0.14285714285714285
arctic_a0584,Chinese,BWC,nat+interp,I have long noted your thirst unquenchable., I have long noted your thirst unquenchable.,0.0
arctic_a0584,Chinese,BWC,nat+noise,I have long noted your thirst unquenchable., I have long noted your,0.2857142857142857
arctic_a0584,Chinese,BWC,l2+l2,I have long noted your thirst unquenchable., I have long noted your theories on quantum.,0.42857142857142855
arctic_a0584,Chinese,BWC,l2+l2_diff_utt,I have long noted your thirst unquenchable., I have long noted your theories are unquantable.,0.42857142857142855
arctic_a0584,Chinese,BWC,l2+nat_same,I have long noted your thirst unquenchable., I have long noted your theories on quantum.,0.42857142857142855
arctic_a0584,Chinese,BWC,l2+interp,I have long noted your thirst unquenchable.," I had long noted your theories, unquantable.",0.42857142857142855
arctic_a0584,Chinese,BWC,l2+noise,I have long noted your thirst unquenchable., I had long noted your,0.42857142857142855
arctic_a0584,Chinese,BWC,nat+zero_0,I have long noted your thirst unquenchable., I have long noted your thirst unquenchable.,0.0
arctic_a0584,Chinese,BWC,l2+zero_0,I have long noted your thirst unquenchable.," I have long noted your theories, uncountable.",0.2857142857142857
arctic_a0584,Chinese,BWC,nat+zero_100,I have long noted your thirst unquenchable., I have long noted your thirst unquenchable.,0.0
arctic_a0584,Chinese,BWC,l2+zero_100,I have long noted your thirst unquenchable.," I have long noted your theories, unquantable.",0.2857142857142857
arctic_a0584,Chinese,BWC,nat+zero_200,I have long noted your thirst unquenchable., I have long noted your thirst unquenchable.,0.0
arctic_a0584,Chinese,BWC,l2+zero_200,I have long noted your thirst unquenchable.," I have long noted your theories, unquantable.",0.2857142857142857
arctic_a0584,Chinese,BWC,nat+zero_400,I have long noted your thirst unquenchable., I have long noted your thirst unquenchable.,0.0
arctic_a0584,Chinese,BWC,l2+zero_400,I have long noted your thirst unquenchable., I have long noted your theories on the quantum.,0.5714285714285714
arctic_a0584,Chinese,BWC,nat+zero_800,I have long noted your thirst unquenchable., I have long noted your thirst unquenchable.,0.0
arctic_a0584,Chinese,BWC,l2+zero_800,I have long noted your thirst unquenchable., I have long noted your theories on quantum.,0.42857142857142855
arctic_a0584,Chinese,BWC,nat+empty_pad,I have long noted your thirst unquenchable., I have long noted your thirst unquenchable.,0.0
arctic_a0584,Chinese,BWC,l2+empty_pad,I have long noted your thirst unquenchable., I have long noted your theories on quantum.,0.42857142857142855
arctic_a0584,Hindi,SVBI,nat+nat,I have long noted your thirst unquenchable., I have long noted your thirst unquenchable.,0.0
arctic_a0584,Hindi,SVBI,nat+nat_diff_utt,I have long noted your thirst unquenchable., I have long noted you're thirst unquenchable.,0.14285714285714285
arctic_a0584,Hindi,SVBI,nat+l2_same,I have long noted your thirst unquenchable., I have long noted your thirst unquenchable.,0.0
arctic_a0584,Hindi,SVBI,nat+interp,I have long noted your thirst unquenchable., I have long noted your thirst unquenchable.,0.0
arctic_a0584,Hindi,SVBI,nat+noise,I have long noted your thirst unquenchable., I have long noted your,0.2857142857142857
arctic_a0584,Hindi,SVBI,l2+l2,I have long noted your thirst unquenchable., I have long noted your thirst and quenchable.,0.2857142857142857
arctic_a0584,Hindi,SVBI,l2+l2_diff_utt,I have long noted your thirst unquenchable., I have long noted your thirst and quenchable.,0.2857142857142857
arctic_a0584,Hindi,SVBI,l2+nat_same,I have long noted your thirst unquenchable., I have long noted your thirst and quenchable.,0.2857142857142857
arctic_a0584,Hindi,SVBI,l2+interp,I have long noted your thirst unquenchable., I have long noted your thirst and quenchable.,0.2857142857142857
arctic_a0584,Hindi,SVBI,l2+noise,I have long noted your thirst unquenchable., I have long,0.5714285714285714
arctic_a0584,Hindi,SVBI,nat+zero_0,I have long noted your thirst unquenchable., I have long noted your thirst unquenchable.,0.0
arctic_a0584,Hindi,SVBI,l2+zero_0,I have long noted your thirst unquenchable., I have long noted your thirst and quenchable.,0.2857142857142857
arctic_a0584,Hindi,SVBI,nat+zero_100,I have long noted your thirst unquenchable., I have long noted your thirst unquenchable.,0.0
arctic_a0584,Hindi,SVBI,l2+zero_100,I have long noted your thirst unquenchable., I have long noted your thirst and quenchable.,0.2857142857142857
arctic_a0584,Hindi,SVBI,nat+zero_200,I have long noted your thirst unquenchable., I have long noted your thirst unquenchable.,0.0
arctic_a0584,Hindi,SVBI,l2+zero_200,I have long noted your thirst unquenchable., I have long noted your thirst and quenchable.,0.2857142857142857
arctic_a0584,Hindi,SVBI,nat+zero_400,I have long noted your thirst unquenchable., I have long noted your thirst unquenchable.,0.0
arctic_a0584,Hindi,SVBI,l2+zero_400,I have long noted your thirst unquenchable., I have long noted your thirst and quenchable.,0.2857142857142857
arctic_a0584,Hindi,SVBI,nat+zero_800,I have long noted your thirst unquenchable., I have long noted your thirst unquenchable.,0.0
arctic_a0584,Hindi,SVBI,l2+zero_800,I have long noted your thirst unquenchable., I have long noted your thirst and quenchable.,0.2857142857142857
arctic_a0584,Hindi,SVBI,nat+empty_pad,I have long noted your thirst unquenchable., I have long noted your thirst unquenchable.,0.0
arctic_a0584,Hindi,SVBI,l2+empty_pad,I have long noted your thirst unquenchable., I have long noted your thirst and quenchable.,0.2857142857142857
arctic_a0584,Korean,HJK,nat+nat,I have long noted your thirst unquenchable., I have long noted your thirst unquenchable.,0.0
arctic_a0584,Korean,HJK,nat+nat_diff_utt,I have long noted your thirst unquenchable., I have long noted you're thirst unquenchable.,0.14285714285714285
arctic_a0584,Korean,HJK,nat+l2_same,I have long noted your thirst unquenchable., I have long noted your thirst unquenchable.,0.0
arctic_a0584,Korean,HJK,nat+interp,I have long noted your thirst unquenchable., I have long noted your thirst unquen chable.,0.2857142857142857
arctic_a0584,Korean,HJK,nat+noise,I have long noted your thirst unquenchable., I have long noted your,0.2857142857142857
arctic_a0584,Korean,HJK,l2+l2,I have long noted your thirst unquenchable., I have long noted your thirst on quenchable.,0.2857142857142857
arctic_a0584,Korean,HJK,l2+l2_diff_utt,I have long noted your thirst unquenchable., I have long noted your thirst on quenchable.,0.2857142857142857
arctic_a0584,Korean,HJK,l2+nat_same,I have long noted your thirst unquenchable., I have long noted your thirst on quenchable.,0.2857142857142857
arctic_a0584,Korean,HJK,l2+interp,I have long noted your thirst unquenchable., I have long noted your thirst on quen ch,0.42857142857142855
arctic_a0584,Korean,HJK,l2+noise,I have long noted your thirst unquenchable., I have long,0.5714285714285714
arctic_a0584,Korean,HJK,nat+zero_0,I have long noted your thirst unquenchable., I have long noted your thirst unquenchable.,0.0
arctic_a0584,Korean,HJK,l2+zero_0,I have long noted your thirst unquenchable., I have long noted your thirst on quenchable.,0.2857142857142857
arctic_a0584,Korean,HJK,nat+zero_100,I have long noted your thirst unquenchable., I have long noted your thirst unquenchable.,0.0
arctic_a0584,Korean,HJK,l2+zero_100,I have long noted your thirst unquenchable., I have long noted your thirst on quenchable.,0.2857142857142857
arctic_a0584,Korean,HJK,nat+zero_200,I have long noted your thirst unquenchable., I have long noted your thirst unquenchable.,0.0
arctic_a0584,Korean,HJK,l2+zero_200,I have long noted your thirst unquenchable., I have long noted your thirst on quenchable.,0.2857142857142857
arctic_a0584,Korean,HJK,nat+zero_400,I have long noted your thirst unquenchable., I have long noted your thirst unquenchable.,0.0
arctic_a0584,Korean,HJK,l2+zero_400,I have long noted your thirst unquenchable., I have long noted your thirst on quenchable.,0.2857142857142857
arctic_a0584,Korean,HJK,nat+zero_800,I have long noted your thirst unquenchable., I have long noted your thirst unquenchable.,0.0
arctic_a0584,Korean,HJK,l2+zero_800,I have long noted your thirst unquenchable., I have long noted your thirst on quenchable.,0.2857142857142857
arctic_a0584,Korean,HJK,nat+empty_pad,I have long noted your thirst unquenchable., I have long noted your thirst unquenchable.,0.0
arctic_a0584,Korean,HJK,l2+empty_pad,I have long noted your thirst unquenchable., I have long noted your thirst on quenchable.,0.2857142857142857
arctic_a0584,Spanish,EBVS,nat+nat,I have long noted your thirst unquenchable., I have long noted your thirst unquenchable.,0.0
arctic_a0584,Spanish,EBVS,nat+nat_diff_utt,I have long noted your thirst unquenchable., I have long noted you're thirst unquenchable.,0.14285714285714285
arctic_a0584,Spanish,EBVS,nat+l2_same,I have long noted your thirst unquenchable., I have long noted your thirst unquenchable.,0.0
arctic_a0584,Spanish,EBVS,nat+interp,I have long noted your thirst unquenchable., I have long noted your thirst unquen chable.,0.2857142857142857
arctic_a0584,Spanish,EBVS,nat+noise,I have long noted your thirst unquenchable., I have long noted your,0.2857142857142857
arctic_a0584,Spanish,EBVS,l2+l2,I have long noted your thirst unquenchable., I have long noted your sin and conch board.,0.5714285714285714
arctic_a0584,Spanish,EBVS,l2+l2_diff_utt,I have long noted your thirst unquenchable., I have long noted your sin and conchable.,0.42857142857142855
arctic_a0584,Spanish,EBVS,l2+nat_same,I have long noted your thirst unquenchable., I have long noted your sin and conchable.,0.42857142857142855
arctic_a0584,Spanish,EBVS,l2+interp,I have long noted your thirst unquenchable., I have long noted your thing unconshable,0.2857142857142857
arctic_a0584,Spanish,EBVS,l2+noise,I have long noted your thirst unquenchable., I have,0.7142857142857143
arctic_a0584,Spanish,EBVS,nat+zero_0,I have long noted your thirst unquenchable., I have long noted your thirst unquenchable.,0.0
arctic_a0584,Spanish,EBVS,l2+zero_0,I have long noted your thirst unquenchable., I have long noted your sin and conch board.,0.5714285714285714
arctic_a0584,Spanish,EBVS,nat+zero_100,I have long noted your thirst unquenchable., I have long noted your thirst unquenchable.,0.0
arctic_a0584,Spanish,EBVS,l2+zero_100,I have long noted your thirst unquenchable., I have long noted your sin and conch board.,0.5714285714285714
arctic_a0584,Spanish,EBVS,nat+zero_200,I have long noted your thirst unquenchable., I have long noted your thirst unquenchable.,0.0
arctic_a0584,Spanish,EBVS,l2+zero_200,I have long noted your thirst unquenchable., I have long noted your sin and conch board.,0.5714285714285714
arctic_a0584,Spanish,EBVS,nat+zero_400,I have long noted your thirst unquenchable., I have long noted your thirst unquenchable.,0.0
arctic_a0584,Spanish,EBVS,l2+zero_400,I have long noted your thirst unquenchable., I have long noted your sin and conch board.,0.5714285714285714
arctic_a0584,Spanish,EBVS,nat+zero_800,I have long noted your thirst unquenchable., I have long noted your thirst unquenchable.,0.0
arctic_a0584,Spanish,EBVS,l2+zero_800,I have long noted your thirst unquenchable., I have long noted your sin and conch board.,0.5714285714285714
arctic_a0584,Spanish,EBVS,nat+empty_pad,I have long noted your thirst unquenchable., I have long noted your thirst unquenchable.,0.0
arctic_a0584,Spanish,EBVS,l2+empty_pad,I have long noted your thirst unquenchable., I have long noted your sin and conch board.,0.5714285714285714
arctic_a0584,Vietnamese,HQTV,nat+nat,I have long noted your thirst unquenchable., I have long noted your thirst unquenchable.,0.0
arctic_a0584,Vietnamese,HQTV,nat+nat_diff_utt,I have long noted your thirst unquenchable., I have long noted you're thirst unquenchable.,0.14285714285714285
arctic_a0584,Vietnamese,HQTV,nat+l2_same,I have long noted your thirst unquenchable., I have long noted you're thirst unquenchable.,0.14285714285714285
arctic_a0584,Vietnamese,HQTV,nat+interp,I have long noted your thirst unquenchable., I have long noted you're thirst unquenchable.,0.14285714285714285
arctic_a0584,Vietnamese,HQTV,nat+noise,I have long noted your thirst unquenchable., I have long noted your,0.2857142857142857
arctic_a0584,Vietnamese,HQTV,l2+l2,I have long noted your thirst unquenchable., I have long noticed your toast unquenchable.,0.2857142857142857
arctic_a0584,Vietnamese,HQTV,l2+l2_diff_utt,I have long noted your thirst unquenchable., I have long noticed your toast unquenchable.,0.2857142857142857
arctic_a0584,Vietnamese,HQTV,l2+nat_same,I have long noted your thirst unquenchable., I have long noticed your toast unquenchable.,0.2857142857142857
arctic_a0584,Vietnamese,HQTV,l2+interp,I have long noted your thirst unquenchable., I have long noticed your toast unquenchable.,0.2857142857142857
arctic_a0584,Vietnamese,HQTV,l2+noise,I have long noted your thirst unquenchable., I have long,0.5714285714285714
arctic_a0584,Vietnamese,HQTV,nat+zero_0,I have long noted your thirst unquenchable., I have long noted your thirst unquenchable.,0.0
arctic_a0584,Vietnamese,HQTV,l2+zero_0,I have long noted your thirst unquenchable., I have long noticed your toast unquenchable.,0.2857142857142857
arctic_a0584,Vietnamese,HQTV,nat+zero_100,I have long noted your thirst unquenchable., I have long noted your thirst unquenchable.,0.0
arctic_a0584,Vietnamese,HQTV,l2+zero_100,I have long noted your thirst unquenchable., I have long noticed your toast unquenchable.,0.2857142857142857
arctic_a0584,Vietnamese,HQTV,nat+zero_200,I have long noted your thirst unquenchable., I have long noted your thirst unquenchable.,0.0
arctic_a0584,Vietnamese,HQTV,l2+zero_200,I have long noted your thirst unquenchable., I have long noticed your toast unquenchable.,0.2857142857142857
arctic_a0584,Vietnamese,HQTV,nat+zero_400,I have long noted your thirst unquenchable., I have long noted your thirst unquenchable.,0.0
arctic_a0584,Vietnamese,HQTV,l2+zero_400,I have long noted your thirst unquenchable., I have long noticed your toast unquenchable.,0.2857142857142857
arctic_a0584,Vietnamese,HQTV,nat+zero_800,I have long noted your thirst unquenchable., I have long noted your thirst unquenchable.,0.0
arctic_a0584,Vietnamese,HQTV,l2+zero_800,I have long noted your thirst unquenchable., I have long noticed your toast unquenchable.,0.2857142857142857
arctic_a0584,Vietnamese,HQTV,nat+empty_pad,I have long noted your thirst unquenchable., I have long noted your thirst unquenchable.,0.0
arctic_a0584,Vietnamese,HQTV,l2+empty_pad,I have long noted your thirst unquenchable., I have long noticed your toast unquenchable.,0.2857142857142857
arctic_b0031,Arabic,ZHAA,nat+nat,Gregson had seated himself under the lamp and was sharpening a pencil., Gregson had seated himself under the lamp and was sharpening a pencil.,0.0
arctic_b0031,Arabic,ZHAA,nat+nat_diff_utt,Gregson had seated himself under the lamp and was sharpening a pencil., Gregson had seated himself under the lamp and was sharpening a pencil.,0.0
arctic_b0031,Arabic,ZHAA,nat+l2_same,Gregson had seated himself under the lamp and was sharpening a pencil., Gregson had seated himself under the lamp and was sharpening a pencil.,0.0
arctic_b0031,Arabic,ZHAA,nat+interp,Gregson had seated himself under the lamp and was sharpening a pencil., Gregson had,0.8333333333333334
arctic_b0031,Arabic,ZHAA,nat+noise,Gregson had seated himself under the lamp and was sharpening a pencil., Gregson,0.9166666666666666
arctic_b0031,Arabic,ZHAA,l2+l2,Gregson had seated himself under the lamp and was sharpening a pencil., Grigson has seated himself under the lamp and was starbanging a pencil.,0.25
arctic_b0031,Arabic,ZHAA,l2+l2_diff_utt,Gregson had seated himself under the lamp and was sharpening a pencil., Grigson has seated himself under the lamp and was starbanging a pencil.,0.25
arctic_b0031,Arabic,ZHAA,l2+nat_same,Gregson had seated himself under the lamp and was sharpening a pencil., Grigson has seated himself under the lamp and was starbanging a pencil.,0.25
arctic_b0031,Arabic,ZHAA,l2+interp,Gregson had seated himself under the lamp and was sharpening a pencil., Grick sin has seated himself under the lamp and was star being a pencil.,0.4166666666666667
arctic_b0031,Arabic,ZHAA,l2+noise,Gregson had seated himself under the lamp and was sharpening a pencil., Grick Gr,1.0
arctic_b0031,Arabic,ZHAA,nat+zero_0,Gregson had seated himself under the lamp and was sharpening a pencil., Gregson had seated himself under the lamp and was sharpening a pencil.,0.0
arctic_b0031,Arabic,ZHAA,l2+zero_0,Gregson had seated himself under the lamp and was sharpening a pencil., Grigson has seated himself under the lamp and was starving a pencil.,0.25
arctic_b0031,Arabic,ZHAA,nat+zero_100,Gregson had seated himself under the lamp and was sharpening a pencil., Gregson had seated himself under the lamp and was sharpening a pencil.,0.0
arctic_b0031,Arabic,ZHAA,l2+zero_100,Gregson had seated himself under the lamp and was sharpening a pencil., Grigson has seated himself under the lamp and was starving a pencil.,0.25
arctic_b0031,Arabic,ZHAA,nat+zero_200,Gregson had seated himself under the lamp and was sharpening a pencil., Gregson had seated himself under the lamp and was sharpening a pencil.,0.0
arctic_b0031,Arabic,ZHAA,l2+zero_200,Gregson had seated himself under the lamp and was sharpening a pencil., Grigson has seated himself under the lamp and was starving a pencil.,0.25
arctic_b0031,Arabic,ZHAA,nat+zero_400,Gregson had seated himself under the lamp and was sharpening a pencil., Gregson had seated himself under the lamp and was sharpening a pencil.,0.0
arctic_b0031,Arabic,ZHAA,l2+zero_400,Gregson had seated himself under the lamp and was sharpening a pencil., Grigson has seated himself under the lamp and was starving a pencil.,0.25
arctic_b0031,Arabic,ZHAA,nat+zero_800,Gregson had seated himself under the lamp and was sharpening a pencil., Gregson had seated himself under the lamp and was sharpening a pencil.,0.0
arctic_b0031,Arabic,ZHAA,l2+zero_800,Gregson had seated himself under the lamp and was sharpening a pencil., Grigson has seated himself under the lamp and was starving a pencil.,0.25
arctic_b0031,Arabic,ZHAA,nat+empty_pad,Gregson had seated himself under the lamp and was sharpening a pencil., Gregson had seated himself under the lamp and was sharpening a pencil.,0.0
arctic_b0031,Arabic,ZHAA,l2+empty_pad,Gregson had seated himself under the lamp and was sharpening a pencil., Grigson has seated himself under the lamp and was starbanging a pencil.,0.25
arctic_b0031,Chinese,BWC,nat+nat,Gregson had seated himself under the lamp and was sharpening a pencil., Gregson had seated himself under the lamp and was sharpening a pencil.,0.0
arctic_b0031,Chinese,BWC,nat+nat_diff_utt,Gregson had seated himself under the lamp and was sharpening a pencil., Gregson had seated himself under the lamp and was sharpening a pencil.,0.0
arctic_b0031,Chinese,BWC,nat+l2_same,Gregson had seated himself under the lamp and was sharpening a pencil., Gregson had seated himself under the lamp and was sharpening a pencil.,0.0
arctic_b0031,Chinese,BWC,nat+interp,Gregson had seated himself under the lamp and was sharpening a pencil., Gregson had seated himself under the lamp and was sharpening a pencil.,0.0
arctic_b0031,Chinese,BWC,nat+noise,Gregson had seated himself under the lamp and was sharpening a pencil., Gregson,0.9166666666666666
arctic_b0031,Chinese,BWC,l2+l2,Gregson had seated himself under the lamp and was sharpening a pencil., Gregson had seated himself under the lamp and was sharpening a pencil.,0.0
arctic_b0031,Chinese,BWC,l2+l2_diff_utt,Gregson had seated himself under the lamp and was sharpening a pencil., Gregson had seated himself under the lamp and was sharpening a pencil.,0.0
arctic_b0031,Chinese,BWC,l2+nat_same,Gregson had seated himself under the lamp and was sharpening a pencil., Gregson had seated himself under the lamp and was sharpening a pencil.,0.0
arctic_b0031,Chinese,BWC,l2+interp,Gregson had seated himself under the lamp and was sharpening a pencil., Gregson had sitting himself under the lamp and was sharpening a pencil.,0.08333333333333333
arctic_b0031,Chinese,BWC,l2+noise,Gregson had seated himself under the lamp and was sharpening a pencil., Gregson,0.9166666666666666
arctic_b0031,Chinese,BWC,nat+zero_0,Gregson had seated himself under the lamp and was sharpening a pencil., Gregson had seated himself under the lamp and was sharpening a pencil.,0.0
arctic_b0031,Chinese,BWC,l2+zero_0,Gregson had seated himself under the lamp and was sharpening a pencil., Gregson had seated himself under the lamp and was sharpening a pencil.,0.0
arctic_b0031,Chinese,BWC,nat+zero_100,Gregson had seated himself under the lamp and was sharpening a pencil., Gregson had seated himself under the lamp and was sharpening a pencil.,0.0
arctic_b0031,Chinese,BWC,l2+zero_100,Gregson had seated himself under the lamp and was sharpening a pencil., Gregson had seated himself under the lamp and was sharpening a pencil.,0.0
arctic_b0031,Chinese,BWC,nat+zero_200,Gregson had seated himself under the lamp and was sharpening a pencil., Gregson had seated himself under the lamp and was sharpening a pencil.,0.0
arctic_b0031,Chinese,BWC,l2+zero_200,Gregson had seated himself under the lamp and was sharpening a pencil., Gregson had seated himself under the lamp and was sharpening a pencil.,0.0
arctic_b0031,Chinese,BWC,nat+zero_400,Gregson had seated himself under the lamp and was sharpening a pencil., Gregson had seated himself under the lamp and was sharpening a pencil.,0.0
arctic_b0031,Chinese,BWC,l2+zero_400,Gregson had seated himself under the lamp and was sharpening a pencil., Gregson had seated himself under the lamp and was sharpening a pencil.,0.0
arctic_b0031,Chinese,BWC,nat+zero_800,Gregson had seated himself under the lamp and was sharpening a pencil., Gregson had seated himself under the lamp and was sharpening a pencil.,0.0
arctic_b0031,Chinese,BWC,l2+zero_800,Gregson had seated himself under the lamp and was sharpening a pencil., Gregson had seated himself under the lamp and was sharpening a pencil.,0.0
arctic_b0031,Chinese,BWC,nat+empty_pad,Gregson had seated himself under the lamp and was sharpening a pencil., Gregson had seated himself under the lamp and was sharpening a pencil.,0.0
arctic_b0031,Chinese,BWC,l2+empty_pad,Gregson had seated himself under the lamp and was sharpening a pencil., Gregson had seated himself under the lamp and was sharpening a pencil.,0.0
arctic_b0031,Hindi,SVBI,nat+nat,Gregson had seated himself under the lamp and was sharpening a pencil., Gregson had seated himself under the lamp and was sharpening a pencil.,0.0
arctic_b0031,Hindi,SVBI,nat+nat_diff_utt,Gregson had seated himself under the lamp and was sharpening a pencil., Gregson had seated himself under the lamp and was sharpening a pencil.,0.0
arctic_b0031,Hindi,SVBI,nat+l2_same,Gregson had seated himself under the lamp and was sharpening a pencil., Gregson had seated himself under the lamp and was sharpening a pencil.,0.0
arctic_b0031,Hindi,SVBI,nat+interp,Gregson had seated himself under the lamp and was sharpening a pencil., Gregson had seated himself under the lamp and was sharpening a pencil.,0.0
arctic_b0031,Hindi,SVBI,nat+noise,Gregson had seated himself under the lamp and was sharpening a pencil., Gregson,0.9166666666666666
arctic_b0031,Hindi,SVBI,l2+l2,Gregson had seated himself under the lamp and was sharpening a pencil., Grexen had seated himself under the lamp and was sharpening a pencil.,0.08333333333333333
arctic_b0031,Hindi,SVBI,l2+l2_diff_utt,Gregson had seated himself under the lamp and was sharpening a pencil., Grexen had seated himself under the lamp and was sharpening a pencil.,0.08333333333333333
arctic_b0031,Hindi,SVBI,l2+nat_same,Gregson had seated himself under the lamp and was sharpening a pencil., Grexen had seated himself under the lamp and was sharpening a pencil.,0.08333333333333333
arctic_b0031,Hindi,SVBI,l2+interp,Gregson had seated himself under the lamp and was sharpening a pencil., Grexon had seated himself under the lamp and was sharpening a pencil.,0.08333333333333333
arctic_b0031,Hindi,SVBI,l2+noise,Gregson had seated himself under the lamp and was sharpening a pencil.," Gre,",1.0
arctic_b0031,Hindi,SVBI,nat+zero_0,Gregson had seated himself under the lamp and was sharpening a pencil., Gregson had seated himself under the lamp and was sharpening a pencil.,0.0
arctic_b0031,Hindi,SVBI,l2+zero_0,Gregson had seated himself under the lamp and was sharpening a pencil., Grexon had seated himself under the lamp and was sharpening a pencil.,0.08333333333333333
arctic_b0031,Hindi,SVBI,nat+zero_100,Gregson had seated himself under the lamp and was sharpening a pencil., Gregson had seated himself under the lamp and was sharpening a pencil.,0.0
arctic_b0031,Hindi,SVBI,l2+zero_100,Gregson had seated himself under the lamp and was sharpening a pencil., Grexon had seated himself under the lamp and was sharpening a pencil.,0.08333333333333333
arctic_b0031,Hindi,SVBI,nat+zero_200,Gregson had seated himself under the lamp and was sharpening a pencil., Gregson had seated himself under the lamp and was sharpening a pencil.,0.0
arctic_b0031,Hindi,SVBI,l2+zero_200,Gregson had seated himself under the lamp and was sharpening a pencil., Grexon had seated himself under the lamp and was sharpening a pencil.,0.08333333333333333
arctic_b0031,Hindi,SVBI,nat+zero_400,Gregson had seated himself under the lamp and was sharpening a pencil., Gregson had seated himself under the lamp and was sharpening a pencil.,0.0
arctic_b0031,Hindi,SVBI,l2+zero_400,Gregson had seated himself under the lamp and was sharpening a pencil., Grexen had seated himself under the lamp and was sharpening a pencil.,0.08333333333333333
arctic_b0031,Hindi,SVBI,nat+zero_800,Gregson had seated himself under the lamp and was sharpening a pencil., Gregson had seated himself under the lamp and was sharpening a pencil.,0.0
arctic_b0031,Hindi,SVBI,l2+zero_800,Gregson had seated himself under the lamp and was sharpening a pencil., Grexen had seated himself under the lamp and was sharpening a pencil.,0.08333333333333333
arctic_b0031,Hindi,SVBI,nat+empty_pad,Gregson had seated himself under the lamp and was sharpening a pencil., Gregson had seated himself under the lamp and was sharpening a pencil.,0.0
arctic_b0031,Hindi,SVBI,l2+empty_pad,Gregson had seated himself under the lamp and was sharpening a pencil., Grexen had seated himself under the lamp and was sharpening a pencil.,0.08333333333333333
arctic_b0031,Korean,HJK,nat+nat,Gregson had seated himself under the lamp and was sharpening a pencil., Gregson had seated himself under the lamp and was sharpening a pencil.,0.0
arctic_b0031,Korean,HJK,nat+nat_diff_utt,Gregson had seated himself under the lamp and was sharpening a pencil., Gregson had seated himself under the lamp and was sharpening a pencil.,0.0
arctic_b0031,Korean,HJK,nat+l2_same,Gregson had seated himself under the lamp and was sharpening a pencil., Gregson had seated himself under the lamp and was sharpening a pencil.,0.0
arctic_b0031,Korean,HJK,nat+interp,Gregson had seated himself under the lamp and was sharpening a pencil., Gregson had,0.8333333333333334
arctic_b0031,Korean,HJK,nat+noise,Gregson had seated himself under the lamp and was sharpening a pencil., Gregson,0.9166666666666666
arctic_b0031,Korean,HJK,l2+l2,Gregson had seated himself under the lamp and was sharpening a pencil., Gregson had seated himself under their lamp and was sharpening a pencil.,0.08333333333333333
arctic_b0031,Korean,HJK,l2+l2_diff_utt,Gregson had seated himself under the lamp and was sharpening a pencil., Gregson had seated himself under their lamp and was sharpening a pencil.,0.08333333333333333
arctic_b0031,Korean,HJK,l2+nat_same,Gregson had seated himself under the lamp and was sharpening a pencil., Grexon had seated himself under their lamp and was sharpening a pencil.,0.16666666666666666
arctic_b0031,Korean,HJK,l2+interp,Gregson had seated himself under the lamp and was sharpening a pencil., Gregson had seated himself under their lamp and was sharpening a pencil.,0.08333333333333333
arctic_b0031,Korean,HJK,l2+noise,Gregson had seated himself under the lamp and was sharpening a pencil.," Gregson, Gregson, Greg",0.9166666666666666
arctic_b0031,Korean,HJK,nat+zero_0,Gregson had seated himself under the lamp and was sharpening a pencil., Gregson had seated himself under the lamp and was sharpening a pencil.,0.0
arctic_b0031,Korean,HJK,l2+zero_0,Gregson had seated himself under the lamp and was sharpening a pencil., Gregson had seated himself under their lamp and was sharpening a pencil.,0.08333333333333333
arctic_b0031,Korean,HJK,nat+zero_100,Gregson had seated himself under the lamp and was sharpening a pencil., Gregson had seated himself under the lamp and was sharpening a pencil.,0.0
arctic_b0031,Korean,HJK,l2+zero_100,Gregson had seated himself under the lamp and was sharpening a pencil., Gregson had seated himself under their lamp and was sharpening a pencil.,0.08333333333333333
arctic_b0031,Korean,HJK,nat+zero_200,Gregson had seated himself under the lamp and was sharpening a pencil., Gregson had seated himself under the lamp and was sharpening a pencil.,0.0
arctic_b0031,Korean,HJK,l2+zero_200,Gregson had seated himself under the lamp and was sharpening a pencil., Gregson had seated himself under their lamp and was sharpening a pencil.,0.08333333333333333
arctic_b0031,Korean,HJK,nat+zero_400,Gregson had seated himself under the lamp and was sharpening a pencil., Gregson had seated himself under the lamp and was sharpening a pencil.,0.0
arctic_b0031,Korean,HJK,l2+zero_400,Gregson had seated himself under the lamp and was sharpening a pencil., Gregson had seated himself under their lamp and was sharpening a pencil.,0.08333333333333333
arctic_b0031,Korean,HJK,nat+zero_800,Gregson had seated himself under the lamp and was sharpening a pencil., Gregson had seated himself under the lamp and was sharpening a pencil.,0.0
arctic_b0031,Korean,HJK,l2+zero_800,Gregson had seated himself under the lamp and was sharpening a pencil., Gregson had seated himself under their lamp and was sharpening a pencil.,0.08333333333333333
arctic_b0031,Korean,HJK,nat+empty_pad,Gregson had seated himself under the lamp and was sharpening a pencil., Gregson had seated himself under the lamp and was sharpening a pencil.,0.0
arctic_b0031,Korean,HJK,l2+empty_pad,Gregson had seated himself under the lamp and was sharpening a pencil., Gregson had seated himself under their lamp and was sharpening a pencil.,0.08333333333333333
arctic_b0031,Spanish,EBVS,nat+nat,Gregson had seated himself under the lamp and was sharpening a pencil., Gregson had seated himself under the lamp and was sharpening a pencil.,0.0
arctic_b0031,Spanish,EBVS,nat+nat_diff_utt,Gregson had seated himself under the lamp and was sharpening a pencil., Gregson had seated himself under the lamp and was sharpening a pencil.,0.0
arctic_b0031,Spanish,EBVS,nat+l2_same,Gregson had seated himself under the lamp and was sharpening a pencil., Gregson had seated himself under the lamp and was sharpening a pencil.,0.0
arctic_b0031,Spanish,EBVS,nat+interp,Gregson had seated himself under the lamp and was sharpening a pencil., Gregson had,0.8333333333333334
arctic_b0031,Spanish,EBVS,nat+noise,Gregson had seated himself under the lamp and was sharpening a pencil., Gregson,0.9166666666666666
arctic_b0031,Spanish,EBVS,l2+l2,Gregson had seated himself under the lamp and was sharpening a pencil., Grexton hesitated himself under the lamp and was sharpening a pencil.,0.25
arctic_b0031,Spanish,EBVS,l2+l2_diff_utt,Gregson had seated himself under the lamp and was sharpening a pencil., Grexton hesitated himself under the lamp and was sharpening a pencil.,0.25
arctic_b0031,Spanish,EBVS,l2+nat_same,Gregson had seated himself under the lamp and was sharpening a pencil., Grexton has seated himself under the lamp and was sharpening a pencil.,0.16666666666666666
arctic_b0031,Spanish,EBVS,l2+interp,Gregson had seated himself under the lamp and was sharpening a pencil., Gregson has seated himself under the lamp and was sharpening a pencil.,0.08333333333333333
arctic_b0031,Spanish,EBVS,l2+noise,Gregson had seated himself under the lamp and was sharpening a pencil., Greg,1.0
arctic_b0031,Spanish,EBVS,nat+zero_0,Gregson had seated himself under the lamp and was sharpening a pencil., Gregson had seated himself under the lamp and was sharpening a pencil.,0.0
arctic_b0031,Spanish,EBVS,l2+zero_0,Gregson had seated himself under the lamp and was sharpening a pencil., Grexon has seated himself under the lamp and was sharpening a pencil.,0.16666666666666666
arctic_b0031,Spanish,EBVS,nat+zero_100,Gregson had seated himself under the lamp and was sharpening a pencil., Gregson had seated himself under the lamp and was sharpening a pencil.,0.0
arctic_b0031,Spanish,EBVS,l2+zero_100,Gregson had seated himself under the lamp and was sharpening a pencil., Grexon has seated himself under the lamp and was sharpening a pencil.,0.16666666666666666
arctic_b0031,Spanish,EBVS,nat+zero_200,Gregson had seated himself under the lamp and was sharpening a pencil., Gregson had seated himself under the lamp and was sharpening a pencil.,0.0
arctic_b0031,Spanish,EBVS,l2+zero_200,Gregson had seated himself under the lamp and was sharpening a pencil., Grexon has seated himself under the lamp and was sharpening a pencil.,0.16666666666666666
arctic_b0031,Spanish,EBVS,nat+zero_400,Gregson had seated himself under the lamp and was sharpening a pencil., Gregson had seated himself under the lamp and was sharpening a pencil.,0.0
arctic_b0031,Spanish,EBVS,l2+zero_400,Gregson had seated himself under the lamp and was sharpening a pencil., Grexon hesitated himself under the lamp and was sharpening a pencil.,0.25
arctic_b0031,Spanish,EBVS,nat+zero_800,Gregson had seated himself under the lamp and was sharpening a pencil., Gregson had seated himself under the lamp and was sharpening a pencil.,0.0
arctic_b0031,Spanish,EBVS,l2+zero_800,Gregson had seated himself under the lamp and was sharpening a pencil., Grexon hesitated himself under the lamp and was sharpening a pencil.,0.25
arctic_b0031,Spanish,EBVS,nat+empty_pad,Gregson had seated himself under the lamp and was sharpening a pencil., Gregson had seated himself under the lamp and was sharpening a pencil.,0.0
arctic_b0031,Spanish,EBVS,l2+empty_pad,Gregson had seated himself under the lamp and was sharpening a pencil., Gregson hesitated himself under the lamp and was sharpening a pencil.,0.16666666666666666
arctic_b0031,Vietnamese,HQTV,nat+nat,Gregson had seated himself under the lamp and was sharpening a pencil., Gregson had seated himself under the lamp and was sharpening a pencil.,0.0
arctic_b0031,Vietnamese,HQTV,nat+nat_diff_utt,Gregson had seated himself under the lamp and was sharpening a pencil., Gregson had seated himself under the lamp and was sharpening a pencil.,0.0
arctic_b0031,Vietnamese,HQTV,nat+l2_same,Gregson had seated himself under the lamp and was sharpening a pencil., Gregson had seated himself under the lamp and was sharpening a pencil.,0.0
arctic_b0031,Vietnamese,HQTV,nat+interp,Gregson had seated himself under the lamp and was sharpening a pencil., Gregson had seated himself under the lamp and was sharpening a pencil.,0.0
arctic_b0031,Vietnamese,HQTV,nat+noise,Gregson had seated himself under the lamp and was sharpening a pencil., Gregson,0.9166666666666666
arctic_b0031,Vietnamese,HQTV,l2+l2,Gregson had seated himself under the lamp and was sharpening a pencil., Gresson had seated himself under the lamp and were sharpening a pencil.,0.16666666666666666
arctic_b0031,Vietnamese,HQTV,l2+l2_diff_utt,Gregson had seated himself under the lamp and was sharpening a pencil., Gresson had seated himself under the lamp and were sharpening a pencil.,0.16666666666666666
arctic_b0031,Vietnamese,HQTV,l2+nat_same,Gregson had seated himself under the lamp and was sharpening a pencil., Gresson had seated himself under the lamp and were sharpening a pencil.,0.16666666666666666
arctic_b0031,Vietnamese,HQTV,l2+interp,Gregson had seated himself under the lamp and was sharpening a pencil., Greshan had seated himself under the lamp and were sharpening a pencil.,0.16666666666666666
arctic_b0031,Vietnamese,HQTV,l2+noise,Gregson had seated himself under the lamp and was sharpening a pencil., Greshan has seated himself under the lamp and were sharpening a pencil.,0.25
arctic_b0031,Vietnamese,HQTV,nat+zero_0,Gregson had seated himself under the lamp and was sharpening a pencil., Gregson had seated himself under the lamp and was sharpening a pencil.,0.0
arctic_b0031,Vietnamese,HQTV,l2+zero_0,Gregson had seated himself under the lamp and was sharpening a pencil., Gresson has seated himself under the lamp and was sharpening his pencil.,0.25
arctic_b0031,Vietnamese,HQTV,nat+zero_100,Gregson had seated himself under the lamp and was sharpening a pencil., Gregson had seated himself under the lamp and was sharpening a pencil.,0.0
arctic_b0031,Vietnamese,HQTV,l2+zero_100,Gregson had seated himself under the lamp and was sharpening a pencil., Gresson has seated himself under the lamp and was sharpening his pencil.,0.25
arctic_b0031,Vietnamese,HQTV,nat+zero_200,Gregson had seated himself under the lamp and was sharpening a pencil., Gregson had seated himself under the lamp and was sharpening a pencil.,0.0
arctic_b0031,Vietnamese,HQTV,l2+zero_200,Gregson had seated himself under the lamp and was sharpening a pencil., Gresson has seated himself under the lamp and was sharpening his pencil.,0.25
arctic_b0031,Vietnamese,HQTV,nat+zero_400,Gregson had seated himself under the lamp and was sharpening a pencil., Gregson had seated himself under the lamp and was sharpening a pencil.,0.0
arctic_b0031,Vietnamese,HQTV,l2+zero_400,Gregson had seated himself under the lamp and was sharpening a pencil., Gresson has seated himself under the lamp and was sharpening his pencil.,0.25
arctic_b0031,Vietnamese,HQTV,nat+zero_800,Gregson had seated himself under the lamp and was sharpening a pencil., Gregson had seated himself under the lamp and was sharpening a pencil.,0.0
arctic_b0031,Vietnamese,HQTV,l2+zero_800,Gregson had seated himself under the lamp and was sharpening a pencil., Gresson has seated himself under the lamp and was sharpening his pencil.,0.25
arctic_b0031,Vietnamese,HQTV,nat+empty_pad,Gregson had seated himself under the lamp and was sharpening a pencil., Gregson had seated himself under the lamp and was sharpening a pencil.,0.0
arctic_b0031,Vietnamese,HQTV,l2+empty_pad,Gregson had seated himself under the lamp and was sharpening a pencil., Gresson had seated himself under the lamp and were sharpening a pencil.,0.16666666666666666
arctic_b0056,Arabic,ZHAA,nat+nat,"I'll give a thousand if you produce her, retorted Gregson."," I'll give you a thousand if you produce her, retorted Gregson.",0.1
arctic_b0056,Arabic,ZHAA,nat+nat_diff_utt,"I'll give a thousand if you produce her, retorted Gregson."," I'll give you a thousand if you produce her, retorted Gregson.",0.1
arctic_b0056,Arabic,ZHAA,nat+l2_same,"I'll give a thousand if you produce her, retorted Gregson."," I'll give you a thousand if you produce her, retorted Gregson.",0.1
arctic_b0056,Arabic,ZHAA,nat+interp,"I'll give a thousand if you produce her, retorted Gregson."," I'll give you a thousand if you produce her, retorted gregson.",0.1
arctic_b0056,Arabic,ZHAA,nat+noise,"I'll give a thousand if you produce her, retorted Gregson.", I'll give you,0.7
arctic_b0056,Arabic,ZHAA,l2+l2,"I'll give a thousand if you produce her, retorted Gregson.", I'll give you a thousand if you reduce her retorted friction.,0.3
arctic_b0056,Arabic,ZHAA,l2+l2_diff_utt,"I'll give a thousand if you produce her, retorted Gregson.", I'll give you a thousand if you produce her retorted friction.,0.2
arctic_b0056,Arabic,ZHAA,l2+nat_same,"I'll give a thousand if you produce her, retorted Gregson.", I'll give you a thousand if you produce her retorted friction.,0.2
arctic_b0056,Arabic,ZHAA,l2+interp,"I'll give a thousand if you produce her, retorted Gregson.", I'll give you a thousand if you produce her retorted brixen,0.2
arctic_b0056,Arabic,ZHAA,l2+noise,"I'll give a thousand if you produce her, retorted Gregson.", I'll I'll,0.9
arctic_b0056,Arabic,ZHAA,nat+zero_0,"I'll give a thousand if you produce her, retorted Gregson.", I'll give you a thousand if you produce her retorted Gregson.,0.1
arctic_b0056,Arabic,ZHAA,l2+zero_0,"I'll give a thousand if you produce her, retorted Gregson.", I'll give you a thousand if you produce her retorted friction.,0.2
arctic_b0056,Arabic,ZHAA,nat+zero_100,"I'll give a thousand if you produce her, retorted Gregson.", I'll give you a thousand if you produce her retorted Gregson.,0.1
arctic_b0056,Arabic,ZHAA,l2+zero_100,"I'll give a thousand if you produce her, retorted Gregson.", I'll give you a thousand if you produce her retorted friction.,0.2
arctic_b0056,Arabic,ZHAA,nat+zero_200,"I'll give a thousand if you produce her, retorted Gregson.", I'll give you a thousand if you produce her retorted Gregson.,0.1
arctic_b0056,Arabic,ZHAA,l2+zero_200,"I'll give a thousand if you produce her, retorted Gregson.", I'll give you a thousand if you produce her retorted friction.,0.2
arctic_b0056,Arabic,ZHAA,nat+zero_400,"I'll give a thousand if you produce her, retorted Gregson.", I'll give you a thousand if you produce her retorted Gregson.,0.1
arctic_b0056,Arabic,ZHAA,l2+zero_400,"I'll give a thousand if you produce her, retorted Gregson.", I'll give you a thousand if you produce her retorted friction.,0.2
arctic_b0056,Arabic,ZHAA,nat+zero_800,"I'll give a thousand if you produce her, retorted Gregson."," I'll give you a thousand if you produce her, retorted Gregson.",0.1
arctic_b0056,Arabic,ZHAA,l2+zero_800,"I'll give a thousand if you produce her, retorted Gregson.", I'll give you a thousand if you produce her retorted friction.,0.2
arctic_b0056,Arabic,ZHAA,nat+empty_pad,"I'll give a thousand if you produce her, retorted Gregson."," I'll give you a thousand if you produce her, retorted Gregson.",0.1
arctic_b0056,Arabic,ZHAA,l2+empty_pad,"I'll give a thousand if you produce her, retorted Gregson.", I'll give you a thousand if you produce her retorted friction.,0.2
arctic_b0056,Chinese,BWC,nat+nat,"I'll give a thousand if you produce her, retorted Gregson."," I'll give you a thousand if you produce her, retorted Gregson.",0.1
arctic_b0056,Chinese,BWC,nat+nat_diff_utt,"I'll give a thousand if you produce her, retorted Gregson."," I'll give you a thousand if you produce her, retorted Gregson.",0.1
arctic_b0056,Chinese,BWC,nat+l2_same,"I'll give a thousand if you produce her, retorted Gregson."," I'll give you a thousand if you produce her, retorted Gregson.",0.1
arctic_b0056,Chinese,BWC,nat+interp,"I'll give a thousand if you produce her, retorted Gregson."," I'll give you a thousand if you produce her, retorted gregson.",0.1
arctic_b0056,Chinese,BWC,nat+noise,"I'll give a thousand if you produce her, retorted Gregson.", I'll give you,0.7
arctic_b0056,Chinese,BWC,l2+l2,"I'll give a thousand if you produce her, retorted Gregson.", I will give 1000 if you produce her retarded Grixen.,0.6
arctic_b0056,Chinese,BWC,l2+l2_diff_utt,"I'll give a thousand if you produce her, retorted Gregson.", I will give a thousand if you produce her retarded Grixen.,0.4
arctic_b0056,Chinese,BWC,l2+nat_same,"I'll give a thousand if you produce her, retorted Gregson.", I will give a thousand if you produce her retarded Grixen.,0.4
arctic_b0056,Chinese,BWC,l2+interp,"I'll give a thousand if you produce her, retorted Gregson.", I will give a thousand if you produce her retorted greex,0.3
arctic_b0056,Chinese,BWC,l2+noise,"I'll give a thousand if you produce her, retorted Gregson.", I will,1.0
arctic_b0056,Chinese,BWC,nat+zero_0,"I'll give a thousand if you produce her, retorted Gregson.", I'll give you a thousand if you produce her retorted Gregson.,0.1
arctic_b0056,Chinese,BWC,l2+zero_0,"I'll give a thousand if you produce her, retorted Gregson.", I will give a thousand if you produce her retarded Griggson.,0.4
arctic_b0056,Chinese,BWC,nat+zero_100,"I'll give a thousand if you produce her, retorted Gregson.", I'll give you a thousand if you produce her retorted Gregson.,0.1
arctic_b0056,Chinese,BWC,l2+zero_100,"I'll give a thousand if you produce her, retorted Gregson.", I will give a thousand if you produce her retarded Griggson.,0.4
arctic_b0056,Chinese,BWC,nat+zero_200,"I'll give a thousand if you produce her, retorted Gregson.", I'll give you a thousand if you produce her retorted Gregson.,0.1
arctic_b0056,Chinese,BWC,l2+zero_200,"I'll give a thousand if you produce her, retorted Gregson.", I will give a thousand if you produce her retarded Griggson.,0.4
arctic_b0056,Chinese,BWC,nat+zero_400,"I'll give a thousand if you produce her, retorted Gregson.", I'll give you a thousand if you produce her retorted Gregson.,0.1
arctic_b0056,Chinese,BWC,l2+zero_400,"I'll give a thousand if you produce her, retorted Gregson.", I will give a thousand if you produce her retarded Griggson.,0.4
arctic_b0056,Chinese,BWC,nat+zero_800,"I'll give a thousand if you produce her, retorted Gregson."," I'll give you a thousand if you produce her, retorted Gregson.",0.1
arctic_b0056,Chinese,BWC,l2+zero_800,"I'll give a thousand if you produce her, retorted Gregson.", I will give a thousand if you produce her retarded Greek sin.,0.5
arctic_b0056,Chinese,BWC,nat+empty_pad,"I'll give a thousand if you produce her, retorted Gregson."," I'll give you a thousand if you produce her, retorted Gregson.",0.1
arctic_b0056,Chinese,BWC,l2+empty_pad,"I'll give a thousand if you produce her, retorted Gregson.", I will give a thousand if you produce her retarded greekson.,0.4
arctic_b0056,Hindi,SVBI,nat+nat,"I'll give a thousand if you produce her, retorted Gregson."," I'll give you a thousand if you produce her, retorted Gregson.",0.1
arctic_b0056,Hindi,SVBI,nat+nat_diff_utt,"I'll give a thousand if you produce her, retorted Gregson."," I'll give you a thousand if you produce her, retorted Gregson.",0.1
arctic_b0056,Hindi,SVBI,nat+l2_same,"I'll give a thousand if you produce her, retorted Gregson."," I'll give you a thousand if you produce her, retorted Gregson.",0.1
arctic_b0056,Hindi,SVBI,nat+interp,"I'll give a thousand if you produce her, retorted Gregson."," I'll give you a thousand if you produce her, retorted Gregson.",0.1
arctic_b0056,Hindi,SVBI,nat+noise,"I'll give a thousand if you produce her, retorted Gregson.", I'll give you,0.7
arctic_b0056,Hindi,SVBI,l2+l2,"I'll give a thousand if you produce her, retorted Gregson.", I'll give a thousand if you produce her. Retarded Grixon.,0.2
arctic_b0056,Hindi,SVBI,l2+l2_diff_utt,"I'll give a thousand if you produce her, retorted Gregson.", I'll give 1000 if you produce her Retarded Grixon,0.4
arctic_b0056,Hindi,SVBI,l2+nat_same,"I'll give a thousand if you produce her, retorted Gregson.", I'll give a thousand if you produce her. Retarded Grixon.,0.2
arctic_b0056,Hindi,SVBI,l2+interp,"I'll give a thousand if you produce her, retorted Gregson.", I'll give 1000 if you produce her Retarded Grixon,0.4
arctic_b0056,Hindi,SVBI,l2+noise,"I'll give a thousand if you produce her, retorted Gregson.", I will give,1.0
arctic_b0056,Hindi,SVBI,nat+zero_0,"I'll give a thousand if you produce her, retorted Gregson.", I'll give you a thousand if you produce her retorted Gregson.,0.1
arctic_b0056,Hindi,SVBI,l2+zero_0,"I'll give a thousand if you produce her, retorted Gregson.", I'll give a thousand if you produce her. Retarded Grixon.,0.2
arctic_b0056,Hindi,SVBI,nat+zero_100,"I'll give a thousand if you produce her, retorted Gregson.", I'll give you a thousand if you produce her retorted Gregson.,0.1
arctic_b0056,Hindi,SVBI,l2+zero_100,"I'll give a thousand if you produce her, retorted Gregson.", I'll give a thousand if you produce her. Retarded Grixon.,0.2
arctic_b0056,Hindi,SVBI,nat+zero_200,"I'll give a thousand if you produce her, retorted Gregson.", I'll give you a thousand if you produce her retorted Gregson.,0.1
arctic_b0056,Hindi,SVBI,l2+zero_200,"I'll give a thousand if you produce her, retorted Gregson.", I'll give a thousand if you produce her. Retarded Grixon.,0.2
arctic_b0056,Hindi,SVBI,nat+zero_400,"I'll give a thousand if you produce her, retorted Gregson.", I'll give you a thousand if you produce her retorted Gregson.,0.1
arctic_b0056,Hindi,SVBI,l2+zero_400,"I'll give a thousand if you produce her, retorted Gregson.", I'll give a thousand if you produce her. Retarded Grixon.,0.2
arctic_b0056,Hindi,SVBI,nat+zero_800,"I'll give a thousand if you produce her, retorted Gregson."," I'll give you a thousand if you produce her, retorted Gregson.",0.1
arctic_b0056,Hindi,SVBI,l2+zero_800,"I'll give a thousand if you produce her, retorted Gregson.", I'll give a thousand if you produce her. Retarded Grixon.,0.2
arctic_b0056,Hindi,SVBI,nat+empty_pad,"I'll give a thousand if you produce her, retorted Gregson."," I'll give you a thousand if you produce her, retorted Gregson.",0.1
arctic_b0056,Hindi,SVBI,l2+empty_pad,"I'll give a thousand if you produce her, retorted Gregson.", I'll give a thousand if you produce her. Retarded Grixon.,0.2
arctic_b0056,Korean,HJK,nat+nat,"I'll give a thousand if you produce her, retorted Gregson."," I'll give you a thousand if you produce her, retorted Gregson.",0.1
arctic_b0056,Korean,HJK,nat+nat_diff_utt,"I'll give a thousand if you produce her, retorted Gregson."," I'll give you a thousand if you produce her, retorted Gregson.",0.1
arctic_b0056,Korean,HJK,nat+l2_same,"I'll give a thousand if you produce her, retorted Gregson."," I'll give you a thousand if you produce her, retorted Gregson.",0.1
arctic_b0056,Korean,HJK,nat+interp,"I'll give a thousand if you produce her, retorted Gregson."," I'll give you a thousand if you produce her, retorted Gregson.",0.1
arctic_b0056,Korean,HJK,nat+noise,"I'll give a thousand if you produce her, retorted Gregson.", I'll give you,0.7
arctic_b0056,Korean,HJK,l2+l2,"I'll give a thousand if you produce her, retorted Gregson.", I will give a thousand if you produce her retorted Gregson.,0.2
arctic_b0056,Korean,HJK,l2+l2_diff_utt,"I'll give a thousand if you produce her, retorted Gregson.", I will give a thousand if you produce her retorted Gregson.,0.2
arctic_b0056,Korean,HJK,l2+nat_same,"I'll give a thousand if you produce her, retorted Gregson.", I will give a thousand if you produce her retorted Gregson.,0.2
arctic_b0056,Korean,HJK,l2+interp,"I'll give a thousand if you produce her, retorted Gregson.", I will give a thousand if you produce her retorted Grexon.,0.3
arctic_b0056,Korean,HJK,l2+noise,"I'll give a thousand if you produce her, retorted Gregson.", I will,1.0
arctic_b0056,Korean,HJK,nat+zero_0,"I'll give a thousand if you produce her, retorted Gregson.", I'll give you a thousand if you produce her retorted Gregson.,0.1
arctic_b0056,Korean,HJK,l2+zero_0,"I'll give a thousand if you produce her, retorted Gregson.", I will give a thousand if you produce her retorted Gregson.,0.2
arctic_b0056,Korean,HJK,nat+zero_100,"I'll give a thousand if you produce her, retorted Gregson.", I'll give you a thousand if you produce her retorted Gregson.,0.1
arctic_b0056,Korean,HJK,l2+zero_100,"I'll give a thousand if you produce her, retorted Gregson.", I will give a thousand if you produce her retorted Gregson.,0.2
arctic_b0056,Korean,HJK,nat+zero_200,"I'll give a thousand if you produce her, retorted Gregson.", I'll give you a thousand if you produce her retorted Gregson.,0.1
arctic_b0056,Korean,HJK,l2+zero_200,"I'll give a thousand if you produce her, retorted Gregson.", I will give a thousand if you produce her retorted Gregson.,0.2
arctic_b0056,Korean,HJK,nat+zero_400,"I'll give a thousand if you produce her, retorted Gregson.", I'll give you a thousand if you produce her retorted Gregson.,0.1
arctic_b0056,Korean,HJK,l2+zero_400,"I'll give a thousand if you produce her, retorted Gregson.", I will give a thousand if you produce her retorted Gregson.,0.2
arctic_b0056,Korean,HJK,nat+zero_800,"I'll give a thousand if you produce her, retorted Gregson."," I'll give you a thousand if you produce her, retorted Gregson.",0.1
arctic_b0056,Korean,HJK,l2+zero_800,"I'll give a thousand if you produce her, retorted Gregson.", I will give a thousand if you produce her retorted Gregson.,0.2
arctic_b0056,Korean,HJK,nat+empty_pad,"I'll give a thousand if you produce her, retorted Gregson."," I'll give you a thousand if you produce her, retorted Gregson.",0.1
arctic_b0056,Korean,HJK,l2+empty_pad,"I'll give a thousand if you produce her, retorted Gregson.", I will give a thousand if you produce her retorted Gregson.,0.2
arctic_b0056,Spanish,EBVS,nat+nat,"I'll give a thousand if you produce her, retorted Gregson."," I'll give you a thousand if you produce her, retorted Gregson.",0.1
arctic_b0056,Spanish,EBVS,nat+nat_diff_utt,"I'll give a thousand if you produce her, retorted Gregson."," I'll give you a thousand if you produce her, retorted Gregson.",0.1
arctic_b0056,Spanish,EBVS,nat+l2_same,"I'll give a thousand if you produce her, retorted Gregson."," I'll give you a thousand if you produce her, retorted Gregson.",0.1
arctic_b0056,Spanish,EBVS,nat+interp,"I'll give a thousand if you produce her, retorted Gregson."," I'll give you a thousand if you produce her, retorted Gregson.",0.1
arctic_b0056,Spanish,EBVS,nat+noise,"I'll give a thousand if you produce her, retorted Gregson.", I'll give you,0.7
arctic_b0056,Spanish,EBVS,l2+l2,"I'll give a thousand if you produce her, retorted Gregson.", I'll give 1000 if you produce her returning Gregson.,0.3
arctic_b0056,Spanish,EBVS,l2+l2_diff_utt,"I'll give a thousand if you produce her, retorted Gregson.", I'll give 1000 if you produce her returning Gregson.,0.3
arctic_b0056,Spanish,EBVS,l2+nat_same,"I'll give a thousand if you produce her, retorted Gregson.", I'll give a thousand if you produce her Returning Gretchen.,0.2
arctic_b0056,Spanish,EBVS,l2+interp,"I'll give a thousand if you produce her, retorted Gregson.", I'll give a thousand if you produce her returning Gregson.,0.1
arctic_b0056,Spanish,EBVS,l2+noise,"I'll give a thousand if you produce her, retorted Gregson.", I'll give a,0.7
arctic_b0056,Spanish,EBVS,nat+zero_0,"I'll give a thousand if you produce her, retorted Gregson.", I'll give you a thousand if you produce her retorted Gregson.,0.1
arctic_b0056,Spanish,EBVS,l2+zero_0,"I'll give a thousand if you produce her, retorted Gregson.", I'll give a thousand if you produce hair returning Gregson.,0.2
arctic_b0056,Spanish,EBVS,nat+zero_100,"I'll give a thousand if you produce her, retorted Gregson.", I'll give you a thousand if you produce her retorted Gregson.,0.1
arctic_b0056,Spanish,EBVS,l2+zero_100,"I'll give a thousand if you produce her, retorted Gregson.", I'll give a thousand if you produce hair returning Gregson.,0.2
arctic_b0056,Spanish,EBVS,nat+zero_200,"I'll give a thousand if you produce her, retorted Gregson.", I'll give you a thousand if you produce her retorted Gregson.,0.1
arctic_b0056,Spanish,EBVS,l2+zero_200,"I'll give a thousand if you produce her, retorted Gregson.", I'll give a thousand if you produce hair returning Gregson.,0.2
arctic_b0056,Spanish,EBVS,nat+zero_400,"I'll give a thousand if you produce her, retorted Gregson.", I'll give you a thousand if you produce her retorted Gregson.,0.1
arctic_b0056,Spanish,EBVS,l2+zero_400,"I'll give a thousand if you produce her, retorted Gregson.", I'll give a thousand if you produce her Returning Gretchen,0.2
arctic_b0056,Spanish,EBVS,nat+zero_800,"I'll give a thousand if you produce her, retorted Gregson."," I'll give you a thousand if you produce her, retorted Gregson.",0.1
arctic_b0056,Spanish,EBVS,l2+zero_800,"I'll give a thousand if you produce her, retorted Gregson.", I'll give a thousand if you produce her Returning Gretchen.,0.2
arctic_b0056,Spanish,EBVS,nat+empty_pad,"I'll give a thousand if you produce her, retorted Gregson."," I'll give you a thousand if you produce her, retorted Gregson.",0.1
arctic_b0056,Spanish,EBVS,l2+empty_pad,"I'll give a thousand if you produce her, retorted Gregson.", I'll give a thousand if you produce her Returning Gretchen.,0.2
arctic_b0056,Vietnamese,HQTV,nat+nat,"I'll give a thousand if you produce her, retorted Gregson."," I'll give you a thousand if you produce her, retorted Gregson.",0.1
arctic_b0056,Vietnamese,HQTV,nat+nat_diff_utt,"I'll give a thousand if you produce her, retorted Gregson."," I'll give you a thousand if you produce her, retorted Gregson.",0.1
arctic_b0056,Vietnamese,HQTV,nat+l2_same,"I'll give a thousand if you produce her, retorted Gregson."," I'll give you a thousand if you produce her, retorted Gregson.",0.1
arctic_b0056,Vietnamese,HQTV,nat+interp,"I'll give a thousand if you produce her, retorted Gregson."," I'll give you a thousand if you produce her, retorted Gregson.",0.1
arctic_b0056,Vietnamese,HQTV,nat+noise,"I'll give a thousand if you produce her, retorted Gregson.", I'll give you,0.7
arctic_b0056,Vietnamese,HQTV,l2+l2,"I'll give a thousand if you produce her, retorted Gregson.", I give a thousand if you produce her retorted version.,0.2
arctic_b0056,Vietnamese,HQTV,l2+l2_diff_utt,"I'll give a thousand if you produce her, retorted Gregson.", I give a thousand if you produce her retorted resin.,0.2
arctic_b0056,Vietnamese,HQTV,l2+nat_same,"I'll give a thousand if you produce her, retorted Gregson.", I give a thousand if you produce her retorted regression.,0.2
arctic_b0056,Vietnamese,HQTV,l2+interp,"I'll give a thousand if you produce her, retorted Gregson.", I give a thousand if you produce her retorted expression,0.2
arctic_b0056,Vietnamese,HQTV,l2+noise,"I'll give a thousand if you produce her, retorted Gregson.", I give a,0.8
arctic_b0056,Vietnamese,HQTV,nat+zero_0,"I'll give a thousand if you produce her, retorted Gregson.", I'll give you a thousand if you produce her retorted Gregson.,0.1
arctic_b0056,Vietnamese,HQTV,l2+zero_0,"I'll give a thousand if you produce her, retorted Gregson.", I give a thousand if you produce her retarded question.,0.3
arctic_b0056,Vietnamese,HQTV,nat+zero_100,"I'll give a thousand if you produce her, retorted Gregson.", I'll give you a thousand if you produce her retorted Gregson.,0.1
arctic_b0056,Vietnamese,HQTV,l2+zero_100,"I'll give a thousand if you produce her, retorted Gregson.", I give a thousand if you produce her retarded question.,0.3
arctic_b0056,Vietnamese,HQTV,nat+zero_200,"I'll give a thousand if you produce her, retorted Gregson.", I'll give you a thousand if you produce her retorted Gregson.,0.1
arctic_b0056,Vietnamese,HQTV,l2+zero_200,"I'll give a thousand if you produce her, retorted Gregson.", I give a thousand if you produce her retarded question.,0.3
arctic_b0056,Vietnamese,HQTV,nat+zero_400,"I'll give a thousand if you produce her, retorted Gregson.", I'll give you a thousand if you produce her retorted Gregson.,0.1
arctic_b0056,Vietnamese,HQTV,l2+zero_400,"I'll give a thousand if you produce her, retorted Gregson.", I give a thousand if you produce her retarded question.,0.3
arctic_b0056,Vietnamese,HQTV,nat+zero_800,"I'll give a thousand if you produce her, retorted Gregson."," I'll give you a thousand if you produce her, retorted Gregson.",0.1
arctic_b0056,Vietnamese,HQTV,l2+zero_800,"I'll give a thousand if you produce her, retorted Gregson.", I give a thousand if you produce her retarded question.,0.3
arctic_b0056,Vietnamese,HQTV,nat+empty_pad,"I'll give a thousand if you produce her, retorted Gregson."," I'll give you a thousand if you produce her, retorted Gregson.",0.1
arctic_b0056,Vietnamese,HQTV,l2+empty_pad,"I'll give a thousand if you produce her, retorted Gregson.", I give a thousand if you produce her retorted question.,0.2
arctic_b0064,Arabic,ZHAA,nat+nat,"I'm going down there with you, and I'm going to fight.", I'm going down there with you and I'm going to fight.,0.0
arctic_b0064,Arabic,ZHAA,nat+nat_diff_utt,"I'm going down there with you, and I'm going to fight.", I'm going down there with you and I'm going to fight.,0.0
arctic_b0064,Arabic,ZHAA,nat+l2_same,"I'm going down there with you, and I'm going to fight.", I'm going down there with you and I'm going to fight.,0.0
arctic_b0064,Arabic,ZHAA,nat+interp,"I'm going down there with you, and I'm going to fight.", I'm going down there with you and I'm going to fight.,0.0
arctic_b0064,Arabic,ZHAA,nat+noise,"I'm going down there with you, and I'm going to fight.", I'm going,0.8181818181818182
arctic_b0064,Arabic,ZHAA,l2+l2,"I'm going down there with you, and I'm going to fight.", I'm going down there with you and I'm going to fight.,0.0
arctic_b0064,Arabic,ZHAA,l2+l2_diff_utt,"I'm going down there with you, and I'm going to fight.", I'm going down there with you and I'm going to fight.,0.0
arctic_b0064,Arabic,ZHAA,l2+nat_same,"I'm going down there with you, and I'm going to fight.", I'm going down there with you and I'm going to fight.,0.0
arctic_b0064,Arabic,ZHAA,l2+interp,"I'm going down there with you, and I'm going to fight.", I'm going down there with you and I'm going to fight.,0.0
arctic_b0064,Arabic,ZHAA,l2+noise,"I'm going down there with you, and I'm going to fight.", I'm going down,0.7272727272727273
arctic_b0064,Arabic,ZHAA,nat+zero_0,"I'm going down there with you, and I'm going to fight.", I'm going down there with you and I'm going to fight.,0.0
arctic_b0064,Arabic,ZHAA,l2+zero_0,"I'm going down there with you, and I'm going to fight.", I'm going down there with you and I'm going to fight.,0.0
arctic_b0064,Arabic,ZHAA,nat+zero_100,"I'm going down there with you, and I'm going to fight.", I'm going down there with you and I'm going to fight.,0.0
arctic_b0064,Arabic,ZHAA,l2+zero_100,"I'm going down there with you, and I'm going to fight.", I'm going down there with you and I'm going to fight.,0.0
arctic_b0064,Arabic,ZHAA,nat+zero_200,"I'm going down there with you, and I'm going to fight.", I'm going down there with you and I'm going to fight.,0.0
arctic_b0064,Arabic,ZHAA,l2+zero_200,"I'm going down there with you, and I'm going to fight.", I'm going down there with you and I'm going to fight.,0.0
arctic_b0064,Arabic,ZHAA,nat+zero_400,"I'm going down there with you, and I'm going to fight.", I'm going down there with you and I'm going to fight.,0.0
arctic_b0064,Arabic,ZHAA,l2+zero_400,"I'm going down there with you, and I'm going to fight.", I'm going down there with you and I'm going to fight.,0.0
arctic_b0064,Arabic,ZHAA,nat+zero_800,"I'm going down there with you, and I'm going to fight.", I'm going down there with you and I'm going to fight.,0.0
arctic_b0064,Arabic,ZHAA,l2+zero_800,"I'm going down there with you, and I'm going to fight.", I'm going down there with you and I'm going to fight.,0.0
arctic_b0064,Arabic,ZHAA,nat+empty_pad,"I'm going down there with you, and I'm going to fight.", I'm going down there with you and I'm going to fight.,0.0
arctic_b0064,Arabic,ZHAA,l2+empty_pad,"I'm going down there with you, and I'm going to fight.", I'm going down there with you and I'm going to fight.,0.0
arctic_b0064,Chinese,BWC,nat+nat,"I'm going down there with you, and I'm going to fight.", I'm going down there with you and I'm going to fight.,0.0
arctic_b0064,Chinese,BWC,nat+nat_diff_utt,"I'm going down there with you, and I'm going to fight.", I'm going down there with you and I'm going to fight.,0.0
arctic_b0064,Chinese,BWC,nat+l2_same,"I'm going down there with you, and I'm going to fight.", I'm going down there with you and I'm going to fight.,0.0
arctic_b0064,Chinese,BWC,nat+interp,"I'm going down there with you, and I'm going to fight.", I'm going down there with you and I'm going to fight.,0.0
arctic_b0064,Chinese,BWC,nat+noise,"I'm going down there with you, and I'm going to fight.", I'm going,0.8181818181818182
arctic_b0064,Chinese,BWC,l2+l2,"I'm going down there with you, and I'm going to fight.", I'm going down there with you and I'm going to fat.,0.09090909090909091
arctic_b0064,Chinese,BWC,l2+l2_diff_utt,"I'm going down there with you, and I'm going to fight.", I'm going down there with you and I'm going to fat.,0.09090909090909091
arctic_b0064,Chinese,BWC,l2+nat_same,"I'm going down there with you, and I'm going to fight.", I'm going down there with you and I'm going to fat.,0.09090909090909091
arctic_b0064,Chinese,BWC,l2+interp,"I'm going down there with you, and I'm going to fight.", I'm going down there with you and I'm going too fat.,0.18181818181818182
arctic_b0064,Chinese,BWC,l2+noise,"I'm going down there with you, and I'm going to fight.", I'm,0.9090909090909091
arctic_b0064,Chinese,BWC,nat+zero_0,"I'm going down there with you, and I'm going to fight.", I'm going down there with you and I'm going to fight.,0.0
arctic_b0064,Chinese,BWC,l2+zero_0,"I'm going down there with you, and I'm going to fight.", I'm going down there with you and I'm going to fight.,0.0
arctic_b0064,Chinese,BWC,nat+zero_100,"I'm going down there with you, and I'm going to fight.", I'm going down there with you and I'm going to fight.,0.0
arctic_b0064,Chinese,BWC,l2+zero_100,"I'm going down there with you, and I'm going to fight.", I'm going down there with you and I'm going to fight.,0.0
arctic_b0064,Chinese,BWC,nat+zero_200,"I'm going down there with you, and I'm going to fight.", I'm going down there with you and I'm going to fight.,0.0
arctic_b0064,Chinese,BWC,l2+zero_200,"I'm going down there with you, and I'm going to fight.", I'm going down there with you and I'm going to fight.,0.0
arctic_b0064,Chinese,BWC,nat+zero_400,"I'm going down there with you, and I'm going to fight.", I'm going down there with you and I'm going to fight.,0.0
arctic_b0064,Chinese,BWC,l2+zero_400,"I'm going down there with you, and I'm going to fight.", I'm going down there with you and I'm going to fight.,0.0
arctic_b0064,Chinese,BWC,nat+zero_800,"I'm going down there with you, and I'm going to fight.", I'm going down there with you and I'm going to fight.,0.0
arctic_b0064,Chinese,BWC,l2+zero_800,"I'm going down there with you, and I'm going to fight.", I'm going down there with you and I'm going to fight.,0.0
arctic_b0064,Chinese,BWC,nat+empty_pad,"I'm going down there with you, and I'm going to fight.", I'm going down there with you and I'm going to fight.,0.0
arctic_b0064,Chinese,BWC,l2+empty_pad,"I'm going down there with you, and I'm going to fight.", I'm going down there with you and I'm going to fat.,0.09090909090909091
arctic_b0064,Hindi,SVBI,nat+nat,"I'm going down there with you, and I'm going to fight.", I'm going down there with you and I'm going to fight.,0.0
arctic_b0064,Hindi,SVBI,nat+nat_diff_utt,"I'm going down there with you, and I'm going to fight.", I'm going down there with you and I'm going to fight.,0.0
arctic_b0064,Hindi,SVBI,nat+l2_same,"I'm going down there with you, and I'm going to fight.", I'm going down there with you and I'm going to fight.,0.0
arctic_b0064,Hindi,SVBI,nat+interp,"I'm going down there with you, and I'm going to fight.", I'm going down there with you and I'm going to fight.,0.0
arctic_b0064,Hindi,SVBI,nat+noise,"I'm going down there with you, and I'm going to fight.", I'm going,0.8181818181818182
arctic_b0064,Hindi,SVBI,l2+l2,"I'm going down there with you, and I'm going to fight.", I am going down there with you and I am going to fight.,0.36363636363636365
arctic_b0064,Hindi,SVBI,l2+l2_diff_utt,"I'm going down there with you, and I'm going to fight.", I'm going down there with you and I'm going to fight.,0.0
arctic_b0064,Hindi,SVBI,l2+nat_same,"I'm going down there with you, and I'm going to fight.", I'm going down there with you and I'm going to fight.,0.0
arctic_b0064,Hindi,SVBI,l2+interp,"I'm going down there with you, and I'm going to fight.", I am going down there with you and I am going to fight.,0.36363636363636365
arctic_b0064,Hindi,SVBI,l2+noise,"I'm going down there with you, and I'm going to fight.", I am going I am going,0.9090909090909091
arctic_b0064,Hindi,SVBI,nat+zero_0,"I'm going down there with you, and I'm going to fight.", I'm going down there with you and I'm going to fight.,0.0
arctic_b0064,Hindi,SVBI,l2+zero_0,"I'm going down there with you, and I'm going to fight.", I'm going down there with you and I'm going to fight.,0.0
arctic_b0064,Hindi,SVBI,nat+zero_100,"I'm going down there with you, and I'm going to fight.", I'm going down there with you and I'm going to fight.,0.0
arctic_b0064,Hindi,SVBI,l2+zero_100,"I'm going down there with you, and I'm going to fight.", I'm going down there with you and I'm going to fight.,0.0
arctic_b0064,Hindi,SVBI,nat+zero_200,"I'm going down there with you, and I'm going to fight.", I'm going down there with you and I'm going to fight.,0.0
arctic_b0064,Hindi,SVBI,l2+zero_200,"I'm going down there with you, and I'm going to fight.", I'm going down there with you and I'm going to fight.,0.0
arctic_b0064,Hindi,SVBI,nat+zero_400,"I'm going down there with you, and I'm going to fight.", I'm going down there with you and I'm going to fight.,0.0
arctic_b0064,Hindi,SVBI,l2+zero_400,"I'm going down there with you, and I'm going to fight.", I'm going down there with you and I'm going to fight.,0.0
arctic_b0064,Hindi,SVBI,nat+zero_800,"I'm going down there with you, and I'm going to fight.", I'm going down there with you and I'm going to fight.,0.0
arctic_b0064,Hindi,SVBI,l2+zero_800,"I'm going down there with you, and I'm going to fight.", I'm going down there with you and I'm going to fight.,0.0
arctic_b0064,Hindi,SVBI,nat+empty_pad,"I'm going down there with you, and I'm going to fight.", I'm going down there with you and I'm going to fight.,0.0
arctic_b0064,Hindi,SVBI,l2+empty_pad,"I'm going down there with you, and I'm going to fight.", I'm going down there with you and I'm going to fight.,0.0
arctic_b0064,Korean,HJK,nat+nat,"I'm going down there with you, and I'm going to fight.", I'm going down there with you and I'm going to fight.,0.0
arctic_b0064,Korean,HJK,nat+nat_diff_utt,"I'm going down there with you, and I'm going to fight.", I'm going down there with you and I'm going to fight.,0.0
arctic_b0064,Korean,HJK,nat+l2_same,"I'm going down there with you, and I'm going to fight.", I'm going down there with you and I'm going to fight.,0.0
arctic_b0064,Korean,HJK,nat+interp,"I'm going down there with you, and I'm going to fight.", I'm going down there with you and I'm going to fight.,0.0
arctic_b0064,Korean,HJK,nat+noise,"I'm going down there with you, and I'm going to fight.", I'm going,0.8181818181818182
arctic_b0064,Korean,HJK,l2+l2,"I'm going down there with you, and I'm going to fight.", I'm going down there with you and I'm going to fight.,0.0
arctic_b0064,Korean,HJK,l2+l2_diff_utt,"I'm going down there with you, and I'm going to fight.", I'm going down there with you and I'm going to fight.,0.0
arctic_b0064,Korean,HJK,l2+nat_same,"I'm going down there with you, and I'm going to fight.", I'm going down there with you and I'm going to fight.,0.0
arctic_b0064,Korean,HJK,l2+interp,"I'm going down there with you, and I'm going to fight.", I'm going down there with you and I'm going to fight.,0.0
arctic_b0064,Korean,HJK,l2+noise,"I'm going down there with you, and I'm going to fight.", I'm going,0.8181818181818182
arctic_b0064,Korean,HJK,nat+zero_0,"I'm going down there with you, and I'm going to fight.", I'm going down there with you and I'm going to fight.,0.0
arctic_b0064,Korean,HJK,l2+zero_0,"I'm going down there with you, and I'm going to fight.", I'm going down there with you and I'm going to fight.,0.0
arctic_b0064,Korean,HJK,nat+zero_100,"I'm going down there with you, and I'm going to fight.", I'm going down there with you and I'm going to fight.,0.0
arctic_b0064,Korean,HJK,l2+zero_100,"I'm going down there with you, and I'm going to fight.", I'm going down there with you and I'm going to fight.,0.0
arctic_b0064,Korean,HJK,nat+zero_200,"I'm going down there with you, and I'm going to fight.", I'm going down there with you and I'm going to fight.,0.0
arctic_b0064,Korean,HJK,l2+zero_200,"I'm going down there with you, and I'm going to fight.", I'm going down there with you and I'm going to fight.,0.0
arctic_b0064,Korean,HJK,nat+zero_400,"I'm going down there with you, and I'm going to fight.", I'm going down there with you and I'm going to fight.,0.0
arctic_b0064,Korean,HJK,l2+zero_400,"I'm going down there with you, and I'm going to fight.", I'm going down there with you and I'm going to fight.,0.0
arctic_b0064,Korean,HJK,nat+zero_800,"I'm going down there with you, and I'm going to fight.", I'm going down there with you and I'm going to fight.,0.0
arctic_b0064,Korean,HJK,l2+zero_800,"I'm going down there with you, and I'm going to fight.", I'm going down there with you and I'm going to fight.,0.0
arctic_b0064,Korean,HJK,nat+empty_pad,"I'm going down there with you, and I'm going to fight.", I'm going down there with you and I'm going to fight.,0.0
arctic_b0064,Korean,HJK,l2+empty_pad,"I'm going down there with you, and I'm going to fight.", I'm going down there with you and I'm going to fight.,0.0
arctic_b0064,Spanish,EBVS,nat+nat,"I'm going down there with you, and I'm going to fight.", I'm going down there with you and I'm going to fight.,0.0
arctic_b0064,Spanish,EBVS,nat+nat_diff_utt,"I'm going down there with you, and I'm going to fight.", I'm going down there with you and I'm going to fight.,0.0
arctic_b0064,Spanish,EBVS,nat+l2_same,"I'm going down there with you, and I'm going to fight.", I'm going down there with you and I'm going to fight.,0.0
arctic_b0064,Spanish,EBVS,nat+interp,"I'm going down there with you, and I'm going to fight.", I'm going down there with you and I'm going to fight.,0.0
arctic_b0064,Spanish,EBVS,nat+noise,"I'm going down there with you, and I'm going to fight.", I'm going,0.8181818181818182
arctic_b0064,Spanish,EBVS,l2+l2,"I'm going down there with you, and I'm going to fight."," I'm going down there with you, I'm going to fight.",0.09090909090909091
arctic_b0064,Spanish,EBVS,l2+l2_diff_utt,"I'm going down there with you, and I'm going to fight."," I'm going down there with you, I'm going to fight.",0.09090909090909091
arctic_b0064,Spanish,EBVS,l2+nat_same,"I'm going down there with you, and I'm going to fight.", I'm going down there with you. I'm going to fight.,0.09090909090909091
arctic_b0064,Spanish,EBVS,l2+interp,"I'm going down there with you, and I'm going to fight."," I'm going down there with you, I'm going to fight.",0.09090909090909091
arctic_b0064,Spanish,EBVS,l2+noise,"I'm going down there with you, and I'm going to fight.", I am,1.0
arctic_b0064,Spanish,EBVS,nat+zero_0,"I'm going down there with you, and I'm going to fight.", I'm going down there with you and I'm going to fight.,0.0
arctic_b0064,Spanish,EBVS,l2+zero_0,"I'm going down there with you, and I'm going to fight.", I'm going down there with you. I'm going to fight.,0.09090909090909091
arctic_b0064,Spanish,EBVS,nat+zero_100,"I'm going down there with you, and I'm going to fight.", I'm going down there with you and I'm going to fight.,0.0
arctic_b0064,Spanish,EBVS,l2+zero_100,"I'm going down there with you, and I'm going to fight.", I'm going down there with you. I'm going to fight.,0.09090909090909091
arctic_b0064,Spanish,EBVS,nat+zero_200,"I'm going down there with you, and I'm going to fight.", I'm going down there with you and I'm going to fight.,0.0
arctic_b0064,Spanish,EBVS,l2+zero_200,"I'm going down there with you, and I'm going to fight.", I'm going down there with you. I'm going to fight.,0.09090909090909091
arctic_b0064,Spanish,EBVS,nat+zero_400,"I'm going down there with you, and I'm going to fight.", I'm going down there with you and I'm going to fight.,0.0
arctic_b0064,Spanish,EBVS,l2+zero_400,"I'm going down there with you, and I'm going to fight.", I'm going down there with you. I'm going to fight.,0.09090909090909091
arctic_b0064,Spanish,EBVS,nat+zero_800,"I'm going down there with you, and I'm going to fight.", I'm going down there with you and I'm going to fight.,0.0
arctic_b0064,Spanish,EBVS,l2+zero_800,"I'm going down there with you, and I'm going to fight.", I'm going down there with you. I'm going to fight.,0.09090909090909091
arctic_b0064,Spanish,EBVS,nat+empty_pad,"I'm going down there with you, and I'm going to fight.", I'm going down there with you and I'm going to fight.,0.0
arctic_b0064,Spanish,EBVS,l2+empty_pad,"I'm going down there with you, and I'm going to fight.", I'm going down there with you. I'm going to fight.,0.09090909090909091
arctic_b0064,Vietnamese,HQTV,nat+nat,"I'm going down there with you, and I'm going to fight.", I'm going down there with you and I'm going to fight.,0.0
arctic_b0064,Vietnamese,HQTV,nat+nat_diff_utt,"I'm going down there with you, and I'm going to fight.", I'm going down there with you and I'm going to fight.,0.0
arctic_b0064,Vietnamese,HQTV,nat+l2_same,"I'm going down there with you, and I'm going to fight.", I'm going down there with you and I'm going to fight.,0.0
arctic_b0064,Vietnamese,HQTV,nat+interp,"I'm going down there with you, and I'm going to fight.", I'm going down there with you and I'm going to fight.,0.0
arctic_b0064,Vietnamese,HQTV,nat+noise,"I'm going down there with you, and I'm going to fight.", I'm going,0.8181818181818182
arctic_b0064,Vietnamese,HQTV,l2+l2,"I'm going down there with you, and I'm going to fight.", I'm going out there with you and I'm going to fight.,0.09090909090909091
arctic_b0064,Vietnamese,HQTV,l2+l2_diff_utt,"I'm going down there with you, and I'm going to fight.", I'm going down there with you and I'm going to fight.,0.0
arctic_b0064,Vietnamese,HQTV,l2+nat_same,"I'm going down there with you, and I'm going to fight.", I'm going out there with you and I'm going to fight.,0.09090909090909091
arctic_b0064,Vietnamese,HQTV,l2+interp,"I'm going down there with you, and I'm going to fight.", I'm going now there with you and I'm going to fight,0.09090909090909091
arctic_b0064,Vietnamese,HQTV,l2+noise,"I'm going down there with you, and I'm going to fight.", I'm,0.9090909090909091
arctic_b0064,Vietnamese,HQTV,nat+zero_0,"I'm going down there with you, and I'm going to fight.", I'm going down there with you and I'm going to fight.,0.0
arctic_b0064,Vietnamese,HQTV,l2+zero_0,"I'm going down there with you, and I'm going to fight.", I'm going down there with you and I'm going to fight.,0.0
arctic_b0064,Vietnamese,HQTV,nat+zero_100,"I'm going down there with you, and I'm going to fight.", I'm going down there with you and I'm going to fight.,0.0
arctic_b0064,Vietnamese,HQTV,l2+zero_100,"I'm going down there with you, and I'm going to fight.", I'm going down there with you and I'm going to fight.,0.0
arctic_b0064,Vietnamese,HQTV,nat+zero_200,"I'm going down there with you, and I'm going to fight.", I'm going down there with you and I'm going to fight.,0.0
arctic_b0064,Vietnamese,HQTV,l2+zero_200,"I'm going down there with you, and I'm going to fight.", I'm going down there with you and I'm going to fight.,0.0
arctic_b0064,Vietnamese,HQTV,nat+zero_400,"I'm going down there with you, and I'm going to fight.", I'm going down there with you and I'm going to fight.,0.0
arctic_b0064,Vietnamese,HQTV,l2+zero_400,"I'm going down there with you, and I'm going to fight.", I'm going down there with you and I'm going to fight.,0.0
arctic_b0064,Vietnamese,HQTV,nat+zero_800,"I'm going down there with you, and I'm going to fight.", I'm going down there with you and I'm going to fight.,0.0
arctic_b0064,Vietnamese,HQTV,l2+zero_800,"I'm going down there with you, and I'm going to fight.", I'm going down there with you and I'm going to fight.,0.0
arctic_b0064,Vietnamese,HQTV,nat+empty_pad,"I'm going down there with you, and I'm going to fight.", I'm going down there with you and I'm going to fight.,0.0
arctic_b0064,Vietnamese,HQTV,l2+empty_pad,"I'm going down there with you, and I'm going to fight.", I'm going out there with you and I'm going to fight.,0.09090909090909091
arctic_b0070,Arabic,ZHAA,nat+nat,There was no chance to fire without hitting him., there was no chance to fire without hitting him.,0.0
arctic_b0070,Arabic,ZHAA,nat+nat_diff_utt,There was no chance to fire without hitting him., there was no chance to fire without hitting him.,0.0
arctic_b0070,Arabic,ZHAA,nat+l2_same,There was no chance to fire without hitting him., there was no chance to fire without hitting him.,0.0
arctic_b0070,Arabic,ZHAA,nat+interp,There was no chance to fire without hitting him., There was no chance to fire without hitting him.,0.0
arctic_b0070,Arabic,ZHAA,nat+noise,There was no chance to fire without hitting him., There was no,0.6666666666666666
arctic_b0070,Arabic,ZHAA,l2+l2,There was no chance to fire without hitting him., there was no chance to fire without hitting him.,0.0
arctic_b0070,Arabic,ZHAA,l2+l2_diff_utt,There was no chance to fire without hitting him., there was no chance to fire without hitting him.,0.0
arctic_b0070,Arabic,ZHAA,l2+nat_same,There was no chance to fire without hitting him., there was no chance to fire without hitting him.,0.0
arctic_b0070,Arabic,ZHAA,l2+interp,There was no chance to fire without hitting him., There was no chance to fire without hitting him.,0.0
arctic_b0070,Arabic,ZHAA,l2+noise,There was no chance to fire without hitting him., There was no,0.6666666666666666
arctic_b0070,Arabic,ZHAA,nat+zero_0,There was no chance to fire without hitting him., There was no chance to fire without hitting him.,0.0
arctic_b0070,Arabic,ZHAA,l2+zero_0,There was no chance to fire without hitting him., There was no chance to fire without hitting him.,0.0
arctic_b0070,Arabic,ZHAA,nat+zero_100,There was no chance to fire without hitting him., There was no chance to fire without hitting him.,0.0
arctic_b0070,Arabic,ZHAA,l2+zero_100,There was no chance to fire without hitting him., There was no chance to fire without hitting him.,0.0
arctic_b0070,Arabic,ZHAA,nat+zero_200,There was no chance to fire without hitting him., There was no chance to fire without hitting him.,0.0
arctic_b0070,Arabic,ZHAA,l2+zero_200,There was no chance to fire without hitting him., There was no chance to fire without hitting him.,0.0
arctic_b0070,Arabic,ZHAA,nat+zero_400,There was no chance to fire without hitting him., There was no chance to fire without hitting him.,0.0
arctic_b0070,Arabic,ZHAA,l2+zero_400,There was no chance to fire without hitting him., There was no chance to fire without hitting him.,0.0
arctic_b0070,Arabic,ZHAA,nat+zero_800,There was no chance to fire without hitting him., There was no chance to fire without hitting him.,0.0
arctic_b0070,Arabic,ZHAA,l2+zero_800,There was no chance to fire without hitting him., there was no chance to fire without hitting him.,0.0
arctic_b0070,Arabic,ZHAA,nat+empty_pad,There was no chance to fire without hitting him., There was no chance to fire without hitting him.,0.0
arctic_b0070,Arabic,ZHAA,l2+empty_pad,There was no chance to fire without hitting him., There was no chance to fire without hitting him.,0.0
arctic_b0070,Chinese,BWC,nat+nat,There was no chance to fire without hitting him., there was no chance to fire without hitting him.,0.0
arctic_b0070,Chinese,BWC,nat+nat_diff_utt,There was no chance to fire without hitting him., there was no chance to fire without hitting him.,0.0
arctic_b0070,Chinese,BWC,nat+l2_same,There was no chance to fire without hitting him., There was no chance to fire without hitting him.,0.0
arctic_b0070,Chinese,BWC,nat+interp,There was no chance to fire without hitting him., there was no chance to fire without hitting him.,0.0
arctic_b0070,Chinese,BWC,nat+noise,There was no chance to fire without hitting him., There was no,0.6666666666666666
arctic_b0070,Chinese,BWC,l2+l2,There was no chance to fire without hitting him., There was no chance to fire without hitting him.,0.0
arctic_b0070,Chinese,BWC,l2+l2_diff_utt,There was no chance to fire without hitting him., There was no chance to fire without hitting him.,0.0
arctic_b0070,Chinese,BWC,l2+nat_same,There was no chance to fire without hitting him., There was no chance to fire without hitting him.,0.0
arctic_b0070,Chinese,BWC,l2+interp,There was no chance to fire without hitting him., There was no chance to fire without hitting him.,0.0
arctic_b0070,Chinese,BWC,l2+noise,There was no chance to fire without hitting him., There was,0.7777777777777778
arctic_b0070,Chinese,BWC,nat+zero_0,There was no chance to fire without hitting him., There was no chance to fire without hitting him.,0.0
arctic_b0070,Chinese,BWC,l2+zero_0,There was no chance to fire without hitting him., There was no chance to fire without hitting him.,0.0
arctic_b0070,Chinese,BWC,nat+zero_100,There was no chance to fire without hitting him., There was no chance to fire without hitting him.,0.0
arctic_b0070,Chinese,BWC,l2+zero_100,There was no chance to fire without hitting him., There was no chance to fire without hitting him.,0.0
arctic_b0070,Chinese,BWC,nat+zero_200,There was no chance to fire without hitting him., There was no chance to fire without hitting him.,0.0
arctic_b0070,Chinese,BWC,l2+zero_200,There was no chance to fire without hitting him., There was no chance to fire without hitting him.,0.0
arctic_b0070,Chinese,BWC,nat+zero_400,There was no chance to fire without hitting him., There was no chance to fire without hitting him.,0.0
arctic_b0070,Chinese,BWC,l2+zero_400,There was no chance to fire without hitting him., There was no chance to fire without hitting him.,0.0
arctic_b0070,Chinese,BWC,nat+zero_800,There was no chance to fire without hitting him., There was no chance to fire without hitting him.,0.0
arctic_b0070,Chinese,BWC,l2+zero_800,There was no chance to fire without hitting him., There was no chance to fire without hitting him.,0.0
arctic_b0070,Chinese,BWC,nat+empty_pad,There was no chance to fire without hitting him., There was no chance to fire without hitting him.,0.0
arctic_b0070,Chinese,BWC,l2+empty_pad,There was no chance to fire without hitting him., There was no chance to fire without hitting him.,0.0
arctic_b0070,Hindi,SVBI,nat+nat,There was no chance to fire without hitting him., there was no chance to fire without hitting him.,0.0
arctic_b0070,Hindi,SVBI,nat+nat_diff_utt,There was no chance to fire without hitting him., there was no chance to fire without hitting him.,0.0
arctic_b0070,Hindi,SVBI,nat+l2_same,There was no chance to fire without hitting him., there was no chance to fire without hitting him.,0.0
arctic_b0070,Hindi,SVBI,nat+interp,There was no chance to fire without hitting him., there was no chance to fire without hitting him.,0.0
arctic_b0070,Hindi,SVBI,nat+noise,There was no chance to fire without hitting him., There was no,0.6666666666666666
arctic_b0070,Hindi,SVBI,l2+l2,There was no chance to fire without hitting him., There was no chance to fire without hitting him.,0.0
arctic_b0070,Hindi,SVBI,l2+l2_diff_utt,There was no chance to fire without hitting him., There was no chance to fire without hitting him.,0.0
arctic_b0070,Hindi,SVBI,l2+nat_same,There was no chance to fire without hitting him., There was no chance to fire without hitting him.,0.0
arctic_b0070,Hindi,SVBI,l2+interp,There was no chance to fire without hitting him., There was no chance to fire without hitting him.,0.0
arctic_b0070,Hindi,SVBI,l2+noise,There was no chance to fire without hitting him., There was there was,0.7777777777777778
arctic_b0070,Hindi,SVBI,nat+zero_0,There was no chance to fire without hitting him., There was no chance to fire without hitting him.,0.0
arctic_b0070,Hindi,SVBI,l2+zero_0,There was no chance to fire without hitting him., There was no chance to fire without hitting him.,0.0
arctic_b0070,Hindi,SVBI,nat+zero_100,There was no chance to fire without hitting him., There was no chance to fire without hitting him.,0.0
arctic_b0070,Hindi,SVBI,l2+zero_100,There was no chance to fire without hitting him., There was no chance to fire without hitting him.,0.0
arctic_b0070,Hindi,SVBI,nat+zero_200,There was no chance to fire without hitting him., There was no chance to fire without hitting him.,0.0
arctic_b0070,Hindi,SVBI,l2+zero_200,There was no chance to fire without hitting him., There was no chance to fire without hitting him.,0.0
arctic_b0070,Hindi,SVBI,nat+zero_400,There was no chance to fire without hitting him., There was no chance to fire without hitting him.,0.0
arctic_b0070,Hindi,SVBI,l2+zero_400,There was no chance to fire without hitting him., There was no chance to fire without hitting him.,0.0
arctic_b0070,Hindi,SVBI,nat+zero_800,There was no chance to fire without hitting him., There was no chance to fire without hitting him.,0.0
arctic_b0070,Hindi,SVBI,l2+zero_800,There was no chance to fire without hitting him., There was no chance to fire without hitting him.,0.0
arctic_b0070,Hindi,SVBI,nat+empty_pad,There was no chance to fire without hitting him., There was no chance to fire without hitting him.,0.0
arctic_b0070,Hindi,SVBI,l2+empty_pad,There was no chance to fire without hitting him., There was no chance to fire without hitting him.,0.0
arctic_b0070,Korean,HJK,nat+nat,There was no chance to fire without hitting him., there was no chance to fire without hitting him.,0.0
arctic_b0070,Korean,HJK,nat+nat_diff_utt,There was no chance to fire without hitting him., there was no chance to fire without hitting him.,0.0
arctic_b0070,Korean,HJK,nat+l2_same,There was no chance to fire without hitting him., there was no chance to fire without hitting him.,0.0
arctic_b0070,Korean,HJK,nat+interp,There was no chance to fire without hitting him., There was no chance to fire without hitting him.,0.0
arctic_b0070,Korean,HJK,nat+noise,There was no chance to fire without hitting him., There was no,0.6666666666666666
arctic_b0070,Korean,HJK,l2+l2,There was no chance to fire without hitting him., There was no chance to fire without hitting him.,0.0
arctic_b0070,Korean,HJK,l2+l2_diff_utt,There was no chance to fire without hitting him., There was no chance to fire without hitting him.,0.0
arctic_b0070,Korean,HJK,l2+nat_same,There was no chance to fire without hitting him., There was no chance to fire without hitting him.,0.0
arctic_b0070,Korean,HJK,l2+interp,There was no chance to fire without hitting him., There was no chance to fire without hitting him.,0.0
arctic_b0070,Korean,HJK,l2+noise,There was no chance to fire without hitting him., There was there was,0.7777777777777778
arctic_b0070,Korean,HJK,nat+zero_0,There was no chance to fire without hitting him., There was no chance to fire without hitting him.,0.0
arctic_b0070,Korean,HJK,l2+zero_0,There was no chance to fire without hitting him., There was no chance to fire without hitting him.,0.0
arctic_b0070,Korean,HJK,nat+zero_100,There was no chance to fire without hitting him., There was no chance to fire without hitting him.,0.0
arctic_b0070,Korean,HJK,l2+zero_100,There was no chance to fire without hitting him., There was no chance to fire without hitting him.,0.0
arctic_b0070,Korean,HJK,nat+zero_200,There was no chance to fire without hitting him., There was no chance to fire without hitting him.,0.0
arctic_b0070,Korean,HJK,l2+zero_200,There was no chance to fire without hitting him., There was no chance to fire without hitting him.,0.0
arctic_b0070,Korean,HJK,nat+zero_400,There was no chance to fire without hitting him., There was no chance to fire without hitting him.,0.0
arctic_b0070,Korean,HJK,l2+zero_400,There was no chance to fire without hitting him., There was no chance to fire without hitting him.,0.0
arctic_b0070,Korean,HJK,nat+zero_800,There was no chance to fire without hitting him., There was no chance to fire without hitting him.,0.0
arctic_b0070,Korean,HJK,l2+zero_800,There was no chance to fire without hitting him., There was no chance to fire without hitting him.,0.0
arctic_b0070,Korean,HJK,nat+empty_pad,There was no chance to fire without hitting him., There was no chance to fire without hitting him.,0.0
arctic_b0070,Korean,HJK,l2+empty_pad,There was no chance to fire without hitting him., There was no chance to fire without hitting him.,0.0
arctic_b0070,Spanish,EBVS,nat+nat,There was no chance to fire without hitting him., there was no chance to fire without hitting him.,0.0
arctic_b0070,Spanish,EBVS,nat+nat_diff_utt,There was no chance to fire without hitting him., there was no chance to fire without hitting him.,0.0
arctic_b0070,Spanish,EBVS,nat+l2_same,There was no chance to fire without hitting him., there was no chance to fire without hitting him.,0.0
arctic_b0070,Spanish,EBVS,nat+interp,There was no chance to fire without hitting him., there was no chance to fire without hitting him.,0.0
arctic_b0070,Spanish,EBVS,nat+noise,There was no chance to fire without hitting him., There was no,0.6666666666666666
arctic_b0070,Spanish,EBVS,l2+l2,There was no chance to fire without hitting him., there was no chance to fire without hitting him.,0.0
arctic_b0070,Spanish,EBVS,l2+l2_diff_utt,There was no chance to fire without hitting him., there were no chance to fire without hitting him.,0.1111111111111111
arctic_b0070,Spanish,EBVS,l2+nat_same,There was no chance to fire without hitting him., there were no chance to fire without hitting him.,0.1111111111111111
arctic_b0070,Spanish,EBVS,l2+interp,There was no chance to fire without hitting him., there was no chance to fire without hitting him.,0.0
arctic_b0070,Spanish,EBVS,l2+noise,There was no chance to fire without hitting him., There was,0.7777777777777778
arctic_b0070,Spanish,EBVS,nat+zero_0,There was no chance to fire without hitting him., There was no chance to fire without hitting him.,0.0
arctic_b0070,Spanish,EBVS,l2+zero_0,There was no chance to fire without hitting him., there were no chance to fire without hitting him.,0.1111111111111111
arctic_b0070,Spanish,EBVS,nat+zero_100,There was no chance to fire without hitting him., There was no chance to fire without hitting him.,0.0
arctic_b0070,Spanish,EBVS,l2+zero_100,There was no chance to fire without hitting him., there was no chance to fire without hitting him.,0.0
arctic_b0070,Spanish,EBVS,nat+zero_200,There was no chance to fire without hitting him., There was no chance to fire without hitting him.,0.0
arctic_b0070,Spanish,EBVS,l2+zero_200,There was no chance to fire without hitting him., there was no chance to fire without hitting him.,0.0
arctic_b0070,Spanish,EBVS,nat+zero_400,There was no chance to fire without hitting him., There was no chance to fire without hitting him.,0.0
arctic_b0070,Spanish,EBVS,l2+zero_400,There was no chance to fire without hitting him., there was no chance to fire without hitting him.,0.0
arctic_b0070,Spanish,EBVS,nat+zero_800,There was no chance to fire without hitting him., There was no chance to fire without hitting him.,0.0
arctic_b0070,Spanish,EBVS,l2+zero_800,There was no chance to fire without hitting him., there was no chance to fire without hitting him.,0.0
arctic_b0070,Spanish,EBVS,nat+empty_pad,There was no chance to fire without hitting him., There was no chance to fire without hitting him.,0.0
arctic_b0070,Spanish,EBVS,l2+empty_pad,There was no chance to fire without hitting him., there was no chance to fire without hitting him.,0.0
arctic_b0070,Vietnamese,HQTV,nat+nat,There was no chance to fire without hitting him., there was no chance to fire without hitting him.,0.0
arctic_b0070,Vietnamese,HQTV,nat+nat_diff_utt,There was no chance to fire without hitting him., there was no chance to fire without hitting him.,0.0
arctic_b0070,Vietnamese,HQTV,nat+l2_same,There was no chance to fire without hitting him., there was no chance to fire without hitting him.,0.0
arctic_b0070,Vietnamese,HQTV,nat+interp,There was no chance to fire without hitting him., There was no chance to fire without hitting him.,0.0
arctic_b0070,Vietnamese,HQTV,nat+noise,There was no chance to fire without hitting him., There was no,0.6666666666666666
arctic_b0070,Vietnamese,HQTV,l2+l2,There was no chance to fire without hitting him., there's one chance to fight without hitting him.,0.4444444444444444
arctic_b0070,Vietnamese,HQTV,l2+l2_diff_utt,There was no chance to fire without hitting him., there's one chance to fight without hitting him.,0.4444444444444444
arctic_b0070,Vietnamese,HQTV,l2+nat_same,There was no chance to fire without hitting him., there's one chance to fight without hitting him.,0.4444444444444444
arctic_b0070,Vietnamese,HQTV,l2+interp,There was no chance to fire without hitting him., there's will no chance to fight without hitting him,0.3333333333333333
arctic_b0070,Vietnamese,HQTV,l2+noise,There was no chance to fire without hitting him., There's will no chance to fight without hitting him,0.3333333333333333
arctic_b0070,Vietnamese,HQTV,nat+zero_0,There was no chance to fire without hitting him., There was no chance to fire without hitting him.,0.0
arctic_b0070,Vietnamese,HQTV,l2+zero_0,There was no chance to fire without hitting him., There's one more chance to fight without hitting him.,0.4444444444444444
arctic_b0070,Vietnamese,HQTV,nat+zero_100,There was no chance to fire without hitting him., There was no chance to fire without hitting him.,0.0
arctic_b0070,Vietnamese,HQTV,l2+zero_100,There was no chance to fire without hitting him., There's one more chance to fight without hitting him.,0.4444444444444444
arctic_b0070,Vietnamese,HQTV,nat+zero_200,There was no chance to fire without hitting him., There was no chance to fire without hitting him.,0.0
arctic_b0070,Vietnamese,HQTV,l2+zero_200,There was no chance to fire without hitting him., There's one more chance to fight without hitting him.,0.4444444444444444
arctic_b0070,Vietnamese,HQTV,nat+zero_400,There was no chance to fire without hitting him., There was no chance to fire without hitting him.,0.0
arctic_b0070,Vietnamese,HQTV,l2+zero_400,There was no chance to fire without hitting him., There's one more chance to fight without hitting him.,0.4444444444444444
arctic_b0070,Vietnamese,HQTV,nat+zero_800,There was no chance to fire without hitting him., There was no chance to fire without hitting him.,0.0
arctic_b0070,Vietnamese,HQTV,l2+zero_800,There was no chance to fire without hitting him., there's one chance to fight without hitting him.,0.4444444444444444
arctic_b0070,Vietnamese,HQTV,nat+empty_pad,There was no chance to fire without hitting him., There was no chance to fire without hitting him.,0.0
arctic_b0070,Vietnamese,HQTV,l2+empty_pad,There was no chance to fire without hitting him., there's one chance to fight without hitting him,0.4444444444444444
arctic_b0092,Arabic,ZHAA,nat+nat,I want to die in it., I want to die in it.,0.0
arctic_b0092,Arabic,ZHAA,nat+nat_diff_utt,I want to die in it., I want to die in it.,0.0
arctic_b0092,Arabic,ZHAA,nat+l2_same,I want to die in it., I want to die in it.,0.0
arctic_b0092,Arabic,ZHAA,nat+interp,I want to die in it., I want to die in it.,0.0
arctic_b0092,Arabic,ZHAA,nat+noise,I want to die in it., I want,0.6666666666666666
arctic_b0092,Arabic,ZHAA,l2+l2,I want to die in it., I want to die in it.,0.0
arctic_b0092,Arabic,ZHAA,l2+l2_diff_utt,I want to die in it., I want to die in it.,0.0
arctic_b0092,Arabic,ZHAA,l2+nat_same,I want to die in it., I want to die in it.,0.0
arctic_b0092,Arabic,ZHAA,l2+interp,I want to die in it., I want to die in it.,0.0
arctic_b0092,Arabic,ZHAA,l2+noise,I want to die in it., I want to,0.5
arctic_b0092,Arabic,ZHAA,nat+zero_0,I want to die in it., I want to die in it.,0.0
arctic_b0092,Arabic,ZHAA,l2+zero_0,I want to die in it., I want to die in it.,0.0
arctic_b0092,Arabic,ZHAA,nat+zero_100,I want to die in it., I want to die in it.,0.0
arctic_b0092,Arabic,ZHAA,l2+zero_100,I want to die in it., I want to die in it.,0.0
arctic_b0092,Arabic,ZHAA,nat+zero_200,I want to die in it., I want to die in it.,0.0
arctic_b0092,Arabic,ZHAA,l2+zero_200,I want to die in it., I want to die in it.,0.0
arctic_b0092,Arabic,ZHAA,nat+zero_400,I want to die in it., I want to die in it.,0.0
arctic_b0092,Arabic,ZHAA,l2+zero_400,I want to die in it., I want to die in it.,0.0
arctic_b0092,Arabic,ZHAA,nat+zero_800,I want to die in it., I want to die in it.,0.0
arctic_b0092,Arabic,ZHAA,l2+zero_800,I want to die in it., I want to die in it.,0.0
arctic_b0092,Arabic,ZHAA,nat+empty_pad,I want to die in it., I want to die in it.,0.0
arctic_b0092,Arabic,ZHAA,l2+empty_pad,I want to die in it., I want to die in it.,0.0
arctic_b0092,Chinese,BWC,nat+nat,I want to die in it., I want to die in it.,0.0
arctic_b0092,Chinese,BWC,nat+nat_diff_utt,I want to die in it., I want to die in it.,0.0
arctic_b0092,Chinese,BWC,nat+l2_same,I want to die in it., I want to die in it.,0.0
arctic_b0092,Chinese,BWC,nat+interp,I want to die in it., I want to die in it.,0.0
arctic_b0092,Chinese,BWC,nat+noise,I want to die in it., I want,0.6666666666666666
arctic_b0092,Chinese,BWC,l2+l2,I want to die in it., I want to dine in it.,0.16666666666666666
arctic_b0092,Chinese,BWC,l2+l2_diff_utt,I want to die in it., I want to dine in it.,0.16666666666666666
arctic_b0092,Chinese,BWC,l2+nat_same,I want to die in it., I want to dine in it.,0.16666666666666666
arctic_b0092,Chinese,BWC,l2+interp,I want to die in it., I want to dine in it,0.16666666666666666
arctic_b0092,Chinese,BWC,l2+noise,I want to die in it., I want to,0.5
arctic_b0092,Chinese,BWC,nat+zero_0,I want to die in it., I want to die in it.,0.0
arctic_b0092,Chinese,BWC,l2+zero_0,I want to die in it., I want to dine in it.,0.16666666666666666
arctic_b0092,Chinese,BWC,nat+zero_100,I want to die in it., I want to die in it.,0.0
arctic_b0092,Chinese,BWC,l2+zero_100,I want to die in it., I want to dine in it.,0.16666666666666666
arctic_b0092,Chinese,BWC,nat+zero_200,I want to die in it., I want to die in it.,0.0
arctic_b0092,Chinese,BWC,l2+zero_200,I want to die in it., I want to dine in it.,0.16666666666666666
arctic_b0092,Chinese,BWC,nat+zero_400,I want to die in it., I want to die in it.,0.0
arctic_b0092,Chinese,BWC,l2+zero_400,I want to die in it., I want to dine in it.,0.16666666666666666
arctic_b0092,Chinese,BWC,nat+zero_800,I want to die in it., I want to die in it.,0.0
arctic_b0092,Chinese,BWC,l2+zero_800,I want to die in it., I want to dine in it.,0.16666666666666666
arctic_b0092,Chinese,BWC,nat+empty_pad,I want to die in it., I want to die in it.,0.0
arctic_b0092,Chinese,BWC,l2+empty_pad,I want to die in it., I want to dine in it.,0.16666666666666666
arctic_b0092,Hindi,SVBI,nat+nat,I want to die in it., I want to die in it.,0.0
arctic_b0092,Hindi,SVBI,nat+nat_diff_utt,I want to die in it., I want to die in it.,0.0
arctic_b0092,Hindi,SVBI,nat+l2_same,I want to die in it., I want to die in it.,0.0
arctic_b0092,Hindi,SVBI,nat+interp,I want to die in it., I want to die in it.,0.0
arctic_b0092,Hindi,SVBI,nat+noise,I want to die in it., I want,0.6666666666666666
arctic_b0092,Hindi,SVBI,l2+l2,I want to die in it., I want to die in it.,0.0
arctic_b0092,Hindi,SVBI,l2+l2_diff_utt,I want to die in it., I want to die in it.,0.0
arctic_b0092,Hindi,SVBI,l2+nat_same,I want to die in it., I want to die in it.,0.0
arctic_b0092,Hindi,SVBI,l2+interp,I want to die in it., I want to die in it.,0.0
arctic_b0092,Hindi,SVBI,l2+noise,I want to die in it., I want to,0.5
arctic_b0092,Hindi,SVBI,nat+zero_0,I want to die in it., I want to die in it.,0.0
arctic_b0092,Hindi,SVBI,l2+zero_0,I want to die in it., I want to die in it.,0.0
arctic_b0092,Hindi,SVBI,nat+zero_100,I want to die in it., I want to die in it.,0.0
arctic_b0092,Hindi,SVBI,l2+zero_100,I want to die in it., I want to die in it.,0.0
arctic_b0092,Hindi,SVBI,nat+zero_200,I want to die in it., I want to die in it.,0.0
arctic_b0092,Hindi,SVBI,l2+zero_200,I want to die in it., I want to die in it.,0.0
arctic_b0092,Hindi,SVBI,nat+zero_400,I want to die in it., I want to die in it.,0.0
arctic_b0092,Hindi,SVBI,l2+zero_400,I want to die in it., I want to die in it.,0.0
arctic_b0092,Hindi,SVBI,nat+zero_800,I want to die in it., I want to die in it.,0.0
arctic_b0092,Hindi,SVBI,l2+zero_800,I want to die in it., I want to die in it.,0.0
arctic_b0092,Hindi,SVBI,nat+empty_pad,I want to die in it., I want to die in it.,0.0
arctic_b0092,Hindi,SVBI,l2+empty_pad,I want to die in it., I want to die in it.,0.0
arctic_b0092,Korean,HJK,nat+nat,I want to die in it., I want to die in it.,0.0
arctic_b0092,Korean,HJK,nat+nat_diff_utt,I want to die in it., I want to die in it.,0.0
arctic_b0092,Korean,HJK,nat+l2_same,I want to die in it., I want to die in it.,0.0
arctic_b0092,Korean,HJK,nat+interp,I want to die in it., I want to die in it.,0.0
arctic_b0092,Korean,HJK,nat+noise,I want to die in it., I want,0.6666666666666666
arctic_b0092,Korean,HJK,l2+l2,I want to die in it., I want to die in it.,0.0
arctic_b0092,Korean,HJK,l2+l2_diff_utt,I want to die in it., I want to die in it.,0.0
arctic_b0092,Korean,HJK,l2+nat_same,I want to die in it., I want to die in it.,0.0
arctic_b0092,Korean,HJK,l2+interp,I want to die in it., I want to die in it.,0.0
arctic_b0092,Korean,HJK,l2+noise,I want to die in it., I want to,0.5
arctic_b0092,Korean,HJK,nat+zero_0,I want to die in it., I want to die in it.,0.0
arctic_b0092,Korean,HJK,l2+zero_0,I want to die in it., I want to die in it.,0.0
arctic_b0092,Korean,HJK,nat+zero_100,I want to die in it., I want to die in it.,0.0
arctic_b0092,Korean,HJK,l2+zero_100,I want to die in it., I want to die in it.,0.0
arctic_b0092,Korean,HJK,nat+zero_200,I want to die in it., I want to die in it.,0.0
arctic_b0092,Korean,HJK,l2+zero_200,I want to die in it., I want to die in it.,0.0
arctic_b0092,Korean,HJK,nat+zero_400,I want to die in it., I want to die in it.,0.0
arctic_b0092,Korean,HJK,l2+zero_400,I want to die in it., I want to die in it.,0.0
arctic_b0092,Korean,HJK,nat+zero_800,I want to die in it., I want to die in it.,0.0
arctic_b0092,Korean,HJK,l2+zero_800,I want to die in it., I want to die in it.,0.0
arctic_b0092,Korean,HJK,nat+empty_pad,I want to die in it., I want to die in it.,0.0
arctic_b0092,Korean,HJK,l2+empty_pad,I want to die in it., I want to die in it.,0.0
arctic_b0092,Spanish,EBVS,nat+nat,I want to die in it., I want to die in it.,0.0
arctic_b0092,Spanish,EBVS,nat+nat_diff_utt,I want to die in it., I want to die in it.,0.0
arctic_b0092,Spanish,EBVS,nat+l2_same,I want to die in it., I want to die in it.,0.0
arctic_b0092,Spanish,EBVS,nat+interp,I want to die in it., I want to die in it.,0.0
arctic_b0092,Spanish,EBVS,nat+noise,I want to die in it., I want,0.6666666666666666
arctic_b0092,Spanish,EBVS,l2+l2,I want to die in it., I went dying it.,0.6666666666666666
arctic_b0092,Spanish,EBVS,l2+l2_diff_utt,I want to die in it., I want dying it.,0.5
arctic_b0092,Spanish,EBVS,l2+nat_same,I want to die in it., I went dying it.,0.6666666666666666
arctic_b0092,Spanish,EBVS,l2+interp,I want to die in it., I went dying it.,0.6666666666666666
arctic_b0092,Spanish,EBVS,l2+noise,I want to die in it., I went I went dying it,0.6666666666666666
arctic_b0092,Spanish,EBVS,nat+zero_0,I want to die in it., I want to die in it.,0.0
arctic_b0092,Spanish,EBVS,l2+zero_0,I want to die in it., I went dying it.,0.6666666666666666
arctic_b0092,Spanish,EBVS,nat+zero_100,I want to die in it., I want to die in it.,0.0
arctic_b0092,Spanish,EBVS,l2+zero_100,I want to die in it., I went dying it.,0.6666666666666666
arctic_b0092,Spanish,EBVS,nat+zero_200,I want to die in it., I want to die in it.,0.0
arctic_b0092,Spanish,EBVS,l2+zero_200,I want to die in it., I went dying it.,0.6666666666666666
arctic_b0092,Spanish,EBVS,nat+zero_400,I want to die in it., I want to die in it.,0.0
arctic_b0092,Spanish,EBVS,l2+zero_400,I want to die in it., I went dying it.,0.6666666666666666
arctic_b0092,Spanish,EBVS,nat+zero_800,I want to die in it., I want to die in it.,0.0
arctic_b0092,Spanish,EBVS,l2+zero_800,I want to die in it., I went dying it.,0.6666666666666666
arctic_b0092,Spanish,EBVS,nat+empty_pad,I want to die in it., I want to die in it.,0.0
arctic_b0092,Spanish,EBVS,l2+empty_pad,I want to die in it., I went dying it.,0.6666666666666666
arctic_b0092,Vietnamese,HQTV,nat+nat,I want to die in it., I want to die in it.,0.0
arctic_b0092,Vietnamese,HQTV,nat+nat_diff_utt,I want to die in it., I want to die in it.,0.0
arctic_b0092,Vietnamese,HQTV,nat+l2_same,I want to die in it., I want to die in it.,0.0
arctic_b0092,Vietnamese,HQTV,nat+interp,I want to die in it., I want to die in it.,0.0
arctic_b0092,Vietnamese,HQTV,nat+noise,I want to die in it., I want,0.6666666666666666
arctic_b0092,Vietnamese,HQTV,l2+l2,I want to die in it., I want you to have it.,0.5
arctic_b0092,Vietnamese,HQTV,l2+l2_diff_utt,I want to die in it., I want you to die in it.,0.16666666666666666
arctic_b0092,Vietnamese,HQTV,l2+nat_same,I want to die in it., I want you to do it.,0.5
arctic_b0092,Vietnamese,HQTV,l2+interp,I want to die in it., I want you to I need.,0.6666666666666666
arctic_b0092,Vietnamese,HQTV,l2+noise,I want to die in it., I want,0.6666666666666666
arctic_b0092,Vietnamese,HQTV,nat+zero_0,I want to die in it., I want to die in it.,0.0
arctic_b0092,Vietnamese,HQTV,l2+zero_0,I want to die in it., I want you to I need,0.6666666666666666
arctic_b0092,Vietnamese,HQTV,nat+zero_100,I want to die in it., I want to die in it.,0.0
arctic_b0092,Vietnamese,HQTV,l2+zero_100,I want to die in it., I want you to I need,0.6666666666666666
arctic_b0092,Vietnamese,HQTV,nat+zero_200,I want to die in it., I want to die in it.,0.0
arctic_b0092,Vietnamese,HQTV,l2+zero_200,I want to die in it., I want you to I need,0.6666666666666666
arctic_b0092,Vietnamese,HQTV,nat+zero_400,I want to die in it., I want to die in it.,0.0
arctic_b0092,Vietnamese,HQTV,l2+zero_400,I want to die in it., I want you to I need,0.6666666666666666
arctic_b0092,Vietnamese,HQTV,nat+zero_800,I want to die in it., I want to die in it.,0.0
arctic_b0092,Vietnamese,HQTV,l2+zero_800,I want to die in it., I want you to iron it.,0.5
arctic_b0092,Vietnamese,HQTV,nat+empty_pad,I want to die in it., I want to die in it.,0.0
arctic_b0092,Vietnamese,HQTV,l2+empty_pad,I want to die in it., I want you to have it.,0.5
arctic_b0114,Arabic,ZHAA,nat+nat,"He moved his position, and the illusion was gone.", He moved his position and the illusion was gone.,0.0
arctic_b0114,Arabic,ZHAA,nat+nat_diff_utt,"He moved his position, and the illusion was gone.", he moved his position and the illusion was gone.,0.0
arctic_b0114,Arabic,ZHAA,nat+l2_same,"He moved his position, and the illusion was gone.", He moved his position and the illusion was gone.,0.0
arctic_b0114,Arabic,ZHAA,nat+interp,"He moved his position, and the illusion was gone.", He moved his position and the illusion was gone.,0.0
arctic_b0114,Arabic,ZHAA,nat+noise,"He moved his position, and the illusion was gone.", He moved his,0.6666666666666666
arctic_b0114,Arabic,ZHAA,l2+l2,"He moved his position, and the illusion was gone.", He moved his position and the illusion was gone.,0.0
arctic_b0114,Arabic,ZHAA,l2+l2_diff_utt,"He moved his position, and the illusion was gone.", He moved his position and the illusion was gone.,0.0
arctic_b0114,Arabic,ZHAA,l2+nat_same,"He moved his position, and the illusion was gone.", He moved his position and the illusion was gone.,0.0
arctic_b0114,Arabic,ZHAA,l2+interp,"He moved his position, and the illusion was gone.", he moved his position and the illusion was gone.,0.0
arctic_b0114,Arabic,ZHAA,l2+noise,"He moved his position, and the illusion was gone.", He moved his,0.6666666666666666
arctic_b0114,Arabic,ZHAA,nat+zero_0,"He moved his position, and the illusion was gone.", He moved his position and the illusion was gone.,0.0
arctic_b0114,Arabic,ZHAA,l2+zero_0,"He moved his position, and the illusion was gone.", He moved his position and the illusion was gone.,0.0
arctic_b0114,Arabic,ZHAA,nat+zero_100,"He moved his position, and the illusion was gone.", He moved his position and the illusion was gone.,0.0
arctic_b0114,Arabic,ZHAA,l2+zero_100,"He moved his position, and the illusion was gone.", He moved his position and the illusion was gone.,0.0
arctic_b0114,Arabic,ZHAA,nat+zero_200,"He moved his position, and the illusion was gone.", He moved his position and the illusion was gone.,0.0
arctic_b0114,Arabic,ZHAA,l2+zero_200,"He moved his position, and the illusion was gone.", He moved his position and the illusion was gone.,0.0
arctic_b0114,Arabic,ZHAA,nat+zero_400,"He moved his position, and the illusion was gone.", He moved his position and the illusion was gone.,0.0
arctic_b0114,Arabic,ZHAA,l2+zero_400,"He moved his position, and the illusion was gone.", He moved his position and the illusion was gone.,0.0
arctic_b0114,Arabic,ZHAA,nat+zero_800,"He moved his position, and the illusion was gone.", He moved his position and the illusion was gone.,0.0
arctic_b0114,Arabic,ZHAA,l2+zero_800,"He moved his position, and the illusion was gone.", He moved his position and the illusion was gone.,0.0
arctic_b0114,Arabic,ZHAA,nat+empty_pad,"He moved his position, and the illusion was gone.", He moved his position and the illusion was gone.,0.0
arctic_b0114,Arabic,ZHAA,l2+empty_pad,"He moved his position, and the illusion was gone.", He moved his position and the illusion was gone.,0.0
arctic_b0114,Chinese,BWC,nat+nat,"He moved his position, and the illusion was gone.", He moved his position and the illusion was gone.,0.0
arctic_b0114,Chinese,BWC,nat+nat_diff_utt,"He moved his position, and the illusion was gone.", he moved his position and the illusion was gone.,0.0
arctic_b0114,Chinese,BWC,nat+l2_same,"He moved his position, and the illusion was gone.", He moved his position and the illusion was gone.,0.0
arctic_b0114,Chinese,BWC,nat+interp,"He moved his position, and the illusion was gone.", He moved his position and the illusion was gone.,0.0
arctic_b0114,Chinese,BWC,nat+noise,"He moved his position, and the illusion was gone.", He moved his,0.6666666666666666
arctic_b0114,Chinese,BWC,l2+l2,"He moved his position, and the illusion was gone.", He moved his position and the illusion was gone.,0.0
arctic_b0114,Chinese,BWC,l2+l2_diff_utt,"He moved his position, and the illusion was gone.", He moved his position and the illusion was gone.,0.0
arctic_b0114,Chinese,BWC,l2+nat_same,"He moved his position, and the illusion was gone.", He moved his position and the illusion was gone.,0.0
arctic_b0114,Chinese,BWC,l2+interp,"He moved his position, and the illusion was gone.", He moved his position and the illusion was gone,0.0
arctic_b0114,Chinese,BWC,l2+noise,"He moved his position, and the illusion was gone.", He moved his,0.6666666666666666
arctic_b0114,Chinese,BWC,nat+zero_0,"He moved his position, and the illusion was gone.", He moved his position and the illusion was gone.,0.0
arctic_b0114,Chinese,BWC,l2+zero_0,"He moved his position, and the illusion was gone.", He moved his position and the illusion was gone.,0.0
arctic_b0114,Chinese,BWC,nat+zero_100,"He moved his position, and the illusion was gone.", He moved his position and the illusion was gone.,0.0
arctic_b0114,Chinese,BWC,l2+zero_100,"He moved his position, and the illusion was gone.", He moved his position and the illusion was gone.,0.0
arctic_b0114,Chinese,BWC,nat+zero_200,"He moved his position, and the illusion was gone.", He moved his position and the illusion was gone.,0.0
arctic_b0114,Chinese,BWC,l2+zero_200,"He moved his position, and the illusion was gone.", He moved his position and the illusion was gone.,0.0
arctic_b0114,Chinese,BWC,nat+zero_400,"He moved his position, and the illusion was gone.", He moved his position and the illusion was gone.,0.0
arctic_b0114,Chinese,BWC,l2+zero_400,"He moved his position, and the illusion was gone.", He moved his position and the illusion was gone.,0.0
arctic_b0114,Chinese,BWC,nat+zero_800,"He moved his position, and the illusion was gone.", He moved his position and the illusion was gone.,0.0
arctic_b0114,Chinese,BWC,l2+zero_800,"He moved his position, and the illusion was gone.", He moved his position and the illusion was gone.,0.0
arctic_b0114,Chinese,BWC,nat+empty_pad,"He moved his position, and the illusion was gone.", He moved his position and the illusion was gone.,0.0
arctic_b0114,Chinese,BWC,l2+empty_pad,"He moved his position, and the illusion was gone.", He moved his position and the illusion was gone.,0.0
arctic_b0114,Hindi,SVBI,nat+nat,"He moved his position, and the illusion was gone.", He moved his position and the illusion was gone.,0.0
arctic_b0114,Hindi,SVBI,nat+nat_diff_utt,"He moved his position, and the illusion was gone.", he moved his position and the illusion was gone.,0.0
arctic_b0114,Hindi,SVBI,nat+l2_same,"He moved his position, and the illusion was gone.", He moved his position and the illusion was gone.,0.0
arctic_b0114,Hindi,SVBI,nat+interp,"He moved his position, and the illusion was gone.", He moved his position and the illusion was gone.,0.0
arctic_b0114,Hindi,SVBI,nat+noise,"He moved his position, and the illusion was gone.", He moved his,0.6666666666666666
arctic_b0114,Hindi,SVBI,l2+l2,"He moved his position, and the illusion was gone.", He moved his position and the illusion was gone.,0.0
arctic_b0114,Hindi,SVBI,l2+l2_diff_utt,"He moved his position, and the illusion was gone.", He moved his position and the illusion was gone.,0.0
arctic_b0114,Hindi,SVBI,l2+nat_same,"He moved his position, and the illusion was gone.", He moved his position and the illusion was gone.,0.0
arctic_b0114,Hindi,SVBI,l2+interp,"He moved his position, and the illusion was gone.", He moved his position and the illusion was gone.,0.0
arctic_b0114,Hindi,SVBI,l2+noise,"He moved his position, and the illusion was gone.", He mort his,0.7777777777777778
arctic_b0114,Hindi,SVBI,nat+zero_0,"He moved his position, and the illusion was gone.", He moved his position and the illusion was gone.,0.0
arctic_b0114,Hindi,SVBI,l2+zero_0,"He moved his position, and the illusion was gone.", He moved his position and the illusion was gone.,0.0
arctic_b0114,Hindi,SVBI,nat+zero_100,"He moved his position, and the illusion was gone.", He moved his position and the illusion was gone.,0.0
arctic_b0114,Hindi,SVBI,l2+zero_100,"He moved his position, and the illusion was gone.", He moved his position and the illusion was gone.,0.0
arctic_b0114,Hindi,SVBI,nat+zero_200,"He moved his position, and the illusion was gone.", He moved his position and the illusion was gone.,0.0
arctic_b0114,Hindi,SVBI,l2+zero_200,"He moved his position, and the illusion was gone.", He moved his position and the illusion was gone.,0.0
arctic_b0114,Hindi,SVBI,nat+zero_400,"He moved his position, and the illusion was gone.", He moved his position and the illusion was gone.,0.0
arctic_b0114,Hindi,SVBI,l2+zero_400,"He moved his position, and the illusion was gone.", He moved his position and the illusion was gone.,0.0
arctic_b0114,Hindi,SVBI,nat+zero_800,"He moved his position, and the illusion was gone.", He moved his position and the illusion was gone.,0.0
arctic_b0114,Hindi,SVBI,l2+zero_800,"He moved his position, and the illusion was gone.", He moved his position and the illusion was gone.,0.0
arctic_b0114,Hindi,SVBI,nat+empty_pad,"He moved his position, and the illusion was gone.", He moved his position and the illusion was gone.,0.0
arctic_b0114,Hindi,SVBI,l2+empty_pad,"He moved his position, and the illusion was gone.", He moved his position and the illusion was gone.,0.0
arctic_b0114,Korean,HJK,nat+nat,"He moved his position, and the illusion was gone.", He moved his position and the illusion was gone.,0.0
arctic_b0114,Korean,HJK,nat+nat_diff_utt,"He moved his position, and the illusion was gone.", he moved his position and the illusion was gone.,0.0
arctic_b0114,Korean,HJK,nat+l2_same,"He moved his position, and the illusion was gone.", he moved his position and the illusion was gone.,0.0
arctic_b0114,Korean,HJK,nat+interp,"He moved his position, and the illusion was gone.", He moved his position and the illusion was gone.,0.0
arctic_b0114,Korean,HJK,nat+noise,"He moved his position, and the illusion was gone.", He moved his,0.6666666666666666
arctic_b0114,Korean,HJK,l2+l2,"He moved his position, and the illusion was gone.", He moved his position and the illusion was gone.,0.0
arctic_b0114,Korean,HJK,l2+l2_diff_utt,"He moved his position, and the illusion was gone.", He moved his position and the illusion was gone.,0.0
arctic_b0114,Korean,HJK,l2+nat_same,"He moved his position, and the illusion was gone.", He moved his position and the illusion was gone.,0.0
arctic_b0114,Korean,HJK,l2+interp,"He moved his position, and the illusion was gone.", He moved his position and the illusion was gone.,0.0
arctic_b0114,Korean,HJK,l2+noise,"He moved his position, and the illusion was gone.", He moved his,0.6666666666666666
arctic_b0114,Korean,HJK,nat+zero_0,"He moved his position, and the illusion was gone.", He moved his position and the illusion was gone.,0.0
arctic_b0114,Korean,HJK,l2+zero_0,"He moved his position, and the illusion was gone.", He moved his position and the illusion was gone.,0.0
arctic_b0114,Korean,HJK,nat+zero_100,"He moved his position, and the illusion was gone.", He moved his position and the illusion was gone.,0.0
arctic_b0114,Korean,HJK,l2+zero_100,"He moved his position, and the illusion was gone.", He moved his position and the illusion was gone.,0.0
arctic_b0114,Korean,HJK,nat+zero_200,"He moved his position, and the illusion was gone.", He moved his position and the illusion was gone.,0.0
arctic_b0114,Korean,HJK,l2+zero_200,"He moved his position, and the illusion was gone.", He moved his position and the illusion was gone.,0.0
arctic_b0114,Korean,HJK,nat+zero_400,"He moved his position, and the illusion was gone.", He moved his position and the illusion was gone.,0.0
arctic_b0114,Korean,HJK,l2+zero_400,"He moved his position, and the illusion was gone.", He moved his position and the illusion was gone.,0.0
arctic_b0114,Korean,HJK,nat+zero_800,"He moved his position, and the illusion was gone.", He moved his position and the illusion was gone.,0.0
arctic_b0114,Korean,HJK,l2+zero_800,"He moved his position, and the illusion was gone.", He moved his position and the illusion was gone.,0.0
arctic_b0114,Korean,HJK,nat+empty_pad,"He moved his position, and the illusion was gone.", He moved his position and the illusion was gone.,0.0
arctic_b0114,Korean,HJK,l2+empty_pad,"He moved his position, and the illusion was gone.", He moved his position and the illusion was gone.,0.0
arctic_b0114,Spanish,EBVS,nat+nat,"He moved his position, and the illusion was gone.", He moved his position and the illusion was gone.,0.0
arctic_b0114,Spanish,EBVS,nat+nat_diff_utt,"He moved his position, and the illusion was gone.", he moved his position and the illusion was gone.,0.0
arctic_b0114,Spanish,EBVS,nat+l2_same,"He moved his position, and the illusion was gone.", He moved his position and the illusion was gone.,0.0
arctic_b0114,Spanish,EBVS,nat+interp,"He moved his position, and the illusion was gone.", He moved his position and the illusion was gone.,0.0
arctic_b0114,Spanish,EBVS,nat+noise,"He moved his position, and the illusion was gone.", He moved his,0.6666666666666666
arctic_b0114,Spanish,EBVS,l2+l2,"He moved his position, and the illusion was gone.", He moved his position and the illusion was gone.,0.0
arctic_b0114,Spanish,EBVS,l2+l2_diff_utt,"He moved his position, and the illusion was gone.", He moved his position and the illusion was gone.,0.0
arctic_b0114,Spanish,EBVS,l2+nat_same,"He moved his position, and the illusion was gone.", He moved his position and the illusion was gone.,0.0
arctic_b0114,Spanish,EBVS,l2+interp,"He moved his position, and the illusion was gone.", He moved his position and the illusion was gone.,0.0
arctic_b0114,Spanish,EBVS,l2+noise,"He moved his position, and the illusion was gone.", He moved his,0.6666666666666666
arctic_b0114,Spanish,EBVS,nat+zero_0,"He moved his position, and the illusion was gone.", He moved his position and the illusion was gone.,0.0
arctic_b0114,Spanish,EBVS,l2+zero_0,"He moved his position, and the illusion was gone.", He moved his position and the illusion was gone.,0.0
arctic_b0114,Spanish,EBVS,nat+zero_100,"He moved his position, and the illusion was gone.", He moved his position and the illusion was gone.,0.0
arctic_b0114,Spanish,EBVS,l2+zero_100,"He moved his position, and the illusion was gone.", He moved his position and the illusion was gone.,0.0
arctic_b0114,Spanish,EBVS,nat+zero_200,"He moved his position, and the illusion was gone.", He moved his position and the illusion was gone.,0.0
arctic_b0114,Spanish,EBVS,l2+zero_200,"He moved his position, and the illusion was gone.", He moved his position and the illusion was gone.,0.0
arctic_b0114,Spanish,EBVS,nat+zero_400,"He moved his position, and the illusion was gone.", He moved his position and the illusion was gone.,0.0
arctic_b0114,Spanish,EBVS,l2+zero_400,"He moved his position, and the illusion was gone.", He moved his position and the illusion was gone.,0.0
arctic_b0114,Spanish,EBVS,nat+zero_800,"He moved his position, and the illusion was gone.", He moved his position and the illusion was gone.,0.0
arctic_b0114,Spanish,EBVS,l2+zero_800,"He moved his position, and the illusion was gone.", He moved his position and the illusion was gone.,0.0
arctic_b0114,Spanish,EBVS,nat+empty_pad,"He moved his position, and the illusion was gone.", He moved his position and the illusion was gone.,0.0
arctic_b0114,Spanish,EBVS,l2+empty_pad,"He moved his position, and the illusion was gone.", He moved his position and the illusion was gone.,0.0
arctic_b0114,Vietnamese,HQTV,nat+nat,"He moved his position, and the illusion was gone.", He moved his position and the illusion was gone.,0.0
arctic_b0114,Vietnamese,HQTV,nat+nat_diff_utt,"He moved his position, and the illusion was gone.", he moved his position and the illusion was gone.,0.0
arctic_b0114,Vietnamese,HQTV,nat+l2_same,"He moved his position, and the illusion was gone.", He moved his position and the illusion was gone.,0.0
arctic_b0114,Vietnamese,HQTV,nat+interp,"He moved his position, and the illusion was gone.", He moved his position and the illusion was gone.,0.0
arctic_b0114,Vietnamese,HQTV,nat+noise,"He moved his position, and the illusion was gone.", He moved his,0.6666666666666666
arctic_b0114,Vietnamese,HQTV,l2+l2,"He moved his position, and the illusion was gone.", He moved his position and the evolution was gone.,0.1111111111111111
arctic_b0114,Vietnamese,HQTV,l2+l2_diff_utt,"He moved his position, and the illusion was gone.", He moved his position and the evolution was gone.,0.1111111111111111
arctic_b0114,Vietnamese,HQTV,l2+nat_same,"He moved his position, and the illusion was gone.", He moved his position and the evolution was gone.,0.1111111111111111
arctic_b0114,Vietnamese,HQTV,l2+interp,"He moved his position, and the illusion was gone.", He moved his position and the evolution was gone.,0.1111111111111111
arctic_b0114,Vietnamese,HQTV,l2+noise,"He moved his position, and the illusion was gone."," He moved, his",0.6666666666666666
arctic_b0114,Vietnamese,HQTV,nat+zero_0,"He moved his position, and the illusion was gone.", He moved his position and the illusion was gone.,0.0
arctic_b0114,Vietnamese,HQTV,l2+zero_0,"He moved his position, and the illusion was gone.", He moved his position and the evolution was gone.,0.1111111111111111
arctic_b0114,Vietnamese,HQTV,nat+zero_100,"He moved his position, and the illusion was gone.", He moved his position and the illusion was gone.,0.0
arctic_b0114,Vietnamese,HQTV,l2+zero_100,"He moved his position, and the illusion was gone.", He moved his position and the evolution was gone.,0.1111111111111111
arctic_b0114,Vietnamese,HQTV,nat+zero_200,"He moved his position, and the illusion was gone.", He moved his position and the illusion was gone.,0.0
arctic_b0114,Vietnamese,HQTV,l2+zero_200,"He moved his position, and the illusion was gone.", He moved his position and the evolution was gone.,0.1111111111111111
arctic_b0114,Vietnamese,HQTV,nat+zero_400,"He moved his position, and the illusion was gone.", He moved his position and the illusion was gone.,0.0
arctic_b0114,Vietnamese,HQTV,l2+zero_400,"He moved his position, and the illusion was gone.", He moved his position and the evolution was gone.,0.1111111111111111
arctic_b0114,Vietnamese,HQTV,nat+zero_800,"He moved his position, and the illusion was gone.", He moved his position and the illusion was gone.,0.0
arctic_b0114,Vietnamese,HQTV,l2+zero_800,"He moved his position, and the illusion was gone.", He moved his position and the evolution was gone.,0.1111111111111111
arctic_b0114,Vietnamese,HQTV,nat+empty_pad,"He moved his position, and the illusion was gone.", He moved his position and the illusion was gone.,0.0
arctic_b0114,Vietnamese,HQTV,l2+empty_pad,"He moved his position, and the illusion was gone.", He moved his position and the evolution was gone.,0.1111111111111111
arctic_b0132,Arabic,ZHAA,nat+nat,"There is no need of further detail, now -- for you can understand."," If there is no need of further detail now, for you can understand.",0.08333333333333333
arctic_b0132,Arabic,ZHAA,nat+nat_diff_utt,"There is no need of further detail, now -- for you can understand."," There is no need of further detail now, for you can understand.",0.0
arctic_b0132,Arabic,ZHAA,nat+l2_same,"There is no need of further detail, now -- for you can understand."," There is no need of further detail now, for you can understand.",0.0
arctic_b0132,Arabic,ZHAA,nat+interp,"There is no need of further detail, now -- for you can understand.", If there is no need of further detail now for you can understand.,0.08333333333333333
arctic_b0132,Arabic,ZHAA,nat+noise,"There is no need of further detail, now -- for you can understand.", If there is,0.9166666666666666
arctic_b0132,Arabic,ZHAA,l2+l2,"There is no need of further detail, now -- for you can understand."," There's no need for further detail. Now, for you can understand.",0.25
arctic_b0132,Arabic,ZHAA,l2+l2_diff_utt,"There is no need of further detail, now -- for you can understand.", There's no need for further detail. Now for you can understand.,0.25
arctic_b0132,Arabic,ZHAA,l2+nat_same,"There is no need of further detail, now -- for you can understand."," There's no need for further detail. Now, for you can understand.",0.25
arctic_b0132,Arabic,ZHAA,l2+interp,"There is no need of further detail, now -- for you can understand.", There's no need for further detail. Now for you can understand.,0.25
arctic_b0132,Arabic,ZHAA,l2+noise,"There is no need of further detail, now -- for you can understand.", There is,0.8333333333333334
arctic_b0132,Arabic,ZHAA,nat+zero_0,"There is no need of further detail, now -- for you can understand."," If there is no need of further detail now, for you can understand.",0.08333333333333333
arctic_b0132,Arabic,ZHAA,l2+zero_0,"There is no need of further detail, now -- for you can understand.", There's no need for further detail. Now for you can understand.,0.25
arctic_b0132,Arabic,ZHAA,nat+zero_100,"There is no need of further detail, now -- for you can understand."," If there is no need of further detail now, for you can understand.",0.08333333333333333
arctic_b0132,Arabic,ZHAA,l2+zero_100,"There is no need of further detail, now -- for you can understand.", There's no need for further detail. Now for you can understand.,0.25
arctic_b0132,Arabic,ZHAA,nat+zero_200,"There is no need of further detail, now -- for you can understand."," If there is no need of further detail now, for you can understand.",0.08333333333333333
arctic_b0132,Arabic,ZHAA,l2+zero_200,"There is no need of further detail, now -- for you can understand.", There's no need for further detail. Now for you can understand.,0.25
arctic_b0132,Arabic,ZHAA,nat+zero_400,"There is no need of further detail, now -- for you can understand."," There is no need of further detail now, for you can understand.",0.0
arctic_b0132,Arabic,ZHAA,l2+zero_400,"There is no need of further detail, now -- for you can understand.", There's no need for further detail. Now for you can understand.,0.25
arctic_b0132,Arabic,ZHAA,nat+zero_800,"There is no need of further detail, now -- for you can understand."," There is no need of further detail now, for you can understand.",0.0
arctic_b0132,Arabic,ZHAA,l2+zero_800,"There is no need of further detail, now -- for you can understand.", There's no need for further detail. Now for you can understand.,0.25
arctic_b0132,Arabic,ZHAA,nat+empty_pad,"There is no need of further detail, now -- for you can understand.", There is no need of further detail now for you can understand.,0.0
arctic_b0132,Arabic,ZHAA,l2+empty_pad,"There is no need of further detail, now -- for you can understand.", There's no need for further detail. Now for you can understand.,0.25
arctic_b0132,Chinese,BWC,nat+nat,"There is no need of further detail, now -- for you can understand."," If there is no need of further detail now, for you can understand.",0.08333333333333333
arctic_b0132,Chinese,BWC,nat+nat_diff_utt,"There is no need of further detail, now -- for you can understand."," There is no need of further detail now, for you can understand.",0.0
arctic_b0132,Chinese,BWC,nat+l2_same,"There is no need of further detail, now -- for you can understand."," There is no need of further detail now, for you can understand.",0.0
arctic_b0132,Chinese,BWC,nat+interp,"There is no need of further detail, now -- for you can understand."," If there is no need of further detail now, for you can understand.",0.08333333333333333
arctic_b0132,Chinese,BWC,nat+noise,"There is no need of further detail, now -- for you can understand.", If there is,0.9166666666666666
arctic_b0132,Chinese,BWC,l2+l2,"There is no need of further detail, now -- for you can understand.", There's no need for further detail now for you can understand.,0.25
arctic_b0132,Chinese,BWC,l2+l2_diff_utt,"There is no need of further detail, now -- for you can understand.", There's no need for further detail now for you can understand.,0.25
arctic_b0132,Chinese,BWC,l2+nat_same,"There is no need of further detail, now -- for you can understand.", There's no need for further detail now for you to understand.,0.3333333333333333
arctic_b0132,Chinese,BWC,l2+interp,"There is no need of further detail, now -- for you can understand.", There's no need for further detail now for you can understand.,0.25
arctic_b0132,Chinese,BWC,l2+noise,"There is no need of further detail, now -- for you can understand.", There is,0.8333333333333334
arctic_b0132,Chinese,BWC,nat+zero_0,"There is no need of further detail, now -- for you can understand."," If there is no need of further detail now, for you can understand.",0.08333333333333333
arctic_b0132,Chinese,BWC,l2+zero_0,"There is no need of further detail, now -- for you can understand.", There's no need for further detail now for you to understand.,0.3333333333333333
arctic_b0132,Chinese,BWC,nat+zero_100,"There is no need of further detail, now -- for you can understand."," If there is no need of further detail now, for you can understand.",0.08333333333333333
arctic_b0132,Chinese,BWC,l2+zero_100,"There is no need of further detail, now -- for you can understand.", There's no need for further detail now for you to understand.,0.3333333333333333
arctic_b0132,Chinese,BWC,nat+zero_200,"There is no need of further detail, now -- for you can understand."," If there is no need of further detail now, for you can understand.",0.08333333333333333
arctic_b0132,Chinese,BWC,l2+zero_200,"There is no need of further detail, now -- for you can understand.", There's no need for further detail now for you to understand.,0.3333333333333333
arctic_b0132,Chinese,BWC,nat+zero_400,"There is no need of further detail, now -- for you can understand."," There is no need of further detail now, for you can understand.",0.0
arctic_b0132,Chinese,BWC,l2+zero_400,"There is no need of further detail, now -- for you can understand.", There's no need for further detail now for you to understand.,0.3333333333333333
arctic_b0132,Chinese,BWC,nat+zero_800,"There is no need of further detail, now -- for you can understand."," There is no need of further detail now, for you can understand.",0.0
arctic_b0132,Chinese,BWC,l2+zero_800,"There is no need of further detail, now -- for you can understand.", There's no need for further detail now for you to understand.,0.3333333333333333
arctic_b0132,Chinese,BWC,nat+empty_pad,"There is no need of further detail, now -- for you can understand.", There is no need of further detail now for you can understand.,0.0
arctic_b0132,Chinese,BWC,l2+empty_pad,"There is no need of further detail, now -- for you can understand.", There's no need for further detail now for you to understand.,0.3333333333333333
arctic_b0132,Hindi,SVBI,nat+nat,"There is no need of further detail, now -- for you can understand."," If there is no need of further detail now, for you can understand.",0.08333333333333333
arctic_b0132,Hindi,SVBI,nat+nat_diff_utt,"There is no need of further detail, now -- for you can understand."," There is no need of further detail now, for you can understand.",0.0
arctic_b0132,Hindi,SVBI,nat+l2_same,"There is no need of further detail, now -- for you can understand."," There is no need of further detail now, for you can understand.",0.0
arctic_b0132,Hindi,SVBI,nat+interp,"There is no need of further detail, now -- for you can understand."," If there is no need of further detail now, for you can understand.",0.08333333333333333
arctic_b0132,Hindi,SVBI,nat+noise,"There is no need of further detail, now -- for you can understand.", If there is,0.9166666666666666
arctic_b0132,Hindi,SVBI,l2+l2,"There is no need of further detail, now -- for you can understand.", There is no need of further detail now for you can understand.,0.0
arctic_b0132,Hindi,SVBI,l2+l2_diff_utt,"There is no need of further detail, now -- for you can understand.", There is no need of further detail now for you to understand.,0.08333333333333333
arctic_b0132,Hindi,SVBI,l2+nat_same,"There is no need of further detail, now -- for you can understand.", There is no need of further detail now for you to understand.,0.08333333333333333
arctic_b0132,Hindi,SVBI,l2+interp,"There is no need of further detail, now -- for you can understand.", There is no need of further detail now for you can understand.,0.0
arctic_b0132,Hindi,SVBI,l2+noise,"There is no need of further detail, now -- for you can understand.", There is,0.8333333333333334
arctic_b0132,Hindi,SVBI,nat+zero_0,"There is no need of further detail, now -- for you can understand."," If there is no need of further detail now, for you can understand.",0.08333333333333333
arctic_b0132,Hindi,SVBI,l2+zero_0,"There is no need of further detail, now -- for you can understand.", There is no need of further detail now for you to understand.,0.08333333333333333
arctic_b0132,Hindi,SVBI,nat+zero_100,"There is no need of further detail, now -- for you can understand."," If there is no need of further detail now, for you can understand.",0.08333333333333333
arctic_b0132,Hindi,SVBI,l2+zero_100,"There is no need of further detail, now -- for you can understand.", There is no need of further detail now for you to understand.,0.08333333333333333
arctic_b0132,Hindi,SVBI,nat+zero_200,"There is no need of further detail, now -- for you can understand."," If there is no need of further detail now, for you can understand.",0.08333333333333333
arctic_b0132,Hindi,SVBI,l2+zero_200,"There is no need of further detail, now -- for you can understand.", There is no need of further detail now for you to understand.,0.08333333333333333
arctic_b0132,Hindi,SVBI,nat+zero_400,"There is no need of further detail, now -- for you can understand."," There is no need of further detail now, for you can understand.",0.0
arctic_b0132,Hindi,SVBI,l2+zero_400,"There is no need of further detail, now -- for you can understand.", There is no need of further detail now for you to understand.,0.08333333333333333
arctic_b0132,Hindi,SVBI,nat+zero_800,"There is no need of further detail, now -- for you can understand."," There is no need of further detail now, for you can understand.",0.0
arctic_b0132,Hindi,SVBI,l2+zero_800,"There is no need of further detail, now -- for you can understand.", There is no need of further detail now for you to understand.,0.08333333333333333
arctic_b0132,Hindi,SVBI,nat+empty_pad,"There is no need of further detail, now -- for you can understand.", There is no need of further detail now for you can understand.,0.0
arctic_b0132,Hindi,SVBI,l2+empty_pad,"There is no need of further detail, now -- for you can understand.", There is no need of further detail now for you can understand.,0.0
arctic_b0132,Korean,HJK,nat+nat,"There is no need of further detail, now -- for you can understand."," If there is no need of further detail now, for you can understand.",0.08333333333333333
arctic_b0132,Korean,HJK,nat+nat_diff_utt,"There is no need of further detail, now -- for you can understand."," There is no need of further detail now, for you can understand.",0.0
arctic_b0132,Korean,HJK,nat+l2_same,"There is no need of further detail, now -- for you can understand."," There is no need of further detail now, for you can understand.",0.0
arctic_b0132,Korean,HJK,nat+interp,"There is no need of further detail, now -- for you can understand."," If there is no need of further detail now, for you can understand.",0.08333333333333333
arctic_b0132,Korean,HJK,nat+noise,"There is no need of further detail, now -- for you can understand.", If there is,0.9166666666666666
arctic_b0132,Korean,HJK,l2+l2,"There is no need of further detail, now -- for you can understand.", There is no need for further detail now for you can understand.,0.08333333333333333
arctic_b0132,Korean,HJK,l2+l2_diff_utt,"There is no need of further detail, now -- for you can understand.", There is no need for further detail now for you can understand.,0.08333333333333333
arctic_b0132,Korean,HJK,l2+nat_same,"There is no need of further detail, now -- for you can understand.", There is no need for further detail now for you can understand.,0.08333333333333333
arctic_b0132,Korean,HJK,l2+interp,"There is no need of further detail, now -- for you can understand.", There is no need for further detail now for you can understand.,0.08333333333333333
arctic_b0132,Korean,HJK,l2+noise,"There is no need of further detail, now -- for you can understand.", There is no need,0.6666666666666666
arctic_b0132,Korean,HJK,nat+zero_0,"There is no need of further detail, now -- for you can understand."," If there is no need of further detail now, for you can understand.",0.08333333333333333
arctic_b0132,Korean,HJK,l2+zero_0,"There is no need of further detail, now -- for you can understand.", There is no need for the detail now for you can understand.,0.16666666666666666
arctic_b0132,Korean,HJK,nat+zero_100,"There is no need of further detail, now -- for you can understand."," If there is no need of further detail now, for you can understand.",0.08333333333333333
arctic_b0132,Korean,HJK,l2+zero_100,"There is no need of further detail, now -- for you can understand.", There is no need for further detail now for you to understand.,0.16666666666666666
arctic_b0132,Korean,HJK,nat+zero_200,"There is no need of further detail, now -- for you can understand."," If there is no need of further detail now, for you can understand.",0.08333333333333333
arctic_b0132,Korean,HJK,l2+zero_200,"There is no need of further detail, now -- for you can understand.", There is no need for further detail now for you to understand.,0.16666666666666666
arctic_b0132,Korean,HJK,nat+zero_400,"There is no need of further detail, now -- for you can understand."," There is no need of further detail now, for you can understand.",0.0
arctic_b0132,Korean,HJK,l2+zero_400,"There is no need of further detail, now -- for you can understand.", There is no need for further detail now for you to understand.,0.16666666666666666
arctic_b0132,Korean,HJK,nat+zero_800,"There is no need of further detail, now -- for you can understand."," There is no need of further detail now, for you can understand.",0.0
arctic_b0132,Korean,HJK,l2+zero_800,"There is no need of further detail, now -- for you can understand.", There is no need for further detail now for you to understand.,0.16666666666666666
arctic_b0132,Korean,HJK,nat+empty_pad,"There is no need of further detail, now -- for you can understand.", There is no need of further detail now for you can understand.,0.0
arctic_b0132,Korean,HJK,l2+empty_pad,"There is no need of further detail, now -- for you can understand.", There is no need for further detail now for you can understand.,0.08333333333333333
arctic_b0132,Spanish,EBVS,nat+nat,"There is no need of further detail, now -- for you can understand."," If there is no need of further detail now, for you can understand.",0.08333333333333333
arctic_b0132,Spanish,EBVS,nat+nat_diff_utt,"There is no need of further detail, now -- for you can understand."," There is no need of further detail now, for you can understand.",0.0
arctic_b0132,Spanish,EBVS,nat+l2_same,"There is no need of further detail, now -- for you can understand."," There is no need of further detail now, for you can understand.",0.0
arctic_b0132,Spanish,EBVS,nat+interp,"There is no need of further detail, now -- for you can understand."," If there is no need of further detail now, for you can understand.",0.08333333333333333
arctic_b0132,Spanish,EBVS,nat+noise,"There is no need of further detail, now -- for you can understand.", If there is,0.9166666666666666
arctic_b0132,Spanish,EBVS,l2+l2,"There is no need of further detail, now -- for you can understand.", There is no need or fluidity tail now for you can understand.,0.25
arctic_b0132,Spanish,EBVS,l2+l2_diff_utt,"There is no need of further detail, now -- for you can understand.", There is no need or fluidity tail now for you can understand.,0.25
arctic_b0132,Spanish,EBVS,l2+nat_same,"There is no need of further detail, now -- for you can understand.", There is no need or fluidity tail now for you can understand.,0.25
arctic_b0132,Spanish,EBVS,l2+interp,"There is no need of further detail, now -- for you can understand.", There is no need or flutter detail now for you can understand.,0.16666666666666666
arctic_b0132,Spanish,EBVS,l2+noise,"There is no need of further detail, now -- for you can understand.", There is,0.8333333333333334
arctic_b0132,Spanish,EBVS,nat+zero_0,"There is no need of further detail, now -- for you can understand."," If there is no need of further detail now, for you can understand.",0.08333333333333333
arctic_b0132,Spanish,EBVS,l2+zero_0,"There is no need of further detail, now -- for you can understand.", There is no need for further detail now for you to understand.,0.16666666666666666
arctic_b0132,Spanish,EBVS,nat+zero_100,"There is no need of further detail, now -- for you can understand."," If there is no need of further detail now, for you can understand.",0.08333333333333333
arctic_b0132,Spanish,EBVS,l2+zero_100,"There is no need of further detail, now -- for you can understand.", There is no need for further details for you to understand.,0.3333333333333333
arctic_b0132,Spanish,EBVS,nat+zero_200,"There is no need of further detail, now -- for you can understand."," If there is no need of further detail now, for you can understand.",0.08333333333333333
arctic_b0132,Spanish,EBVS,l2+zero_200,"There is no need of further detail, now -- for you can understand.", There is no need for further detail now for you to understand.,0.16666666666666666
arctic_b0132,Spanish,EBVS,nat+zero_400,"There is no need of further detail, now -- for you can understand."," There is no need of further detail now, for you can understand.",0.0
arctic_b0132,Spanish,EBVS,l2+zero_400,"There is no need of further detail, now -- for you can understand.", There is no need for further detail now for you to understand.,0.16666666666666666
arctic_b0132,Spanish,EBVS,nat+zero_800,"There is no need of further detail, now -- for you can understand."," There is no need of further detail now, for you can understand.",0.0
arctic_b0132,Spanish,EBVS,l2+zero_800,"There is no need of further detail, now -- for you can understand.", There is no need for further detail now for you to understand.,0.16666666666666666
arctic_b0132,Spanish,EBVS,nat+empty_pad,"There is no need of further detail, now -- for you can understand.", There is no need of further detail now for you can understand.,0.0
arctic_b0132,Spanish,EBVS,l2+empty_pad,"There is no need of further detail, now -- for you can understand.", There is no need or fluidity tail now for you can understand.,0.25
arctic_b0132,Vietnamese,HQTV,nat+nat,"There is no need of further detail, now -- for you can understand."," If there is no need of further detail now, for you can understand.",0.08333333333333333
arctic_b0132,Vietnamese,HQTV,nat+nat_diff_utt,"There is no need of further detail, now -- for you can understand."," There is no need of further detail now, for you can understand.",0.0
arctic_b0132,Vietnamese,HQTV,nat+l2_same,"There is no need of further detail, now -- for you can understand."," There is no need of further detail now, for you can understand.",0.0
arctic_b0132,Vietnamese,HQTV,nat+interp,"There is no need of further detail, now -- for you can understand."," There is no need of further detail now, for you can understand.",0.0
arctic_b0132,Vietnamese,HQTV,nat+noise,"There is no need of further detail, now -- for you can understand.", If there is,0.9166666666666666
arctic_b0132,Vietnamese,HQTV,l2+l2,"There is no need of further detail, now -- for you can understand.", There's no need of further detail now for you to understand.,0.25
arctic_b0132,Vietnamese,HQTV,l2+l2_diff_utt,"There is no need of further detail, now -- for you can understand.", There's no need of further detail now for you to understand.,0.25
arctic_b0132,Vietnamese,HQTV,l2+nat_same,"There is no need of further detail, now -- for you can understand.", There's no need of further detail now for you to understand.,0.25
arctic_b0132,Vietnamese,HQTV,l2+interp,"There is no need of further detail, now -- for you can understand.", There's no need of further detail now for you to understand.,0.25
arctic_b0132,Vietnamese,HQTV,l2+noise,"There is no need of further detail, now -- for you can understand.", There is no need,0.6666666666666666
arctic_b0132,Vietnamese,HQTV,nat+zero_0,"There is no need of further detail, now -- for you can understand."," If there is no need of further detail now, for you can understand.",0.08333333333333333
arctic_b0132,Vietnamese,HQTV,l2+zero_0,"There is no need of further detail, now -- for you can understand.", There's no need of further detail now for you to understand.,0.25
arctic_b0132,Vietnamese,HQTV,nat+zero_100,"There is no need of further detail, now -- for you can understand."," If there is no need of further detail now, for you can understand.",0.08333333333333333
arctic_b0132,Vietnamese,HQTV,l2+zero_100,"There is no need of further detail, now -- for you can understand.", There's no need of further detail now for you to understand.,0.25
arctic_b0132,Vietnamese,HQTV,nat+zero_200,"There is no need of further detail, now -- for you can understand."," If there is no need of further detail now, for you can understand.",0.08333333333333333
arctic_b0132,Vietnamese,HQTV,l2+zero_200,"There is no need of further detail, now -- for you can understand.", There's no need of further detail now for you to understand.,0.25
arctic_b0132,Vietnamese,HQTV,nat+zero_400,"There is no need of further detail, now -- for you can understand."," There is no need of further detail now, for you can understand.",0.0
arctic_b0132,Vietnamese,HQTV,l2+zero_400,"There is no need of further detail, now -- for you can understand.", There's no need of further detail now for you to understand.,0.25
arctic_b0132,Vietnamese,HQTV,nat+zero_800,"There is no need of further detail, now -- for you can understand."," There is no need of further detail now, for you can understand.",0.0
arctic_b0132,Vietnamese,HQTV,l2+zero_800,"There is no need of further detail, now -- for you can understand.", There's no need of further detail now for you to understand.,0.25
arctic_b0132,Vietnamese,HQTV,nat+empty_pad,"There is no need of further detail, now -- for you can understand.", There is no need of further detail now for you can understand.,0.0
arctic_b0132,Vietnamese,HQTV,l2+empty_pad,"There is no need of further detail, now -- for you can understand.", There's no need of further detail now for you to understand.,0.25
arctic_b0170,Arabic,ZHAA,nat+nat,"Then he shouted, Shut up."," Then he shouted, shut up.",0.0
arctic_b0170,Arabic,ZHAA,nat+nat_diff_utt,"Then he shouted, Shut up.", then he shouted shut up.,0.0
arctic_b0170,Arabic,ZHAA,nat+l2_same,"Then he shouted, Shut up."," Then he shouted, shut up.",0.0
arctic_b0170,Arabic,ZHAA,nat+interp,"Then he shouted, Shut up."," Then he shouted, shut up.",0.0
arctic_b0170,Arabic,ZHAA,nat+noise,"Then he shouted, Shut up.", Then he,0.6
arctic_b0170,Arabic,ZHAA,l2+l2,"Then he shouted, Shut up.", when he shot it shut up.,0.6
arctic_b0170,Arabic,ZHAA,l2+l2_diff_utt,"Then he shouted, Shut up.", when he shot it shut up.,0.6
arctic_b0170,Arabic,ZHAA,l2+nat_same,"Then he shouted, Shut up.", when he shot it shut up.,0.6
arctic_b0170,Arabic,ZHAA,l2+interp,"Then he shouted, Shut up.", when he shot it shut up.,0.6
arctic_b0170,Arabic,ZHAA,l2+noise,"Then he shouted, Shut up.", when he shut,0.6
arctic_b0170,Arabic,ZHAA,nat+zero_0,"Then he shouted, Shut up.", Then he shouted shut up.,0.0
arctic_b0170,Arabic,ZHAA,l2+zero_0,"Then he shouted, Shut up.", when he shot it shut up.,0.6
arctic_b0170,Arabic,ZHAA,nat+zero_100,"Then he shouted, Shut up.", then he shouted shut up.,0.0
arctic_b0170,Arabic,ZHAA,l2+zero_100,"Then he shouted, Shut up.", when he shot it shut up.,0.6
arctic_b0170,Arabic,ZHAA,nat+zero_200,"Then he shouted, Shut up.", then he shouted shut up.,0.0
arctic_b0170,Arabic,ZHAA,l2+zero_200,"Then he shouted, Shut up.", when he shot it shut up.,0.6
arctic_b0170,Arabic,ZHAA,nat+zero_400,"Then he shouted, Shut up."," Then he shouted, shut up.",0.0
arctic_b0170,Arabic,ZHAA,l2+zero_400,"Then he shouted, Shut up.", when he shot it shut up.,0.6
arctic_b0170,Arabic,ZHAA,nat+zero_800,"Then he shouted, Shut up."," Then he shouted, shut up.",0.0
arctic_b0170,Arabic,ZHAA,l2+zero_800,"Then he shouted, Shut up.", when he shot it shut up.,0.6
arctic_b0170,Arabic,ZHAA,nat+empty_pad,"Then he shouted, Shut up."," Then he shouted, shut up.",0.0
arctic_b0170,Arabic,ZHAA,l2+empty_pad,"Then he shouted, Shut up.", when he shot it shut up.,0.6
arctic_b0170,Chinese,BWC,nat+nat,"Then he shouted, Shut up."," Then he shouted, shut up.",0.0
arctic_b0170,Chinese,BWC,nat+nat_diff_utt,"Then he shouted, Shut up.", then he shouted shut up.,0.0
arctic_b0170,Chinese,BWC,nat+l2_same,"Then he shouted, Shut up."," Then he shouted, shut up.",0.0
arctic_b0170,Chinese,BWC,nat+interp,"Then he shouted, Shut up."," Then he shouted, shut up.",0.0
arctic_b0170,Chinese,BWC,nat+noise,"Then he shouted, Shut up.", Then he,0.6
arctic_b0170,Chinese,BWC,l2+l2,"Then he shouted, Shut up."," Then he shouted, shut up.",0.0
arctic_b0170,Chinese,BWC,l2+l2_diff_utt,"Then he shouted, Shut up."," Then he shouted, shut up.",0.0
arctic_b0170,Chinese,BWC,l2+nat_same,"Then he shouted, Shut up."," Then he shouted, shut up.",0.0
arctic_b0170,Chinese,BWC,l2+interp,"Then he shouted, Shut up."," Then he shouted, shut up.",0.0
arctic_b0170,Chinese,BWC,l2+noise,"Then he shouted, Shut up."," Then,",0.8
arctic_b0170,Chinese,BWC,nat+zero_0,"Then he shouted, Shut up.", Then he shouted shut up.,0.0
arctic_b0170,Chinese,BWC,l2+zero_0,"Then he shouted, Shut up."," then he shouted, shut up.",0.0
arctic_b0170,Chinese,BWC,nat+zero_100,"Then he shouted, Shut up.", then he shouted shut up.,0.0
arctic_b0170,Chinese,BWC,l2+zero_100,"Then he shouted, Shut up."," Then he shouted, shut up.",0.0
arctic_b0170,Chinese,BWC,nat+zero_200,"Then he shouted, Shut up.", then he shouted shut up.,0.0
arctic_b0170,Chinese,BWC,l2+zero_200,"Then he shouted, Shut up."," Then he shouted, shut up.",0.0
arctic_b0170,Chinese,BWC,nat+zero_400,"Then he shouted, Shut up."," Then he shouted, shut up.",0.0
arctic_b0170,Chinese,BWC,l2+zero_400,"Then he shouted, Shut up."," Then he shouted, shut up.",0.0
arctic_b0170,Chinese,BWC,nat+zero_800,"Then he shouted, Shut up."," Then he shouted, shut up.",0.0
arctic_b0170,Chinese,BWC,l2+zero_800,"Then he shouted, Shut up."," Then he shouted, shut up.",0.0
arctic_b0170,Chinese,BWC,nat+empty_pad,"Then he shouted, Shut up."," Then he shouted, shut up.",0.0
arctic_b0170,Chinese,BWC,l2+empty_pad,"Then he shouted, Shut up."," Then he shouted, shut up.",0.0
arctic_b0170,Hindi,SVBI,nat+nat,"Then he shouted, Shut up."," Then he shouted, shut up.",0.0
arctic_b0170,Hindi,SVBI,nat+nat_diff_utt,"Then he shouted, Shut up.", then he shouted shut up.,0.0
arctic_b0170,Hindi,SVBI,nat+l2_same,"Then he shouted, Shut up."," Then he shouted, shut up.",0.0
arctic_b0170,Hindi,SVBI,nat+interp,"Then he shouted, Shut up."," Then he shouted, shut up.",0.0
arctic_b0170,Hindi,SVBI,nat+noise,"Then he shouted, Shut up.", Then he,0.6
arctic_b0170,Hindi,SVBI,l2+l2,"Then he shouted, Shut up."," Then he shouted, shut up.",0.0
arctic_b0170,Hindi,SVBI,l2+l2_diff_utt,"Then he shouted, Shut up.", Then he shouted shut up.,0.0
arctic_b0170,Hindi,SVBI,l2+nat_same,"Then he shouted, Shut up."," Then he shouted, shut up.",0.0
arctic_b0170,Hindi,SVBI,l2+interp,"Then he shouted, Shut up.", Then he shouted shut up,0.0
arctic_b0170,Hindi,SVBI,l2+noise,"Then he shouted, Shut up.", Then he shot,0.6
arctic_b0170,Hindi,SVBI,nat+zero_0,"Then he shouted, Shut up.", Then he shouted shut up.,0.0
arctic_b0170,Hindi,SVBI,l2+zero_0,"Then he shouted, Shut up."," then he shouted, shut up.",0.0
arctic_b0170,Hindi,SVBI,nat+zero_100,"Then he shouted, Shut up.", then he shouted shut up.,0.0
arctic_b0170,Hindi,SVBI,l2+zero_100,"Then he shouted, Shut up."," then he shouted, shut up.",0.0
arctic_b0170,Hindi,SVBI,nat+zero_200,"Then he shouted, Shut up.", then he shouted shut up.,0.0
arctic_b0170,Hindi,SVBI,l2+zero_200,"Then he shouted, Shut up."," then he shouted, shut up.",0.0
arctic_b0170,Hindi,SVBI,nat+zero_400,"Then he shouted, Shut up."," Then he shouted, shut up.",0.0
arctic_b0170,Hindi,SVBI,l2+zero_400,"Then he shouted, Shut up."," Then he shouted, shut up.",0.0
arctic_b0170,Hindi,SVBI,nat+zero_800,"Then he shouted, Shut up."," Then he shouted, shut up.",0.0
arctic_b0170,Hindi,SVBI,l2+zero_800,"Then he shouted, Shut up."," Then he shouted, shut up.",0.0
arctic_b0170,Hindi,SVBI,nat+empty_pad,"Then he shouted, Shut up."," Then he shouted, shut up.",0.0
arctic_b0170,Hindi,SVBI,l2+empty_pad,"Then he shouted, Shut up."," Then he shouted, shut up.",0.0
arctic_b0170,Korean,HJK,nat+nat,"Then he shouted, Shut up."," Then he shouted, shut up.",0.0
arctic_b0170,Korean,HJK,nat+nat_diff_utt,"Then he shouted, Shut up.", then he shouted shut up.,0.0
arctic_b0170,Korean,HJK,nat+l2_same,"Then he shouted, Shut up."," Then he shouted, shut up.",0.0
arctic_b0170,Korean,HJK,nat+interp,"Then he shouted, Shut up."," Then he shouted, shut up.",0.0
arctic_b0170,Korean,HJK,nat+noise,"Then he shouted, Shut up.", Then he,0.6
arctic_b0170,Korean,HJK,l2+l2,"Then he shouted, Shut up."," Then he shouted, shut up.",0.0
arctic_b0170,Korean,HJK,l2+l2_diff_utt,"Then he shouted, Shut up."," Then shut it, shut up.",0.4
arctic_b0170,Korean,HJK,l2+nat_same,"Then he shouted, Shut up."," Then he shouted, shut up.",0.0
arctic_b0170,Korean,HJK,l2+interp,"Then he shouted, Shut up."," Then he shouted, shut up.",0.0
arctic_b0170,Korean,HJK,l2+noise,"Then he shouted, Shut up.", Then then shut,0.6
arctic_b0170,Korean,HJK,nat+zero_0,"Then he shouted, Shut up.", Then he shouted shut up.,0.0
arctic_b0170,Korean,HJK,l2+zero_0,"Then he shouted, Shut up.", Then he showed it shot up,0.6
arctic_b0170,Korean,HJK,nat+zero_100,"Then he shouted, Shut up.", then he shouted shut up.,0.0
arctic_b0170,Korean,HJK,l2+zero_100,"Then he shouted, Shut up.", Then he showed it shut up,0.4
arctic_b0170,Korean,HJK,nat+zero_200,"Then he shouted, Shut up.", then he shouted shut up.,0.0
arctic_b0170,Korean,HJK,l2+zero_200,"Then he shouted, Shut up.", Then he showed it shut up,0.4
arctic_b0170,Korean,HJK,nat+zero_400,"Then he shouted, Shut up."," Then he shouted, shut up.",0.0
arctic_b0170,Korean,HJK,l2+zero_400,"Then he shouted, Shut up.", Then he showed it shut up,0.4
arctic_b0170,Korean,HJK,nat+zero_800,"Then he shouted, Shut up."," Then he shouted, shut up.",0.0
arctic_b0170,Korean,HJK,l2+zero_800,"Then he shouted, Shut up."," Then he shot it, shot up.",0.6
arctic_b0170,Korean,HJK,nat+empty_pad,"Then he shouted, Shut up."," Then he shouted, shut up.",0.0
arctic_b0170,Korean,HJK,l2+empty_pad,"Then he shouted, Shut up."," Danny, shout it, shut up.",0.6
arctic_b0170,Spanish,EBVS,nat+nat,"Then he shouted, Shut up."," Then he shouted, shut up.",0.0
arctic_b0170,Spanish,EBVS,nat+nat_diff_utt,"Then he shouted, Shut up.", then he shouted shut up.,0.0
arctic_b0170,Spanish,EBVS,nat+l2_same,"Then he shouted, Shut up."," Then he shouted, shut up.",0.0
arctic_b0170,Spanish,EBVS,nat+interp,"Then he shouted, Shut up."," Then he shouted, shut up.",0.0
arctic_b0170,Spanish,EBVS,nat+noise,"Then he shouted, Shut up.", Then he,0.6
arctic_b0170,Spanish,EBVS,l2+l2,"Then he shouted, Shut up."," Then he shouted, shut up.",0.0
arctic_b0170,Spanish,EBVS,l2+l2_diff_utt,"Then he shouted, Shut up."," Damn, he shouted. Shut up.",0.2
arctic_b0170,Spanish,EBVS,l2+nat_same,"Then he shouted, Shut up."," Then he shouted, shut up.",0.0
arctic_b0170,Spanish,EBVS,l2+interp,"Then he shouted, Shut up."," Then he shouted, Shut up.",0.0
arctic_b0170,Spanish,EBVS,l2+noise,"Then he shouted, Shut up.", Then,0.8
arctic_b0170,Spanish,EBVS,nat+zero_0,"Then he shouted, Shut up.", Then he shouted shut up.,0.0
arctic_b0170,Spanish,EBVS,l2+zero_0,"Then he shouted, Shut up."," them, he shouted, shut up.",0.2
arctic_b0170,Spanish,EBVS,nat+zero_100,"Then he shouted, Shut up.", then he shouted shut up.,0.0
arctic_b0170,Spanish,EBVS,l2+zero_100,"Then he shouted, Shut up."," them, he shouted, shut up.",0.2
arctic_b0170,Spanish,EBVS,nat+zero_200,"Then he shouted, Shut up.", then he shouted shut up.,0.0
arctic_b0170,Spanish,EBVS,l2+zero_200,"Then he shouted, Shut up."," them, he shouted, shut up.",0.2
arctic_b0170,Spanish,EBVS,nat+zero_400,"Then he shouted, Shut up."," Then he shouted, shut up.",0.0
arctic_b0170,Spanish,EBVS,l2+zero_400,"Then he shouted, Shut up.", then he shouted shut up,0.0
arctic_b0170,Spanish,EBVS,nat+zero_800,"Then he shouted, Shut up."," Then he shouted, shut up.",0.0
arctic_b0170,Spanish,EBVS,l2+zero_800,"Then he shouted, Shut up."," Then he shouted, shut up.",0.0
arctic_b0170,Spanish,EBVS,nat+empty_pad,"Then he shouted, Shut up."," Then he shouted, shut up.",0.0
arctic_b0170,Spanish,EBVS,l2+empty_pad,"Then he shouted, Shut up."," Then he shouted, shut up.",0.0
arctic_b0170,Vietnamese,HQTV,nat+nat,"Then he shouted, Shut up."," Then he shouted, shut up.",0.0
arctic_b0170,Vietnamese,HQTV,nat+nat_diff_utt,"Then he shouted, Shut up.", then he shouted shut up.,0.0
arctic_b0170,Vietnamese,HQTV,nat+l2_same,"Then he shouted, Shut up."," Then he shouted, shut up.",0.0
arctic_b0170,Vietnamese,HQTV,nat+interp,"Then he shouted, Shut up.", Then he shouted shut up.,0.0
arctic_b0170,Vietnamese,HQTV,nat+noise,"Then he shouted, Shut up.", Then he,0.6
arctic_b0170,Vietnamese,HQTV,l2+l2,"Then he shouted, Shut up.", Then he saw this shut up.,0.4
arctic_b0170,Vietnamese,HQTV,l2+l2_diff_utt,"Then he shouted, Shut up.", then he saw this shut up.,0.4
arctic_b0170,Vietnamese,HQTV,l2+nat_same,"Then he shouted, Shut up.", Then he saw this shut up.,0.4
arctic_b0170,Vietnamese,HQTV,l2+interp,"Then he shouted, Shut up.", Then he saw this shut up.,0.4
arctic_b0170,Vietnamese,HQTV,l2+noise,"Then he shouted, Shut up.", Then he,0.6
arctic_b0170,Vietnamese,HQTV,nat+zero_0,"Then he shouted, Shut up.", Then he shouted shut up.,0.0
arctic_b0170,Vietnamese,HQTV,l2+zero_0,"Then he shouted, Shut up.", then he saw this shut up.,0.4
arctic_b0170,Vietnamese,HQTV,nat+zero_100,"Then he shouted, Shut up.", then he shouted shut up.,0.0
arctic_b0170,Vietnamese,HQTV,l2+zero_100,"Then he shouted, Shut up.", then he saw this shut up,0.4
arctic_b0170,Vietnamese,HQTV,nat+zero_200,"Then he shouted, Shut up.", then he shouted shut up.,0.0
arctic_b0170,Vietnamese,HQTV,l2+zero_200,"Then he shouted, Shut up.", then he saw this shut up,0.4
arctic_b0170,Vietnamese,HQTV,nat+zero_400,"Then he shouted, Shut up."," Then he shouted, shut up.",0.0
arctic_b0170,Vietnamese,HQTV,l2+zero_400,"Then he shouted, Shut up.", then he saw this shut up,0.4
arctic_b0170,Vietnamese,HQTV,nat+zero_800,"Then he shouted, Shut up."," Then he shouted, shut up.",0.0
arctic_b0170,Vietnamese,HQTV,l2+zero_800,"Then he shouted, Shut up.", Then he saw this shut up.,0.4
arctic_b0170,Vietnamese,HQTV,nat+empty_pad,"Then he shouted, Shut up."," Then he shouted, shut up.",0.0
arctic_b0170,Vietnamese,HQTV,l2+empty_pad,"Then he shouted, Shut up.", Then he saw this shut up.,0.4
arctic_b0174,Arabic,ZHAA,nat+nat,Hatred and murder and lust for revenge they possessed to overflowing.," Hatred and murder and lust for revenge, they possessed to overflowing.",0.0
arctic_b0174,Arabic,ZHAA,nat+nat_diff_utt,Hatred and murder and lust for revenge they possessed to overflowing.," Hatred and murder and lust for revenge, they possessed overflowing.",0.09090909090909091
arctic_b0174,Arabic,ZHAA,nat+l2_same,Hatred and murder and lust for revenge they possessed to overflowing.," Hatred and murder and lust for revenge, they possessed overflowing.",0.09090909090909091
arctic_b0174,Arabic,ZHAA,nat+interp,Hatred and murder and lust for revenge they possessed to overflowing., Hatred and murder and lust for revenge they possessed to over flowing.,0.18181818181818182
arctic_b0174,Arabic,ZHAA,nat+noise,Hatred and murder and lust for revenge they possessed to overflowing.," Hatred,",0.9090909090909091
arctic_b0174,Arabic,ZHAA,l2+l2,Hatred and murder and lust for revenge they possessed to overflowing., Hatred and murder are lost for revenge they possessed to overflowing.,0.18181818181818182
arctic_b0174,Arabic,ZHAA,l2+l2_diff_utt,Hatred and murder and lust for revenge they possessed to overflowing., Hatred and murder are lost for revenge they possessed to overflowing.,0.18181818181818182
arctic_b0174,Arabic,ZHAA,l2+nat_same,Hatred and murder and lust for revenge they possessed to overflowing., Hatred and murder are lost for revenge they possessed to overflowing.,0.18181818181818182
arctic_b0174,Arabic,ZHAA,l2+interp,Hatred and murder and lust for revenge they possessed to overflowing., Hatred and murdered and lost for revenge they possessed to over flowing,0.36363636363636365
arctic_b0174,Arabic,ZHAA,l2+noise,Hatred and murder and lust for revenge they possessed to overflowing., Hater,1.0
arctic_b0174,Arabic,ZHAA,nat+zero_0,Hatred and murder and lust for revenge they possessed to overflowing., Hatred and murder and lust for revenge they possessed to overflowing.,0.0
arctic_b0174,Arabic,ZHAA,l2+zero_0,Hatred and murder and lust for revenge they possessed to overflowing., Hatred and murder are lost for revenge they possessed to overflowing.,0.18181818181818182
arctic_b0174,Arabic,ZHAA,nat+zero_100,Hatred and murder and lust for revenge they possessed to overflowing., Hatred and murder and lust for revenge they possessed to overflowing.,0.0
arctic_b0174,Arabic,ZHAA,l2+zero_100,Hatred and murder and lust for revenge they possessed to overflowing., Hatred and murder are lost for revenge they possessed to overflowing.,0.18181818181818182
arctic_b0174,Arabic,ZHAA,nat+zero_200,Hatred and murder and lust for revenge they possessed to overflowing., Hatred and murder and lust for revenge they possessed to overflowing.,0.0
arctic_b0174,Arabic,ZHAA,l2+zero_200,Hatred and murder and lust for revenge they possessed to overflowing., Hatred and murder are lost for revenge they possessed to overflowing.,0.18181818181818182
arctic_b0174,Arabic,ZHAA,nat+zero_400,Hatred and murder and lust for revenge they possessed to overflowing., Hatred and murder and lust for revenge they possessed to overflowing.,0.0
arctic_b0174,Arabic,ZHAA,l2+zero_400,Hatred and murder and lust for revenge they possessed to overflowing., Hatred and murder are lost for revenge they possessed to overflowing.,0.18181818181818182
arctic_b0174,Arabic,ZHAA,nat+zero_800,Hatred and murder and lust for revenge they possessed to overflowing., Hatred and murder and lust for revenge they possessed to overflowing.,0.0
arctic_b0174,Arabic,ZHAA,l2+zero_800,Hatred and murder and lust for revenge they possessed to overflowing., Hatred and murder are lost for revenge they possessed to overflowing.,0.18181818181818182
arctic_b0174,Arabic,ZHAA,nat+empty_pad,Hatred and murder and lust for revenge they possessed to overflowing., Hatred and murder and lust for revenge they possessed overflowing.,0.09090909090909091
arctic_b0174,Arabic,ZHAA,l2+empty_pad,Hatred and murder and lust for revenge they possessed to overflowing., Hatred and murder are lost for revenge they possessed to overflowing.,0.18181818181818182
arctic_b0174,Chinese,BWC,nat+nat,Hatred and murder and lust for revenge they possessed to overflowing.," Hatred and murder and lust for revenge, they possessed to overflowing.",0.0
arctic_b0174,Chinese,BWC,nat+nat_diff_utt,Hatred and murder and lust for revenge they possessed to overflowing.," Hatred and murder and lust for revenge, they possessed overflowing.",0.09090909090909091
arctic_b0174,Chinese,BWC,nat+l2_same,Hatred and murder and lust for revenge they possessed to overflowing.," Hatred and murder and lust for revenge, they possessed overflowing.",0.09090909090909091
arctic_b0174,Chinese,BWC,nat+interp,Hatred and murder and lust for revenge they possessed to overflowing., Hatred and murder and lust for revenge they possessed to over flowing.,0.18181818181818182
arctic_b0174,Chinese,BWC,nat+noise,Hatred and murder and lust for revenge they possessed to overflowing.," Hatred,",0.9090909090909091
arctic_b0174,Chinese,BWC,l2+l2,Hatred and murder and lust for revenge they possessed to overflowing.," header and monitor and last for revenge, they are processed to overflowing.",0.45454545454545453
arctic_b0174,Chinese,BWC,l2+l2_diff_utt,Hatred and murder and lust for revenge they possessed to overflowing.," header and monitor and last for revenge, they are processed to overflowing.",0.45454545454545453
arctic_b0174,Chinese,BWC,l2+nat_same,Hatred and murder and lust for revenge they possessed to overflowing.," header and monitor and last for revenge, they're processed to overflowing.",0.45454545454545453
arctic_b0174,Chinese,BWC,l2+interp,Hatred and murder and lust for revenge they possessed to overflowing., had are,1.0
arctic_b0174,Chinese,BWC,l2+noise,Hatred and murder and lust for revenge they possessed to overflowing., had are,1.0
arctic_b0174,Chinese,BWC,nat+zero_0,Hatred and murder and lust for revenge they possessed to overflowing., Hatred and murder and lust for revenge they possessed to overflowing.,0.0
arctic_b0174,Chinese,BWC,l2+zero_0,Hatred and murder and lust for revenge they possessed to overflowing.," Hadard and Murder and Last for Revenge, they're processed to overflowing.",0.36363636363636365
arctic_b0174,Chinese,BWC,nat+zero_100,Hatred and murder and lust for revenge they possessed to overflowing., Hatred and murder and lust for revenge they possessed to overflowing.,0.0
arctic_b0174,Chinese,BWC,l2+zero_100,Hatred and murder and lust for revenge they possessed to overflowing., header and monitor and last for revenge they're processed to overflowing.,0.45454545454545453
arctic_b0174,Chinese,BWC,nat+zero_200,Hatred and murder and lust for revenge they possessed to overflowing., Hatred and murder and lust for revenge they possessed to overflowing.,0.0
arctic_b0174,Chinese,BWC,l2+zero_200,Hatred and murder and lust for revenge they possessed to overflowing., header and monitor and last for revenge they're processed to overflowing.,0.45454545454545453
arctic_b0174,Chinese,BWC,nat+zero_400,Hatred and murder and lust for revenge they possessed to overflowing., Hatred and murder and lust for revenge they possessed to overflowing.,0.0
arctic_b0174,Chinese,BWC,l2+zero_400,Hatred and murder and lust for revenge they possessed to overflowing., header and monitor and last for revenge they're processed to overflowing.,0.45454545454545453
arctic_b0174,Chinese,BWC,nat+zero_800,Hatred and murder and lust for revenge they possessed to overflowing., Hatred and murder and lust for revenge they possessed to overflowing.,0.0
arctic_b0174,Chinese,BWC,l2+zero_800,Hatred and murder and lust for revenge they possessed to overflowing., header and monitor and last for revenge they're processed to overflowing.,0.45454545454545453
arctic_b0174,Chinese,BWC,nat+empty_pad,Hatred and murder and lust for revenge they possessed to overflowing., Hatred and murder and lust for revenge they possessed overflowing.,0.09090909090909091
arctic_b0174,Chinese,BWC,l2+empty_pad,Hatred and murder and lust for revenge they possessed to overflowing., header and monitor and last for revenge they're processed to overflowing.,0.45454545454545453
arctic_b0174,Hindi,SVBI,nat+nat,Hatred and murder and lust for revenge they possessed to overflowing.," Hatred and murder and lust for revenge, they possessed to overflowing.",0.0
arctic_b0174,Hindi,SVBI,nat+nat_diff_utt,Hatred and murder and lust for revenge they possessed to overflowing.," Hatred and murder and lust for revenge, they possessed overflowing.",0.09090909090909091
arctic_b0174,Hindi,SVBI,nat+l2_same,Hatred and murder and lust for revenge they possessed to overflowing., Hatred and murder and lust for revenge they possessed overflowing.,0.09090909090909091
arctic_b0174,Hindi,SVBI,nat+interp,Hatred and murder and lust for revenge they possessed to overflowing.," Hatred and Murder and Lust for Revenge, they possessed to over flowing.",0.18181818181818182
arctic_b0174,Hindi,SVBI,nat+noise,Hatred and murder and lust for revenge they possessed to overflowing.," Hatred,",0.9090909090909091
arctic_b0174,Hindi,SVBI,l2+l2,Hatred and murder and lust for revenge they possessed to overflowing.," Hatred and murder and lust for revenge, they possessed two overflowing.",0.09090909090909091
arctic_b0174,Hindi,SVBI,l2+l2_diff_utt,Hatred and murder and lust for revenge they possessed to overflowing.," Hatred and murder and lust for revenge, they possessed two overflowing.",0.09090909090909091
arctic_b0174,Hindi,SVBI,l2+nat_same,Hatred and murder and lust for revenge they possessed to overflowing.," Hatred and murder and lust for revenge, they possessed two overflowing.",0.09090909090909091
arctic_b0174,Hindi,SVBI,l2+interp,Hatred and murder and lust for revenge they possessed to overflowing.," Hatred and Murder and Last for revenge, they possessed to overflowing.",0.09090909090909091
arctic_b0174,Hindi,SVBI,l2+noise,Hatred and murder and lust for revenge they possessed to overflowing., Hatred and Hatred and Hat,0.7272727272727273
arctic_b0174,Hindi,SVBI,nat+zero_0,Hatred and murder and lust for revenge they possessed to overflowing., Hatred and murder and lust for revenge they possessed to overflowing.,0.0
arctic_b0174,Hindi,SVBI,l2+zero_0,Hatred and murder and lust for revenge they possessed to overflowing.," Hatred and murder and lust for revenge, they possessed two overflowing.",0.09090909090909091
arctic_b0174,Hindi,SVBI,nat+zero_100,Hatred and murder and lust for revenge they possessed to overflowing., Hatred and murder and lust for revenge they possessed to overflowing.,0.0
arctic_b0174,Hindi,SVBI,l2+zero_100,Hatred and murder and lust for revenge they possessed to overflowing.," Hatred and murder and lust for revenge, they possessed two overflowing.",0.09090909090909091
arctic_b0174,Hindi,SVBI,nat+zero_200,Hatred and murder and lust for revenge they possessed to overflowing., Hatred and murder and lust for revenge they possessed to overflowing.,0.0
arctic_b0174,Hindi,SVBI,l2+zero_200,Hatred and murder and lust for revenge they possessed to overflowing.," Hatred and murder and lust for revenge, they possessed two overflowing.",0.09090909090909091
arctic_b0174,Hindi,SVBI,nat+zero_400,Hatred and murder and lust for revenge they possessed to overflowing., Hatred and murder and lust for revenge they possessed to overflowing.,0.0
arctic_b0174,Hindi,SVBI,l2+zero_400,Hatred and murder and lust for revenge they possessed to overflowing.," Hatred and murder and lust for revenge, they possessed two overflowing.",0.09090909090909091
arctic_b0174,Hindi,SVBI,nat+zero_800,Hatred and murder and lust for revenge they possessed to overflowing., Hatred and murder and lust for revenge they possessed to overflowing.,0.0
arctic_b0174,Hindi,SVBI,l2+zero_800,Hatred and murder and lust for revenge they possessed to overflowing.," Hatred and murder and lust for revenge, they possessed two overflowing.",0.09090909090909091
arctic_b0174,Hindi,SVBI,nat+empty_pad,Hatred and murder and lust for revenge they possessed to overflowing., Hatred and murder and lust for revenge they possessed overflowing.,0.09090909090909091
arctic_b0174,Hindi,SVBI,l2+empty_pad,Hatred and murder and lust for revenge they possessed to overflowing.," Hatred and murder and lust for revenge, they possessed to overflowing.",0.0
arctic_b0174,Korean,HJK,nat+nat,Hatred and murder and lust for revenge they possessed to overflowing.," Hatred and murder and lust for revenge, they possessed to overflowing.",0.0
arctic_b0174,Korean,HJK,nat+nat_diff_utt,Hatred and murder and lust for revenge they possessed to overflowing.," Hatred and murder and lust for revenge, they possessed overflowing.",0.09090909090909091
arctic_b0174,Korean,HJK,nat+l2_same,Hatred and murder and lust for revenge they possessed to overflowing.," Hatred and murder and lust for revenge, they possessed overflowing.",0.09090909090909091
arctic_b0174,Korean,HJK,nat+interp,Hatred and murder and lust for revenge they possessed to overflowing., Hatred and murder and lust for revenge they possessed to overflowing.,0.0
arctic_b0174,Korean,HJK,nat+noise,Hatred and murder and lust for revenge they possessed to overflowing.," Hatred,",0.9090909090909091
arctic_b0174,Korean,HJK,l2+l2,Hatred and murder and lust for revenge they possessed to overflowing.," Hatred and murder and lost for revenge, they possessed to overflowing.",0.09090909090909091
arctic_b0174,Korean,HJK,l2+l2_diff_utt,Hatred and murder and lust for revenge they possessed to overflowing.," Hatred and murder and lost for revenge, they possessed to overflowing.",0.09090909090909091
arctic_b0174,Korean,HJK,l2+nat_same,Hatred and murder and lust for revenge they possessed to overflowing.," Hatred and murder and lost for revenge, they possessed to overflowing.",0.09090909090909091
arctic_b0174,Korean,HJK,l2+interp,Hatred and murder and lust for revenge they possessed to overflowing.," Hatred and murder and lost for revenge, they possessed to overflowing.",0.09090909090909091
arctic_b0174,Korean,HJK,l2+noise,Hatred and murder and lust for revenge they possessed to overflowing.," Hatred,",0.9090909090909091
arctic_b0174,Korean,HJK,nat+zero_0,Hatred and murder and lust for revenge they possessed to overflowing., Hatred and murder and lust for revenge they possessed to overflowing.,0.0
arctic_b0174,Korean,HJK,l2+zero_0,Hatred and murder and lust for revenge they possessed to overflowing.," Hatred and murder and lost for revenge, they possessed to overflowing.",0.09090909090909091
arctic_b0174,Korean,HJK,nat+zero_100,Hatred and murder and lust for revenge they possessed to overflowing., Hatred and murder and lust for revenge they possessed to overflowing.,0.0
arctic_b0174,Korean,HJK,l2+zero_100,Hatred and murder and lust for revenge they possessed to overflowing.," Hatred and murder and lost for revenge, they possessed to overflowing.",0.09090909090909091
arctic_b0174,Korean,HJK,nat+zero_200,Hatred and murder and lust for revenge they possessed to overflowing., Hatred and murder and lust for revenge they possessed to overflowing.,0.0
arctic_b0174,Korean,HJK,l2+zero_200,Hatred and murder and lust for revenge they possessed to overflowing.," Hatred and murder and lost for revenge, they possessed to overflowing.",0.09090909090909091
arctic_b0174,Korean,HJK,nat+zero_400,Hatred and murder and lust for revenge they possessed to overflowing., Hatred and murder and lust for revenge they possessed to overflowing.,0.0
arctic_b0174,Korean,HJK,l2+zero_400,Hatred and murder and lust for revenge they possessed to overflowing.," Hatred and murder and lost for revenge, they possessed to overflowing.",0.09090909090909091
arctic_b0174,Korean,HJK,nat+zero_800,Hatred and murder and lust for revenge they possessed to overflowing., Hatred and murder and lust for revenge they possessed to overflowing.,0.0
arctic_b0174,Korean,HJK,l2+zero_800,Hatred and murder and lust for revenge they possessed to overflowing.," Hatred and murder and lost for revenge, they possessed to overflowing.",0.09090909090909091
arctic_b0174,Korean,HJK,nat+empty_pad,Hatred and murder and lust for revenge they possessed to overflowing., Hatred and murder and lust for revenge they possessed overflowing.,0.09090909090909091
arctic_b0174,Korean,HJK,l2+empty_pad,Hatred and murder and lust for revenge they possessed to overflowing.," Hatred and murder and lost for revenge, they possessed to overflowing.",0.09090909090909091
arctic_b0174,Spanish,EBVS,nat+nat,Hatred and murder and lust for revenge they possessed to overflowing.," Hatred and murder and lust for revenge, they possessed to overflowing.",0.0
arctic_b0174,Spanish,EBVS,nat+nat_diff_utt,Hatred and murder and lust for revenge they possessed to overflowing.," Hatred and murder and lust for revenge, they possessed overflowing.",0.09090909090909091
arctic_b0174,Spanish,EBVS,nat+l2_same,Hatred and murder and lust for revenge they possessed to overflowing., Hatred and murder and lust for revenge they possessed overflowing.,0.09090909090909091
arctic_b0174,Spanish,EBVS,nat+interp,Hatred and murder and lust for revenge they possessed to overflowing., Hatred and murder and lust for revenge they possessed to overflowing.,0.0
arctic_b0174,Spanish,EBVS,nat+noise,Hatred and murder and lust for revenge they possessed to overflowing.," Hatred,",0.9090909090909091
arctic_b0174,Spanish,EBVS,l2+l2,Hatred and murder and lust for revenge they possessed to overflowing., hatred and murder and last for revenge they possess it to overthrowing.,0.36363636363636365
arctic_b0174,Spanish,EBVS,l2+l2_diff_utt,Hatred and murder and lust for revenge they possessed to overflowing., hatred and murder and last for revenge they possess it to overflowing.,0.2727272727272727
arctic_b0174,Spanish,EBVS,l2+nat_same,Hatred and murder and lust for revenge they possessed to overflowing., hatred and murder and last for revenge they possess it to overflowing.,0.2727272727272727
arctic_b0174,Spanish,EBVS,l2+interp,Hatred and murder and lust for revenge they possessed to overflowing., hatred and murder and last for revenge they possess it to overflowing.,0.2727272727272727
arctic_b0174,Spanish,EBVS,l2+noise,Hatred and murder and lust for revenge they possessed to overflowing., hatred and murder and last for revenge they possess it to overflowing,0.2727272727272727
arctic_b0174,Spanish,EBVS,nat+zero_0,Hatred and murder and lust for revenge they possessed to overflowing., Hatred and murder and lust for revenge they possessed to overflowing.,0.0
arctic_b0174,Spanish,EBVS,l2+zero_0,Hatred and murder and lust for revenge they possessed to overflowing., hatred and murder and last for revenge they possess it to overthrowing,0.36363636363636365
arctic_b0174,Spanish,EBVS,nat+zero_100,Hatred and murder and lust for revenge they possessed to overflowing., Hatred and murder and lust for revenge they possessed to overflowing.,0.0
arctic_b0174,Spanish,EBVS,l2+zero_100,Hatred and murder and lust for revenge they possessed to overflowing., hatred and murder and last for revenge they possess it to overthrowing,0.36363636363636365
arctic_b0174,Spanish,EBVS,nat+zero_200,Hatred and murder and lust for revenge they possessed to overflowing., Hatred and murder and lust for revenge they possessed to overflowing.,0.0
arctic_b0174,Spanish,EBVS,l2+zero_200,Hatred and murder and lust for revenge they possessed to overflowing., hatred and murder and last for revenge they possess it to overthrowing,0.36363636363636365
arctic_b0174,Spanish,EBVS,nat+zero_400,Hatred and murder and lust for revenge they possessed to overflowing., Hatred and murder and lust for revenge they possessed to overflowing.,0.0
arctic_b0174,Spanish,EBVS,l2+zero_400,Hatred and murder and lust for revenge they possessed to overflowing., hatred and murder and last for revenge they possess it to overthrowing,0.36363636363636365
arctic_b0174,Spanish,EBVS,nat+zero_800,Hatred and murder and lust for revenge they possessed to overflowing., Hatred and murder and lust for revenge they possessed to overflowing.,0.0
arctic_b0174,Spanish,EBVS,l2+zero_800,Hatred and murder and lust for revenge they possessed to overflowing., hatred and murder and last for revenge they possess it to overthrowing,0.36363636363636365
arctic_b0174,Spanish,EBVS,nat+empty_pad,Hatred and murder and lust for revenge they possessed to overflowing., Hatred and murder and lust for revenge they possessed overflowing.,0.09090909090909091
arctic_b0174,Spanish,EBVS,l2+empty_pad,Hatred and murder and lust for revenge they possessed to overflowing., hatred and murder and last for revenge they possess it to overthrowing,0.36363636363636365
arctic_b0174,Vietnamese,HQTV,nat+nat,Hatred and murder and lust for revenge they possessed to overflowing.," Hatred and murder and lust for revenge, they possessed to overflowing.",0.0
arctic_b0174,Vietnamese,HQTV,nat+nat_diff_utt,Hatred and murder and lust for revenge they possessed to overflowing.," Hatred and murder and lust for revenge, they possessed overflowing.",0.09090909090909091
arctic_b0174,Vietnamese,HQTV,nat+l2_same,Hatred and murder and lust for revenge they possessed to overflowing.," Hatred and murder and lust for revenge, they possessed overflowing.",0.09090909090909091
arctic_b0174,Vietnamese,HQTV,nat+interp,Hatred and murder and lust for revenge they possessed to overflowing., Hatred and murder and lust for revenge they possessed to over flowing.,0.18181818181818182
arctic_b0174,Vietnamese,HQTV,nat+noise,Hatred and murder and lust for revenge they possessed to overflowing.," Hatred,",0.9090909090909091
arctic_b0174,Vietnamese,HQTV,l2+l2,Hatred and murder and lust for revenge they possessed to overflowing.," Hatreds and murder and lust of revenge, they post to overflowing.",0.2727272727272727
arctic_b0174,Vietnamese,HQTV,l2+l2_diff_utt,Hatred and murder and lust for revenge they possessed to overflowing.," Hatreds and murder and lust of revenge, they post to overflowing.",0.2727272727272727
arctic_b0174,Vietnamese,HQTV,l2+nat_same,Hatred and murder and lust for revenge they possessed to overflowing.," Hatreds and murder and lust of revenge, they pose to overflowing.",0.2727272727272727
arctic_b0174,Vietnamese,HQTV,l2+interp,Hatred and murder and lust for revenge they possessed to overflowing.," Hatreds and murder, and lust of revenge, they post to overflowing.",0.2727272727272727
arctic_b0174,Vietnamese,HQTV,l2+noise,Hatred and murder and lust for revenge they possessed to overflowing., Hatred is,0.9090909090909091
arctic_b0174,Vietnamese,HQTV,nat+zero_0,Hatred and murder and lust for revenge they possessed to overflowing., Hatred and murder and lust for revenge they possessed to overflowing.,0.0
arctic_b0174,Vietnamese,HQTV,l2+zero_0,Hatred and murder and lust for revenge they possessed to overflowing.," Hatreds and murder and lust of revenge, they post to overflowing.",0.2727272727272727
arctic_b0174,Vietnamese,HQTV,nat+zero_100,Hatred and murder and lust for revenge they possessed to overflowing., Hatred and murder and lust for revenge they possessed to overflowing.,0.0
arctic_b0174,Vietnamese,HQTV,l2+zero_100,Hatred and murder and lust for revenge they possessed to overflowing.," Hatreds and murder and lust of revenge, they post to overflowing.",0.2727272727272727
arctic_b0174,Vietnamese,HQTV,nat+zero_200,Hatred and murder and lust for revenge they possessed to overflowing., Hatred and murder and lust for revenge they possessed to overflowing.,0.0
arctic_b0174,Vietnamese,HQTV,l2+zero_200,Hatred and murder and lust for revenge they possessed to overflowing.," Hatreds and murder and lust of revenge, they post to overflowing.",0.2727272727272727
arctic_b0174,Vietnamese,HQTV,nat+zero_400,Hatred and murder and lust for revenge they possessed to overflowing., Hatred and murder and lust for revenge they possessed to overflowing.,0.0
arctic_b0174,Vietnamese,HQTV,l2+zero_400,Hatred and murder and lust for revenge they possessed to overflowing.," Hatreds and murder and lust of revenge, they post to overflowing.",0.2727272727272727
arctic_b0174,Vietnamese,HQTV,nat+zero_800,Hatred and murder and lust for revenge they possessed to overflowing., Hatred and murder and lust for revenge they possessed to overflowing.,0.0
arctic_b0174,Vietnamese,HQTV,l2+zero_800,Hatred and murder and lust for revenge they possessed to overflowing.," Hatreds and murder and lust of revenge, they post to overflowing.",0.2727272727272727
arctic_b0174,Vietnamese,HQTV,nat+empty_pad,Hatred and murder and lust for revenge they possessed to overflowing., Hatred and murder and lust for revenge they possessed overflowing.,0.09090909090909091
arctic_b0174,Vietnamese,HQTV,l2+empty_pad,Hatred and murder and lust for revenge they possessed to overflowing.," Hatreds and murder and lust of revenge, they post to overflowing.",0.2727272727272727
arctic_b0189,Arabic,ZHAA,nat+nat,That is what distinguishes all of us from the lower animals., That is what distinguishes us from all of the lower animals.,0.36363636363636365
arctic_b0189,Arabic,ZHAA,nat+nat_diff_utt,That is what distinguishes all of us from the lower animals., That is what distinguishes us from all of the lower animals.,0.36363636363636365
arctic_b0189,Arabic,ZHAA,nat+l2_same,That is what distinguishes all of us from the lower animals., That is what distinguishes us from all of the lower animals.,0.36363636363636365
arctic_b0189,Arabic,ZHAA,nat+interp,That is what distinguishes all of us from the lower animals., That is what distinguishes us from all of the lower animals.,0.36363636363636365
arctic_b0189,Arabic,ZHAA,nat+noise,That is what distinguishes all of us from the lower animals., That is that is that is that is that is that is that is that is that is that is that is that that is that that is that that that that that that that that that that that that that that that that,3.8181818181818183
arctic_b0189,Arabic,ZHAA,l2+l2,That is what distinguishes all of us from the lower animals., That is what distinguishes all of us from the lower animals.,0.0
arctic_b0189,Arabic,ZHAA,l2+l2_diff_utt,That is what distinguishes all of us from the lower animals., That is what distinguishes all of us from the lower animals.,0.0
arctic_b0189,Arabic,ZHAA,l2+nat_same,That is what distinguishes all of us from the lower animals., That is what distinguishes all of us from the lower animals.,0.0
arctic_b0189,Arabic,ZHAA,l2+interp,That is what distinguishes all of us from the lower animals., That is what distinguishes all of us from the animals.,0.09090909090909091
arctic_b0189,Arabic,ZHAA,l2+noise,That is what distinguishes all of us from the lower animals., That is what that is,0.7272727272727273
arctic_b0189,Arabic,ZHAA,nat+zero_0,That is what distinguishes all of us from the lower animals., That is what distinguishes us from all of the lower animals.,0.36363636363636365
arctic_b0189,Arabic,ZHAA,l2+zero_0,That is what distinguishes all of us from the lower animals., That is what distinguishes all of us from the lower animals.,0.0
arctic_b0189,Arabic,ZHAA,nat+zero_100,That is what distinguishes all of us from the lower animals., That is what distinguishes us from all of the lower animals.,0.36363636363636365
arctic_b0189,Arabic,ZHAA,l2+zero_100,That is what distinguishes all of us from the lower animals., That is what distinguishes all of us from the lower animals.,0.0
arctic_b0189,Arabic,ZHAA,nat+zero_200,That is what distinguishes all of us from the lower animals., That is what distinguishes us from all of the lower animals.,0.36363636363636365
arctic_b0189,Arabic,ZHAA,l2+zero_200,That is what distinguishes all of us from the lower animals., That is what distinguishes all of us from the lower animals.,0.0
arctic_b0189,Arabic,ZHAA,nat+zero_400,That is what distinguishes all of us from the lower animals., That is what distinguishes us from all of the lower animals.,0.36363636363636365
arctic_b0189,Arabic,ZHAA,l2+zero_400,That is what distinguishes all of us from the lower animals., That is what distinguishes all of us from the lower animals.,0.0
arctic_b0189,Arabic,ZHAA,nat+zero_800,That is what distinguishes all of us from the lower animals., That is what distinguishes us from all of the lower animals.,0.36363636363636365
arctic_b0189,Arabic,ZHAA,l2+zero_800,That is what distinguishes all of us from the lower animals., That is what distinguishes all of us from the lower animals.,0.0
arctic_b0189,Arabic,ZHAA,nat+empty_pad,That is what distinguishes all of us from the lower animals., That is what distinguishes us from all of the lower animals.,0.36363636363636365
arctic_b0189,Arabic,ZHAA,l2+empty_pad,That is what distinguishes all of us from the lower animals., That is what distinguishes all of us from the lower animals.,0.0
arctic_b0189,Chinese,BWC,nat+nat,That is what distinguishes all of us from the lower animals., That is what distinguishes us from all of the lower animals.,0.36363636363636365
arctic_b0189,Chinese,BWC,nat+nat_diff_utt,That is what distinguishes all of us from the lower animals., That is what distinguishes us from all of the lower animals.,0.36363636363636365
arctic_b0189,Chinese,BWC,nat+l2_same,That is what distinguishes all of us from the lower animals., That is what distinguishes us from all of the lower animals.,0.36363636363636365
arctic_b0189,Chinese,BWC,nat+interp,That is what distinguishes all of us from the lower animals., That is what distinguishes us from all of the lower animals.,0.36363636363636365
arctic_b0189,Chinese,BWC,nat+noise,That is what distinguishes all of us from the lower animals., That is that is that is that is that is that is that is that is that is that is that is that that is that that is that that that that that that that that that that that that that that that that,3.8181818181818183
arctic_b0189,Chinese,BWC,l2+l2,That is what distinguishes all of us from the lower animals., That is what distinguished all of us from the lowest animals.,0.18181818181818182
arctic_b0189,Chinese,BWC,l2+l2_diff_utt,That is what distinguishes all of us from the lower animals., That is what distinguished all of us from the lowest animals.,0.18181818181818182
arctic_b0189,Chinese,BWC,l2+nat_same,That is what distinguishes all of us from the lower animals., That is what distinguished all of us from the lowest animals.,0.18181818181818182
arctic_b0189,Chinese,BWC,l2+interp,That is what distinguishes all of us from the lower animals., That is what distinguished all of us from the lowest animals.,0.18181818181818182
arctic_b0189,Chinese,BWC,l2+noise,That is what distinguishes all of us from the lower animals., That is what distinguished all of,0.5454545454545454
arctic_b0189,Chinese,BWC,nat+zero_0,That is what distinguishes all of us from the lower animals., That is what distinguishes us from all of the lower animals.,0.36363636363636365
arctic_b0189,Chinese,BWC,l2+zero_0,That is what distinguishes all of us from the lower animals., That is what distinguished all of us from the lowest animals.,0.18181818181818182
arctic_b0189,Chinese,BWC,nat+zero_100,That is what distinguishes all of us from the lower animals., That is what distinguishes us from all of the lower animals.,0.36363636363636365
arctic_b0189,Chinese,BWC,l2+zero_100,That is what distinguishes all of us from the lower animals., That is what distinguished all of us from the lowest animals.,0.18181818181818182
arctic_b0189,Chinese,BWC,nat+zero_200,That is what distinguishes all of us from the lower animals., That is what distinguishes us from all of the lower animals.,0.36363636363636365
arctic_b0189,Chinese,BWC,l2+zero_200,That is what distinguishes all of us from the lower animals., That is what distinguished all of us from the lowest animals.,0.18181818181818182
arctic_b0189,Chinese,BWC,nat+zero_400,That is what distinguishes all of us from the lower animals., That is what distinguishes us from all of the lower animals.,0.36363636363636365
arctic_b0189,Chinese,BWC,l2+zero_400,That is what distinguishes all of us from the lower animals., That is what distinguished all of us from the lowest animals.,0.18181818181818182
arctic_b0189,Chinese,BWC,nat+zero_800,That is what distinguishes all of us from the lower animals., That is what distinguishes us from all of the lower animals.,0.36363636363636365
arctic_b0189,Chinese,BWC,l2+zero_800,That is what distinguishes all of us from the lower animals., That is what distinguished all of us from the lowest animals.,0.18181818181818182
arctic_b0189,Chinese,BWC,nat+empty_pad,That is what distinguishes all of us from the lower animals., That is what distinguishes us from all of the lower animals.,0.36363636363636365
arctic_b0189,Chinese,BWC,l2+empty_pad,That is what distinguishes all of us from the lower animals., That is what distinguished all of us from the lowest animals.,0.18181818181818182
arctic_b0189,Hindi,SVBI,nat+nat,That is what distinguishes all of us from the lower animals., That is what distinguishes us from all of the lower animals.,0.36363636363636365
arctic_b0189,Hindi,SVBI,nat+nat_diff_utt,That is what distinguishes all of us from the lower animals., That is what distinguishes us from all of the lower animals.,0.36363636363636365
arctic_b0189,Hindi,SVBI,nat+l2_same,That is what distinguishes all of us from the lower animals., That is what distinguishes us from all of the lower animals.,0.36363636363636365
arctic_b0189,Hindi,SVBI,nat+interp,That is what distinguishes all of us from the lower animals., That is what distinguishes us from all of the lower animals.,0.36363636363636365
arctic_b0189,Hindi,SVBI,nat+noise,That is what distinguishes all of us from the lower animals., That is that is that is that is that is that is that is that is that is that is that is that that is that that is that that that that that that that that that that that that that that that that,3.8181818181818183
arctic_b0189,Hindi,SVBI,l2+l2,That is what distinguishes all of us from the lower animals., That is what distinguishes all of us from the lower animals.,0.0
arctic_b0189,Hindi,SVBI,l2+l2_diff_utt,That is what distinguishes all of us from the lower animals., That is what distinguishes all of us from the lower animals.,0.0
arctic_b0189,Hindi,SVBI,l2+nat_same,That is what distinguishes all of us from the lower animals., That is what distinguishes all of us from the lower animals.,0.0
arctic_b0189,Hindi,SVBI,l2+interp,That is what distinguishes all of us from the lower animals., That is what distinguishes all of us from the lower animals.,0.0
arctic_b0189,Hindi,SVBI,l2+noise,That is what distinguishes all of us from the lower animals., That is that is,0.8181818181818182
arctic_b0189,Hindi,SVBI,nat+zero_0,That is what distinguishes all of us from the lower animals., That is what distinguishes us from all of the lower animals.,0.36363636363636365
arctic_b0189,Hindi,SVBI,l2+zero_0,That is what distinguishes all of us from the lower animals., That is what distinguishes all of us from the lower animals.,0.0
arctic_b0189,Hindi,SVBI,nat+zero_100,That is what distinguishes all of us from the lower animals., That is what distinguishes us from all of the lower animals.,0.36363636363636365
arctic_b0189,Hindi,SVBI,l2+zero_100,That is what distinguishes all of us from the lower animals., That is what distinguishes all of us from the lower animals.,0.0
arctic_b0189,Hindi,SVBI,nat+zero_200,That is what distinguishes all of us from the lower animals., That is what distinguishes us from all of the lower animals.,0.36363636363636365
arctic_b0189,Hindi,SVBI,l2+zero_200,That is what distinguishes all of us from the lower animals., That is what distinguishes all of us from the lower animals.,0.0
arctic_b0189,Hindi,SVBI,nat+zero_400,That is what distinguishes all of us from the lower animals., That is what distinguishes us from all of the lower animals.,0.36363636363636365
arctic_b0189,Hindi,SVBI,l2+zero_400,That is what distinguishes all of us from the lower animals., That is what distinguishes all of us from the lower animals.,0.0
arctic_b0189,Hindi,SVBI,nat+zero_800,That is what distinguishes all of us from the lower animals., That is what distinguishes us from all of the lower animals.,0.36363636363636365
arctic_b0189,Hindi,SVBI,l2+zero_800,That is what distinguishes all of us from the lower animals., That is what distinguishes all of us from the lower animals.,0.0
arctic_b0189,Hindi,SVBI,nat+empty_pad,That is what distinguishes all of us from the lower animals., That is what distinguishes us from all of the lower animals.,0.36363636363636365
arctic_b0189,Hindi,SVBI,l2+empty_pad,That is what distinguishes all of us from the lower animals., That is what distinguishes all of us from the lower animals.,0.0
arctic_b0189,Korean,HJK,nat+nat,That is what distinguishes all of us from the lower animals., That is what distinguishes us from all of the lower animals.,0.36363636363636365
arctic_b0189,Korean,HJK,nat+nat_diff_utt,That is what distinguishes all of us from the lower animals., That is what distinguishes us from all of the lower animals.,0.36363636363636365
arctic_b0189,Korean,HJK,nat+l2_same,That is what distinguishes all of us from the lower animals., That is what distinguishes us from all of the lower animals.,0.36363636363636365
arctic_b0189,Korean,HJK,nat+interp,That is what distinguishes all of us from the lower animals., That is what distinguishes us from all of the lower animals.,0.36363636363636365
arctic_b0189,Korean,HJK,nat+noise,That is what distinguishes all of us from the lower animals., That is that is that is that is that is that is that is that is that is that is that is that that is that that is that that that that that that that that that that that that that that that that,3.8181818181818183
arctic_b0189,Korean,HJK,l2+l2,That is what distinguishes all of us from the lower animals., That is what distinguishes all of us from the lower animals.,0.0
arctic_b0189,Korean,HJK,l2+l2_diff_utt,That is what distinguishes all of us from the lower animals., That is what distinguishes all of us from the lower animals.,0.0
arctic_b0189,Korean,HJK,l2+nat_same,That is what distinguishes all of us from the lower animals., That is what distinguishes all of us from the lower animals.,0.0
arctic_b0189,Korean,HJK,l2+interp,That is what distinguishes all of us from the lower animals., That is what distinguishes all of us from the lower animals.,0.0
arctic_b0189,Korean,HJK,l2+noise,That is what distinguishes all of us from the lower animals., That is what,0.7272727272727273
arctic_b0189,Korean,HJK,nat+zero_0,That is what distinguishes all of us from the lower animals., That is what distinguishes us from all of the lower animals.,0.36363636363636365
arctic_b0189,Korean,HJK,l2+zero_0,That is what distinguishes all of us from the lower animals., That is what distinguishes all of us from the lower animals.,0.0
arctic_b0189,Korean,HJK,nat+zero_100,That is what distinguishes all of us from the lower animals., That is what distinguishes us from all of the lower animals.,0.36363636363636365
arctic_b0189,Korean,HJK,l2+zero_100,That is what distinguishes all of us from the lower animals., That is what distinguishes all of us from the lower animals.,0.0
arctic_b0189,Korean,HJK,nat+zero_200,That is what distinguishes all of us from the lower animals., That is what distinguishes us from all of the lower animals.,0.36363636363636365
arctic_b0189,Korean,HJK,l2+zero_200,That is what distinguishes all of us from the lower animals., That is what distinguishes all of us from the lower animals.,0.0
arctic_b0189,Korean,HJK,nat+zero_400,That is what distinguishes all of us from the lower animals., That is what distinguishes us from all of the lower animals.,0.36363636363636365
arctic_b0189,Korean,HJK,l2+zero_400,That is what distinguishes all of us from the lower animals., That is what distinguishes all of us from the lower animals.,0.0
arctic_b0189,Korean,HJK,nat+zero_800,That is what distinguishes all of us from the lower animals., That is what distinguishes us from all of the lower animals.,0.36363636363636365
arctic_b0189,Korean,HJK,l2+zero_800,That is what distinguishes all of us from the lower animals., That is what distinguishes all of us from the lower animals.,0.0
arctic_b0189,Korean,HJK,nat+empty_pad,That is what distinguishes all of us from the lower animals., That is what distinguishes us from all of the lower animals.,0.36363636363636365
arctic_b0189,Korean,HJK,l2+empty_pad,That is what distinguishes all of us from the lower animals., That is what distinguishes all of us from the lower animals.,0.0
arctic_b0189,Spanish,EBVS,nat+nat,That is what distinguishes all of us from the lower animals., That is what distinguishes us from all of the lower animals.,0.36363636363636365
arctic_b0189,Spanish,EBVS,nat+nat_diff_utt,That is what distinguishes all of us from the lower animals., That is what distinguishes us from all of the lower animals.,0.36363636363636365
arctic_b0189,Spanish,EBVS,nat+l2_same,That is what distinguishes all of us from the lower animals., That is what distinguishes us from all of the lower animals.,0.36363636363636365
arctic_b0189,Spanish,EBVS,nat+interp,That is what distinguishes all of us from the lower animals., That is what distinguishes us from all of the lower animals.,0.36363636363636365
arctic_b0189,Spanish,EBVS,nat+noise,That is what distinguishes all of us from the lower animals., That is that is that is that is that is that is that is that is that is that is that is that that is that that is that that that that that that that that that that that that that that that that,3.8181818181818183
arctic_b0189,Spanish,EBVS,l2+l2,That is what distinguishes all of us from the lower animals., That is what distinguishes all of us from the lower animals.,0.0
arctic_b0189,Spanish,EBVS,l2+l2_diff_utt,That is what distinguishes all of us from the lower animals., That is what distinguishes all of us from the lower animals.,0.0
arctic_b0189,Spanish,EBVS,l2+nat_same,That is what distinguishes all of us from the lower animals., That is what distinguishes all of us from the lower animals.,0.0
arctic_b0189,Spanish,EBVS,l2+interp,That is what distinguishes all of us from the lower animals., that is what distinguishes all of us from the lower animals.,0.0
arctic_b0189,Spanish,EBVS,l2+noise,That is what distinguishes all of us from the lower animals., that is what distinguishes all of us from the lower animals,0.0
arctic_b0189,Spanish,EBVS,nat+zero_0,That is what distinguishes all of us from the lower animals., That is what distinguishes us from all of the lower animals.,0.36363636363636365
arctic_b0189,Spanish,EBVS,l2+zero_0,That is what distinguishes all of us from the lower animals., That is what distinguishes all of us from the lower animals.,0.0
arctic_b0189,Spanish,EBVS,nat+zero_100,That is what distinguishes all of us from the lower animals., That is what distinguishes us from all of the lower animals.,0.36363636363636365
arctic_b0189,Spanish,EBVS,l2+zero_100,That is what distinguishes all of us from the lower animals., That is what distinguishes all of us from the lower animals.,0.0
arctic_b0189,Spanish,EBVS,nat+zero_200,That is what distinguishes all of us from the lower animals., That is what distinguishes us from all of the lower animals.,0.36363636363636365
arctic_b0189,Spanish,EBVS,l2+zero_200,That is what distinguishes all of us from the lower animals., That is what distinguishes all of us from the lower animals.,0.0
arctic_b0189,Spanish,EBVS,nat+zero_400,That is what distinguishes all of us from the lower animals., That is what distinguishes us from all of the lower animals.,0.36363636363636365
arctic_b0189,Spanish,EBVS,l2+zero_400,That is what distinguishes all of us from the lower animals., That is what distinguishes all of us from the lower animals.,0.0
arctic_b0189,Spanish,EBVS,nat+zero_800,That is what distinguishes all of us from the lower animals., That is what distinguishes us from all of the lower animals.,0.36363636363636365
arctic_b0189,Spanish,EBVS,l2+zero_800,That is what distinguishes all of us from the lower animals., That is what distinguishes all of us from the lower animals.,0.0
arctic_b0189,Spanish,EBVS,nat+empty_pad,That is what distinguishes all of us from the lower animals., That is what distinguishes us from all of the lower animals.,0.36363636363636365
arctic_b0189,Spanish,EBVS,l2+empty_pad,That is what distinguishes all of us from the lower animals., That is what distinguishes all of us from the lower animals.,0.0
arctic_b0189,Vietnamese,HQTV,nat+nat,That is what distinguishes all of us from the lower animals., That is what distinguishes us from all of the lower animals.,0.36363636363636365
arctic_b0189,Vietnamese,HQTV,nat+nat_diff_utt,That is what distinguishes all of us from the lower animals., That is what distinguishes us from all of the lower animals.,0.36363636363636365
arctic_b0189,Vietnamese,HQTV,nat+l2_same,That is what distinguishes all of us from the lower animals., That is what distinguishes us from all of the lower animals.,0.36363636363636365
arctic_b0189,Vietnamese,HQTV,nat+interp,That is what distinguishes all of us from the lower animals., That is what distinguishes us from all of the lower animals.,0.36363636363636365
arctic_b0189,Vietnamese,HQTV,nat+noise,That is what distinguishes all of us from the lower animals., That is that is that is that is that is that is that is that is that is that is that is that that is that that is that that that that that that that that that that that that that that that that,3.8181818181818183
arctic_b0189,Vietnamese,HQTV,l2+l2,That is what distinguishes all of us from the lower animals., Thus it was distinguished on the first from the lower animal.,0.7272727272727273
arctic_b0189,Vietnamese,HQTV,l2+l2_diff_utt,That is what distinguishes all of us from the lower animals., thus it was distinguished on the first from the lower animal.,0.7272727272727273
arctic_b0189,Vietnamese,HQTV,l2+nat_same,That is what distinguishes all of us from the lower animals., that's what distinguishes on the Earth from the lower animal.,0.5454545454545454
arctic_b0189,Vietnamese,HQTV,l2+interp,That is what distinguishes all of us from the lower animals., thus it was distinguished on the first from the lower animal.,0.7272727272727273
arctic_b0189,Vietnamese,HQTV,l2+noise,That is what distinguishes all of us from the lower animals., That is what,0.7272727272727273
arctic_b0189,Vietnamese,HQTV,nat+zero_0,That is what distinguishes all of us from the lower animals., That is what distinguishes us from all of the lower animals.,0.36363636363636365
arctic_b0189,Vietnamese,HQTV,l2+zero_0,That is what distinguishes all of us from the lower animals., that's what distinguishes all the birds from the lower animals.,0.36363636363636365
arctic_b0189,Vietnamese,HQTV,nat+zero_100,That is what distinguishes all of us from the lower animals., That is what distinguishes us from all of the lower animals.,0.36363636363636365
arctic_b0189,Vietnamese,HQTV,l2+zero_100,That is what distinguishes all of us from the lower animals., that's what distinguishes all the birds from the lower animals.,0.36363636363636365
arctic_b0189,Vietnamese,HQTV,nat+zero_200,That is what distinguishes all of us from the lower animals., That is what distinguishes us from all of the lower animals.,0.36363636363636365
arctic_b0189,Vietnamese,HQTV,l2+zero_200,That is what distinguishes all of us from the lower animals., that's what distinguishes all the birds from the lower animals.,0.36363636363636365
arctic_b0189,Vietnamese,HQTV,nat+zero_400,That is what distinguishes all of us from the lower animals., That is what distinguishes us from all of the lower animals.,0.36363636363636365
arctic_b0189,Vietnamese,HQTV,l2+zero_400,That is what distinguishes all of us from the lower animals., that's what distinguishes all the birds from the lower animals.,0.36363636363636365
arctic_b0189,Vietnamese,HQTV,nat+zero_800,That is what distinguishes all of us from the lower animals., That is what distinguishes us from all of the lower animals.,0.36363636363636365
arctic_b0189,Vietnamese,HQTV,l2+zero_800,That is what distinguishes all of us from the lower animals., that's what distinguishes all the birds from the lower animals.,0.36363636363636365
arctic_b0189,Vietnamese,HQTV,nat+empty_pad,That is what distinguishes all of us from the lower animals., That is what distinguishes us from all of the lower animals.,0.36363636363636365
arctic_b0189,Vietnamese,HQTV,l2+empty_pad,That is what distinguishes all of us from the lower animals., that's what distinguishes all the birds from the lower animal.,0.45454545454545453
arctic_b0195,Arabic,ZHAA,nat+nat,Nobody knows how the natives got them., Nobody knows how the natives got them.,0.0
arctic_b0195,Arabic,ZHAA,nat+nat_diff_utt,Nobody knows how the natives got them., Nobody knows how the natives got them.,0.0
arctic_b0195,Arabic,ZHAA,nat+l2_same,Nobody knows how the natives got them., Nobody knows how the natives got them.,0.0
arctic_b0195,Arabic,ZHAA,nat+interp,Nobody knows how the natives got them., Nobody knows how the natives got them.,0.0
arctic_b0195,Arabic,ZHAA,nat+noise,Nobody knows how the natives got them.," Nobody,",0.8571428571428571
arctic_b0195,Arabic,ZHAA,l2+l2,Nobody knows how the natives got them., Nobody knows how the natives got them.,0.0
arctic_b0195,Arabic,ZHAA,l2+l2_diff_utt,Nobody knows how the natives got them., Nobody knows how the natives got to them.,0.14285714285714285
arctic_b0195,Arabic,ZHAA,l2+nat_same,Nobody knows how the natives got them., Nobody knows how the natives got them.,0.0
arctic_b0195,Arabic,ZHAA,l2+interp,Nobody knows how the natives got them., Nobody nobody knows how the natives got to them,0.2857142857142857
arctic_b0195,Arabic,ZHAA,l2+noise,Nobody knows how the natives got them., Nobody Nobody Nobody Nobody Nobody Nobody Nobody Nobody Nobody Nobody Nobody Nobody,1.5714285714285714
arctic_b0195,Arabic,ZHAA,nat+zero_0,Nobody knows how the natives got them., Nobody knows how the natives got them.,0.0
arctic_b0195,Arabic,ZHAA,l2+zero_0,Nobody knows how the natives got them., Nobody knows how the natives got them.,0.0
arctic_b0195,Arabic,ZHAA,nat+zero_100,Nobody knows how the natives got them., Nobody knows how the natives got them.,0.0
arctic_b0195,Arabic,ZHAA,l2+zero_100,Nobody knows how the natives got them., Nobody knows how the natives got them.,0.0
arctic_b0195,Arabic,ZHAA,nat+zero_200,Nobody knows how the natives got them., Nobody knows how the natives got them.,0.0
arctic_b0195,Arabic,ZHAA,l2+zero_200,Nobody knows how the natives got them., Nobody knows how the natives got them.,0.0
arctic_b0195,Arabic,ZHAA,nat+zero_400,Nobody knows how the natives got them., Nobody knows how the natives got them.,0.0
arctic_b0195,Arabic,ZHAA,l2+zero_400,Nobody knows how the natives got them., Nobody knows how the natives got them.,0.0
arctic_b0195,Arabic,ZHAA,nat+zero_800,Nobody knows how the natives got them., Nobody knows how the natives got them.,0.0
arctic_b0195,Arabic,ZHAA,l2+zero_800,Nobody knows how the natives got them., Nobody knows how the natives got them.,0.0
arctic_b0195,Arabic,ZHAA,nat+empty_pad,Nobody knows how the natives got them., Nobody knows how the natives got them.,0.0
arctic_b0195,Arabic,ZHAA,l2+empty_pad,Nobody knows how the natives got them., Nobody knows how the natives got them.,0.0
arctic_b0195,Chinese,BWC,nat+nat,Nobody knows how the natives got them., Nobody knows how the natives got them.,0.0
arctic_b0195,Chinese,BWC,nat+nat_diff_utt,Nobody knows how the natives got them., Nobody knows how the natives got them.,0.0
arctic_b0195,Chinese,BWC,nat+l2_same,Nobody knows how the natives got them., Nobody knows how the natives got them.,0.0
arctic_b0195,Chinese,BWC,nat+interp,Nobody knows how the natives got them., Nobody knows how the natives got them.,0.0
arctic_b0195,Chinese,BWC,nat+noise,Nobody knows how the natives got them.," Nobody,",0.8571428571428571
arctic_b0195,Chinese,BWC,l2+l2,Nobody knows how the natives got them., Nobody knows how the natives got them.,0.0
arctic_b0195,Chinese,BWC,l2+l2_diff_utt,Nobody knows how the natives got them., Nobody knows how the natives got them.,0.0
arctic_b0195,Chinese,BWC,l2+nat_same,Nobody knows how the natives got them., Nobody knows how the natives got them.,0.0
arctic_b0195,Chinese,BWC,l2+interp,Nobody knows how the natives got them., Nobody knows how the natives got them.,0.0
arctic_b0195,Chinese,BWC,l2+noise,Nobody knows how the natives got them., Nobody nobody nobody knows how the,0.7142857142857143
arctic_b0195,Chinese,BWC,nat+zero_0,Nobody knows how the natives got them., Nobody knows how the natives got them.,0.0
arctic_b0195,Chinese,BWC,l2+zero_0,Nobody knows how the natives got them., Nobody knows how the natives got them.,0.0
arctic_b0195,Chinese,BWC,nat+zero_100,Nobody knows how the natives got them., Nobody knows how the natives got them.,0.0
arctic_b0195,Chinese,BWC,l2+zero_100,Nobody knows how the natives got them., Nobody knows how the natives got them.,0.0
arctic_b0195,Chinese,BWC,nat+zero_200,Nobody knows how the natives got them., Nobody knows how the natives got them.,0.0
arctic_b0195,Chinese,BWC,l2+zero_200,Nobody knows how the natives got them., Nobody knows how the natives got them.,0.0
arctic_b0195,Chinese,BWC,nat+zero_400,Nobody knows how the natives got them., Nobody knows how the natives got them.,0.0
arctic_b0195,Chinese,BWC,l2+zero_400,Nobody knows how the natives got them., Nobody knows how the natives got them.,0.0
arctic_b0195,Chinese,BWC,nat+zero_800,Nobody knows how the natives got them., Nobody knows how the natives got them.,0.0
arctic_b0195,Chinese,BWC,l2+zero_800,Nobody knows how the natives got them., Nobody knows how the natives got them.,0.0
arctic_b0195,Chinese,BWC,nat+empty_pad,Nobody knows how the natives got them., Nobody knows how the natives got them.,0.0
arctic_b0195,Chinese,BWC,l2+empty_pad,Nobody knows how the natives got them., Nobody knows how the natives got them.,0.0
arctic_b0195,Hindi,SVBI,nat+nat,Nobody knows how the natives got them., Nobody knows how the natives got them.,0.0
arctic_b0195,Hindi,SVBI,nat+nat_diff_utt,Nobody knows how the natives got them., Nobody knows how the natives got them.,0.0
arctic_b0195,Hindi,SVBI,nat+l2_same,Nobody knows how the natives got them., Nobody knows how the natives got them.,0.0
arctic_b0195,Hindi,SVBI,nat+interp,Nobody knows how the natives got them., Nobody knows how the natives got them.,0.0
arctic_b0195,Hindi,SVBI,nat+noise,Nobody knows how the natives got them.," Nobody,",0.8571428571428571
arctic_b0195,Hindi,SVBI,l2+l2,Nobody knows how the natives got them., Nobody knows how the natives got them.,0.0
arctic_b0195,Hindi,SVBI,l2+l2_diff_utt,Nobody knows how the natives got them., Nobody knows how the natives got them.,0.0
arctic_b0195,Hindi,SVBI,l2+nat_same,Nobody knows how the natives got them., Nobody knows how the natives got them.,0.0
arctic_b0195,Hindi,SVBI,l2+interp,Nobody knows how the natives got them., Nobody knows how the natives got them.,0.0
arctic_b0195,Hindi,SVBI,l2+noise,Nobody knows how the natives got them.," Nobody,",0.8571428571428571
arctic_b0195,Hindi,SVBI,nat+zero_0,Nobody knows how the natives got them., Nobody knows how the natives got them.,0.0
arctic_b0195,Hindi,SVBI,l2+zero_0,Nobody knows how the natives got them., Nobody knows how the natives got them.,0.0
arctic_b0195,Hindi,SVBI,nat+zero_100,Nobody knows how the natives got them., Nobody knows how the natives got them.,0.0
arctic_b0195,Hindi,SVBI,l2+zero_100,Nobody knows how the natives got them., Nobody knows how the natives got them.,0.0
arctic_b0195,Hindi,SVBI,nat+zero_200,Nobody knows how the natives got them., Nobody knows how the natives got them.,0.0
arctic_b0195,Hindi,SVBI,l2+zero_200,Nobody knows how the natives got them., Nobody knows how the natives got them.,0.0
arctic_b0195,Hindi,SVBI,nat+zero_400,Nobody knows how the natives got them., Nobody knows how the natives got them.,0.0
arctic_b0195,Hindi,SVBI,l2+zero_400,Nobody knows how the natives got them., Nobody knows how the natives got them.,0.0
arctic_b0195,Hindi,SVBI,nat+zero_800,Nobody knows how the natives got them., Nobody knows how the natives got them.,0.0
arctic_b0195,Hindi,SVBI,l2+zero_800,Nobody knows how the natives got them., Nobody knows how the natives got them.,0.0
arctic_b0195,Hindi,SVBI,nat+empty_pad,Nobody knows how the natives got them., Nobody knows how the natives got them.,0.0
arctic_b0195,Hindi,SVBI,l2+empty_pad,Nobody knows how the natives got them., Nobody knows how the natives got them.,0.0
arctic_b0195,Korean,HJK,nat+nat,Nobody knows how the natives got them., Nobody knows how the natives got them.,0.0
arctic_b0195,Korean,HJK,nat+nat_diff_utt,Nobody knows how the natives got them., Nobody knows how the natives got them.,0.0
arctic_b0195,Korean,HJK,nat+l2_same,Nobody knows how the natives got them., Nobody knows how the natives got them.,0.0
arctic_b0195,Korean,HJK,nat+interp,Nobody knows how the natives got them., Nobody knows how the natives got them.,0.0
arctic_b0195,Korean,HJK,nat+noise,Nobody knows how the natives got them.," Nobody,",0.8571428571428571
arctic_b0195,Korean,HJK,l2+l2,Nobody knows how the natives got them., Nobody knows how the natives got them.,0.0
arctic_b0195,Korean,HJK,l2+l2_diff_utt,Nobody knows how the natives got them., Nobody knows how the natives got them.,0.0
arctic_b0195,Korean,HJK,l2+nat_same,Nobody knows how the natives got them., Nobody knows how the natives got them.,0.0
arctic_b0195,Korean,HJK,l2+interp,Nobody knows how the natives got them., Nobody knows how the natives got them.,0.0
arctic_b0195,Korean,HJK,l2+noise,Nobody knows how the natives got them.," Nobody,",0.8571428571428571
arctic_b0195,Korean,HJK,nat+zero_0,Nobody knows how the natives got them., Nobody knows how the natives got them.,0.0
arctic_b0195,Korean,HJK,l2+zero_0,Nobody knows how the natives got them., Nobody knows how the natives got them.,0.0
arctic_b0195,Korean,HJK,nat+zero_100,Nobody knows how the natives got them., Nobody knows how the natives got them.,0.0
arctic_b0195,Korean,HJK,l2+zero_100,Nobody knows how the natives got them., Nobody knows how the natives got them.,0.0
arctic_b0195,Korean,HJK,nat+zero_200,Nobody knows how the natives got them., Nobody knows how the natives got them.,0.0
arctic_b0195,Korean,HJK,l2+zero_200,Nobody knows how the natives got them., Nobody knows how the natives got them.,0.0
arctic_b0195,Korean,HJK,nat+zero_400,Nobody knows how the natives got them., Nobody knows how the natives got them.,0.0
arctic_b0195,Korean,HJK,l2+zero_400,Nobody knows how the natives got them., Nobody knows how the natives got them.,0.0
arctic_b0195,Korean,HJK,nat+zero_800,Nobody knows how the natives got them., Nobody knows how the natives got them.,0.0
arctic_b0195,Korean,HJK,l2+zero_800,Nobody knows how the natives got them., Nobody knows how the natives got them.,0.0
arctic_b0195,Korean,HJK,nat+empty_pad,Nobody knows how the natives got them., Nobody knows how the natives got them.,0.0
arctic_b0195,Korean,HJK,l2+empty_pad,Nobody knows how the natives got them., Nobody knows how the natives got them.,0.0
arctic_b0195,Spanish,EBVS,nat+nat,Nobody knows how the natives got them., Nobody knows how the natives got them.,0.0
arctic_b0195,Spanish,EBVS,nat+nat_diff_utt,Nobody knows how the natives got them., Nobody knows how the natives got them.,0.0
arctic_b0195,Spanish,EBVS,nat+l2_same,Nobody knows how the natives got them., Nobody knows how the natives got them.,0.0
arctic_b0195,Spanish,EBVS,nat+interp,Nobody knows how the natives got them., Nobody knows how the natives got them.,0.0
arctic_b0195,Spanish,EBVS,nat+noise,Nobody knows how the natives got them.," Nobody,",0.8571428571428571
arctic_b0195,Spanish,EBVS,l2+l2,Nobody knows how the natives got them., Nobody knows how the native cuttings.,0.42857142857142855
arctic_b0195,Spanish,EBVS,l2+l2_diff_utt,Nobody knows how the natives got them., Nobody knows how the native cuttings.,0.42857142857142855
arctic_b0195,Spanish,EBVS,l2+nat_same,Nobody knows how the natives got them., Nobody knows how the natives are cutting.,0.2857142857142857
arctic_b0195,Spanish,EBVS,l2+interp,Nobody knows how the natives got them., Nobody knows how the native cutting,0.42857142857142855
arctic_b0195,Spanish,EBVS,l2+noise,Nobody knows how the natives got them.," Nobody,",0.8571428571428571
arctic_b0195,Spanish,EBVS,nat+zero_0,Nobody knows how the natives got them., Nobody knows how the natives got them.,0.0
arctic_b0195,Spanish,EBVS,l2+zero_0,Nobody knows how the natives got them., Nobody knows how the native cuttings.,0.42857142857142855
arctic_b0195,Spanish,EBVS,nat+zero_100,Nobody knows how the natives got them., Nobody knows how the natives got them.,0.0
arctic_b0195,Spanish,EBVS,l2+zero_100,Nobody knows how the natives got them., Nobody knows how the natives cutting,0.2857142857142857
arctic_b0195,Spanish,EBVS,nat+zero_200,Nobody knows how the natives got them., Nobody knows how the natives got them.,0.0
arctic_b0195,Spanish,EBVS,l2+zero_200,Nobody knows how the natives got them., Nobody knows how the natives cutting,0.2857142857142857
arctic_b0195,Spanish,EBVS,nat+zero_400,Nobody knows how the natives got them., Nobody knows how the natives got them.,0.0
arctic_b0195,Spanish,EBVS,l2+zero_400,Nobody knows how the natives got them., Nobody knows how the natives cutting,0.2857142857142857
arctic_b0195,Spanish,EBVS,nat+zero_800,Nobody knows how the natives got them., Nobody knows how the natives got them.,0.0
arctic_b0195,Spanish,EBVS,l2+zero_800,Nobody knows how the natives got them., Nobody knows how the natives cutting,0.2857142857142857
arctic_b0195,Spanish,EBVS,nat+empty_pad,Nobody knows how the natives got them., Nobody knows how the natives got them.,0.0
arctic_b0195,Spanish,EBVS,l2+empty_pad,Nobody knows how the natives got them., Nobody knows how the native cuttings.,0.42857142857142855
arctic_b0195,Vietnamese,HQTV,nat+nat,Nobody knows how the natives got them., Nobody knows how the natives got them.,0.0
arctic_b0195,Vietnamese,HQTV,nat+nat_diff_utt,Nobody knows how the natives got them., Nobody knows how the natives got them.,0.0
arctic_b0195,Vietnamese,HQTV,nat+l2_same,Nobody knows how the natives got them., Nobody knows how the natives got them.,0.0
arctic_b0195,Vietnamese,HQTV,nat+interp,Nobody knows how the natives got them., Nobody knows how the natives got them.,0.0
arctic_b0195,Vietnamese,HQTV,nat+noise,Nobody knows how the natives got them.," Nobody,",0.8571428571428571
arctic_b0195,Vietnamese,HQTV,l2+l2,Nobody knows how the natives got them., Nobody knows how the natives caused them.,0.14285714285714285
arctic_b0195,Vietnamese,HQTV,l2+l2_diff_utt,Nobody knows how the natives got them., Nobody knows how the natives caused them.,0.14285714285714285
arctic_b0195,Vietnamese,HQTV,l2+nat_same,Nobody knows how the natives got them., Nobody knows how the natives caused them.,0.14285714285714285
arctic_b0195,Vietnamese,HQTV,l2+interp,Nobody knows how the natives got them., Nobody knows how the native cost them.,0.2857142857142857
arctic_b0195,Vietnamese,HQTV,l2+noise,Nobody knows how the natives got them.," Nobody,",0.8571428571428571
arctic_b0195,Vietnamese,HQTV,nat+zero_0,Nobody knows how the natives got them., Nobody knows how the natives got them.,0.0
arctic_b0195,Vietnamese,HQTV,l2+zero_0,Nobody knows how the natives got them., Nobody knows how the native cost them.,0.2857142857142857
arctic_b0195,Vietnamese,HQTV,nat+zero_100,Nobody knows how the natives got them., Nobody knows how the natives got them.,0.0
arctic_b0195,Vietnamese,HQTV,l2+zero_100,Nobody knows how the natives got them., Nobody knows how the native cost them.,0.2857142857142857
arctic_b0195,Vietnamese,HQTV,nat+zero_200,Nobody knows how the natives got them., Nobody knows how the natives got them.,0.0
arctic_b0195,Vietnamese,HQTV,l2+zero_200,Nobody knows how the natives got them., Nobody knows how the native cost them.,0.2857142857142857
arctic_b0195,Vietnamese,HQTV,nat+zero_400,Nobody knows how the natives got them., Nobody knows how the natives got them.,0.0
arctic_b0195,Vietnamese,HQTV,l2+zero_400,Nobody knows how the natives got them., Nobody knows how the native cost them.,0.2857142857142857
arctic_b0195,Vietnamese,HQTV,nat+zero_800,Nobody knows how the natives got them., Nobody knows how the natives got them.,0.0
arctic_b0195,Vietnamese,HQTV,l2+zero_800,Nobody knows how the natives got them., Nobody knows how the natives caused them.,0.14285714285714285
arctic_b0195,Vietnamese,HQTV,nat+empty_pad,Nobody knows how the natives got them., Nobody knows how the natives got them.,0.0
arctic_b0195,Vietnamese,HQTV,l2+empty_pad,Nobody knows how the natives got them., Nobody knows how the native cost them.,0.2857142857142857
arctic_b0205,Arabic,ZHAA,nat+nat,You were destroying my life., you were destroying my life.,0.0
arctic_b0205,Arabic,ZHAA,nat+nat_diff_utt,You were destroying my life., you were destroying my life.,0.0
arctic_b0205,Arabic,ZHAA,nat+l2_same,You were destroying my life., you were destroying my life.,0.0
arctic_b0205,Arabic,ZHAA,nat+interp,You were destroying my life., you were destroying my life.,0.0
arctic_b0205,Arabic,ZHAA,nat+noise,You were destroying my life., you were destroying my,0.2
arctic_b0205,Arabic,ZHAA,l2+l2,You were destroying my life., you were destroying my life.,0.0
arctic_b0205,Arabic,ZHAA,l2+l2_diff_utt,You were destroying my life., you are destroying my life.,0.2
arctic_b0205,Arabic,ZHAA,l2+nat_same,You were destroying my life., you were destroying my life.,0.0
arctic_b0205,Arabic,ZHAA,l2+interp,You were destroying my life., you were destroying my life.,0.0
arctic_b0205,Arabic,ZHAA,l2+noise,You were destroying my life., you were destroying my life,0.0
arctic_b0205,Arabic,ZHAA,nat+zero_0,You were destroying my life., you were destroying my life.,0.0
arctic_b0205,Arabic,ZHAA,l2+zero_0,You were destroying my life., You were destroying my life.,0.0
arctic_b0205,Arabic,ZHAA,nat+zero_100,You were destroying my life., you were destroying my life.,0.0
arctic_b0205,Arabic,ZHAA,l2+zero_100,You were destroying my life., you are destroying my life.,0.2
arctic_b0205,Arabic,ZHAA,nat+zero_200,You were destroying my life., you were destroying my life.,0.0
arctic_b0205,Arabic,ZHAA,l2+zero_200,You were destroying my life., you are destroying my life.,0.2
arctic_b0205,Arabic,ZHAA,nat+zero_400,You were destroying my life., you were destroying my life.,0.0
arctic_b0205,Arabic,ZHAA,l2+zero_400,You were destroying my life., you are destroying my life.,0.2
arctic_b0205,Arabic,ZHAA,nat+zero_800,You were destroying my life., you were destroying my life.,0.0
arctic_b0205,Arabic,ZHAA,l2+zero_800,You were destroying my life., you were destroying my life.,0.0
arctic_b0205,Arabic,ZHAA,nat+empty_pad,You were destroying my life., you were destroying my life.,0.0
arctic_b0205,Arabic,ZHAA,l2+empty_pad,You were destroying my life., You were destroying my life.,0.0
arctic_b0205,Chinese,BWC,nat+nat,You were destroying my life., you were destroying my life.,0.0
arctic_b0205,Chinese,BWC,nat+nat_diff_utt,You were destroying my life., you were destroying my life.,0.0
arctic_b0205,Chinese,BWC,nat+l2_same,You were destroying my life., you were destroying my life.,0.0
arctic_b0205,Chinese,BWC,nat+interp,You were destroying my life., you were destroying my life.,0.0
arctic_b0205,Chinese,BWC,nat+noise,You were destroying my life., you were destroying my,0.2
arctic_b0205,Chinese,BWC,l2+l2,You were destroying my life., You are destroying my life.,0.2
arctic_b0205,Chinese,BWC,l2+l2_diff_utt,You were destroying my life., you are destroying my life.,0.2
arctic_b0205,Chinese,BWC,l2+nat_same,You were destroying my life., You are destroying my life.,0.2
arctic_b0205,Chinese,BWC,l2+interp,You were destroying my life., you are destroying my life,0.2
arctic_b0205,Chinese,BWC,l2+noise,You were destroying my life., you are you are,0.8
arctic_b0205,Chinese,BWC,nat+zero_0,You were destroying my life., you were destroying my life.,0.0
arctic_b0205,Chinese,BWC,l2+zero_0,You were destroying my life., You are destroying my life.,0.2
arctic_b0205,Chinese,BWC,nat+zero_100,You were destroying my life., you were destroying my life.,0.0
arctic_b0205,Chinese,BWC,l2+zero_100,You were destroying my life., You are destroying my life.,0.2
arctic_b0205,Chinese,BWC,nat+zero_200,You were destroying my life., you were destroying my life.,0.0
arctic_b0205,Chinese,BWC,l2+zero_200,You were destroying my life., You are destroying my life.,0.2
arctic_b0205,Chinese,BWC,nat+zero_400,You were destroying my life., you were destroying my life.,0.0
arctic_b0205,Chinese,BWC,l2+zero_400,You were destroying my life., You are destroying my life.,0.2
arctic_b0205,Chinese,BWC,nat+zero_800,You were destroying my life., you were destroying my life.,0.0
arctic_b0205,Chinese,BWC,l2+zero_800,You were destroying my life., You are destroying my life.,0.2
arctic_b0205,Chinese,BWC,nat+empty_pad,You were destroying my life., you were destroying my life.,0.0
arctic_b0205,Chinese,BWC,l2+empty_pad,You were destroying my life., You are destroying my life.,0.2
arctic_b0205,Hindi,SVBI,nat+nat,You were destroying my life., you were destroying my life.,0.0
arctic_b0205,Hindi,SVBI,nat+nat_diff_utt,You were destroying my life., you were destroying my life.,0.0
arctic_b0205,Hindi,SVBI,nat+l2_same,You were destroying my life., you were destroying my life.,0.0
arctic_b0205,Hindi,SVBI,nat+interp,You were destroying my life., you were destroying my life.,0.0
arctic_b0205,Hindi,SVBI,nat+noise,You were destroying my life., you were destroying my,0.2
arctic_b0205,Hindi,SVBI,l2+l2,You were destroying my life., You were destroying my life.,0.0
arctic_b0205,Hindi,SVBI,l2+l2_diff_utt,You were destroying my life., You were destroying my life.,0.0
arctic_b0205,Hindi,SVBI,l2+nat_same,You were destroying my life., You were destroying my life.,0.0
arctic_b0205,Hindi,SVBI,l2+interp,You were destroying my life., You were destroying my life.,0.0
arctic_b0205,Hindi,SVBI,l2+noise,You were destroying my life., You were you,0.6
arctic_b0205,Hindi,SVBI,nat+zero_0,You were destroying my life., you were destroying my life.,0.0
arctic_b0205,Hindi,SVBI,l2+zero_0,You were destroying my life., You were destroying my life.,0.0
arctic_b0205,Hindi,SVBI,nat+zero_100,You were destroying my life., you were destroying my life.,0.0
arctic_b0205,Hindi,SVBI,l2+zero_100,You were destroying my life., You were destroying my life.,0.0
arctic_b0205,Hindi,SVBI,nat+zero_200,You were destroying my life., you were destroying my life.,0.0
arctic_b0205,Hindi,SVBI,l2+zero_200,You were destroying my life., You were destroying my life.,0.0
arctic_b0205,Hindi,SVBI,nat+zero_400,You were destroying my life., you were destroying my life.,0.0
arctic_b0205,Hindi,SVBI,l2+zero_400,You were destroying my life., You were destroying my life.,0.0
arctic_b0205,Hindi,SVBI,nat+zero_800,You were destroying my life., you were destroying my life.,0.0
arctic_b0205,Hindi,SVBI,l2+zero_800,You were destroying my life., You were destroying my life.,0.0
arctic_b0205,Hindi,SVBI,nat+empty_pad,You were destroying my life., you were destroying my life.,0.0
arctic_b0205,Hindi,SVBI,l2+empty_pad,You were destroying my life., You were destroying my life.,0.0
arctic_b0205,Korean,HJK,nat+nat,You were destroying my life., you were destroying my life.,0.0
arctic_b0205,Korean,HJK,nat+nat_diff_utt,You were destroying my life., you were destroying my life.,0.0
arctic_b0205,Korean,HJK,nat+l2_same,You were destroying my life., you were destroying my life.,0.0
arctic_b0205,Korean,HJK,nat+interp,You were destroying my life., you were destroying my life.,0.0
arctic_b0205,Korean,HJK,nat+noise,You were destroying my life., you were destroying my,0.2
arctic_b0205,Korean,HJK,l2+l2,You were destroying my life., You were destroying my life.,0.0
arctic_b0205,Korean,HJK,l2+l2_diff_utt,You were destroying my life., You are destroying my life.,0.2
arctic_b0205,Korean,HJK,l2+nat_same,You were destroying my life., You were destroying my life.,0.0
arctic_b0205,Korean,HJK,l2+interp,You were destroying my life., You were destroying my life.,0.0
arctic_b0205,Korean,HJK,l2+noise,You were destroying my life., You were destroying my,0.2
arctic_b0205,Korean,HJK,nat+zero_0,You were destroying my life., you were destroying my life.,0.0
arctic_b0205,Korean,HJK,l2+zero_0,You were destroying my life., You are destroying my life.,0.2
arctic_b0205,Korean,HJK,nat+zero_100,You were destroying my life., you were destroying my life.,0.0
arctic_b0205,Korean,HJK,l2+zero_100,You were destroying my life., You are destroying my life.,0.2
arctic_b0205,Korean,HJK,nat+zero_200,You were destroying my life., you were destroying my life.,0.0
arctic_b0205,Korean,HJK,l2+zero_200,You were destroying my life., You are destroying my life.,0.2
arctic_b0205,Korean,HJK,nat+zero_400,You were destroying my life., you were destroying my life.,0.0
arctic_b0205,Korean,HJK,l2+zero_400,You were destroying my life., You are destroying my life.,0.2
arctic_b0205,Korean,HJK,nat+zero_800,You were destroying my life., you were destroying my life.,0.0
arctic_b0205,Korean,HJK,l2+zero_800,You were destroying my life., You are destroying my life.,0.2
arctic_b0205,Korean,HJK,nat+empty_pad,You were destroying my life., you were destroying my life.,0.0
arctic_b0205,Korean,HJK,l2+empty_pad,You were destroying my life., You are destroying my life.,0.2
arctic_b0205,Spanish,EBVS,nat+nat,You were destroying my life., you were destroying my life.,0.0
arctic_b0205,Spanish,EBVS,nat+nat_diff_utt,You were destroying my life., you were destroying my life.,0.0
arctic_b0205,Spanish,EBVS,nat+l2_same,You were destroying my life., you were destroying my life.,0.0
arctic_b0205,Spanish,EBVS,nat+interp,You were destroying my life., you were destroying my life.,0.0
arctic_b0205,Spanish,EBVS,nat+noise,You were destroying my life., you were destroying my,0.2
arctic_b0205,Spanish,EBVS,l2+l2,You were destroying my life., You were destroying my life.,0.0
arctic_b0205,Spanish,EBVS,l2+l2_diff_utt,You were destroying my life., you were destroying my life.,0.0
arctic_b0205,Spanish,EBVS,l2+nat_same,You were destroying my life., You were destroying my life.,0.0
arctic_b0205,Spanish,EBVS,l2+interp,You were destroying my life., You were destroying my life.,0.0
arctic_b0205,Spanish,EBVS,l2+noise,You were destroying my life., you were destroying you were destroying,0.6
arctic_b0205,Spanish,EBVS,nat+zero_0,You were destroying my life., you were destroying my life.,0.0
arctic_b0205,Spanish,EBVS,l2+zero_0,You were destroying my life., You were destroying my life.,0.0
arctic_b0205,Spanish,EBVS,nat+zero_100,You were destroying my life., you were destroying my life.,0.0
arctic_b0205,Spanish,EBVS,l2+zero_100,You were destroying my life., You were destroying my life.,0.0
arctic_b0205,Spanish,EBVS,nat+zero_200,You were destroying my life., you were destroying my life.,0.0
arctic_b0205,Spanish,EBVS,l2+zero_200,You were destroying my life., You were destroying my life.,0.0
arctic_b0205,Spanish,EBVS,nat+zero_400,You were destroying my life., you were destroying my life.,0.0
arctic_b0205,Spanish,EBVS,l2+zero_400,You were destroying my life., You were destroying my life.,0.0
arctic_b0205,Spanish,EBVS,nat+zero_800,You were destroying my life., you were destroying my life.,0.0
arctic_b0205,Spanish,EBVS,l2+zero_800,You were destroying my life., You were destroying my life.,0.0
arctic_b0205,Spanish,EBVS,nat+empty_pad,You were destroying my life., you were destroying my life.,0.0
arctic_b0205,Spanish,EBVS,l2+empty_pad,You were destroying my life., You were destroying my life.,0.0
arctic_b0205,Vietnamese,HQTV,nat+nat,You were destroying my life., you were destroying my life.,0.0
arctic_b0205,Vietnamese,HQTV,nat+nat_diff_utt,You were destroying my life., you were destroying my life.,0.0
arctic_b0205,Vietnamese,HQTV,nat+l2_same,You were destroying my life., you were destroying my life.,0.0
arctic_b0205,Vietnamese,HQTV,nat+interp,You were destroying my life., you were destroying my life.,0.0
arctic_b0205,Vietnamese,HQTV,nat+noise,You were destroying my life., you were destroying my,0.2
arctic_b0205,Vietnamese,HQTV,l2+l2,You were destroying my life., you were destroying my life.,0.0
arctic_b0205,Vietnamese,HQTV,l2+l2_diff_utt,You were destroying my life., you are destroying my life.,0.2
arctic_b0205,Vietnamese,HQTV,l2+nat_same,You were destroying my life., you were destroying my life.,0.0
arctic_b0205,Vietnamese,HQTV,l2+interp,You were destroying my life., you will destroying my life.,0.2
arctic_b0205,Vietnamese,HQTV,l2+noise,You were destroying my life., you will,0.8
arctic_b0205,Vietnamese,HQTV,nat+zero_0,You were destroying my life., you were destroying my life.,0.0
arctic_b0205,Vietnamese,HQTV,l2+zero_0,You were destroying my life., you will destroy my life.,0.4
arctic_b0205,Vietnamese,HQTV,nat+zero_100,You were destroying my life., you were destroying my life.,0.0
arctic_b0205,Vietnamese,HQTV,l2+zero_100,You were destroying my life., you will destroy my life.,0.4
arctic_b0205,Vietnamese,HQTV,nat+zero_200,You were destroying my life., you were destroying my life.,0.0
arctic_b0205,Vietnamese,HQTV,l2+zero_200,You were destroying my life., you will destroy my life.,0.4
arctic_b0205,Vietnamese,HQTV,nat+zero_400,You were destroying my life., you were destroying my life.,0.0
arctic_b0205,Vietnamese,HQTV,l2+zero_400,You were destroying my life., you will destroy my life.,0.4
arctic_b0205,Vietnamese,HQTV,nat+zero_800,You were destroying my life., you were destroying my life.,0.0
arctic_b0205,Vietnamese,HQTV,l2+zero_800,You were destroying my life., you will destroy my life.,0.4
arctic_b0205,Vietnamese,HQTV,nat+empty_pad,You were destroying my life., you were destroying my life.,0.0
arctic_b0205,Vietnamese,HQTV,l2+empty_pad,You were destroying my life., you were destroying my life.,0.0
arctic_b0211,Arabic,ZHAA,nat+nat,This is eighteen eighty., This is 1880.,0.5
arctic_b0211,Arabic,ZHAA,nat+nat_diff_utt,This is eighteen eighty., This is 1880.,0.5
arctic_b0211,Arabic,ZHAA,nat+l2_same,This is eighteen eighty., This is 1880.,0.5
arctic_b0211,Arabic,ZHAA,nat+interp,This is eighteen eighty., This is 1880.,0.5
arctic_b0211,Arabic,ZHAA,nat+noise,This is eighteen eighty., This is this this,0.5
arctic_b0211,Arabic,ZHAA,l2+l2,This is eighteen eighty., This is 1880.,0.5
arctic_b0211,Arabic,ZHAA,l2+l2_diff_utt,This is eighteen eighty., This is 1880.,0.5
arctic_b0211,Arabic,ZHAA,l2+nat_same,This is eighteen eighty., This is 1880.,0.5
arctic_b0211,Arabic,ZHAA,l2+interp,This is eighteen eighty., This is 1880.,0.5
arctic_b0211,Arabic,ZHAA,l2+noise,This is eighteen eighty., This is this is,0.5
arctic_b0211,Arabic,ZHAA,nat+zero_0,This is eighteen eighty., This is 1880.,0.5
arctic_b0211,Arabic,ZHAA,l2+zero_0,This is eighteen eighty., This is 1880.,0.5
arctic_b0211,Arabic,ZHAA,nat+zero_100,This is eighteen eighty., This is 1880.,0.5
arctic_b0211,Arabic,ZHAA,l2+zero_100,This is eighteen eighty., This is 1880.,0.5
arctic_b0211,Arabic,ZHAA,nat+zero_200,This is eighteen eighty., This is 1880.,0.5
arctic_b0211,Arabic,ZHAA,l2+zero_200,This is eighteen eighty., This is 1880.,0.5
arctic_b0211,Arabic,ZHAA,nat+zero_400,This is eighteen eighty., This is 1880.,0.5
arctic_b0211,Arabic,ZHAA,l2+zero_400,This is eighteen eighty., This is 1880.,0.5
arctic_b0211,Arabic,ZHAA,nat+zero_800,This is eighteen eighty., This is 1880.,0.5
arctic_b0211,Arabic,ZHAA,l2+zero_800,This is eighteen eighty., This is 1880.,0.5
arctic_b0211,Arabic,ZHAA,nat+empty_pad,This is eighteen eighty., This is 1880.,0.5
arctic_b0211,Arabic,ZHAA,l2+empty_pad,This is eighteen eighty., This is 1880.,0.5
arctic_b0211,Chinese,BWC,nat+nat,This is eighteen eighty., This is 1880.,0.5
arctic_b0211,Chinese,BWC,nat+nat_diff_utt,This is eighteen eighty., This is 1880.,0.5
arctic_b0211,Chinese,BWC,nat+l2_same,This is eighteen eighty., This is 1880.,0.5
arctic_b0211,Chinese,BWC,nat+interp,This is eighteen eighty., This is 1880.,0.5
arctic_b0211,Chinese,BWC,nat+noise,This is eighteen eighty., This is this this,0.5
arctic_b0211,Chinese,BWC,l2+l2,This is eighteen eighty., This is 1880.,0.5
arctic_b0211,Chinese,BWC,l2+l2_diff_utt,This is eighteen eighty., This is 1880.,0.5
arctic_b0211,Chinese,BWC,l2+nat_same,This is eighteen eighty., This is 1880.,0.5
arctic_b0211,Chinese,BWC,l2+interp,This is eighteen eighty., This is 1880.,0.5
arctic_b0211,Chinese,BWC,l2+noise,This is eighteen eighty., This is,0.5
arctic_b0211,Chinese,BWC,nat+zero_0,This is eighteen eighty., This is 1880.,0.5
arctic_b0211,Chinese,BWC,l2+zero_0,This is eighteen eighty., This is 1880.,0.5
arctic_b0211,Chinese,BWC,nat+zero_100,This is eighteen eighty., This is 1880.,0.5
arctic_b0211,Chinese,BWC,l2+zero_100,This is eighteen eighty., This is 1880.,0.5
arctic_b0211,Chinese,BWC,nat+zero_200,This is eighteen eighty., This is 1880.,0.5
arctic_b0211,Chinese,BWC,l2+zero_200,This is eighteen eighty., This is 1880.,0.5
arctic_b0211,Chinese,BWC,nat+zero_400,This is eighteen eighty., This is 1880.,0.5
arctic_b0211,Chinese,BWC,l2+zero_400,This is eighteen eighty., This is 1880.,0.5
arctic_b0211,Chinese,BWC,nat+zero_800,This is eighteen eighty., This is 1880.,0.5
arctic_b0211,Chinese,BWC,l2+zero_800,This is eighteen eighty., This is 1880.,0.5
arctic_b0211,Chinese,BWC,nat+empty_pad,This is eighteen eighty., This is 1880.,0.5
arctic_b0211,Chinese,BWC,l2+empty_pad,This is eighteen eighty., This is 1880.,0.5
arctic_b0211,Hindi,SVBI,nat+nat,This is eighteen eighty., This is 1880.,0.5
arctic_b0211,Hindi,SVBI,nat+nat_diff_utt,This is eighteen eighty., This is 1880.,0.5
arctic_b0211,Hindi,SVBI,nat+l2_same,This is eighteen eighty., This is 1880.,0.5
arctic_b0211,Hindi,SVBI,nat+interp,This is eighteen eighty., This is 1880.,0.5
arctic_b0211,Hindi,SVBI,nat+noise,This is eighteen eighty., This is this this,0.5
arctic_b0211,Hindi,SVBI,l2+l2,This is eighteen eighty., This is 1880.,0.5
arctic_b0211,Hindi,SVBI,l2+l2_diff_utt,This is eighteen eighty., This is 1880.,0.5
arctic_b0211,Hindi,SVBI,l2+nat_same,This is eighteen eighty., This is 1880.,0.5
arctic_b0211,Hindi,SVBI,l2+interp,This is eighteen eighty., This is 1880.,0.5
arctic_b0211,Hindi,SVBI,l2+noise,This is eighteen eighty., This is this this this,0.75
arctic_b0211,Hindi,SVBI,nat+zero_0,This is eighteen eighty., This is 1880.,0.5
arctic_b0211,Hindi,SVBI,l2+zero_0,This is eighteen eighty., This is 1880.,0.5
arctic_b0211,Hindi,SVBI,nat+zero_100,This is eighteen eighty., This is 1880.,0.5
arctic_b0211,Hindi,SVBI,l2+zero_100,This is eighteen eighty., This is 1880.,0.5
arctic_b0211,Hindi,SVBI,nat+zero_200,This is eighteen eighty., This is 1880.,0.5
arctic_b0211,Hindi,SVBI,l2+zero_200,This is eighteen eighty., This is 1880.,0.5
arctic_b0211,Hindi,SVBI,nat+zero_400,This is eighteen eighty., This is 1880.,0.5
arctic_b0211,Hindi,SVBI,l2+zero_400,This is eighteen eighty., This is 1880.,0.5
arctic_b0211,Hindi,SVBI,nat+zero_800,This is eighteen eighty., This is 1880.,0.5
arctic_b0211,Hindi,SVBI,l2+zero_800,This is eighteen eighty., This is 1880.,0.5
arctic_b0211,Hindi,SVBI,nat+empty_pad,This is eighteen eighty., This is 1880.,0.5
arctic_b0211,Hindi,SVBI,l2+empty_pad,This is eighteen eighty., This is 1880.,0.5
arctic_b0211,Korean,HJK,nat+nat,This is eighteen eighty., This is 1880.,0.5
arctic_b0211,Korean,HJK,nat+nat_diff_utt,This is eighteen eighty., This is 1880.,0.5
arctic_b0211,Korean,HJK,nat+l2_same,This is eighteen eighty., This is 1880.,0.5
arctic_b0211,Korean,HJK,nat+interp,This is eighteen eighty., This is 1880.,0.5
arctic_b0211,Korean,HJK,nat+noise,This is eighteen eighty., This is this this,0.5
arctic_b0211,Korean,HJK,l2+l2,This is eighteen eighty., This is 1880.,0.5
arctic_b0211,Korean,HJK,l2+l2_diff_utt,This is eighteen eighty., This is 1880.,0.5
arctic_b0211,Korean,HJK,l2+nat_same,This is eighteen eighty., This is 1880.,0.5
arctic_b0211,Korean,HJK,l2+interp,This is eighteen eighty., This is 1880.,0.5
arctic_b0211,Korean,HJK,l2+noise,This is eighteen eighty., This is this is,0.5
arctic_b0211,Korean,HJK,nat+zero_0,This is eighteen eighty., This is 1880.,0.5
arctic_b0211,Korean,HJK,l2+zero_0,This is eighteen eighty., This is 1880.,0.5
arctic_b0211,Korean,HJK,nat+zero_100,This is eighteen eighty., This is 1880.,0.5
arctic_b0211,Korean,HJK,l2+zero_100,This is eighteen eighty., This is 1880.,0.5
arctic_b0211,Korean,HJK,nat+zero_200,This is eighteen eighty., This is 1880.,0.5
arctic_b0211,Korean,HJK,l2+zero_200,This is eighteen eighty., This is 1880.,0.5
arctic_b0211,Korean,HJK,nat+zero_400,This is eighteen eighty., This is 1880.,0.5
arctic_b0211,Korean,HJK,l2+zero_400,This is eighteen eighty., This is 1880.,0.5
arctic_b0211,Korean,HJK,nat+zero_800,This is eighteen eighty., This is 1880.,0.5
arctic_b0211,Korean,HJK,l2+zero_800,This is eighteen eighty., This is 1880.,0.5
arctic_b0211,Korean,HJK,nat+empty_pad,This is eighteen eighty., This is 1880.,0.5
arctic_b0211,Korean,HJK,l2+empty_pad,This is eighteen eighty., This is 1880.,0.5
arctic_b0211,Spanish,EBVS,nat+nat,This is eighteen eighty., This is 1880.,0.5
arctic_b0211,Spanish,EBVS,nat+nat_diff_utt,This is eighteen eighty., This is 1880.,0.5
arctic_b0211,Spanish,EBVS,nat+l2_same,This is eighteen eighty., This is 1880.,0.5
arctic_b0211,Spanish,EBVS,nat+interp,This is eighteen eighty., This is 18,0.5
arctic_b0211,Spanish,EBVS,nat+noise,This is eighteen eighty., This is this this,0.5
arctic_b0211,Spanish,EBVS,l2+l2,This is eighteen eighty., It is 1880.,0.75
arctic_b0211,Spanish,EBVS,l2+l2_diff_utt,This is eighteen eighty., It is 1880.,0.75
arctic_b0211,Spanish,EBVS,l2+nat_same,This is eighteen eighty., It is 1880.,0.75
arctic_b0211,Spanish,EBVS,l2+interp,This is eighteen eighty., It is 18 18 18,1.0
arctic_b0211,Spanish,EBVS,l2+noise,This is eighteen eighty., It is,0.75
arctic_b0211,Spanish,EBVS,nat+zero_0,This is eighteen eighty., This is 1880.,0.5
arctic_b0211,Spanish,EBVS,l2+zero_0,This is eighteen eighty., It is 1880.,0.75
arctic_b0211,Spanish,EBVS,nat+zero_100,This is eighteen eighty., This is 1880.,0.5
arctic_b0211,Spanish,EBVS,l2+zero_100,This is eighteen eighty., It is 1880.,0.75
arctic_b0211,Spanish,EBVS,nat+zero_200,This is eighteen eighty., This is 1880.,0.5
arctic_b0211,Spanish,EBVS,l2+zero_200,This is eighteen eighty., It is 1880.,0.75
arctic_b0211,Spanish,EBVS,nat+zero_400,This is eighteen eighty., This is 1880.,0.5
arctic_b0211,Spanish,EBVS,l2+zero_400,This is eighteen eighty., It is 1880.,0.75
arctic_b0211,Spanish,EBVS,nat+zero_800,This is eighteen eighty., This is 1880.,0.5
arctic_b0211,Spanish,EBVS,l2+zero_800,This is eighteen eighty., It is 1880.,0.75
arctic_b0211,Spanish,EBVS,nat+empty_pad,This is eighteen eighty., This is 1880.,0.5
arctic_b0211,Spanish,EBVS,l2+empty_pad,This is eighteen eighty., It is 1880.,0.75
arctic_b0211,Vietnamese,HQTV,nat+nat,This is eighteen eighty., This is 1880.,0.5
arctic_b0211,Vietnamese,HQTV,nat+nat_diff_utt,This is eighteen eighty., This is 1880.,0.5
arctic_b0211,Vietnamese,HQTV,nat+l2_same,This is eighteen eighty., This is 1880.,0.5
arctic_b0211,Vietnamese,HQTV,nat+interp,This is eighteen eighty., This is 1880.,0.5
arctic_b0211,Vietnamese,HQTV,nat+noise,This is eighteen eighty., This is this this,0.5
arctic_b0211,Vietnamese,HQTV,l2+l2,This is eighteen eighty., This is 8080.,0.5
arctic_b0211,Vietnamese,HQTV,l2+l2_diff_utt,This is eighteen eighty., This is Aitina Aitie.,0.5
arctic_b0211,Vietnamese,HQTV,l2+nat_same,This is eighteen eighty., This is Aitina Aitie.,0.5
arctic_b0211,Vietnamese,HQTV,l2+interp,This is eighteen eighty., This is Aitina Aitie.,0.5
arctic_b0211,Vietnamese,HQTV,l2+noise,This is eighteen eighty., I,1.0
arctic_b0211,Vietnamese,HQTV,nat+zero_0,This is eighteen eighty., This is 1880.,0.5
arctic_b0211,Vietnamese,HQTV,l2+zero_0,This is eighteen eighty., This is Aiden Aiden.,0.5
arctic_b0211,Vietnamese,HQTV,nat+zero_100,This is eighteen eighty., This is 1880.,0.5
arctic_b0211,Vietnamese,HQTV,l2+zero_100,This is eighteen eighty., This is Aiden Aiden.,0.5
arctic_b0211,Vietnamese,HQTV,nat+zero_200,This is eighteen eighty., This is 1880.,0.5
arctic_b0211,Vietnamese,HQTV,l2+zero_200,This is eighteen eighty., This is Aiden Aiden.,0.5
arctic_b0211,Vietnamese,HQTV,nat+zero_400,This is eighteen eighty., This is 1880.,0.5
arctic_b0211,Vietnamese,HQTV,l2+zero_400,This is eighteen eighty., This is Aiden Aiden.,0.5
arctic_b0211,Vietnamese,HQTV,nat+zero_800,This is eighteen eighty., This is 1880.,0.5
arctic_b0211,Vietnamese,HQTV,l2+zero_800,This is eighteen eighty., This is Aiden Aiden.,0.5
arctic_b0211,Vietnamese,HQTV,nat+empty_pad,This is eighteen eighty., This is 1880.,0.5
arctic_b0211,Vietnamese,HQTV,l2+empty_pad,This is eighteen eighty., This is Aiden Aiden.,0.5
arctic_b0256,Arabic,ZHAA,nat+nat,"Outwardly, he maintained a calm and smiling aspect."," Outwardly, he maintained a calm and smiling aspect.",0.0
arctic_b0256,Arabic,ZHAA,nat+nat_diff_utt,"Outwardly, he maintained a calm and smiling aspect."," Outwardly, he maintained a calm and smiling aspect.",0.0
arctic_b0256,Arabic,ZHAA,nat+l2_same,"Outwardly, he maintained a calm and smiling aspect."," Outwardly, he maintained a calm and smiling aspect.",0.0
arctic_b0256,Arabic,ZHAA,nat+interp,"Outwardly, he maintained a calm and smiling aspect."," Outwardly, he maintained a calm and smiling aspect.",0.0
arctic_b0256,Arabic,ZHAA,nat+noise,"Outwardly, he maintained a calm and smiling aspect.", Outward,1.0
arctic_b0256,Arabic,ZHAA,l2+l2,"Outwardly, he maintained a calm and smiling aspect."," Outwardly, he maintained a calm and smiling aspect.",0.0
arctic_b0256,Arabic,ZHAA,l2+l2_diff_utt,"Outwardly, he maintained a calm and smiling aspect."," Outwardly, he maintained a calm and smiling aspect.",0.0
arctic_b0256,Arabic,ZHAA,l2+nat_same,"Outwardly, he maintained a calm and smiling aspect."," Outwardly, he maintained a calm and smiling aspect.",0.0
arctic_b0256,Arabic,ZHAA,l2+interp,"Outwardly, he maintained a calm and smiling aspect.", Outwardly he maintained a calm and smiling aspect.,0.0
arctic_b0256,Arabic,ZHAA,l2+noise,"Outwardly, he maintained a calm and smiling aspect."," Outward Lee, he maintain a",0.875
arctic_b0256,Arabic,ZHAA,nat+zero_0,"Outwardly, he maintained a calm and smiling aspect."," Outwardly, he maintained a calm and smiling aspect.",0.0
arctic_b0256,Arabic,ZHAA,l2+zero_0,"Outwardly, he maintained a calm and smiling aspect."," Outwardly, he maintained a calm and smiling aspect.",0.0
arctic_b0256,Arabic,ZHAA,nat+zero_100,"Outwardly, he maintained a calm and smiling aspect."," Outwardly, he maintained a calm and smiling aspect.",0.0
arctic_b0256,Arabic,ZHAA,l2+zero_100,"Outwardly, he maintained a calm and smiling aspect."," Outwardly, he maintained a calm and smiling aspect.",0.0
arctic_b0256,Arabic,ZHAA,nat+zero_200,"Outwardly, he maintained a calm and smiling aspect."," Outwardly, he maintained a calm and smiling aspect.",0.0
arctic_b0256,Arabic,ZHAA,l2+zero_200,"Outwardly, he maintained a calm and smiling aspect."," Outwardly, he maintained a calm and smiling aspect.",0.0
arctic_b0256,Arabic,ZHAA,nat+zero_400,"Outwardly, he maintained a calm and smiling aspect."," Outwardly, he maintained a calm and smiling aspect.",0.0
arctic_b0256,Arabic,ZHAA,l2+zero_400,"Outwardly, he maintained a calm and smiling aspect."," Outwardly, he maintained a calm and smiling aspect.",0.0
arctic_b0256,Arabic,ZHAA,nat+zero_800,"Outwardly, he maintained a calm and smiling aspect."," Outwardly, he maintained a calm and smiling aspect.",0.0
arctic_b0256,Arabic,ZHAA,l2+zero_800,"Outwardly, he maintained a calm and smiling aspect."," Outwardly, he maintained a calm and smiling aspect.",0.0
arctic_b0256,Arabic,ZHAA,nat+empty_pad,"Outwardly, he maintained a calm and smiling aspect."," Outwardly, he maintained a calm and smiling aspect.",0.0
arctic_b0256,Arabic,ZHAA,l2+empty_pad,"Outwardly, he maintained a calm and smiling aspect."," Outwardly, he maintained a calm and smiling aspect.",0.0
arctic_b0256,Chinese,BWC,nat+nat,"Outwardly, he maintained a calm and smiling aspect."," Outwardly, he maintained a calm and smiling aspect.",0.0
arctic_b0256,Chinese,BWC,nat+nat_diff_utt,"Outwardly, he maintained a calm and smiling aspect."," Outwardly, he maintained a calm and smiling aspect.",0.0
arctic_b0256,Chinese,BWC,nat+l2_same,"Outwardly, he maintained a calm and smiling aspect."," Outwardly, he maintained a calm and smiling aspect.",0.0
arctic_b0256,Chinese,BWC,nat+interp,"Outwardly, he maintained a calm and smiling aspect."," Outwardly, he maintained a calm and smiling aspect.",0.0
arctic_b0256,Chinese,BWC,nat+noise,"Outwardly, he maintained a calm and smiling aspect.", Outward,1.0
arctic_b0256,Chinese,BWC,l2+l2,"Outwardly, he maintained a calm and smiling aspect."," Outwardly, he maintained a calm and smiling aspect.",0.0
arctic_b0256,Chinese,BWC,l2+l2_diff_utt,"Outwardly, he maintained a calm and smiling aspect."," Outwardly, he maintained a calm and smiling aspect.",0.0
arctic_b0256,Chinese,BWC,l2+nat_same,"Outwardly, he maintained a calm and smiling aspect."," Outwardly, he maintained a calm and smiling aspect.",0.0
arctic_b0256,Chinese,BWC,l2+interp,"Outwardly, he maintained a calm and smiling aspect.", Outwardly He Maintained A Calm and Smiling As,0.125
arctic_b0256,Chinese,BWC,l2+noise,"Outwardly, he maintained a calm and smiling aspect.", Out,1.0
arctic_b0256,Chinese,BWC,nat+zero_0,"Outwardly, he maintained a calm and smiling aspect."," Outwardly, he maintained a calm and smiling aspect.",0.0
arctic_b0256,Chinese,BWC,l2+zero_0,"Outwardly, he maintained a calm and smiling aspect.", Outwardly he maintained a calm and smiling aspect.,0.0
arctic_b0256,Chinese,BWC,nat+zero_100,"Outwardly, he maintained a calm and smiling aspect."," Outwardly, he maintained a calm and smiling aspect.",0.0
arctic_b0256,Chinese,BWC,l2+zero_100,"Outwardly, he maintained a calm and smiling aspect."," Outwardly, he maintained a calm and smiling aspect.",0.0
arctic_b0256,Chinese,BWC,nat+zero_200,"Outwardly, he maintained a calm and smiling aspect."," Outwardly, he maintained a calm and smiling aspect.",0.0
arctic_b0256,Chinese,BWC,l2+zero_200,"Outwardly, he maintained a calm and smiling aspect."," Outwardly, he maintained a calm and smiling aspect.",0.0
arctic_b0256,Chinese,BWC,nat+zero_400,"Outwardly, he maintained a calm and smiling aspect."," Outwardly, he maintained a calm and smiling aspect.",0.0
arctic_b0256,Chinese,BWC,l2+zero_400,"Outwardly, he maintained a calm and smiling aspect."," Outwardly, he maintained a calm and smiling aspect.",0.0
arctic_b0256,Chinese,BWC,nat+zero_800,"Outwardly, he maintained a calm and smiling aspect."," Outwardly, he maintained a calm and smiling aspect.",0.0
arctic_b0256,Chinese,BWC,l2+zero_800,"Outwardly, he maintained a calm and smiling aspect."," Outwardly, he maintained a calm and smiling aspect.",0.0
arctic_b0256,Chinese,BWC,nat+empty_pad,"Outwardly, he maintained a calm and smiling aspect."," Outwardly, he maintained a calm and smiling aspect.",0.0
arctic_b0256,Chinese,BWC,l2+empty_pad,"Outwardly, he maintained a calm and smiling aspect."," Outwardly, he maintained a calm and smiling aspect.",0.0
arctic_b0256,Hindi,SVBI,nat+nat,"Outwardly, he maintained a calm and smiling aspect."," Outwardly, he maintained a calm and smiling aspect.",0.0
arctic_b0256,Hindi,SVBI,nat+nat_diff_utt,"Outwardly, he maintained a calm and smiling aspect."," Outwardly, he maintained a calm and smiling aspect.",0.0
arctic_b0256,Hindi,SVBI,nat+l2_same,"Outwardly, he maintained a calm and smiling aspect."," Outwardly, he maintained a calm and smiling aspect.",0.0
arctic_b0256,Hindi,SVBI,nat+interp,"Outwardly, he maintained a calm and smiling aspect."," Outwardly, he maintained a calm and smiling aspect.",0.0
arctic_b0256,Hindi,SVBI,nat+noise,"Outwardly, he maintained a calm and smiling aspect.", Outward,1.0
arctic_b0256,Hindi,SVBI,l2+l2,"Outwardly, he maintained a calm and smiling aspect."," Outwardly, he maintained a calm and smiling aspect.",0.0
arctic_b0256,Hindi,SVBI,l2+l2_diff_utt,"Outwardly, he maintained a calm and smiling aspect."," Outwardly, he maintained a calm and smiling aspect.",0.0
arctic_b0256,Hindi,SVBI,l2+nat_same,"Outwardly, he maintained a calm and smiling aspect."," Outwardly, he maintained a calm and smiling aspect.",0.0
arctic_b0256,Hindi,SVBI,l2+interp,"Outwardly, he maintained a calm and smiling aspect."," Outwardly, he maintained a calm and smiling aspect.",0.0
arctic_b0256,Hindi,SVBI,l2+noise,"Outwardly, he maintained a calm and smiling aspect.", Outworld,1.0
arctic_b0256,Hindi,SVBI,nat+zero_0,"Outwardly, he maintained a calm and smiling aspect."," Outwardly, he maintained a calm and smiling aspect.",0.0
arctic_b0256,Hindi,SVBI,l2+zero_0,"Outwardly, he maintained a calm and smiling aspect.", outwardly he maintained a calm and smiling aspect,0.0
arctic_b0256,Hindi,SVBI,nat+zero_100,"Outwardly, he maintained a calm and smiling aspect."," Outwardly, he maintained a calm and smiling aspect.",0.0
arctic_b0256,Hindi,SVBI,l2+zero_100,"Outwardly, he maintained a calm and smiling aspect.", outwardly he maintained a common smiling aspect,0.25
arctic_b0256,Hindi,SVBI,nat+zero_200,"Outwardly, he maintained a calm and smiling aspect."," Outwardly, he maintained a calm and smiling aspect.",0.0
arctic_b0256,Hindi,SVBI,l2+zero_200,"Outwardly, he maintained a calm and smiling aspect.", outwardly he maintained a calm and smiling aspect,0.0
arctic_b0256,Hindi,SVBI,nat+zero_400,"Outwardly, he maintained a calm and smiling aspect."," Outwardly, he maintained a calm and smiling aspect.",0.0
arctic_b0256,Hindi,SVBI,l2+zero_400,"Outwardly, he maintained a calm and smiling aspect.", outwardly he maintained a calm and smiling aspect,0.0
arctic_b0256,Hindi,SVBI,nat+zero_800,"Outwardly, he maintained a calm and smiling aspect."," Outwardly, he maintained a calm and smiling aspect.",0.0
arctic_b0256,Hindi,SVBI,l2+zero_800,"Outwardly, he maintained a calm and smiling aspect."," Outwardly, he maintained a calm and smiling aspect.",0.0
arctic_b0256,Hindi,SVBI,nat+empty_pad,"Outwardly, he maintained a calm and smiling aspect."," Outwardly, he maintained a calm and smiling aspect.",0.0
arctic_b0256,Hindi,SVBI,l2+empty_pad,"Outwardly, he maintained a calm and smiling aspect."," Outwardly, he maintained a calm and smiling aspect.",0.0
arctic_b0256,Korean,HJK,nat+nat,"Outwardly, he maintained a calm and smiling aspect."," Outwardly, he maintained a calm and smiling aspect.",0.0
arctic_b0256,Korean,HJK,nat+nat_diff_utt,"Outwardly, he maintained a calm and smiling aspect."," Outwardly, he maintained a calm and smiling aspect.",0.0
arctic_b0256,Korean,HJK,nat+l2_same,"Outwardly, he maintained a calm and smiling aspect."," Outwardly, he maintained a calm and smiling aspect.",0.0
arctic_b0256,Korean,HJK,nat+interp,"Outwardly, he maintained a calm and smiling aspect."," Outwardly, he maintained a calm and smiling aspect.",0.0
arctic_b0256,Korean,HJK,nat+noise,"Outwardly, he maintained a calm and smiling aspect.", Outward,1.0
arctic_b0256,Korean,HJK,l2+l2,"Outwardly, he maintained a calm and smiling aspect."," Outwardly, he maintained a calm and smiling aspect.",0.0
arctic_b0256,Korean,HJK,l2+l2_diff_utt,"Outwardly, he maintained a calm and smiling aspect."," Outwardly, he maintained a calm and smiling aspect.",0.0
arctic_b0256,Korean,HJK,l2+nat_same,"Outwardly, he maintained a calm and smiling aspect."," Outwardly, he maintained a calm and smiling aspect.",0.0
arctic_b0256,Korean,HJK,l2+interp,"Outwardly, he maintained a calm and smiling aspect."," Outwardly, he maintained a calm and smiling aspect.",0.0
arctic_b0256,Korean,HJK,l2+noise,"Outwardly, he maintained a calm and smiling aspect."," Out word Lee, he maintained, he.",1.0
arctic_b0256,Korean,HJK,nat+zero_0,"Outwardly, he maintained a calm and smiling aspect."," Outwardly, he maintained a calm and smiling aspect.",0.0
arctic_b0256,Korean,HJK,l2+zero_0,"Outwardly, he maintained a calm and smiling aspect."," Outwardly, he maintained a calm and smiling aspect.",0.0
arctic_b0256,Korean,HJK,nat+zero_100,"Outwardly, he maintained a calm and smiling aspect."," Outwardly, he maintained a calm and smiling aspect.",0.0
arctic_b0256,Korean,HJK,l2+zero_100,"Outwardly, he maintained a calm and smiling aspect."," Outwardly, he maintained a calm and smiling aspect.",0.0
arctic_b0256,Korean,HJK,nat+zero_200,"Outwardly, he maintained a calm and smiling aspect."," Outwardly, he maintained a calm and smiling aspect.",0.0
arctic_b0256,Korean,HJK,l2+zero_200,"Outwardly, he maintained a calm and smiling aspect."," Outwardly, he maintained a calm and smiling aspect.",0.0
arctic_b0256,Korean,HJK,nat+zero_400,"Outwardly, he maintained a calm and smiling aspect."," Outwardly, he maintained a calm and smiling aspect.",0.0
arctic_b0256,Korean,HJK,l2+zero_400,"Outwardly, he maintained a calm and smiling aspect."," Outwardly, he maintained a calm and smiling aspect.",0.0
arctic_b0256,Korean,HJK,nat+zero_800,"Outwardly, he maintained a calm and smiling aspect."," Outwardly, he maintained a calm and smiling aspect.",0.0
arctic_b0256,Korean,HJK,l2+zero_800,"Outwardly, he maintained a calm and smiling aspect."," Outwardly, he maintained a calm and smiling aspect.",0.0
arctic_b0256,Korean,HJK,nat+empty_pad,"Outwardly, he maintained a calm and smiling aspect."," Outwardly, he maintained a calm and smiling aspect.",0.0
arctic_b0256,Korean,HJK,l2+empty_pad,"Outwardly, he maintained a calm and smiling aspect."," Outwardly, he maintained a calm and smiling aspect.",0.0
arctic_b0256,Spanish,EBVS,nat+nat,"Outwardly, he maintained a calm and smiling aspect."," Outwardly, he maintained a calm and smiling aspect.",0.0
arctic_b0256,Spanish,EBVS,nat+nat_diff_utt,"Outwardly, he maintained a calm and smiling aspect."," Outwardly, he maintained a calm and smiling aspect.",0.0
arctic_b0256,Spanish,EBVS,nat+l2_same,"Outwardly, he maintained a calm and smiling aspect."," Outwardly, he maintained a calm and smiling aspect.",0.0
arctic_b0256,Spanish,EBVS,nat+interp,"Outwardly, he maintained a calm and smiling aspect."," Outwardly, he maintained a calm and smiling aspect.",0.0
arctic_b0256,Spanish,EBVS,nat+noise,"Outwardly, he maintained a calm and smiling aspect.", Outward,1.0
arctic_b0256,Spanish,EBVS,l2+l2,"Outwardly, he maintained a calm and smiling aspect."," Adwardly, he maintained a calm and smiling aspect.",0.125
arctic_b0256,Spanish,EBVS,l2+l2_diff_utt,"Outwardly, he maintained a calm and smiling aspect."," Adwardly, he maintained a calm and smiling aspect.",0.125
arctic_b0256,Spanish,EBVS,l2+nat_same,"Outwardly, he maintained a calm and smiling aspect."," Adwardly, he maintained a calm and smiling aspect.",0.125
arctic_b0256,Spanish,EBVS,l2+interp,"Outwardly, he maintained a calm and smiling aspect."," Outwardly, he maintained a calm and smiling aspect.",0.0
arctic_b0256,Spanish,EBVS,l2+noise,"Outwardly, he maintained a calm and smiling aspect.", Outworldly.,1.0
arctic_b0256,Spanish,EBVS,nat+zero_0,"Outwardly, he maintained a calm and smiling aspect."," Outwardly, he maintained a calm and smiling aspect.",0.0
arctic_b0256,Spanish,EBVS,l2+zero_0,"Outwardly, he maintained a calm and smiling aspect.", outwardly he maintained a calm and smiling aspect.,0.0
arctic_b0256,Spanish,EBVS,nat+zero_100,"Outwardly, he maintained a calm and smiling aspect."," Outwardly, he maintained a calm and smiling aspect.",0.0
arctic_b0256,Spanish,EBVS,l2+zero_100,"Outwardly, he maintained a calm and smiling aspect.", outwardly he maintained a calm and smiling aspect.,0.0
arctic_b0256,Spanish,EBVS,nat+zero_200,"Outwardly, he maintained a calm and smiling aspect."," Outwardly, he maintained a calm and smiling aspect.",0.0
arctic_b0256,Spanish,EBVS,l2+zero_200,"Outwardly, he maintained a calm and smiling aspect.", outwardly he maintained a calm and smiling aspect.,0.0
arctic_b0256,Spanish,EBVS,nat+zero_400,"Outwardly, he maintained a calm and smiling aspect."," Outwardly, he maintained a calm and smiling aspect.",0.0
arctic_b0256,Spanish,EBVS,l2+zero_400,"Outwardly, he maintained a calm and smiling aspect."," Adwardly, he maintained a calm and smiling aspect.",0.125
arctic_b0256,Spanish,EBVS,nat+zero_800,"Outwardly, he maintained a calm and smiling aspect."," Outwardly, he maintained a calm and smiling aspect.",0.0
arctic_b0256,Spanish,EBVS,l2+zero_800,"Outwardly, he maintained a calm and smiling aspect."," Adwardly, he maintained a calm and smiling aspect.",0.125
arctic_b0256,Spanish,EBVS,nat+empty_pad,"Outwardly, he maintained a calm and smiling aspect."," Outwardly, he maintained a calm and smiling aspect.",0.0
arctic_b0256,Spanish,EBVS,l2+empty_pad,"Outwardly, he maintained a calm and smiling aspect."," Adwardly, he maintained a calm and smiling aspect.",0.125
arctic_b0256,Vietnamese,HQTV,nat+nat,"Outwardly, he maintained a calm and smiling aspect."," Outwardly, he maintained a calm and smiling aspect.",0.0
arctic_b0256,Vietnamese,HQTV,nat+nat_diff_utt,"Outwardly, he maintained a calm and smiling aspect."," Outwardly, he maintained a calm and smiling aspect.",0.0
arctic_b0256,Vietnamese,HQTV,nat+l2_same,"Outwardly, he maintained a calm and smiling aspect."," Outwardly, he maintained a calm and smiling aspect.",0.0
arctic_b0256,Vietnamese,HQTV,nat+interp,"Outwardly, he maintained a calm and smiling aspect."," Outwardly, he maintained a calm and smiling aspect.",0.0
arctic_b0256,Vietnamese,HQTV,nat+noise,"Outwardly, he maintained a calm and smiling aspect.", Outward,1.0
arctic_b0256,Vietnamese,HQTV,l2+l2,"Outwardly, he maintained a calm and smiling aspect."," Outwardly, he maintained calm and smiling as big.",0.375
arctic_b0256,Vietnamese,HQTV,l2+l2_diff_utt,"Outwardly, he maintained a calm and smiling aspect."," Outwardly, he maintained calm and smiling as big.",0.375
arctic_b0256,Vietnamese,HQTV,l2+nat_same,"Outwardly, he maintained a calm and smiling aspect."," Outwardly, he maintained calm and smiling as big.",0.375
arctic_b0256,Vietnamese,HQTV,l2+interp,"Outwardly, he maintained a calm and smiling aspect."," Outwardly, he maintained calm and smiling a speck.",0.375
arctic_b0256,Vietnamese,HQTV,l2+noise,"Outwardly, he maintained a calm and smiling aspect."," Outward Lee, he maintain and",0.875
arctic_b0256,Vietnamese,HQTV,nat+zero_0,"Outwardly, he maintained a calm and smiling aspect."," Outwardly, he maintained a calm and smiling aspect.",0.0
arctic_b0256,Vietnamese,HQTV,l2+zero_0,"Outwardly, he maintained a calm and smiling aspect."," outwardly, he maintained calm and smiling as big.",0.375
arctic_b0256,Vietnamese,HQTV,nat+zero_100,"Outwardly, he maintained a calm and smiling aspect."," Outwardly, he maintained a calm and smiling aspect.",0.0
arctic_b0256,Vietnamese,HQTV,l2+zero_100,"Outwardly, he maintained a calm and smiling aspect."," outwardly, he maintained calm and smiling as big.",0.375
arctic_b0256,Vietnamese,HQTV,nat+zero_200,"Outwardly, he maintained a calm and smiling aspect."," Outwardly, he maintained a calm and smiling aspect.",0.0
arctic_b0256,Vietnamese,HQTV,l2+zero_200,"Outwardly, he maintained a calm and smiling aspect."," outwardly, he maintained calm and smiling as big.",0.375
arctic_b0256,Vietnamese,HQTV,nat+zero_400,"Outwardly, he maintained a calm and smiling aspect."," Outwardly, he maintained a calm and smiling aspect.",0.0
arctic_b0256,Vietnamese,HQTV,l2+zero_400,"Outwardly, he maintained a calm and smiling aspect."," outwardly, he maintained calm and smiling as big.",0.375
arctic_b0256,Vietnamese,HQTV,nat+zero_800,"Outwardly, he maintained a calm and smiling aspect."," Outwardly, he maintained a calm and smiling aspect.",0.0
arctic_b0256,Vietnamese,HQTV,l2+zero_800,"Outwardly, he maintained a calm and smiling aspect."," Oddworldly, he maintained calm and smiling as big.",0.5
arctic_b0256,Vietnamese,HQTV,nat+empty_pad,"Outwardly, he maintained a calm and smiling aspect."," Outwardly, he maintained a calm and smiling aspect.",0.0
arctic_b0256,Vietnamese,HQTV,l2+empty_pad,"Outwardly, he maintained a calm and smiling aspect."," outwardly, he maintained calm and smiling as big.",0.375
arctic_b0262,Arabic,ZHAA,nat+nat,Saxon's onto her job., Saxons onto her job.,0.0
arctic_b0262,Arabic,ZHAA,nat+nat_diff_utt,Saxon's onto her job., Saxons onto her job.,0.0
arctic_b0262,Arabic,ZHAA,nat+l2_same,Saxon's onto her job., Saxons onto her job.,0.0
arctic_b0262,Arabic,ZHAA,nat+interp,Saxon's onto her job., Saxons onto her job.,0.0
arctic_b0262,Arabic,ZHAA,nat+noise,Saxon's onto her job., Saxons on,0.75
arctic_b0262,Arabic,ZHAA,l2+l2,Saxon's onto her job., Saxons into her job.,0.25
arctic_b0262,Arabic,ZHAA,l2+l2_diff_utt,Saxon's onto her job., Saxons into her job.,0.25
arctic_b0262,Arabic,ZHAA,l2+nat_same,Saxon's onto her job., Saxons into her job.,0.25
arctic_b0262,Arabic,ZHAA,l2+interp,Saxon's onto her job., Saxons into her job.,0.25
arctic_b0262,Arabic,ZHAA,l2+noise,Saxon's onto her job., Saxons into her job,0.25
arctic_b0262,Arabic,ZHAA,nat+zero_0,Saxon's onto her job., Saxons onto her job.,0.0
arctic_b0262,Arabic,ZHAA,l2+zero_0,Saxon's onto her job., Saxons into her job,0.25
arctic_b0262,Arabic,ZHAA,nat+zero_100,Saxon's onto her job., Saxons onto her job.,0.0
arctic_b0262,Arabic,ZHAA,l2+zero_100,Saxon's onto her job., Saxons into her job.,0.25
arctic_b0262,Arabic,ZHAA,nat+zero_200,Saxon's onto her job., Saxons onto her job.,0.0
arctic_b0262,Arabic,ZHAA,l2+zero_200,Saxon's onto her job., Saxons into her job.,0.25
arctic_b0262,Arabic,ZHAA,nat+zero_400,Saxon's onto her job., Saxons onto her job.,0.0
arctic_b0262,Arabic,ZHAA,l2+zero_400,Saxon's onto her job., Saxons into her job.,0.25
arctic_b0262,Arabic,ZHAA,nat+zero_800,Saxon's onto her job., Saxons onto her job.,0.0
arctic_b0262,Arabic,ZHAA,l2+zero_800,Saxon's onto her job., Saxons into her job.,0.25
arctic_b0262,Arabic,ZHAA,nat+empty_pad,Saxon's onto her job., Saxons onto her job.,0.0
arctic_b0262,Arabic,ZHAA,l2+empty_pad,Saxon's onto her job., Saxons into her job.,0.25
arctic_b0262,Chinese,BWC,nat+nat,Saxon's onto her job., Saxons onto her job.,0.0
arctic_b0262,Chinese,BWC,nat+nat_diff_utt,Saxon's onto her job., Saxons onto her job.,0.0
arctic_b0262,Chinese,BWC,nat+l2_same,Saxon's onto her job., Saxons onto her job.,0.0
arctic_b0262,Chinese,BWC,nat+interp,Saxon's onto her job., Saxons onto her job.,0.0
arctic_b0262,Chinese,BWC,nat+noise,Saxon's onto her job., Saxons on,0.75
arctic_b0262,Chinese,BWC,l2+l2,Saxon's onto her job., sections onto her job.,0.25
arctic_b0262,Chinese,BWC,l2+l2_diff_utt,Saxon's onto her job., sexist onto her job.,0.25
arctic_b0262,Chinese,BWC,l2+nat_same,Saxon's onto her job., sexist onto her job.,0.25
arctic_b0262,Chinese,BWC,l2+interp,Saxon's onto her job., sexist onto her job.,0.25
arctic_b0262,Chinese,BWC,l2+noise,Saxon's onto her job., Sex,1.0
arctic_b0262,Chinese,BWC,nat+zero_0,Saxon's onto her job., Saxons onto her job.,0.0
arctic_b0262,Chinese,BWC,l2+zero_0,Saxon's onto her job., sections onto her job.,0.25
arctic_b0262,Chinese,BWC,nat+zero_100,Saxon's onto her job., Saxons onto her job.,0.0
arctic_b0262,Chinese,BWC,l2+zero_100,Saxon's onto her job., sections onto her job.,0.25
arctic_b0262,Chinese,BWC,nat+zero_200,Saxon's onto her job., Saxons onto her job.,0.0
arctic_b0262,Chinese,BWC,l2+zero_200,Saxon's onto her job., sections onto her job.,0.25
arctic_b0262,Chinese,BWC,nat+zero_400,Saxon's onto her job., Saxons onto her job.,0.0
arctic_b0262,Chinese,BWC,l2+zero_400,Saxon's onto her job., sections onto her job.,0.25
arctic_b0262,Chinese,BWC,nat+zero_800,Saxon's onto her job., Saxons onto her job.,0.0
arctic_b0262,Chinese,BWC,l2+zero_800,Saxon's onto her job., sections onto her job.,0.25
arctic_b0262,Chinese,BWC,nat+empty_pad,Saxon's onto her job., Saxons onto her job.,0.0
arctic_b0262,Chinese,BWC,l2+empty_pad,Saxon's onto her job., sections onto her job.,0.25
arctic_b0262,Hindi,SVBI,nat+nat,Saxon's onto her job., Saxons onto her job.,0.0
arctic_b0262,Hindi,SVBI,nat+nat_diff_utt,Saxon's onto her job., Saxons onto her job.,0.0
arctic_b0262,Hindi,SVBI,nat+l2_same,Saxon's onto her job., Saxons onto her job.,0.0
arctic_b0262,Hindi,SVBI,nat+interp,Saxon's onto her job., Saxons onto her job.,0.0
arctic_b0262,Hindi,SVBI,nat+noise,Saxon's onto her job., Saxons on,0.75
arctic_b0262,Hindi,SVBI,l2+l2,Saxon's onto her job., Saxons on to her job.,0.5
arctic_b0262,Hindi,SVBI,l2+l2_diff_utt,Saxon's onto her job., Saxons on to her job.,0.5
arctic_b0262,Hindi,SVBI,l2+nat_same,Saxon's onto her job., Saxons on to her job.,0.5
arctic_b0262,Hindi,SVBI,l2+interp,Saxon's onto her job., Saxons on to her job.,0.5
arctic_b0262,Hindi,SVBI,l2+noise,Saxon's onto her job., Saxons on,0.75
arctic_b0262,Hindi,SVBI,nat+zero_0,Saxon's onto her job., Saxons onto her job.,0.0
arctic_b0262,Hindi,SVBI,l2+zero_0,Saxon's onto her job., Saxons on to her job.,0.5
arctic_b0262,Hindi,SVBI,nat+zero_100,Saxon's onto her job., Saxons onto her job.,0.0
arctic_b0262,Hindi,SVBI,l2+zero_100,Saxon's onto her job., Saxons on to her job.,0.5
arctic_b0262,Hindi,SVBI,nat+zero_200,Saxon's onto her job., Saxons onto her job.,0.0
arctic_b0262,Hindi,SVBI,l2+zero_200,Saxon's onto her job., Saxons on to her job.,0.5
arctic_b0262,Hindi,SVBI,nat+zero_400,Saxon's onto her job., Saxons onto her job.,0.0
arctic_b0262,Hindi,SVBI,l2+zero_400,Saxon's onto her job., Saxons on to her job.,0.5
arctic_b0262,Hindi,SVBI,nat+zero_800,Saxon's onto her job., Saxons onto her job.,0.0
arctic_b0262,Hindi,SVBI,l2+zero_800,Saxon's onto her job., Saxons on to her job.,0.5
arctic_b0262,Hindi,SVBI,nat+empty_pad,Saxon's onto her job., Saxons onto her job.,0.0
arctic_b0262,Hindi,SVBI,l2+empty_pad,Saxon's onto her job., Saxons on to her job.,0.5
arctic_b0262,Korean,HJK,nat+nat,Saxon's onto her job., Saxons onto her job.,0.0
arctic_b0262,Korean,HJK,nat+nat_diff_utt,Saxon's onto her job., Saxons onto her job.,0.0
arctic_b0262,Korean,HJK,nat+l2_same,Saxon's onto her job., Saxons onto her job.,0.0
arctic_b0262,Korean,HJK,nat+interp,Saxon's onto her job., Saxons on to her job.,0.5
arctic_b0262,Korean,HJK,nat+noise,Saxon's onto her job., Saxons on,0.75
arctic_b0262,Korean,HJK,l2+l2,Saxon's onto her job., sections on to her job.,0.75
arctic_b0262,Korean,HJK,l2+l2_diff_utt,Saxon's onto her job., sections on to her job.,0.75
arctic_b0262,Korean,HJK,l2+nat_same,Saxon's onto her job., sections on to her job.,0.75
arctic_b0262,Korean,HJK,l2+interp,Saxon's onto her job., Sex sends on to her job.,1.0
arctic_b0262,Korean,HJK,l2+noise,Saxon's onto her job., Sex sends on,1.0
arctic_b0262,Korean,HJK,nat+zero_0,Saxon's onto her job., Saxons onto her job.,0.0
arctic_b0262,Korean,HJK,l2+zero_0,Saxon's onto her job., sections on to her job,0.75
arctic_b0262,Korean,HJK,nat+zero_100,Saxon's onto her job., Saxons onto her job.,0.0
arctic_b0262,Korean,HJK,l2+zero_100,Saxon's onto her job., sections on to her job.,0.75
arctic_b0262,Korean,HJK,nat+zero_200,Saxon's onto her job., Saxons onto her job.,0.0
arctic_b0262,Korean,HJK,l2+zero_200,Saxon's onto her job., sections on to her job.,0.75
arctic_b0262,Korean,HJK,nat+zero_400,Saxon's onto her job., Saxons onto her job.,0.0
arctic_b0262,Korean,HJK,l2+zero_400,Saxon's onto her job., sections on to her job.,0.75
arctic_b0262,Korean,HJK,nat+zero_800,Saxon's onto her job., Saxons onto her job.,0.0
arctic_b0262,Korean,HJK,l2+zero_800,Saxon's onto her job., sections on to her job.,0.75
arctic_b0262,Korean,HJK,nat+empty_pad,Saxon's onto her job., Saxons onto her job.,0.0
arctic_b0262,Korean,HJK,l2+empty_pad,Saxon's onto her job., sections on to her job.,0.75
arctic_b0262,Spanish,EBVS,nat+nat,Saxon's onto her job., Saxons onto her job.,0.0
arctic_b0262,Spanish,EBVS,nat+nat_diff_utt,Saxon's onto her job., Saxons onto her job.,0.0
arctic_b0262,Spanish,EBVS,nat+l2_same,Saxon's onto her job., Saxons onto her job.,0.0
arctic_b0262,Spanish,EBVS,nat+interp,Saxon's onto her job., Saxons onto her job.,0.0
arctic_b0262,Spanish,EBVS,nat+noise,Saxon's onto her job., Saxons on,0.75
arctic_b0262,Spanish,EBVS,l2+l2,Saxon's onto her job., sections on Doher Yop.,1.0
arctic_b0262,Spanish,EBVS,l2+l2_diff_utt,Saxon's onto her job., sections on Doher Yop.,1.0
arctic_b0262,Spanish,EBVS,l2+nat_same,Saxon's onto her job., sections on the Her job.,0.75
arctic_b0262,Spanish,EBVS,l2+interp,Saxon's onto her job., sections on Doher Yop.,1.0
arctic_b0262,Spanish,EBVS,l2+noise,Saxon's onto her job., and,1.0
arctic_b0262,Spanish,EBVS,nat+zero_0,Saxon's onto her job., Saxons onto her job.,0.0
arctic_b0262,Spanish,EBVS,l2+zero_0,Saxon's onto her job., sections on Doha Yop.,1.0
arctic_b0262,Spanish,EBVS,nat+zero_100,Saxon's onto her job., Saxons onto her job.,0.0
arctic_b0262,Spanish,EBVS,l2+zero_100,Saxon's onto her job., sections on Doha Yop.,1.0
arctic_b0262,Spanish,EBVS,nat+zero_200,Saxon's onto her job., Saxons onto her job.,0.0
arctic_b0262,Spanish,EBVS,l2+zero_200,Saxon's onto her job., sections on Doha Yop.,1.0
arctic_b0262,Spanish,EBVS,nat+zero_400,Saxon's onto her job., Saxons onto her job.,0.0
arctic_b0262,Spanish,EBVS,l2+zero_400,Saxon's onto her job., sections on Doha Yop.,1.0
arctic_b0262,Spanish,EBVS,nat+zero_800,Saxon's onto her job., Saxons onto her job.,0.0
arctic_b0262,Spanish,EBVS,l2+zero_800,Saxon's onto her job., sections on Doha Yop.,1.0
arctic_b0262,Spanish,EBVS,nat+empty_pad,Saxon's onto her job., Saxons onto her job.,0.0
arctic_b0262,Spanish,EBVS,l2+empty_pad,Saxon's onto her job., sections on the Her Yelp.,1.0
arctic_b0262,Vietnamese,HQTV,nat+nat,Saxon's onto her job., Saxons onto her job.,0.0
arctic_b0262,Vietnamese,HQTV,nat+nat_diff_utt,Saxon's onto her job., Saxons onto her job.,0.0
arctic_b0262,Vietnamese,HQTV,nat+l2_same,Saxon's onto her job., Saxons onto her job.,0.0
arctic_b0262,Vietnamese,HQTV,nat+interp,Saxon's onto her job., Saxons onto her job.,0.0
arctic_b0262,Vietnamese,HQTV,nat+noise,Saxon's onto her job., Saxons on,0.75
arctic_b0262,Vietnamese,HQTV,l2+l2,Saxon's onto her job., Shaxon on tour her job,0.75
arctic_b0262,Vietnamese,HQTV,l2+l2_diff_utt,Saxon's onto her job.," Shaxon on tour, her job.",0.75
arctic_b0262,Vietnamese,HQTV,l2+nat_same,Saxon's onto her job.," Shaxon on tour, her job.",0.75
arctic_b0262,Vietnamese,HQTV,l2+interp,Saxon's onto her job., Shaxon on her job,0.5
arctic_b0262,Vietnamese,HQTV,l2+noise,Saxon's onto her job., Sh,1.0
arctic_b0262,Vietnamese,HQTV,nat+zero_0,Saxon's onto her job., Saxons onto her job.,0.0
arctic_b0262,Vietnamese,HQTV,l2+zero_0,Saxon's onto her job.," Shots a non-toror, her job.",0.75
arctic_b0262,Vietnamese,HQTV,nat+zero_100,Saxon's onto her job., Saxons onto her job.,0.0
arctic_b0262,Vietnamese,HQTV,l2+zero_100,Saxon's onto her job.," Shots a non-toror, her job.",0.75
arctic_b0262,Vietnamese,HQTV,nat+zero_200,Saxon's onto her job., Saxons onto her job.,0.0
arctic_b0262,Vietnamese,HQTV,l2+zero_200,Saxon's onto her job.," Shots a non-toror, her job.",0.75
arctic_b0262,Vietnamese,HQTV,nat+zero_400,Saxon's onto her job., Saxons onto her job.,0.0
arctic_b0262,Vietnamese,HQTV,l2+zero_400,Saxon's onto her job.," Shots a non-toror, her job.",0.75
arctic_b0262,Vietnamese,HQTV,nat+zero_800,Saxon's onto her job., Saxons onto her job.,0.0
arctic_b0262,Vietnamese,HQTV,l2+zero_800,Saxon's onto her job.," Shots a non-toror, her job.",0.75
arctic_b0262,Vietnamese,HQTV,nat+empty_pad,Saxon's onto her job., Saxons onto her job.,0.0
arctic_b0262,Vietnamese,HQTV,l2+empty_pad,Saxon's onto her job.," Shaxon on tour, her job.",0.75
arctic_b0273,Arabic,ZHAA,nat+nat,Then it was that a strange thing happened., then it was that a strange thing happened.,0.0
arctic_b0273,Arabic,ZHAA,nat+nat_diff_utt,Then it was that a strange thing happened., then it was that a strange thing happened.,0.0
arctic_b0273,Arabic,ZHAA,nat+l2_same,Then it was that a strange thing happened., then it was that a strange thing happened.,0.0
arctic_b0273,Arabic,ZHAA,nat+interp,Then it was that a strange thing happened., Then it was that a strange thing happened.,0.0
arctic_b0273,Arabic,ZHAA,nat+noise,Then it was that a strange thing happened., Then it was,0.625
arctic_b0273,Arabic,ZHAA,l2+l2,Then it was that a strange thing happened., then it was that strange thing happened.,0.125
arctic_b0273,Arabic,ZHAA,l2+l2_diff_utt,Then it was that a strange thing happened., then it was that strange thing happened.,0.125
arctic_b0273,Arabic,ZHAA,l2+nat_same,Then it was that a strange thing happened., then it was that strange thing happened.,0.125
arctic_b0273,Arabic,ZHAA,l2+interp,Then it was that a strange thing happened., then it was that a strange thing happened.,0.0
arctic_b0273,Arabic,ZHAA,l2+noise,Then it was that a strange thing happened., Then it,0.75
arctic_b0273,Arabic,ZHAA,nat+zero_0,Then it was that a strange thing happened., then it was that a strange thing happened.,0.0
arctic_b0273,Arabic,ZHAA,l2+zero_0,Then it was that a strange thing happened., then it was that strange thing happened.,0.125
arctic_b0273,Arabic,ZHAA,nat+zero_100,Then it was that a strange thing happened., then it was that a strange thing happened.,0.0
arctic_b0273,Arabic,ZHAA,l2+zero_100,Then it was that a strange thing happened., then it was that strange thing happened.,0.125
arctic_b0273,Arabic,ZHAA,nat+zero_200,Then it was that a strange thing happened., then it was that a strange thing happened.,0.0
arctic_b0273,Arabic,ZHAA,l2+zero_200,Then it was that a strange thing happened., then it was that strange thing happened.,0.125
arctic_b0273,Arabic,ZHAA,nat+zero_400,Then it was that a strange thing happened., then it was that a strange thing happened.,0.0
arctic_b0273,Arabic,ZHAA,l2+zero_400,Then it was that a strange thing happened., then it was that strange thing happened.,0.125
arctic_b0273,Arabic,ZHAA,nat+zero_800,Then it was that a strange thing happened., then it was that a strange thing happened.,0.0
arctic_b0273,Arabic,ZHAA,l2+zero_800,Then it was that a strange thing happened., then it was that strange thing happened.,0.125
arctic_b0273,Arabic,ZHAA,nat+empty_pad,Then it was that a strange thing happened., Then it was that a strange thing happened.,0.0
arctic_b0273,Arabic,ZHAA,l2+empty_pad,Then it was that a strange thing happened., then it was that strange thing happened.,0.125
arctic_b0273,Chinese,BWC,nat+nat,Then it was that a strange thing happened., then it was that a strange thing happened.,0.0
arctic_b0273,Chinese,BWC,nat+nat_diff_utt,Then it was that a strange thing happened., then it was that a strange thing happened.,0.0
arctic_b0273,Chinese,BWC,nat+l2_same,Then it was that a strange thing happened., Then it was that a strange thing happened.,0.0
arctic_b0273,Chinese,BWC,nat+interp,Then it was that a strange thing happened., Then it was that a strange thing happened.,0.0
arctic_b0273,Chinese,BWC,nat+noise,Then it was that a strange thing happened., Then it was,0.625
arctic_b0273,Chinese,BWC,l2+l2,Then it was that a strange thing happened., then it was that a strange thing happened.,0.0
arctic_b0273,Chinese,BWC,l2+l2_diff_utt,Then it was that a strange thing happened., then it was that a strange thing happened.,0.0
arctic_b0273,Chinese,BWC,l2+nat_same,Then it was that a strange thing happened., then it was that a strange thing happened.,0.0
arctic_b0273,Chinese,BWC,l2+interp,Then it was that a strange thing happened., Then it was that a strange thing happened.,0.0
arctic_b0273,Chinese,BWC,l2+noise,Then it was that a strange thing happened.," Then it was that,",0.5
arctic_b0273,Chinese,BWC,nat+zero_0,Then it was that a strange thing happened., then it was that a strange thing happened.,0.0
arctic_b0273,Chinese,BWC,l2+zero_0,Then it was that a strange thing happened., then it was that a strange thing happened.,0.0
arctic_b0273,Chinese,BWC,nat+zero_100,Then it was that a strange thing happened., then it was that a strange thing happened.,0.0
arctic_b0273,Chinese,BWC,l2+zero_100,Then it was that a strange thing happened., then it was that a strange thing happened.,0.0
arctic_b0273,Chinese,BWC,nat+zero_200,Then it was that a strange thing happened., then it was that a strange thing happened.,0.0
arctic_b0273,Chinese,BWC,l2+zero_200,Then it was that a strange thing happened., then it was that a strange thing happened.,0.0
arctic_b0273,Chinese,BWC,nat+zero_400,Then it was that a strange thing happened., then it was that a strange thing happened.,0.0
arctic_b0273,Chinese,BWC,l2+zero_400,Then it was that a strange thing happened., then it was that a strange thing happened.,0.0
arctic_b0273,Chinese,BWC,nat+zero_800,Then it was that a strange thing happened., then it was that a strange thing happened.,0.0
arctic_b0273,Chinese,BWC,l2+zero_800,Then it was that a strange thing happened., then it was that a strange thing happened.,0.0
arctic_b0273,Chinese,BWC,nat+empty_pad,Then it was that a strange thing happened., Then it was that a strange thing happened.,0.0
arctic_b0273,Chinese,BWC,l2+empty_pad,Then it was that a strange thing happened., then it was that a strange thing happened.,0.0
arctic_b0273,Hindi,SVBI,nat+nat,Then it was that a strange thing happened., then it was that a strange thing happened.,0.0
arctic_b0273,Hindi,SVBI,nat+nat_diff_utt,Then it was that a strange thing happened., then it was that a strange thing happened.,0.0
arctic_b0273,Hindi,SVBI,nat+l2_same,Then it was that a strange thing happened., then it was that a strange thing happened.,0.0
arctic_b0273,Hindi,SVBI,nat+interp,Then it was that a strange thing happened., Then it was that a strange thing happened,0.0
arctic_b0273,Hindi,SVBI,nat+noise,Then it was that a strange thing happened., Then it was,0.625
arctic_b0273,Hindi,SVBI,l2+l2,Then it was that a strange thing happened., then it was that strange thing happened.,0.125
arctic_b0273,Hindi,SVBI,l2+l2_diff_utt,Then it was that a strange thing happened., then it was that strange thing happened.,0.125
arctic_b0273,Hindi,SVBI,l2+nat_same,Then it was that a strange thing happened., then it was that strange thing happened.,0.125
arctic_b0273,Hindi,SVBI,l2+interp,Then it was that a strange thing happened., Then it was that a strange thing happened,0.0
arctic_b0273,Hindi,SVBI,l2+noise,Then it was that a strange thing happened., Then it,0.75
arctic_b0273,Hindi,SVBI,nat+zero_0,Then it was that a strange thing happened., then it was that a strange thing happened.,0.0
arctic_b0273,Hindi,SVBI,l2+zero_0,Then it was that a strange thing happened., then it was that strange thing happened.,0.125
arctic_b0273,Hindi,SVBI,nat+zero_100,Then it was that a strange thing happened., then it was that a strange thing happened.,0.0
arctic_b0273,Hindi,SVBI,l2+zero_100,Then it was that a strange thing happened., then it was that strange thing happened.,0.125
arctic_b0273,Hindi,SVBI,nat+zero_200,Then it was that a strange thing happened., then it was that a strange thing happened.,0.0
arctic_b0273,Hindi,SVBI,l2+zero_200,Then it was that a strange thing happened., then it was that strange thing happened.,0.125
arctic_b0273,Hindi,SVBI,nat+zero_400,Then it was that a strange thing happened., then it was that a strange thing happened.,0.0
arctic_b0273,Hindi,SVBI,l2+zero_400,Then it was that a strange thing happened., then it was that strange thing happened.,0.125
arctic_b0273,Hindi,SVBI,nat+zero_800,Then it was that a strange thing happened., then it was that a strange thing happened.,0.0
arctic_b0273,Hindi,SVBI,l2+zero_800,Then it was that a strange thing happened., then it was that strange thing happened.,0.125
arctic_b0273,Hindi,SVBI,nat+empty_pad,Then it was that a strange thing happened., Then it was that a strange thing happened.,0.0
arctic_b0273,Hindi,SVBI,l2+empty_pad,Then it was that a strange thing happened., then it was that strange thing happened.,0.125
arctic_b0273,Korean,HJK,nat+nat,Then it was that a strange thing happened., then it was that a strange thing happened.,0.0
arctic_b0273,Korean,HJK,nat+nat_diff_utt,Then it was that a strange thing happened., then it was that a strange thing happened.,0.0
arctic_b0273,Korean,HJK,nat+l2_same,Then it was that a strange thing happened., then it was that a strange thing happened.,0.0
arctic_b0273,Korean,HJK,nat+interp,Then it was that a strange thing happened., Then it was that a strange thing happened.,0.0
arctic_b0273,Korean,HJK,nat+noise,Then it was that a strange thing happened., Then it was,0.625
arctic_b0273,Korean,HJK,l2+l2,Then it was that a strange thing happened., Then it was that a strange thing happened.,0.0
arctic_b0273,Korean,HJK,l2+l2_diff_utt,Then it was that a strange thing happened., Then it was that a strange thing happened.,0.0
arctic_b0273,Korean,HJK,l2+nat_same,Then it was that a strange thing happened., Then it was that a strange thing happened.,0.0
arctic_b0273,Korean,HJK,l2+interp,Then it was that a strange thing happened., Then it was that a strange thing happened.,0.0
arctic_b0273,Korean,HJK,l2+noise,Then it was that a strange thing happened., Then it was that a,0.375
arctic_b0273,Korean,HJK,nat+zero_0,Then it was that a strange thing happened., then it was that a strange thing happened.,0.0
arctic_b0273,Korean,HJK,l2+zero_0,Then it was that a strange thing happened., Then it was that a strange thing happened.,0.0
arctic_b0273,Korean,HJK,nat+zero_100,Then it was that a strange thing happened., then it was that a strange thing happened.,0.0
arctic_b0273,Korean,HJK,l2+zero_100,Then it was that a strange thing happened., Then it was that a strange thing happened.,0.0
arctic_b0273,Korean,HJK,nat+zero_200,Then it was that a strange thing happened., then it was that a strange thing happened.,0.0
arctic_b0273,Korean,HJK,l2+zero_200,Then it was that a strange thing happened., Then it was that a strange thing happened.,0.0
arctic_b0273,Korean,HJK,nat+zero_400,Then it was that a strange thing happened., then it was that a strange thing happened.,0.0
arctic_b0273,Korean,HJK,l2+zero_400,Then it was that a strange thing happened., Then it was that a strange thing happened.,0.0
arctic_b0273,Korean,HJK,nat+zero_800,Then it was that a strange thing happened., then it was that a strange thing happened.,0.0
arctic_b0273,Korean,HJK,l2+zero_800,Then it was that a strange thing happened., Then it was that a strange thing happened.,0.0
arctic_b0273,Korean,HJK,nat+empty_pad,Then it was that a strange thing happened., Then it was that a strange thing happened.,0.0
arctic_b0273,Korean,HJK,l2+empty_pad,Then it was that a strange thing happened., Then it was that a strange thing happened.,0.0
arctic_b0273,Spanish,EBVS,nat+nat,Then it was that a strange thing happened., then it was that a strange thing happened.,0.0
arctic_b0273,Spanish,EBVS,nat+nat_diff_utt,Then it was that a strange thing happened., then it was that a strange thing happened.,0.0
arctic_b0273,Spanish,EBVS,nat+l2_same,Then it was that a strange thing happened., then it was that a strange thing happened.,0.0
arctic_b0273,Spanish,EBVS,nat+interp,Then it was that a strange thing happened., Then it was that a strange thing happened.,0.0
arctic_b0273,Spanish,EBVS,nat+noise,Then it was that a strange thing happened., Then it was,0.625
arctic_b0273,Spanish,EBVS,l2+l2,Then it was that a strange thing happened., then it was that an strange scene happened.,0.25
arctic_b0273,Spanish,EBVS,l2+l2_diff_utt,Then it was that a strange thing happened., then it was that an strange scene happened.,0.25
arctic_b0273,Spanish,EBVS,l2+nat_same,Then it was that a strange thing happened., then it was that an strange scene happened.,0.25
arctic_b0273,Spanish,EBVS,l2+interp,Then it was that a strange thing happened., Then it was that an strange thing happened.,0.125
arctic_b0273,Spanish,EBVS,l2+noise,Then it was that a strange thing happened., Then it was,0.625
arctic_b0273,Spanish,EBVS,nat+zero_0,Then it was that a strange thing happened., then it was that a strange thing happened.,0.0
arctic_b0273,Spanish,EBVS,l2+zero_0,Then it was that a strange thing happened., then it was that an strange scene happened.,0.25
arctic_b0273,Spanish,EBVS,nat+zero_100,Then it was that a strange thing happened., then it was that a strange thing happened.,0.0
arctic_b0273,Spanish,EBVS,l2+zero_100,Then it was that a strange thing happened., then it was that an strange scene happened.,0.25
arctic_b0273,Spanish,EBVS,nat+zero_200,Then it was that a strange thing happened., then it was that a strange thing happened.,0.0
arctic_b0273,Spanish,EBVS,l2+zero_200,Then it was that a strange thing happened., then it was that an strange scene happened.,0.25
arctic_b0273,Spanish,EBVS,nat+zero_400,Then it was that a strange thing happened., then it was that a strange thing happened.,0.0
arctic_b0273,Spanish,EBVS,l2+zero_400,Then it was that a strange thing happened., then it was that an strange scene happened.,0.25
arctic_b0273,Spanish,EBVS,nat+zero_800,Then it was that a strange thing happened., then it was that a strange thing happened.,0.0
arctic_b0273,Spanish,EBVS,l2+zero_800,Then it was that a strange thing happened., then it was that an strange scene happened.,0.25
arctic_b0273,Spanish,EBVS,nat+empty_pad,Then it was that a strange thing happened., Then it was that a strange thing happened.,0.0
arctic_b0273,Spanish,EBVS,l2+empty_pad,Then it was that a strange thing happened., then it was that an strange scene happened.,0.25
arctic_b0273,Vietnamese,HQTV,nat+nat,Then it was that a strange thing happened., then it was that a strange thing happened.,0.0
arctic_b0273,Vietnamese,HQTV,nat+nat_diff_utt,Then it was that a strange thing happened., then it was that a strange thing happened.,0.0
arctic_b0273,Vietnamese,HQTV,nat+l2_same,Then it was that a strange thing happened., Then it was that a strange thing happened.,0.0
arctic_b0273,Vietnamese,HQTV,nat+interp,Then it was that a strange thing happened., Then it was that a strange thing happened.,0.0
arctic_b0273,Vietnamese,HQTV,nat+noise,Then it was that a strange thing happened., Then it was,0.625
arctic_b0273,Vietnamese,HQTV,l2+l2,Then it was that a strange thing happened., Then this was the strength thing happened.,0.5
arctic_b0273,Vietnamese,HQTV,l2+l2_diff_utt,Then it was that a strange thing happened., then this was a strange thing happened.,0.25
arctic_b0273,Vietnamese,HQTV,l2+nat_same,Then it was that a strange thing happened., then this was the strength thing happened.,0.5
arctic_b0273,Vietnamese,HQTV,l2+interp,Then it was that a strange thing happened., Then this was that a strange thing happened.,0.125
arctic_b0273,Vietnamese,HQTV,l2+noise,Then it was that a strange thing happened., Then this was that,0.625
arctic_b0273,Vietnamese,HQTV,nat+zero_0,Then it was that a strange thing happened., then it was that a strange thing happened.,0.0
arctic_b0273,Vietnamese,HQTV,l2+zero_0,Then it was that a strange thing happened., then this was that strange thing happened.,0.25
arctic_b0273,Vietnamese,HQTV,nat+zero_100,Then it was that a strange thing happened., then it was that a strange thing happened.,0.0
arctic_b0273,Vietnamese,HQTV,l2+zero_100,Then it was that a strange thing happened., then this was that strange thing happened.,0.25
arctic_b0273,Vietnamese,HQTV,nat+zero_200,Then it was that a strange thing happened., then it was that a strange thing happened.,0.0
arctic_b0273,Vietnamese,HQTV,l2+zero_200,Then it was that a strange thing happened., then this was that strange thing happened.,0.25
arctic_b0273,Vietnamese,HQTV,nat+zero_400,Then it was that a strange thing happened., then it was that a strange thing happened.,0.0
arctic_b0273,Vietnamese,HQTV,l2+zero_400,Then it was that a strange thing happened., then this was that strange thing happened.,0.25
arctic_b0273,Vietnamese,HQTV,nat+zero_800,Then it was that a strange thing happened., then it was that a strange thing happened.,0.0
arctic_b0273,Vietnamese,HQTV,l2+zero_800,Then it was that a strange thing happened., then this was that strange thing happened.,0.25
arctic_b0273,Vietnamese,HQTV,nat+empty_pad,Then it was that a strange thing happened., Then it was that a strange thing happened.,0.0
arctic_b0273,Vietnamese,HQTV,l2+empty_pad,Then it was that a strange thing happened., then this was that strange thing happened.,0.25
arctic_b0274,Arabic,ZHAA,nat+nat,From the source of light a harsh voice said.," From the Source of Light, a harsh voice said.",0.0
arctic_b0274,Arabic,ZHAA,nat+nat_diff_utt,From the source of light a harsh voice said.," From the Source of Light, a harsh voice said.",0.0
arctic_b0274,Arabic,ZHAA,nat+l2_same,From the source of light a harsh voice said.," From the source of light, a harsh voice said.",0.0
arctic_b0274,Arabic,ZHAA,nat+interp,From the source of light a harsh voice said.," From the Source of Light, a harsh voice said.",0.0
arctic_b0274,Arabic,ZHAA,nat+noise,From the source of light a harsh voice said., From The,0.7777777777777778
arctic_b0274,Arabic,ZHAA,l2+l2,From the source of light a harsh voice said.," From the source of light, a harsh voice said.",0.0
arctic_b0274,Arabic,ZHAA,l2+l2_diff_utt,From the source of light a harsh voice said.," From the source of light, a harsh voice said.",0.0
arctic_b0274,Arabic,ZHAA,l2+nat_same,From the source of light a harsh voice said.," From the source of light, a harsh voice said.",0.0
arctic_b0274,Arabic,ZHAA,l2+interp,From the source of light a harsh voice said.," From The Source of Light, A Harsh Voice Set",0.1111111111111111
arctic_b0274,Arabic,ZHAA,l2+noise,From the source of light a harsh voice said., From the,0.7777777777777778
arctic_b0274,Arabic,ZHAA,nat+zero_0,From the source of light a harsh voice said., from the source of light a harsh voice said.,0.0
arctic_b0274,Arabic,ZHAA,l2+zero_0,From the source of light a harsh voice said.," From the source of light, a harsh voice said.",0.0
arctic_b0274,Arabic,ZHAA,nat+zero_100,From the source of light a harsh voice said., from the source of light a harsh voice said.,0.0
arctic_b0274,Arabic,ZHAA,l2+zero_100,From the source of light a harsh voice said.," From the source of light, a harsh voice said.",0.0
arctic_b0274,Arabic,ZHAA,nat+zero_200,From the source of light a harsh voice said., from the source of light a harsh voice said.,0.0
arctic_b0274,Arabic,ZHAA,l2+zero_200,From the source of light a harsh voice said.," From the source of light, a harsh voice said.",0.0
arctic_b0274,Arabic,ZHAA,nat+zero_400,From the source of light a harsh voice said., from the source of light a harsh voice said.,0.0
arctic_b0274,Arabic,ZHAA,l2+zero_400,From the source of light a harsh voice said.," From the source of light, a harsh voice said.",0.0
arctic_b0274,Arabic,ZHAA,nat+zero_800,From the source of light a harsh voice said., from the source of light a harsh voice said.,0.0
arctic_b0274,Arabic,ZHAA,l2+zero_800,From the source of light a harsh voice said.," From the source of light, a harsh voice said.",0.0
arctic_b0274,Arabic,ZHAA,nat+empty_pad,From the source of light a harsh voice said.," From the source of light, a harsh voice said.",0.0
arctic_b0274,Arabic,ZHAA,l2+empty_pad,From the source of light a harsh voice said.," From the source of light, a harsh voice said.",0.0
arctic_b0274,Chinese,BWC,nat+nat,From the source of light a harsh voice said.," From the Source of Light, a harsh voice said.",0.0
arctic_b0274,Chinese,BWC,nat+nat_diff_utt,From the source of light a harsh voice said.," From the Source of Light, a harsh voice said.",0.0
arctic_b0274,Chinese,BWC,nat+l2_same,From the source of light a harsh voice said.," From the Source of Light, a harsh voice said.",0.0
arctic_b0274,Chinese,BWC,nat+interp,From the source of light a harsh voice said.," From The Source of Light, A Harsh Voice said.",0.0
arctic_b0274,Chinese,BWC,nat+noise,From the source of light a harsh voice said., From The,0.7777777777777778
arctic_b0274,Chinese,BWC,l2+l2,From the source of light a harsh voice said.," From the source of light, a harsh voice said.",0.0
arctic_b0274,Chinese,BWC,l2+l2_diff_utt,From the source of light a harsh voice said.," From the source of light, a harsh voice said.",0.0
arctic_b0274,Chinese,BWC,l2+nat_same,From the source of light a harsh voice said.," From the source of light, a harsh voice said.",0.0
arctic_b0274,Chinese,BWC,l2+interp,From the source of light a harsh voice said., From the source of light A harsh voice said,0.0
arctic_b0274,Chinese,BWC,l2+noise,From the source of light a harsh voice said., From the source of,0.5555555555555556
arctic_b0274,Chinese,BWC,nat+zero_0,From the source of light a harsh voice said., from the source of light a harsh voice said.,0.0
arctic_b0274,Chinese,BWC,l2+zero_0,From the source of light a harsh voice said.," From the source of light, a harsh voice said.",0.0
arctic_b0274,Chinese,BWC,nat+zero_100,From the source of light a harsh voice said., from the source of light a harsh voice said.,0.0
arctic_b0274,Chinese,BWC,l2+zero_100,From the source of light a harsh voice said.," From the source of light, a harsh voice said.",0.0
arctic_b0274,Chinese,BWC,nat+zero_200,From the source of light a harsh voice said., from the source of light a harsh voice said.,0.0
arctic_b0274,Chinese,BWC,l2+zero_200,From the source of light a harsh voice said.," From the source of light, a harsh voice said.",0.0
arctic_b0274,Chinese,BWC,nat+zero_400,From the source of light a harsh voice said., from the source of light a harsh voice said.,0.0
arctic_b0274,Chinese,BWC,l2+zero_400,From the source of light a harsh voice said.," From the source of light, a harsh voice said.",0.0
arctic_b0274,Chinese,BWC,nat+zero_800,From the source of light a harsh voice said., from the source of light a harsh voice said.,0.0
arctic_b0274,Chinese,BWC,l2+zero_800,From the source of light a harsh voice said.," From the source of light, a harsh voice said.",0.0
arctic_b0274,Chinese,BWC,nat+empty_pad,From the source of light a harsh voice said.," From the source of light, a harsh voice said.",0.0
arctic_b0274,Chinese,BWC,l2+empty_pad,From the source of light a harsh voice said.," From the source of light, a harsh voice said.",0.0
arctic_b0274,Hindi,SVBI,nat+nat,From the source of light a harsh voice said.," From the Source of Light, a harsh voice said.",0.0
arctic_b0274,Hindi,SVBI,nat+nat_diff_utt,From the source of light a harsh voice said.," From the Source of Light, a harsh voice said.",0.0
arctic_b0274,Hindi,SVBI,nat+l2_same,From the source of light a harsh voice said.," From the source of light, a harsh voice said.",0.0
arctic_b0274,Hindi,SVBI,nat+interp,From the source of light a harsh voice said.," From The Source of Light, A Harsh Voice Said.",0.0
arctic_b0274,Hindi,SVBI,nat+noise,From the source of light a harsh voice said., From The,0.7777777777777778
arctic_b0274,Hindi,SVBI,l2+l2,From the source of light a harsh voice said.," From the source of light, a harsh voice said,",0.0
arctic_b0274,Hindi,SVBI,l2+l2_diff_utt,From the source of light a harsh voice said.," From the source of light, a harsh voice said.",0.0
arctic_b0274,Hindi,SVBI,l2+nat_same,From the source of light a harsh voice said.," From the source of light, a harsh voice said.",0.0
arctic_b0274,Hindi,SVBI,l2+interp,From the source of light a harsh voice said.," From The Source Of Light, A Harsh Voice Said",0.0
arctic_b0274,Hindi,SVBI,l2+noise,From the source of light a harsh voice said., From the,0.7777777777777778
arctic_b0274,Hindi,SVBI,nat+zero_0,From the source of light a harsh voice said., from the source of light a harsh voice said.,0.0
arctic_b0274,Hindi,SVBI,l2+zero_0,From the source of light a harsh voice said.," From the source of light, a harsh voice said,",0.0
arctic_b0274,Hindi,SVBI,nat+zero_100,From the source of light a harsh voice said., from the source of light a harsh voice said.,0.0
arctic_b0274,Hindi,SVBI,l2+zero_100,From the source of light a harsh voice said.," From the source of light, a harsh voice said,",0.0
arctic_b0274,Hindi,SVBI,nat+zero_200,From the source of light a harsh voice said., from the source of light a harsh voice said.,0.0
arctic_b0274,Hindi,SVBI,l2+zero_200,From the source of light a harsh voice said.," From the source of light, a harsh voice said,",0.0
arctic_b0274,Hindi,SVBI,nat+zero_400,From the source of light a harsh voice said., from the source of light a harsh voice said.,0.0
arctic_b0274,Hindi,SVBI,l2+zero_400,From the source of light a harsh voice said.," From the source of light, a harsh voice said,",0.0
arctic_b0274,Hindi,SVBI,nat+zero_800,From the source of light a harsh voice said., from the source of light a harsh voice said.,0.0
arctic_b0274,Hindi,SVBI,l2+zero_800,From the source of light a harsh voice said.," From the source of light, a harsh voice said,",0.0
arctic_b0274,Hindi,SVBI,nat+empty_pad,From the source of light a harsh voice said.," From the source of light, a harsh voice said.",0.0
arctic_b0274,Hindi,SVBI,l2+empty_pad,From the source of light a harsh voice said.," From the source of light, a harsh voice said,",0.0
arctic_b0274,Korean,HJK,nat+nat,From the source of light a harsh voice said.," From the Source of Light, a harsh voice said.",0.0
arctic_b0274,Korean,HJK,nat+nat_diff_utt,From the source of light a harsh voice said.," From the Source of Light, a harsh voice said.",0.0
arctic_b0274,Korean,HJK,nat+l2_same,From the source of light a harsh voice said.," From the source of light, a harsh voice said.",0.0
arctic_b0274,Korean,HJK,nat+interp,From the source of light a harsh voice said.," From The Source of Light, a harsh voice said.",0.0
arctic_b0274,Korean,HJK,nat+noise,From the source of light a harsh voice said., From The,0.7777777777777778
arctic_b0274,Korean,HJK,l2+l2,From the source of light a harsh voice said.," From the source app Lite, a harsh voice set.",0.3333333333333333
arctic_b0274,Korean,HJK,l2+l2_diff_utt,From the source of light a harsh voice said.," From the source app Lite, a harsh voice set.",0.3333333333333333
arctic_b0274,Korean,HJK,l2+nat_same,From the source of light a harsh voice said.," From the source app Lite, a harsh voice set.",0.3333333333333333
arctic_b0274,Korean,HJK,l2+interp,From the source of light a harsh voice said.," From the Source of Light, a harsh voice set",0.1111111111111111
arctic_b0274,Korean,HJK,l2+noise,From the source of light a harsh voice said., From the,0.7777777777777778
arctic_b0274,Korean,HJK,nat+zero_0,From the source of light a harsh voice said., from the source of light a harsh voice said.,0.0
arctic_b0274,Korean,HJK,l2+zero_0,From the source of light a harsh voice said.," From the source of light, a harsh voice said.",0.0
arctic_b0274,Korean,HJK,nat+zero_100,From the source of light a harsh voice said., from the source of light a harsh voice said.,0.0
arctic_b0274,Korean,HJK,l2+zero_100,From the source of light a harsh voice said.," From the source of light, a harsh voice said.",0.0
arctic_b0274,Korean,HJK,nat+zero_200,From the source of light a harsh voice said., from the source of light a harsh voice said.,0.0
arctic_b0274,Korean,HJK,l2+zero_200,From the source of light a harsh voice said.," From the source of light, a harsh voice said.",0.0
arctic_b0274,Korean,HJK,nat+zero_400,From the source of light a harsh voice said., from the source of light a harsh voice said.,0.0
arctic_b0274,Korean,HJK,l2+zero_400,From the source of light a harsh voice said.," From the source of light, a harsh voice said.",0.0
arctic_b0274,Korean,HJK,nat+zero_800,From the source of light a harsh voice said., from the source of light a harsh voice said.,0.0
arctic_b0274,Korean,HJK,l2+zero_800,From the source of light a harsh voice said.," From the source of light, a harsh voice said.",0.0
arctic_b0274,Korean,HJK,nat+empty_pad,From the source of light a harsh voice said.," From the source of light, a harsh voice said.",0.0
arctic_b0274,Korean,HJK,l2+empty_pad,From the source of light a harsh voice said.," From the source of light, a harsh voice said.",0.0
arctic_b0274,Spanish,EBVS,nat+nat,From the source of light a harsh voice said.," From the Source of Light, a harsh voice said.",0.0
arctic_b0274,Spanish,EBVS,nat+nat_diff_utt,From the source of light a harsh voice said.," From the Source of Light, a harsh voice said.",0.0
arctic_b0274,Spanish,EBVS,nat+l2_same,From the source of light a harsh voice said.," From the source of light, a harsh voice said.",0.0
arctic_b0274,Spanish,EBVS,nat+interp,From the source of light a harsh voice said.," From The Source of Light, A Harsh Voice Said",0.0
arctic_b0274,Spanish,EBVS,nat+noise,From the source of light a harsh voice said., From The,0.7777777777777778
arctic_b0274,Spanish,EBVS,l2+l2,From the source of light a harsh voice said., from the source of life a harsh voice said.,0.1111111111111111
arctic_b0274,Spanish,EBVS,l2+l2_diff_utt,From the source of light a harsh voice said., From the source of life a harsh voice said.,0.1111111111111111
arctic_b0274,Spanish,EBVS,l2+nat_same,From the source of light a harsh voice said., from the source of life a harsh boy said.,0.2222222222222222
arctic_b0274,Spanish,EBVS,l2+interp,From the source of light a harsh voice said.," From The Source of Life, A Har's Voice 8",0.3333333333333333
arctic_b0274,Spanish,EBVS,l2+noise,From the source of light a harsh voice said., From The,0.7777777777777778
arctic_b0274,Spanish,EBVS,nat+zero_0,From the source of light a harsh voice said., from the source of light a harsh voice said.,0.0
arctic_b0274,Spanish,EBVS,l2+zero_0,From the source of light a harsh voice said., from the source of life a harsh boy said,0.2222222222222222
arctic_b0274,Spanish,EBVS,nat+zero_100,From the source of light a harsh voice said., from the source of light a harsh voice said.,0.0
arctic_b0274,Spanish,EBVS,l2+zero_100,From the source of light a harsh voice said., from the source of life a harsh boy said,0.2222222222222222
arctic_b0274,Spanish,EBVS,nat+zero_200,From the source of light a harsh voice said., from the source of light a harsh voice said.,0.0
arctic_b0274,Spanish,EBVS,l2+zero_200,From the source of light a harsh voice said., from the source of life a harsh boy said,0.2222222222222222
arctic_b0274,Spanish,EBVS,nat+zero_400,From the source of light a harsh voice said., from the source of light a harsh voice said.,0.0
arctic_b0274,Spanish,EBVS,l2+zero_400,From the source of light a harsh voice said., from the source of life a harsh boy said,0.2222222222222222
arctic_b0274,Spanish,EBVS,nat+zero_800,From the source of light a harsh voice said., from the source of light a harsh voice said.,0.0
arctic_b0274,Spanish,EBVS,l2+zero_800,From the source of light a harsh voice said., from the source of life a harsh boy said,0.2222222222222222
arctic_b0274,Spanish,EBVS,nat+empty_pad,From the source of light a harsh voice said.," From the source of light, a harsh voice said.",0.0
arctic_b0274,Spanish,EBVS,l2+empty_pad,From the source of light a harsh voice said.," From the source of life, a harsh voice said.",0.1111111111111111
arctic_b0274,Vietnamese,HQTV,nat+nat,From the source of light a harsh voice said.," From the Source of Light, a harsh voice said.",0.0
arctic_b0274,Vietnamese,HQTV,nat+nat_diff_utt,From the source of light a harsh voice said.," From the Source of Light, a harsh voice said.",0.0
arctic_b0274,Vietnamese,HQTV,nat+l2_same,From the source of light a harsh voice said.," From the Source of Light, a harsh voice said.",0.0
arctic_b0274,Vietnamese,HQTV,nat+interp,From the source of light a harsh voice said.," From The Source of Light, A Harsh Voice Said.",0.0
arctic_b0274,Vietnamese,HQTV,nat+noise,From the source of light a harsh voice said., From The,0.7777777777777778
arctic_b0274,Vietnamese,HQTV,l2+l2,From the source of light a harsh voice said.," from the source of light, a harsh voice said.",0.0
arctic_b0274,Vietnamese,HQTV,l2+l2_diff_utt,From the source of light a harsh voice said.," from the source of light, a harsh voice said.",0.0
arctic_b0274,Vietnamese,HQTV,l2+nat_same,From the source of light a harsh voice said.," from the source of light, a harsh voice said.",0.0
arctic_b0274,Vietnamese,HQTV,l2+interp,From the source of light a harsh voice said.," from the source of light, a harsh voice said.",0.0
arctic_b0274,Vietnamese,HQTV,l2+noise,From the source of light a harsh voice said., from the source of light,0.4444444444444444
arctic_b0274,Vietnamese,HQTV,nat+zero_0,From the source of light a harsh voice said., from the source of light a harsh voice said.,0.0
arctic_b0274,Vietnamese,HQTV,l2+zero_0,From the source of light a harsh voice said.," from the source of light, a harsh voice said.",0.0
arctic_b0274,Vietnamese,HQTV,nat+zero_100,From the source of light a harsh voice said., from the source of light a harsh voice said.,0.0
arctic_b0274,Vietnamese,HQTV,l2+zero_100,From the source of light a harsh voice said.," from the source of light, a harsh voice said.",0.0
arctic_b0274,Vietnamese,HQTV,nat+zero_200,From the source of light a harsh voice said., from the source of light a harsh voice said.,0.0
arctic_b0274,Vietnamese,HQTV,l2+zero_200,From the source of light a harsh voice said.," from the source of light, a harsh voice said.",0.0
arctic_b0274,Vietnamese,HQTV,nat+zero_400,From the source of light a harsh voice said., from the source of light a harsh voice said.,0.0
arctic_b0274,Vietnamese,HQTV,l2+zero_400,From the source of light a harsh voice said.," from the source of light, a harsh voice said.",0.0
arctic_b0274,Vietnamese,HQTV,nat+zero_800,From the source of light a harsh voice said., from the source of light a harsh voice said.,0.0
arctic_b0274,Vietnamese,HQTV,l2+zero_800,From the source of light a harsh voice said.," from the source of light, a harsh voice said.",0.0
arctic_b0274,Vietnamese,HQTV,nat+empty_pad,From the source of light a harsh voice said.," From the source of light, a harsh voice said.",0.0
arctic_b0274,Vietnamese,HQTV,l2+empty_pad,From the source of light a harsh voice said.," From the source of light, a harsh voice said,",0.0
arctic_b0283,Arabic,ZHAA,nat+nat,But we were without this momentum., but we were without this momentum.,0.0
arctic_b0283,Arabic,ZHAA,nat+nat_diff_utt,But we were without this momentum., but we were without this momentum.,0.0
arctic_b0283,Arabic,ZHAA,nat+l2_same,But we were without this momentum., but we were without this momentum.,0.0
arctic_b0283,Arabic,ZHAA,nat+interp,But we were without this momentum., but we were without this momentum.,0.0
arctic_b0283,Arabic,ZHAA,nat+noise,But we were without this momentum., But we were,0.5
arctic_b0283,Arabic,ZHAA,l2+l2,But we were without this momentum., but we were without this momentum.,0.0
arctic_b0283,Arabic,ZHAA,l2+l2_diff_utt,But we were without this momentum., but we were without this momentum.,0.0
arctic_b0283,Arabic,ZHAA,l2+nat_same,But we were without this momentum., but we were without this momentum.,0.0
arctic_b0283,Arabic,ZHAA,l2+interp,But we were without this momentum., but we were without this momentum.,0.0
arctic_b0283,Arabic,ZHAA,l2+noise,But we were without this momentum., But we,0.6666666666666666
arctic_b0283,Arabic,ZHAA,nat+zero_0,But we were without this momentum., but we were without this momentum.,0.0
arctic_b0283,Arabic,ZHAA,l2+zero_0,But we were without this momentum., but we were without this momentum.,0.0
arctic_b0283,Arabic,ZHAA,nat+zero_100,But we were without this momentum., but we were without this momentum.,0.0
arctic_b0283,Arabic,ZHAA,l2+zero_100,But we were without this momentum., but we were without this momentum.,0.0
arctic_b0283,Arabic,ZHAA,nat+zero_200,But we were without this momentum., but we were without this momentum.,0.0
arctic_b0283,Arabic,ZHAA,l2+zero_200,But we were without this momentum., but we were without this momentum.,0.0
arctic_b0283,Arabic,ZHAA,nat+zero_400,But we were without this momentum., but we were without this momentum.,0.0
arctic_b0283,Arabic,ZHAA,l2+zero_400,But we were without this momentum., but we were without this momentum.,0.0
arctic_b0283,Arabic,ZHAA,nat+zero_800,But we were without this momentum., but we were without this momentum.,0.0
arctic_b0283,Arabic,ZHAA,l2+zero_800,But we were without this momentum., but we were without this momentum.,0.0
arctic_b0283,Arabic,ZHAA,nat+empty_pad,But we were without this momentum., but we were without this momentum.,0.0
arctic_b0283,Arabic,ZHAA,l2+empty_pad,But we were without this momentum., but we were without this momentum.,0.0
arctic_b0283,Chinese,BWC,nat+nat,But we were without this momentum., but we were without this momentum.,0.0
arctic_b0283,Chinese,BWC,nat+nat_diff_utt,But we were without this momentum., but we were without this momentum.,0.0
arctic_b0283,Chinese,BWC,nat+l2_same,But we were without this momentum., but we were without this momentum.,0.0
arctic_b0283,Chinese,BWC,nat+interp,But we were without this momentum., but we were without this momentum.,0.0
arctic_b0283,Chinese,BWC,nat+noise,But we were without this momentum., But we were,0.5
arctic_b0283,Chinese,BWC,l2+l2,But we were without this momentum., but we were without this momentum.,0.0
arctic_b0283,Chinese,BWC,l2+l2_diff_utt,But we were without this momentum., but we were without this momentum.,0.0
arctic_b0283,Chinese,BWC,l2+nat_same,But we were without this momentum., but we were without this momentum.,0.0
arctic_b0283,Chinese,BWC,l2+interp,But we were without this momentum., but we were without this momentum.,0.0
arctic_b0283,Chinese,BWC,l2+noise,But we were without this momentum., but we were,0.5
arctic_b0283,Chinese,BWC,nat+zero_0,But we were without this momentum., but we were without this momentum.,0.0
arctic_b0283,Chinese,BWC,l2+zero_0,But we were without this momentum., but we were without this momentum.,0.0
arctic_b0283,Chinese,BWC,nat+zero_100,But we were without this momentum., but we were without this momentum.,0.0
arctic_b0283,Chinese,BWC,l2+zero_100,But we were without this momentum., but we were without this momentum.,0.0
arctic_b0283,Chinese,BWC,nat+zero_200,But we were without this momentum., but we were without this momentum.,0.0
arctic_b0283,Chinese,BWC,l2+zero_200,But we were without this momentum., but we were without this momentum.,0.0
arctic_b0283,Chinese,BWC,nat+zero_400,But we were without this momentum., but we were without this momentum.,0.0
arctic_b0283,Chinese,BWC,l2+zero_400,But we were without this momentum., but we were without this momentum.,0.0
arctic_b0283,Chinese,BWC,nat+zero_800,But we were without this momentum., but we were without this momentum.,0.0
arctic_b0283,Chinese,BWC,l2+zero_800,But we were without this momentum., but we were without this momentum.,0.0
arctic_b0283,Chinese,BWC,nat+empty_pad,But we were without this momentum., but we were without this momentum.,0.0
arctic_b0283,Chinese,BWC,l2+empty_pad,But we were without this momentum., but we were without this momentum.,0.0
arctic_b0283,Hindi,SVBI,nat+nat,But we were without this momentum., but we were without this momentum.,0.0
arctic_b0283,Hindi,SVBI,nat+nat_diff_utt,But we were without this momentum., but we were without this momentum.,0.0
arctic_b0283,Hindi,SVBI,nat+l2_same,But we were without this momentum., but we were without this momentum.,0.0
arctic_b0283,Hindi,SVBI,nat+interp,But we were without this momentum., but we were without this momentum.,0.0
arctic_b0283,Hindi,SVBI,nat+noise,But we were without this momentum., But we were,0.5
arctic_b0283,Hindi,SVBI,l2+l2,But we were without this momentum., But we were without this momentum.,0.0
arctic_b0283,Hindi,SVBI,l2+l2_diff_utt,But we were without this momentum., But we were without this momentum.,0.0
arctic_b0283,Hindi,SVBI,l2+nat_same,But we were without this momentum., But we were without this momentum.,0.0
arctic_b0283,Hindi,SVBI,l2+interp,But we were without this momentum., But we were without this momentum.,0.0
arctic_b0283,Hindi,SVBI,l2+noise,But we were without this momentum., But we,0.6666666666666666
arctic_b0283,Hindi,SVBI,nat+zero_0,But we were without this momentum., but we were without this momentum.,0.0
arctic_b0283,Hindi,SVBI,l2+zero_0,But we were without this momentum., but we were without this momentum.,0.0
arctic_b0283,Hindi,SVBI,nat+zero_100,But we were without this momentum., but we were without this momentum.,0.0
arctic_b0283,Hindi,SVBI,l2+zero_100,But we were without this momentum., but we were without this momentum.,0.0
arctic_b0283,Hindi,SVBI,nat+zero_200,But we were without this momentum., but we were without this momentum.,0.0
arctic_b0283,Hindi,SVBI,l2+zero_200,But we were without this momentum., but we were without this momentum.,0.0
arctic_b0283,Hindi,SVBI,nat+zero_400,But we were without this momentum., but we were without this momentum.,0.0
arctic_b0283,Hindi,SVBI,l2+zero_400,But we were without this momentum., but we were without this momentum.,0.0
arctic_b0283,Hindi,SVBI,nat+zero_800,But we were without this momentum., but we were without this momentum.,0.0
arctic_b0283,Hindi,SVBI,l2+zero_800,But we were without this momentum., but we were without this momentum.,0.0
arctic_b0283,Hindi,SVBI,nat+empty_pad,But we were without this momentum., but we were without this momentum.,0.0
arctic_b0283,Hindi,SVBI,l2+empty_pad,But we were without this momentum., But we were without this momentum.,0.0
arctic_b0283,Korean,HJK,nat+nat,But we were without this momentum., but we were without this momentum.,0.0
arctic_b0283,Korean,HJK,nat+nat_diff_utt,But we were without this momentum., but we were without this momentum.,0.0
arctic_b0283,Korean,HJK,nat+l2_same,But we were without this momentum., but we were without this momentum.,0.0
arctic_b0283,Korean,HJK,nat+interp,But we were without this momentum., but we were without this momentum.,0.0
arctic_b0283,Korean,HJK,nat+noise,But we were without this momentum., But we were,0.5
arctic_b0283,Korean,HJK,l2+l2,But we were without this momentum., but we were without this momentum.,0.0
arctic_b0283,Korean,HJK,l2+l2_diff_utt,But we were without this momentum., but we were without this momentum.,0.0
arctic_b0283,Korean,HJK,l2+nat_same,But we were without this momentum., but we were without this momentum.,0.0
arctic_b0283,Korean,HJK,l2+interp,But we were without this momentum., but we were without this momentum.,0.0
arctic_b0283,Korean,HJK,l2+noise,But we were without this momentum., But we were without this momentum,0.0
arctic_b0283,Korean,HJK,nat+zero_0,But we were without this momentum., but we were without this momentum.,0.0
arctic_b0283,Korean,HJK,l2+zero_0,But we were without this momentum., but we were without this momentum.,0.0
arctic_b0283,Korean,HJK,nat+zero_100,But we were without this momentum., but we were without this momentum.,0.0
arctic_b0283,Korean,HJK,l2+zero_100,But we were without this momentum., but we were without this momentum.,0.0
arctic_b0283,Korean,HJK,nat+zero_200,But we were without this momentum., but we were without this momentum.,0.0
arctic_b0283,Korean,HJK,l2+zero_200,But we were without this momentum., but we were without this momentum.,0.0
arctic_b0283,Korean,HJK,nat+zero_400,But we were without this momentum., but we were without this momentum.,0.0
arctic_b0283,Korean,HJK,l2+zero_400,But we were without this momentum., but we were without this momentum.,0.0
arctic_b0283,Korean,HJK,nat+zero_800,But we were without this momentum., but we were without this momentum.,0.0
arctic_b0283,Korean,HJK,l2+zero_800,But we were without this momentum., but we were without this momentum.,0.0
arctic_b0283,Korean,HJK,nat+empty_pad,But we were without this momentum., but we were without this momentum.,0.0
arctic_b0283,Korean,HJK,l2+empty_pad,But we were without this momentum., But we were without this momentum.,0.0
arctic_b0283,Spanish,EBVS,nat+nat,But we were without this momentum., but we were without this momentum.,0.0
arctic_b0283,Spanish,EBVS,nat+nat_diff_utt,But we were without this momentum., but we were without this momentum.,0.0
arctic_b0283,Spanish,EBVS,nat+l2_same,But we were without this momentum., but we were without this momentum.,0.0
arctic_b0283,Spanish,EBVS,nat+interp,But we were without this momentum., but we were without this momentum.,0.0
arctic_b0283,Spanish,EBVS,nat+noise,But we were without this momentum., But we were,0.5
arctic_b0283,Spanish,EBVS,l2+l2,But we were without this momentum., but we were without this momentum.,0.0
arctic_b0283,Spanish,EBVS,l2+l2_diff_utt,But we were without this momentum., but we were without this momentum.,0.0
arctic_b0283,Spanish,EBVS,l2+nat_same,But we were without this momentum., but we were without this momentum.,0.0
arctic_b0283,Spanish,EBVS,l2+interp,But we were without this momentum., but we were without this momentum.,0.0
arctic_b0283,Spanish,EBVS,l2+noise,But we were without this momentum., But we were without,0.3333333333333333
arctic_b0283,Spanish,EBVS,nat+zero_0,But we were without this momentum., but we were without this momentum.,0.0
arctic_b0283,Spanish,EBVS,l2+zero_0,But we were without this momentum., but we were without this momentum.,0.0
arctic_b0283,Spanish,EBVS,nat+zero_100,But we were without this momentum., but we were without this momentum.,0.0
arctic_b0283,Spanish,EBVS,l2+zero_100,But we were without this momentum., but we were without this momentum.,0.0
arctic_b0283,Spanish,EBVS,nat+zero_200,But we were without this momentum., but we were without this momentum.,0.0
arctic_b0283,Spanish,EBVS,l2+zero_200,But we were without this momentum., but we were without this momentum.,0.0
arctic_b0283,Spanish,EBVS,nat+zero_400,But we were without this momentum., but we were without this momentum.,0.0
arctic_b0283,Spanish,EBVS,l2+zero_400,But we were without this momentum., but we were without this momentum.,0.0
arctic_b0283,Spanish,EBVS,nat+zero_800,But we were without this momentum., but we were without this momentum.,0.0
arctic_b0283,Spanish,EBVS,l2+zero_800,But we were without this momentum., but we were without this momentum.,0.0
arctic_b0283,Spanish,EBVS,nat+empty_pad,But we were without this momentum., but we were without this momentum.,0.0
arctic_b0283,Spanish,EBVS,l2+empty_pad,But we were without this momentum., but we were without this momentum.,0.0
arctic_b0283,Vietnamese,HQTV,nat+nat,But we were without this momentum., but we were without this momentum.,0.0
arctic_b0283,Vietnamese,HQTV,nat+nat_diff_utt,But we were without this momentum., but we were without this momentum.,0.0
arctic_b0283,Vietnamese,HQTV,nat+l2_same,But we were without this momentum., but we were without this momentum.,0.0
arctic_b0283,Vietnamese,HQTV,nat+interp,But we were without this momentum., but we were without this momentum.,0.0
arctic_b0283,Vietnamese,HQTV,nat+noise,But we were without this momentum., But we were,0.5
arctic_b0283,Vietnamese,HQTV,l2+l2,But we were without this momentum., But we were without his momentum.,0.16666666666666666
arctic_b0283,Vietnamese,HQTV,l2+l2_diff_utt,But we were without this momentum., but we were without his momentum.,0.16666666666666666
arctic_b0283,Vietnamese,HQTV,l2+nat_same,But we were without this momentum., but we were without his momentum.,0.16666666666666666
arctic_b0283,Vietnamese,HQTV,l2+interp,But we were without this momentum., But we were without his momentum,0.16666666666666666
arctic_b0283,Vietnamese,HQTV,l2+noise,But we were without this momentum., But we were,0.5
arctic_b0283,Vietnamese,HQTV,nat+zero_0,But we were without this momentum., but we were without this momentum.,0.0
arctic_b0283,Vietnamese,HQTV,l2+zero_0,But we were without this momentum., but we were without his momentum.,0.16666666666666666
arctic_b0283,Vietnamese,HQTV,nat+zero_100,But we were without this momentum., but we were without this momentum.,0.0
arctic_b0283,Vietnamese,HQTV,l2+zero_100,But we were without this momentum., but we were without his momentum.,0.16666666666666666
arctic_b0283,Vietnamese,HQTV,nat+zero_200,But we were without this momentum., but we were without this momentum.,0.0
arctic_b0283,Vietnamese,HQTV,l2+zero_200,But we were without this momentum., but we were without his momentum.,0.16666666666666666
arctic_b0283,Vietnamese,HQTV,nat+zero_400,But we were without this momentum., but we were without this momentum.,0.0
arctic_b0283,Vietnamese,HQTV,l2+zero_400,But we were without this momentum., but we were without his momentum.,0.16666666666666666
arctic_b0283,Vietnamese,HQTV,nat+zero_800,But we were without this momentum., but we were without this momentum.,0.0
arctic_b0283,Vietnamese,HQTV,l2+zero_800,But we were without this momentum., but we were without his momentum.,0.16666666666666666
arctic_b0283,Vietnamese,HQTV,nat+empty_pad,But we were without this momentum., but we were without this momentum.,0.0
arctic_b0283,Vietnamese,HQTV,l2+empty_pad,But we were without this momentum., But we were without his momentum.,0.16666666666666666
arctic_b0285,Arabic,ZHAA,nat+nat,The hyena proceeded to dine., The hyena proceeded to dine.,0.0
arctic_b0285,Arabic,ZHAA,nat+nat_diff_utt,The hyena proceeded to dine., the hyena proceeded to dine.,0.0
arctic_b0285,Arabic,ZHAA,nat+l2_same,The hyena proceeded to dine., The hyena proceeded to dine.,0.0
arctic_b0285,Arabic,ZHAA,nat+interp,The hyena proceeded to dine., The hyena proceeded to dine.,0.0
arctic_b0285,Arabic,ZHAA,nat+noise,The hyena proceeded to dine., The Hy I,0.8
arctic_b0285,Arabic,ZHAA,l2+l2,The hyena proceeded to dine., The hyena proceeded to dine.,0.0
arctic_b0285,Arabic,ZHAA,l2+l2_diff_utt,The hyena proceeded to dine., The hyena proceeded to dine.,0.0
arctic_b0285,Arabic,ZHAA,l2+nat_same,The hyena proceeded to dine., The hyena proceeded to dine.,0.0
arctic_b0285,Arabic,ZHAA,l2+interp,The hyena proceeded to dine., The hyena proceeded to die.,0.2
arctic_b0285,Arabic,ZHAA,l2+noise,The hyena proceeded to dine., The H I,0.8
arctic_b0285,Arabic,ZHAA,nat+zero_0,The hyena proceeded to dine., the hyena proceeded to dine.,0.0
arctic_b0285,Arabic,ZHAA,l2+zero_0,The hyena proceeded to dine., The hyena proceeded to dine.,0.0
arctic_b0285,Arabic,ZHAA,nat+zero_100,The hyena proceeded to dine., the hyena proceeded to dine.,0.0
arctic_b0285,Arabic,ZHAA,l2+zero_100,The hyena proceeded to dine., The Haya now proceeded to dine.,0.4
arctic_b0285,Arabic,ZHAA,nat+zero_200,The hyena proceeded to dine., the hyena proceeded to dine.,0.0
arctic_b0285,Arabic,ZHAA,l2+zero_200,The hyena proceeded to dine., The Haya now proceeded to dine.,0.4
arctic_b0285,Arabic,ZHAA,nat+zero_400,The hyena proceeded to dine., the hyena proceeded to dine.,0.0
arctic_b0285,Arabic,ZHAA,l2+zero_400,The hyena proceeded to dine., The Haya now proceeded to dine.,0.4
arctic_b0285,Arabic,ZHAA,nat+zero_800,The hyena proceeded to dine., the hyena proceeded to dine.,0.0
arctic_b0285,Arabic,ZHAA,l2+zero_800,The hyena proceeded to dine., The hyena proceeded to dine.,0.0
arctic_b0285,Arabic,ZHAA,nat+empty_pad,The hyena proceeded to dine., The hyena proceeded to dine.,0.0
arctic_b0285,Arabic,ZHAA,l2+empty_pad,The hyena proceeded to dine., The hyena proceeded to dine.,0.0
arctic_b0285,Chinese,BWC,nat+nat,The hyena proceeded to dine., The hyena proceeded to dine.,0.0
arctic_b0285,Chinese,BWC,nat+nat_diff_utt,The hyena proceeded to dine., the hyena proceeded to dine.,0.0
arctic_b0285,Chinese,BWC,nat+l2_same,The hyena proceeded to dine., The hyena proceeded to dine.,0.0
arctic_b0285,Chinese,BWC,nat+interp,The hyena proceeded to dine., The hyena proceeded to dine.,0.0
arctic_b0285,Chinese,BWC,nat+noise,The hyena proceeded to dine., The Hy I,0.8
arctic_b0285,Chinese,BWC,l2+l2,The hyena proceeded to dine., high enough to proceed to dying.,1.0
arctic_b0285,Chinese,BWC,l2+l2_diff_utt,The hyena proceeded to dine., high enough proceeded to die.,0.6
arctic_b0285,Chinese,BWC,l2+nat_same,The hyena proceeded to dine., high enough to see it to die.,1.2
arctic_b0285,Chinese,BWC,l2+interp,The hyena proceeded to dine., the hyena proceeded to die.,0.2
arctic_b0285,Chinese,BWC,l2+noise,The hyena proceeded to dine., The,0.8
arctic_b0285,Chinese,BWC,nat+zero_0,The hyena proceeded to dine., the hyena proceeded to dine.,0.0
arctic_b0285,Chinese,BWC,l2+zero_0,The hyena proceeded to dine., high enough to see it to die.,1.2
arctic_b0285,Chinese,BWC,nat+zero_100,The hyena proceeded to dine., the hyena proceeded to dine.,0.0
arctic_b0285,Chinese,BWC,l2+zero_100,The hyena proceeded to dine., high enough to see it to die.,1.2
arctic_b0285,Chinese,BWC,nat+zero_200,The hyena proceeded to dine., the hyena proceeded to dine.,0.0
arctic_b0285,Chinese,BWC,l2+zero_200,The hyena proceeded to dine., high enough to see it to die.,1.2
arctic_b0285,Chinese,BWC,nat+zero_400,The hyena proceeded to dine., the hyena proceeded to dine.,0.0
arctic_b0285,Chinese,BWC,l2+zero_400,The hyena proceeded to dine., high enough to see it to die.,1.2
arctic_b0285,Chinese,BWC,nat+zero_800,The hyena proceeded to dine., the hyena proceeded to dine.,0.0
arctic_b0285,Chinese,BWC,l2+zero_800,The hyena proceeded to dine., high enough to see it to die.,1.2
arctic_b0285,Chinese,BWC,nat+empty_pad,The hyena proceeded to dine., The hyena proceeded to dine.,0.0
arctic_b0285,Chinese,BWC,l2+empty_pad,The hyena proceeded to dine., the high enough proceeded to die.,0.6
arctic_b0285,Hindi,SVBI,nat+nat,The hyena proceeded to dine., The hyena proceeded to dine.,0.0
arctic_b0285,Hindi,SVBI,nat+nat_diff_utt,The hyena proceeded to dine., the hyena proceeded to dine.,0.0
arctic_b0285,Hindi,SVBI,nat+l2_same,The hyena proceeded to dine., The hyena proceeded to dine.,0.0
arctic_b0285,Hindi,SVBI,nat+interp,The hyena proceeded to dine., The hyena proceeded to dine.,0.0
arctic_b0285,Hindi,SVBI,nat+noise,The hyena proceeded to dine., The Hy I,0.8
arctic_b0285,Hindi,SVBI,l2+l2,The hyena proceeded to dine., The hyena proceeded to dine.,0.0
arctic_b0285,Hindi,SVBI,l2+l2_diff_utt,The hyena proceeded to dine., The high enough proceeded to dine.,0.4
arctic_b0285,Hindi,SVBI,l2+nat_same,The hyena proceeded to dine., The high enough proceeded to dine.,0.4
arctic_b0285,Hindi,SVBI,l2+interp,The hyena proceeded to dine., The hyena proceeded to die.,0.2
arctic_b0285,Hindi,SVBI,l2+noise,The hyena proceeded to dine., The H I,0.8
arctic_b0285,Hindi,SVBI,nat+zero_0,The hyena proceeded to dine., the hyena proceeded to dine.,0.0
arctic_b0285,Hindi,SVBI,l2+zero_0,The hyena proceeded to dine., The Hina proceeded to dine.,0.2
arctic_b0285,Hindi,SVBI,nat+zero_100,The hyena proceeded to dine., the hyena proceeded to dine.,0.0
arctic_b0285,Hindi,SVBI,l2+zero_100,The hyena proceeded to dine., The Hina proceeded to dine.,0.2
arctic_b0285,Hindi,SVBI,nat+zero_200,The hyena proceeded to dine., the hyena proceeded to dine.,0.0
arctic_b0285,Hindi,SVBI,l2+zero_200,The hyena proceeded to dine., The Hina proceeded to dine.,0.2
arctic_b0285,Hindi,SVBI,nat+zero_400,The hyena proceeded to dine., the hyena proceeded to dine.,0.0
arctic_b0285,Hindi,SVBI,l2+zero_400,The hyena proceeded to dine., The high enough proceeded to die.,0.6
arctic_b0285,Hindi,SVBI,nat+zero_800,The hyena proceeded to dine., the hyena proceeded to dine.,0.0
arctic_b0285,Hindi,SVBI,l2+zero_800,The hyena proceeded to dine., The hyena proceeded to dine.,0.0
arctic_b0285,Hindi,SVBI,nat+empty_pad,The hyena proceeded to dine., The hyena proceeded to dine.,0.0
arctic_b0285,Hindi,SVBI,l2+empty_pad,The hyena proceeded to dine., The high enough proceeded to dine.,0.4
arctic_b0285,Korean,HJK,nat+nat,The hyena proceeded to dine., The hyena proceeded to dine.,0.0
arctic_b0285,Korean,HJK,nat+nat_diff_utt,The hyena proceeded to dine., the hyena proceeded to dine.,0.0
arctic_b0285,Korean,HJK,nat+l2_same,The hyena proceeded to dine., The hyena proceeded to dine.,0.0
arctic_b0285,Korean,HJK,nat+interp,The hyena proceeded to dine., The hyena proceeded to dine.,0.0
arctic_b0285,Korean,HJK,nat+noise,The hyena proceeded to dine., The Hy I,0.8
arctic_b0285,Korean,HJK,l2+l2,The hyena proceeded to dine., The hyena proceeded to dine.,0.0
arctic_b0285,Korean,HJK,l2+l2_diff_utt,The hyena proceeded to dine., The hyena proceeded to dine.,0.0
arctic_b0285,Korean,HJK,l2+nat_same,The hyena proceeded to dine., The hyena proceeded to dine.,0.0
arctic_b0285,Korean,HJK,l2+interp,The hyena proceeded to dine., The hyena proceeded to dine.,0.0
arctic_b0285,Korean,HJK,l2+noise,The hyena proceeded to dine.," The H,",0.8
arctic_b0285,Korean,HJK,nat+zero_0,The hyena proceeded to dine., the hyena proceeded to dine.,0.0
arctic_b0285,Korean,HJK,l2+zero_0,The hyena proceeded to dine., The hyena proceeded to dine.,0.0
arctic_b0285,Korean,HJK,nat+zero_100,The hyena proceeded to dine., the hyena proceeded to dine.,0.0
arctic_b0285,Korean,HJK,l2+zero_100,The hyena proceeded to dine., The hyena proceeded to dine.,0.0
arctic_b0285,Korean,HJK,nat+zero_200,The hyena proceeded to dine., the hyena proceeded to dine.,0.0
arctic_b0285,Korean,HJK,l2+zero_200,The hyena proceeded to dine., The hyena proceeded to dine.,0.0
arctic_b0285,Korean,HJK,nat+zero_400,The hyena proceeded to dine., the hyena proceeded to dine.,0.0
arctic_b0285,Korean,HJK,l2+zero_400,The hyena proceeded to dine., The hyena proceeded to dine.,0.0
arctic_b0285,Korean,HJK,nat+zero_800,The hyena proceeded to dine., the hyena proceeded to dine.,0.0
arctic_b0285,Korean,HJK,l2+zero_800,The hyena proceeded to dine., The hyena proceeded to dine.,0.0
arctic_b0285,Korean,HJK,nat+empty_pad,The hyena proceeded to dine., The hyena proceeded to dine.,0.0
arctic_b0285,Korean,HJK,l2+empty_pad,The hyena proceeded to dine., The hyena proceeded to dine.,0.0
arctic_b0285,Spanish,EBVS,nat+nat,The hyena proceeded to dine., The hyena proceeded to dine.,0.0
arctic_b0285,Spanish,EBVS,nat+nat_diff_utt,The hyena proceeded to dine., the hyena proceeded to dine.,0.0
arctic_b0285,Spanish,EBVS,nat+l2_same,The hyena proceeded to dine., The hyena proceeded to dine.,0.0
arctic_b0285,Spanish,EBVS,nat+interp,The hyena proceeded to dine., The hyena proceeded to die,0.2
arctic_b0285,Spanish,EBVS,nat+noise,The hyena proceeded to dine., The Hy I,0.8
arctic_b0285,Spanish,EBVS,l2+l2,The hyena proceeded to dine., The Haviena proceeded to die.,0.4
arctic_b0285,Spanish,EBVS,l2+l2_diff_utt,The hyena proceeded to dine., The haina proceeded time.,0.6
arctic_b0285,Spanish,EBVS,l2+nat_same,The hyena proceeded to dine., The haina proceeded fine.,0.6
arctic_b0285,Spanish,EBVS,l2+interp,The hyena proceeded to dine., The ha I now proceed at time,1.2
arctic_b0285,Spanish,EBVS,l2+noise,The hyena proceeded to dine., The ha I,0.8
arctic_b0285,Spanish,EBVS,nat+zero_0,The hyena proceeded to dine., the hyena proceeded to dine.,0.0
arctic_b0285,Spanish,EBVS,l2+zero_0,The hyena proceeded to dine., The Havina proceeded time.,0.6
arctic_b0285,Spanish,EBVS,nat+zero_100,The hyena proceeded to dine., the hyena proceeded to dine.,0.0
arctic_b0285,Spanish,EBVS,l2+zero_100,The hyena proceeded to dine., The Havina proceeded time.,0.6
arctic_b0285,Spanish,EBVS,nat+zero_200,The hyena proceeded to dine., the hyena proceeded to dine.,0.0
arctic_b0285,Spanish,EBVS,l2+zero_200,The hyena proceeded to dine., The Havina proceeded time.,0.6
arctic_b0285,Spanish,EBVS,nat+zero_400,The hyena proceeded to dine., the hyena proceeded to dine.,0.0
arctic_b0285,Spanish,EBVS,l2+zero_400,The hyena proceeded to dine., The Havina proceeded fine.,0.6
arctic_b0285,Spanish,EBVS,nat+zero_800,The hyena proceeded to dine., the hyena proceeded to dine.,0.0
arctic_b0285,Spanish,EBVS,l2+zero_800,The hyena proceeded to dine., The Havina proceeded fine.,0.6
arctic_b0285,Spanish,EBVS,nat+empty_pad,The hyena proceeded to dine., The hyena proceeded to dine.,0.0
arctic_b0285,Spanish,EBVS,l2+empty_pad,The hyena proceeded to dine., The Jaina proceeded to die.,0.4
arctic_b0285,Vietnamese,HQTV,nat+nat,The hyena proceeded to dine., The hyena proceeded to dine.,0.0
arctic_b0285,Vietnamese,HQTV,nat+nat_diff_utt,The hyena proceeded to dine., the hyena proceeded to dine.,0.0
arctic_b0285,Vietnamese,HQTV,nat+l2_same,The hyena proceeded to dine., The hyena proceeded to dine.,0.0
arctic_b0285,Vietnamese,HQTV,nat+interp,The hyena proceeded to dine., The hyena proceeded to dine.,0.0
arctic_b0285,Vietnamese,HQTV,nat+noise,The hyena proceeded to dine., The Hy I,0.8
arctic_b0285,Vietnamese,HQTV,l2+l2,The hyena proceeded to dine., The hyena proceeded to die.,0.2
arctic_b0285,Vietnamese,HQTV,l2+l2_diff_utt,The hyena proceeded to dine., The hyena proceeded to die.,0.2
arctic_b0285,Vietnamese,HQTV,l2+nat_same,The hyena proceeded to dine., The hyena proceeded to die.,0.2
arctic_b0285,Vietnamese,HQTV,l2+interp,The hyena proceeded to dine., The hyena proceeded to die.,0.2
arctic_b0285,Vietnamese,HQTV,l2+noise,The hyena proceeded to dine., The Haena,0.8
arctic_b0285,Vietnamese,HQTV,nat+zero_0,The hyena proceeded to dine., the hyena proceeded to dine.,0.0
arctic_b0285,Vietnamese,HQTV,l2+zero_0,The hyena proceeded to dine., The hyena proceeded to die.,0.2
arctic_b0285,Vietnamese,HQTV,nat+zero_100,The hyena proceeded to dine., the hyena proceeded to dine.,0.0
arctic_b0285,Vietnamese,HQTV,l2+zero_100,The hyena proceeded to dine., The hyena proceeded to die.,0.2
arctic_b0285,Vietnamese,HQTV,nat+zero_200,The hyena proceeded to dine., the hyena proceeded to dine.,0.0
arctic_b0285,Vietnamese,HQTV,l2+zero_200,The hyena proceeded to dine., The hyena proceeded to die.,0.2
arctic_b0285,Vietnamese,HQTV,nat+zero_400,The hyena proceeded to dine., the hyena proceeded to dine.,0.0
arctic_b0285,Vietnamese,HQTV,l2+zero_400,The hyena proceeded to dine., The hyena proceeded to die.,0.2
arctic_b0285,Vietnamese,HQTV,nat+zero_800,The hyena proceeded to dine., the hyena proceeded to dine.,0.0
arctic_b0285,Vietnamese,HQTV,l2+zero_800,The hyena proceeded to dine., The hyena proceeded to die.,0.2
arctic_b0285,Vietnamese,HQTV,nat+empty_pad,The hyena proceeded to dine., The hyena proceeded to dine.,0.0
arctic_b0285,Vietnamese,HQTV,l2+empty_pad,The hyena proceeded to dine., The hyena proceeded to die.,0.2
arctic_b0286,Arabic,ZHAA,nat+nat,The time was considered auspicious., the time was considered auspicious.,0.0
arctic_b0286,Arabic,ZHAA,nat+nat_diff_utt,The time was considered auspicious., the time was considered auspicious.,0.0
arctic_b0286,Arabic,ZHAA,nat+l2_same,The time was considered auspicious., the time was considered auspicious.,0.0
arctic_b0286,Arabic,ZHAA,nat+interp,The time was considered auspicious., The time was considered auspicious.,0.0
arctic_b0286,Arabic,ZHAA,nat+noise,The time was considered auspicious., The time was was,0.4
arctic_b0286,Arabic,ZHAA,l2+l2,The time was considered auspicious., The time was considered auspicious.,0.0
arctic_b0286,Arabic,ZHAA,l2+l2_diff_utt,The time was considered auspicious., The time was considered auspicious.,0.0
arctic_b0286,Arabic,ZHAA,l2+nat_same,The time was considered auspicious., The time was considered auspicious.,0.0
arctic_b0286,Arabic,ZHAA,l2+interp,The time was considered auspicious., The time was considered auspicious.,0.0
arctic_b0286,Arabic,ZHAA,l2+noise,The time was considered auspicious., The time was considered was a is a,0.8
arctic_b0286,Arabic,ZHAA,nat+zero_0,The time was considered auspicious., the time was considered auspicious.,0.0
arctic_b0286,Arabic,ZHAA,l2+zero_0,The time was considered auspicious., The time was considered auspicious.,0.0
arctic_b0286,Arabic,ZHAA,nat+zero_100,The time was considered auspicious., the time was considered auspicious.,0.0
arctic_b0286,Arabic,ZHAA,l2+zero_100,The time was considered auspicious., The time was considered auspicious.,0.0
arctic_b0286,Arabic,ZHAA,nat+zero_200,The time was considered auspicious., the time was considered auspicious.,0.0
arctic_b0286,Arabic,ZHAA,l2+zero_200,The time was considered auspicious., The time was considered auspicious.,0.0
arctic_b0286,Arabic,ZHAA,nat+zero_400,The time was considered auspicious., the time was considered auspicious.,0.0
arctic_b0286,Arabic,ZHAA,l2+zero_400,The time was considered auspicious., The time was considered auspicious.,0.0
arctic_b0286,Arabic,ZHAA,nat+zero_800,The time was considered auspicious., the time was considered auspicious.,0.0
arctic_b0286,Arabic,ZHAA,l2+zero_800,The time was considered auspicious., The time was considered auspicious.,0.0
arctic_b0286,Arabic,ZHAA,nat+empty_pad,The time was considered auspicious., The time was considered auspicious.,0.0
arctic_b0286,Arabic,ZHAA,l2+empty_pad,The time was considered auspicious., The time was considered auspicious.,0.0
arctic_b0286,Chinese,BWC,nat+nat,The time was considered auspicious., the time was considered auspicious.,0.0
arctic_b0286,Chinese,BWC,nat+nat_diff_utt,The time was considered auspicious., the time was considered auspicious.,0.0
arctic_b0286,Chinese,BWC,nat+l2_same,The time was considered auspicious., the time was considered auspicious.,0.0
arctic_b0286,Chinese,BWC,nat+interp,The time was considered auspicious., the time was considered auspicious.,0.0
arctic_b0286,Chinese,BWC,nat+noise,The time was considered auspicious., The time was was,0.4
arctic_b0286,Chinese,BWC,l2+l2,The time was considered auspicious., the time was considered auspicious.,0.0
arctic_b0286,Chinese,BWC,l2+l2_diff_utt,The time was considered auspicious., the time was considered auspicious basis.,0.2
arctic_b0286,Chinese,BWC,l2+nat_same,The time was considered auspicious., the time was considered auspicious.,0.0
arctic_b0286,Chinese,BWC,l2+interp,The time was considered auspicious., the time was considered auschwitzes.,0.2
arctic_b0286,Chinese,BWC,l2+noise,The time was considered auspicious., The time was,0.4
arctic_b0286,Chinese,BWC,nat+zero_0,The time was considered auspicious., the time was considered auspicious.,0.0
arctic_b0286,Chinese,BWC,l2+zero_0,The time was considered auspicious., the time was considered auspicious.,0.0
arctic_b0286,Chinese,BWC,nat+zero_100,The time was considered auspicious., the time was considered auspicious.,0.0
arctic_b0286,Chinese,BWC,l2+zero_100,The time was considered auspicious., the time was considered auspicious.,0.0
arctic_b0286,Chinese,BWC,nat+zero_200,The time was considered auspicious., the time was considered auspicious.,0.0
arctic_b0286,Chinese,BWC,l2+zero_200,The time was considered auspicious., the time was considered auspicious.,0.0
arctic_b0286,Chinese,BWC,nat+zero_400,The time was considered auspicious., the time was considered auspicious.,0.0
arctic_b0286,Chinese,BWC,l2+zero_400,The time was considered auspicious., the time was considered auspicious.,0.0
arctic_b0286,Chinese,BWC,nat+zero_800,The time was considered auspicious., the time was considered auspicious.,0.0
arctic_b0286,Chinese,BWC,l2+zero_800,The time was considered auspicious., the time was considered auspicious.,0.0
arctic_b0286,Chinese,BWC,nat+empty_pad,The time was considered auspicious., The time was considered auspicious.,0.0
arctic_b0286,Chinese,BWC,l2+empty_pad,The time was considered auspicious., the time was considered auspicious.,0.0
arctic_b0286,Hindi,SVBI,nat+nat,The time was considered auspicious., the time was considered auspicious.,0.0
arctic_b0286,Hindi,SVBI,nat+nat_diff_utt,The time was considered auspicious., the time was considered auspicious.,0.0
arctic_b0286,Hindi,SVBI,nat+l2_same,The time was considered auspicious., the time was considered auspicious.,0.0
arctic_b0286,Hindi,SVBI,nat+interp,The time was considered auspicious., the time was considered auspicious.,0.0
arctic_b0286,Hindi,SVBI,nat+noise,The time was considered auspicious., The time was was,0.4
arctic_b0286,Hindi,SVBI,l2+l2,The time was considered auspicious., The time was considered auspicious.,0.0
arctic_b0286,Hindi,SVBI,l2+l2_diff_utt,The time was considered auspicious., The time was considered auspicious.,0.0
arctic_b0286,Hindi,SVBI,l2+nat_same,The time was considered auspicious., The time was considered auspicious.,0.0
arctic_b0286,Hindi,SVBI,l2+interp,The time was considered auspicious., The time was considered auspicious.,0.0
arctic_b0286,Hindi,SVBI,l2+noise,The time was considered auspicious., The time was,0.4
arctic_b0286,Hindi,SVBI,nat+zero_0,The time was considered auspicious., the time was considered auspicious.,0.0
arctic_b0286,Hindi,SVBI,l2+zero_0,The time was considered auspicious., The time was considered auspicious.,0.0
arctic_b0286,Hindi,SVBI,nat+zero_100,The time was considered auspicious., the time was considered auspicious.,0.0
arctic_b0286,Hindi,SVBI,l2+zero_100,The time was considered auspicious., The time was considered auspicious.,0.0
arctic_b0286,Hindi,SVBI,nat+zero_200,The time was considered auspicious., the time was considered auspicious.,0.0
arctic_b0286,Hindi,SVBI,l2+zero_200,The time was considered auspicious., The time was considered auspicious.,0.0
arctic_b0286,Hindi,SVBI,nat+zero_400,The time was considered auspicious., the time was considered auspicious.,0.0
arctic_b0286,Hindi,SVBI,l2+zero_400,The time was considered auspicious., The time was considered auspicious.,0.0
arctic_b0286,Hindi,SVBI,nat+zero_800,The time was considered auspicious., the time was considered auspicious.,0.0
arctic_b0286,Hindi,SVBI,l2+zero_800,The time was considered auspicious., The time was considered auspicious.,0.0
arctic_b0286,Hindi,SVBI,nat+empty_pad,The time was considered auspicious., The time was considered auspicious.,0.0
arctic_b0286,Hindi,SVBI,l2+empty_pad,The time was considered auspicious., The time was considered auspicious.,0.0
arctic_b0286,Korean,HJK,nat+nat,The time was considered auspicious., the time was considered auspicious.,0.0
arctic_b0286,Korean,HJK,nat+nat_diff_utt,The time was considered auspicious., the time was considered auspicious.,0.0
arctic_b0286,Korean,HJK,nat+l2_same,The time was considered auspicious., the time was considered auspicious.,0.0
arctic_b0286,Korean,HJK,nat+interp,The time was considered auspicious., The time was considered was considered auspicious.,0.4
arctic_b0286,Korean,HJK,nat+noise,The time was considered auspicious., The time was was,0.4
arctic_b0286,Korean,HJK,l2+l2,The time was considered auspicious., The time was considered auspicious.,0.0
arctic_b0286,Korean,HJK,l2+l2_diff_utt,The time was considered auspicious., The time was considered auspicious.,0.0
arctic_b0286,Korean,HJK,l2+nat_same,The time was considered auspicious., The time was considered auspicious.,0.0
arctic_b0286,Korean,HJK,l2+interp,The time was considered auspicious.," The time was considered aus,",0.2
arctic_b0286,Korean,HJK,l2+noise,The time was considered auspicious., The time was was,0.4
arctic_b0286,Korean,HJK,nat+zero_0,The time was considered auspicious., the time was considered auspicious.,0.0
arctic_b0286,Korean,HJK,l2+zero_0,The time was considered auspicious., The time was considered auspicious.,0.0
arctic_b0286,Korean,HJK,nat+zero_100,The time was considered auspicious., the time was considered auspicious.,0.0
arctic_b0286,Korean,HJK,l2+zero_100,The time was considered auspicious., The time was considered auspicious.,0.0
arctic_b0286,Korean,HJK,nat+zero_200,The time was considered auspicious., the time was considered auspicious.,0.0
arctic_b0286,Korean,HJK,l2+zero_200,The time was considered auspicious., The time was considered auspicious.,0.0
arctic_b0286,Korean,HJK,nat+zero_400,The time was considered auspicious., the time was considered auspicious.,0.0
arctic_b0286,Korean,HJK,l2+zero_400,The time was considered auspicious., The time was considered auspicious.,0.0
arctic_b0286,Korean,HJK,nat+zero_800,The time was considered auspicious., the time was considered auspicious.,0.0
arctic_b0286,Korean,HJK,l2+zero_800,The time was considered auspicious., The time was considered auspicious.,0.0
arctic_b0286,Korean,HJK,nat+empty_pad,The time was considered auspicious., The time was considered auspicious.,0.0
arctic_b0286,Korean,HJK,l2+empty_pad,The time was considered auspicious., The time was considered auspicious.,0.0
arctic_b0286,Spanish,EBVS,nat+nat,The time was considered auspicious., the time was considered auspicious.,0.0
arctic_b0286,Spanish,EBVS,nat+nat_diff_utt,The time was considered auspicious., the time was considered auspicious.,0.0
arctic_b0286,Spanish,EBVS,nat+l2_same,The time was considered auspicious., the time was considered auspicious.,0.0
arctic_b0286,Spanish,EBVS,nat+interp,The time was considered auspicious., The time was considered was considered,0.4
arctic_b0286,Spanish,EBVS,nat+noise,The time was considered auspicious., The time was was,0.4
arctic_b0286,Spanish,EBVS,l2+l2,The time was considered auspicious., the time was considered as species.,0.4
arctic_b0286,Spanish,EBVS,l2+l2_diff_utt,The time was considered auspicious., the time was considered as species.,0.4
arctic_b0286,Spanish,EBVS,l2+nat_same,The time was considered auspicious., the time was considered as species.,0.4
arctic_b0286,Spanish,EBVS,l2+interp,The time was considered auspicious., The time was considered as species.,0.4
arctic_b0286,Spanish,EBVS,l2+noise,The time was considered auspicious., The time was considered was considered was,0.6
arctic_b0286,Spanish,EBVS,nat+zero_0,The time was considered auspicious., the time was considered auspicious.,0.0
arctic_b0286,Spanish,EBVS,l2+zero_0,The time was considered auspicious., the time was considered as vicious.,0.4
arctic_b0286,Spanish,EBVS,nat+zero_100,The time was considered auspicious., the time was considered auspicious.,0.0
arctic_b0286,Spanish,EBVS,l2+zero_100,The time was considered auspicious., the time was considered as vicious.,0.4
arctic_b0286,Spanish,EBVS,nat+zero_200,The time was considered auspicious., the time was considered auspicious.,0.0
arctic_b0286,Spanish,EBVS,l2+zero_200,The time was considered auspicious., the time was considered as vicious.,0.4
arctic_b0286,Spanish,EBVS,nat+zero_400,The time was considered auspicious., the time was considered auspicious.,0.0
arctic_b0286,Spanish,EBVS,l2+zero_400,The time was considered auspicious., the time was considered as vicious.,0.4
arctic_b0286,Spanish,EBVS,nat+zero_800,The time was considered auspicious., the time was considered auspicious.,0.0
arctic_b0286,Spanish,EBVS,l2+zero_800,The time was considered auspicious., the time was considered as vicious.,0.4
arctic_b0286,Spanish,EBVS,nat+empty_pad,The time was considered auspicious., The time was considered auspicious.,0.0
arctic_b0286,Spanish,EBVS,l2+empty_pad,The time was considered auspicious., the time was considered as species.,0.4
arctic_b0286,Vietnamese,HQTV,nat+nat,The time was considered auspicious., the time was considered auspicious.,0.0
arctic_b0286,Vietnamese,HQTV,nat+nat_diff_utt,The time was considered auspicious., the time was considered auspicious.,0.0
arctic_b0286,Vietnamese,HQTV,nat+l2_same,The time was considered auspicious., the time was considered auspicious.,0.0
arctic_b0286,Vietnamese,HQTV,nat+interp,The time was considered auspicious., The time was considered was,0.2
arctic_b0286,Vietnamese,HQTV,nat+noise,The time was considered auspicious., The time was was,0.4
arctic_b0286,Vietnamese,HQTV,l2+l2,The time was considered auspicious., the term will consider our species.,1.0
arctic_b0286,Vietnamese,HQTV,l2+l2_diff_utt,The time was considered auspicious., the term will consider our species.,1.0
arctic_b0286,Vietnamese,HQTV,l2+nat_same,The time was considered auspicious., the term will consider our species.,1.0
arctic_b0286,Vietnamese,HQTV,l2+interp,The time was considered auspicious., The time will consider our species,0.8
arctic_b0286,Vietnamese,HQTV,l2+noise,The time was considered auspicious., The term will,0.8
arctic_b0286,Vietnamese,HQTV,nat+zero_0,The time was considered auspicious., the time was considered auspicious.,0.0
arctic_b0286,Vietnamese,HQTV,l2+zero_0,The time was considered auspicious., the time will consider our species.,0.8
arctic_b0286,Vietnamese,HQTV,nat+zero_100,The time was considered auspicious., the time was considered auspicious.,0.0
arctic_b0286,Vietnamese,HQTV,l2+zero_100,The time was considered auspicious., the time will consider our species.,0.8
arctic_b0286,Vietnamese,HQTV,nat+zero_200,The time was considered auspicious., the time was considered auspicious.,0.0
arctic_b0286,Vietnamese,HQTV,l2+zero_200,The time was considered auspicious., the time will consider our species.,0.8
arctic_b0286,Vietnamese,HQTV,nat+zero_400,The time was considered auspicious., the time was considered auspicious.,0.0
arctic_b0286,Vietnamese,HQTV,l2+zero_400,The time was considered auspicious., the time will consider our species.,0.8
arctic_b0286,Vietnamese,HQTV,nat+zero_800,The time was considered auspicious., the time was considered auspicious.,0.0
arctic_b0286,Vietnamese,HQTV,l2+zero_800,The time was considered auspicious., the term will consider our species.,1.0
arctic_b0286,Vietnamese,HQTV,nat+empty_pad,The time was considered auspicious., The time was considered auspicious.,0.0
arctic_b0286,Vietnamese,HQTV,l2+empty_pad,The time was considered auspicious., the term will consider our species.,1.0
arctic_b0298,Arabic,ZHAA,nat+nat,His hand shot out and clutched Crooked-Leg by the neck., His hand shot out and clutched crooked leg by the neck.,0.2
arctic_b0298,Arabic,ZHAA,nat+nat_diff_utt,His hand shot out and clutched Crooked-Leg by the neck., His hand shot out and clutched crooked leg by the neck.,0.2
arctic_b0298,Arabic,ZHAA,nat+l2_same,His hand shot out and clutched Crooked-Leg by the neck., His hand shot out and clutched crooked leg by the neck.,0.2
arctic_b0298,Arabic,ZHAA,nat+interp,His hand shot out and clutched Crooked-Leg by the neck., His hand shot out and clutched,0.4
arctic_b0298,Arabic,ZHAA,nat+noise,His hand shot out and clutched Crooked-Leg by the neck., His hand,0.8
arctic_b0298,Arabic,ZHAA,l2+l2,His hand shot out and clutched Crooked-Leg by the neck., His hands shot out and clutched crooked leg by the neck.,0.3
arctic_b0298,Arabic,ZHAA,l2+l2_diff_utt,His hand shot out and clutched Crooked-Leg by the neck., His hands shot out and clutched crooked leg by the neck.,0.3
arctic_b0298,Arabic,ZHAA,l2+nat_same,His hand shot out and clutched Crooked-Leg by the neck., His hands shot out and clutched crooked leg by the neck.,0.3
arctic_b0298,Arabic,ZHAA,l2+interp,His hand shot out and clutched Crooked-Leg by the neck., His hands shot out and clutch crooked,0.6
arctic_b0298,Arabic,ZHAA,l2+noise,His hand shot out and clutched Crooked-Leg by the neck., His hands his hands,0.9
arctic_b0298,Arabic,ZHAA,nat+zero_0,His hand shot out and clutched Crooked-Leg by the neck., His hand shot out and clutched crooked leg by the neck.,0.2
arctic_b0298,Arabic,ZHAA,l2+zero_0,His hand shot out and clutched Crooked-Leg by the neck., His hands shot out and clutched crook leg by the neck.,0.3
arctic_b0298,Arabic,ZHAA,nat+zero_100,His hand shot out and clutched Crooked-Leg by the neck., his hand shot out and clutched crooked leg by the neck.,0.2
arctic_b0298,Arabic,ZHAA,l2+zero_100,His hand shot out and clutched Crooked-Leg by the neck., His hands shot out and clutched crook leg by the neck.,0.3
arctic_b0298,Arabic,ZHAA,nat+zero_200,His hand shot out and clutched Crooked-Leg by the neck., his hand shot out and clutched crooked leg by the neck.,0.2
arctic_b0298,Arabic,ZHAA,l2+zero_200,His hand shot out and clutched Crooked-Leg by the neck., His hands shot out and clutched crook leg by the neck.,0.3
arctic_b0298,Arabic,ZHAA,nat+zero_400,His hand shot out and clutched Crooked-Leg by the neck., his hand shot out and clutched crooked leg by the neck.,0.2
arctic_b0298,Arabic,ZHAA,l2+zero_400,His hand shot out and clutched Crooked-Leg by the neck., His hands shot out and clutched crook leg by the neck.,0.3
arctic_b0298,Arabic,ZHAA,nat+zero_800,His hand shot out and clutched Crooked-Leg by the neck., his hand shot out and clutched crooked leg by the neck.,0.2
arctic_b0298,Arabic,ZHAA,l2+zero_800,His hand shot out and clutched Crooked-Leg by the neck., His hands shot out and clutched crooked leg by the neck.,0.3
arctic_b0298,Arabic,ZHAA,nat+empty_pad,His hand shot out and clutched Crooked-Leg by the neck., His hand shot out and clutched crooked leg by the neck.,0.2
arctic_b0298,Arabic,ZHAA,l2+empty_pad,His hand shot out and clutched Crooked-Leg by the neck., His hands shot out and clutched crooked leg by the neck.,0.3
arctic_b0298,Chinese,BWC,nat+nat,His hand shot out and clutched Crooked-Leg by the neck., His hand shot out and clutched crooked leg by the neck.,0.2
arctic_b0298,Chinese,BWC,nat+nat_diff_utt,His hand shot out and clutched Crooked-Leg by the neck., His hand shot out and clutched crooked leg by the neck.,0.2
arctic_b0298,Chinese,BWC,nat+l2_same,His hand shot out and clutched Crooked-Leg by the neck., His hand shot out and clutched crooked leg by the neck.,0.2
arctic_b0298,Chinese,BWC,nat+interp,His hand shot out and clutched Crooked-Leg by the neck., His hand shot out and clutched crooked leg by the neck.,0.2
arctic_b0298,Chinese,BWC,nat+noise,His hand shot out and clutched Crooked-Leg by the neck., His hand,0.8
arctic_b0298,Chinese,BWC,l2+l2,His hand shot out and clutched Crooked-Leg by the neck., His hand shook out and clenched croak leg by the neck.,0.4
arctic_b0298,Chinese,BWC,l2+l2_diff_utt,His hand shot out and clutched Crooked-Leg by the neck., His hand shook out and clenched croak leg by the neck.,0.4
arctic_b0298,Chinese,BWC,l2+nat_same,His hand shot out and clutched Crooked-Leg by the neck., His hand shook out and clenched croak leg by the neck.,0.4
arctic_b0298,Chinese,BWC,l2+interp,His hand shot out and clutched Crooked-Leg by the neck., His hand shook out and clenched croak leg by the neck.,0.4
arctic_b0298,Chinese,BWC,l2+noise,His hand shot out and clutched Crooked-Leg by the neck., His hand shook out and,0.6
arctic_b0298,Chinese,BWC,nat+zero_0,His hand shot out and clutched Crooked-Leg by the neck., His hand shot out and clutched crooked leg by the neck.,0.2
arctic_b0298,Chinese,BWC,l2+zero_0,His hand shot out and clutched Crooked-Leg by the neck., His hand shook out and clunged croak leg by the neck.,0.4
arctic_b0298,Chinese,BWC,nat+zero_100,His hand shot out and clutched Crooked-Leg by the neck., his hand shot out and clutched crooked leg by the neck.,0.2
arctic_b0298,Chinese,BWC,l2+zero_100,His hand shot out and clutched Crooked-Leg by the neck., His hand shook out and clunged croak leg by the neck.,0.4
arctic_b0298,Chinese,BWC,nat+zero_200,His hand shot out and clutched Crooked-Leg by the neck., his hand shot out and clutched crooked leg by the neck.,0.2
arctic_b0298,Chinese,BWC,l2+zero_200,His hand shot out and clutched Crooked-Leg by the neck., His hand shook out and clunged croak leg by the neck.,0.4
arctic_b0298,Chinese,BWC,nat+zero_400,His hand shot out and clutched Crooked-Leg by the neck., his hand shot out and clutched crooked leg by the neck.,0.2
arctic_b0298,Chinese,BWC,l2+zero_400,His hand shot out and clutched Crooked-Leg by the neck., His hand shook out and clunged croak leg by the neck.,0.4
arctic_b0298,Chinese,BWC,nat+zero_800,His hand shot out and clutched Crooked-Leg by the neck., his hand shot out and clutched crooked leg by the neck.,0.2
arctic_b0298,Chinese,BWC,l2+zero_800,His hand shot out and clutched Crooked-Leg by the neck., His hand shook out and clenched croak leg by the neck.,0.4
arctic_b0298,Chinese,BWC,nat+empty_pad,His hand shot out and clutched Crooked-Leg by the neck., His hand shot out and clutched crooked leg by the neck.,0.2
arctic_b0298,Chinese,BWC,l2+empty_pad,His hand shot out and clutched Crooked-Leg by the neck., His hand shook out and clenched croak leg by the neck.,0.4
arctic_b0298,Hindi,SVBI,nat+nat,His hand shot out and clutched Crooked-Leg by the neck., His hand shot out and clutched crooked leg by the neck.,0.2
arctic_b0298,Hindi,SVBI,nat+nat_diff_utt,His hand shot out and clutched Crooked-Leg by the neck., His hand shot out and clutched crooked leg by the neck.,0.2
arctic_b0298,Hindi,SVBI,nat+l2_same,His hand shot out and clutched Crooked-Leg by the neck., His hand shot out and clutched crooked leg by the neck.,0.2
arctic_b0298,Hindi,SVBI,nat+interp,His hand shot out and clutched Crooked-Leg by the neck., His hand shot out and clutched crooked leg by the neck.,0.2
arctic_b0298,Hindi,SVBI,nat+noise,His hand shot out and clutched Crooked-Leg by the neck., His hand,0.8
arctic_b0298,Hindi,SVBI,l2+l2,His hand shot out and clutched Crooked-Leg by the neck., His hand shot out and clutched crook leg by the neck.,0.2
arctic_b0298,Hindi,SVBI,l2+l2_diff_utt,His hand shot out and clutched Crooked-Leg by the neck., His hand shot out and clutched crook leg by the neck.,0.2
arctic_b0298,Hindi,SVBI,l2+nat_same,His hand shot out and clutched Crooked-Leg by the neck., His hand shot out and clutched crook leg by the neck.,0.2
arctic_b0298,Hindi,SVBI,l2+interp,His hand shot out and clutched Crooked-Leg by the neck., His hand shot out and clutched crook leg by the neck.,0.2
arctic_b0298,Hindi,SVBI,l2+noise,His hand shot out and clutched Crooked-Leg by the neck., His hand,0.8
arctic_b0298,Hindi,SVBI,nat+zero_0,His hand shot out and clutched Crooked-Leg by the neck., His hand shot out and clutched crooked leg by the neck.,0.2
arctic_b0298,Hindi,SVBI,l2+zero_0,His hand shot out and clutched Crooked-Leg by the neck., His hand shot out and clutched crook leg with a neck.,0.4
arctic_b0298,Hindi,SVBI,nat+zero_100,His hand shot out and clutched Crooked-Leg by the neck., his hand shot out and clutched crooked leg by the neck.,0.2
arctic_b0298,Hindi,SVBI,l2+zero_100,His hand shot out and clutched Crooked-Leg by the neck., His hand shot out and clutched crook leg with a neck.,0.4
arctic_b0298,Hindi,SVBI,nat+zero_200,His hand shot out and clutched Crooked-Leg by the neck., his hand shot out and clutched crooked leg by the neck.,0.2
arctic_b0298,Hindi,SVBI,l2+zero_200,His hand shot out and clutched Crooked-Leg by the neck., His hand shot out and clutched crook leg with a neck.,0.4
arctic_b0298,Hindi,SVBI,nat+zero_400,His hand shot out and clutched Crooked-Leg by the neck., his hand shot out and clutched crooked leg by the neck.,0.2
arctic_b0298,Hindi,SVBI,l2+zero_400,His hand shot out and clutched Crooked-Leg by the neck., His hand shot out and clutched crook leg with a neck.,0.4
arctic_b0298,Hindi,SVBI,nat+zero_800,His hand shot out and clutched Crooked-Leg by the neck., his hand shot out and clutched crooked leg by the neck.,0.2
arctic_b0298,Hindi,SVBI,l2+zero_800,His hand shot out and clutched Crooked-Leg by the neck., His hand shot out and clutched crook leg by the neck.,0.2
arctic_b0298,Hindi,SVBI,nat+empty_pad,His hand shot out and clutched Crooked-Leg by the neck., His hand shot out and clutched crooked leg by the neck.,0.2
arctic_b0298,Hindi,SVBI,l2+empty_pad,His hand shot out and clutched Crooked-Leg by the neck., His hand shot out and clutched crook leg by the neck.,0.2
arctic_b0298,Korean,HJK,nat+nat,His hand shot out and clutched Crooked-Leg by the neck., His hand shot out and clutched crooked leg by the neck.,0.2
arctic_b0298,Korean,HJK,nat+nat_diff_utt,His hand shot out and clutched Crooked-Leg by the neck., His hand shot out and clutched crooked leg by the neck.,0.2
arctic_b0298,Korean,HJK,nat+l2_same,His hand shot out and clutched Crooked-Leg by the neck., His hand shot out and clutched crooked leg by the neck.,0.2
arctic_b0298,Korean,HJK,nat+interp,His hand shot out and clutched Crooked-Leg by the neck., His hand shot out and clutched crooked leg by the neck.,0.2
arctic_b0298,Korean,HJK,nat+noise,His hand shot out and clutched Crooked-Leg by the neck., His hand,0.8
arctic_b0298,Korean,HJK,l2+l2,His hand shot out and clutched Crooked-Leg by the neck.," His hands shut out and clutched, crooked legs by the neck.",0.4
arctic_b0298,Korean,HJK,l2+l2_diff_utt,His hand shot out and clutched Crooked-Leg by the neck.," His hands shut out and clutched, crooked legs by the neck.",0.4
arctic_b0298,Korean,HJK,l2+nat_same,His hand shot out and clutched Crooked-Leg by the neck.," His hands shut out and clutched, crooked legs by the neck.",0.4
arctic_b0298,Korean,HJK,l2+interp,His hand shot out and clutched Crooked-Leg by the neck.," His hands shut out and clutched, crooked leg by the neck.",0.4
arctic_b0298,Korean,HJK,l2+noise,His hand shot out and clutched Crooked-Leg by the neck., His hand,0.8
arctic_b0298,Korean,HJK,nat+zero_0,His hand shot out and clutched Crooked-Leg by the neck., His hand shot out and clutched crooked leg by the neck.,0.2
arctic_b0298,Korean,HJK,l2+zero_0,His hand shot out and clutched Crooked-Leg by the neck.," His hand shut out and clutched, crooked leg by the neck.",0.3
arctic_b0298,Korean,HJK,nat+zero_100,His hand shot out and clutched Crooked-Leg by the neck., his hand shot out and clutched crooked leg by the neck.,0.2
arctic_b0298,Korean,HJK,l2+zero_100,His hand shot out and clutched Crooked-Leg by the neck.," His hands shut out and clutched, crooked legs by the neck.",0.4
arctic_b0298,Korean,HJK,nat+zero_200,His hand shot out and clutched Crooked-Leg by the neck., his hand shot out and clutched crooked leg by the neck.,0.2
arctic_b0298,Korean,HJK,l2+zero_200,His hand shot out and clutched Crooked-Leg by the neck.," His hands shut out and clutched, crooked legs by the neck.",0.4
arctic_b0298,Korean,HJK,nat+zero_400,His hand shot out and clutched Crooked-Leg by the neck., his hand shot out and clutched crooked leg by the neck.,0.2
arctic_b0298,Korean,HJK,l2+zero_400,His hand shot out and clutched Crooked-Leg by the neck.," His hands shut out and clutched, crooked legs by the neck.",0.4
arctic_b0298,Korean,HJK,nat+zero_800,His hand shot out and clutched Crooked-Leg by the neck., his hand shot out and clutched crooked leg by the neck.,0.2
arctic_b0298,Korean,HJK,l2+zero_800,His hand shot out and clutched Crooked-Leg by the neck.," His hands shut out and clutched, crooked legs by the neck.",0.4
arctic_b0298,Korean,HJK,nat+empty_pad,His hand shot out and clutched Crooked-Leg by the neck., His hand shot out and clutched crooked leg by the neck.,0.2
arctic_b0298,Korean,HJK,l2+empty_pad,His hand shot out and clutched Crooked-Leg by the neck.," His hands shut out and clutched, crooked legs by the neck.",0.4
arctic_b0298,Spanish,EBVS,nat+nat,His hand shot out and clutched Crooked-Leg by the neck., His hand shot out and clutched crooked leg by the neck.,0.2
arctic_b0298,Spanish,EBVS,nat+nat_diff_utt,His hand shot out and clutched Crooked-Leg by the neck., His hand shot out and clutched crooked leg by the neck.,0.2
arctic_b0298,Spanish,EBVS,nat+l2_same,His hand shot out and clutched Crooked-Leg by the neck., His hand shot out and clutched crooked leg by the neck.,0.2
arctic_b0298,Spanish,EBVS,nat+interp,His hand shot out and clutched Crooked-Leg by the neck., His hand shot out and clutched crooked leg by the neck.,0.2
arctic_b0298,Spanish,EBVS,nat+noise,His hand shot out and clutched Crooked-Leg by the neck., His hand,0.8
arctic_b0298,Spanish,EBVS,l2+l2,His hand shot out and clutched Crooked-Leg by the neck., His hand shot out and clutched Crooked leg by the neck.,0.2
arctic_b0298,Spanish,EBVS,l2+l2_diff_utt,His hand shot out and clutched Crooked-Leg by the neck., His hand shot out and clutched Crooked leg by the neck.,0.2
arctic_b0298,Spanish,EBVS,l2+nat_same,His hand shot out and clutched Crooked-Leg by the neck., His hand shot out and clutched Crooked leg by the neck.,0.2
arctic_b0298,Spanish,EBVS,l2+interp,His hand shot out and clutched Crooked-Leg by the neck., His hand shot out and clutched Crooked leg by the neck.,0.2
arctic_b0298,Spanish,EBVS,l2+noise,His hand shot out and clutched Crooked-Leg by the neck., His hand,0.8
arctic_b0298,Spanish,EBVS,nat+zero_0,His hand shot out and clutched Crooked-Leg by the neck., His hand shot out and clutched crooked leg by the neck.,0.2
arctic_b0298,Spanish,EBVS,l2+zero_0,His hand shot out and clutched Crooked-Leg by the neck., His hand shot out and clutched Crooked leg by the neck.,0.2
arctic_b0298,Spanish,EBVS,nat+zero_100,His hand shot out and clutched Crooked-Leg by the neck., his hand shot out and clutched crooked leg by the neck.,0.2
arctic_b0298,Spanish,EBVS,l2+zero_100,His hand shot out and clutched Crooked-Leg by the neck., his hand shot out and clutched Crooked leg by the neck.,0.2
arctic_b0298,Spanish,EBVS,nat+zero_200,His hand shot out and clutched Crooked-Leg by the neck., his hand shot out and clutched crooked leg by the neck.,0.2
arctic_b0298,Spanish,EBVS,l2+zero_200,His hand shot out and clutched Crooked-Leg by the neck., his hand shot out and clutched Crooked leg by the neck.,0.2
arctic_b0298,Spanish,EBVS,nat+zero_400,His hand shot out and clutched Crooked-Leg by the neck., his hand shot out and clutched crooked leg by the neck.,0.2
arctic_b0298,Spanish,EBVS,l2+zero_400,His hand shot out and clutched Crooked-Leg by the neck., his hand shot out and clutched Crooked leg by the neck.,0.2
arctic_b0298,Spanish,EBVS,nat+zero_800,His hand shot out and clutched Crooked-Leg by the neck., his hand shot out and clutched crooked leg by the neck.,0.2
arctic_b0298,Spanish,EBVS,l2+zero_800,His hand shot out and clutched Crooked-Leg by the neck., his hand shot out and clutched Crooked leg by the neck.,0.2
arctic_b0298,Spanish,EBVS,nat+empty_pad,His hand shot out and clutched Crooked-Leg by the neck., His hand shot out and clutched crooked leg by the neck.,0.2
arctic_b0298,Spanish,EBVS,l2+empty_pad,His hand shot out and clutched Crooked-Leg by the neck., His hand shot out and clutched Crooked leg by the neck.,0.2
arctic_b0298,Vietnamese,HQTV,nat+nat,His hand shot out and clutched Crooked-Leg by the neck., His hand shot out and clutched crooked leg by the neck.,0.2
arctic_b0298,Vietnamese,HQTV,nat+nat_diff_utt,His hand shot out and clutched Crooked-Leg by the neck., His hand shot out and clutched crooked leg by the neck.,0.2
arctic_b0298,Vietnamese,HQTV,nat+l2_same,His hand shot out and clutched Crooked-Leg by the neck., his hand shot out and clutched crooked leg by the neck.,0.2
arctic_b0298,Vietnamese,HQTV,nat+interp,His hand shot out and clutched Crooked-Leg by the neck., His hand shot out and clutched,0.4
arctic_b0298,Vietnamese,HQTV,nat+noise,His hand shot out and clutched Crooked-Leg by the neck., His hand,0.8
arctic_b0298,Vietnamese,HQTV,l2+l2,His hand shot out and clutched Crooked-Leg by the neck., his hand sought out and clutched crockily leg by the neck,0.3
arctic_b0298,Vietnamese,HQTV,l2+l2_diff_utt,His hand shot out and clutched Crooked-Leg by the neck.," He's then shot out and clutched, crockily leg by the neck.",0.4
arctic_b0298,Vietnamese,HQTV,l2+nat_same,His hand shot out and clutched Crooked-Leg by the neck.," He's then shot out and clutched, crockily leg by the neck.",0.4
arctic_b0298,Vietnamese,HQTV,l2+interp,His hand shot out and clutched Crooked-Leg by the neck., his and sought out and clutch crockley leg by the neck,0.5
arctic_b0298,Vietnamese,HQTV,l2+noise,His hand shot out and clutched Crooked-Leg by the neck., He's sought out and clutched crockley leg by the neck,0.5
arctic_b0298,Vietnamese,HQTV,nat+zero_0,His hand shot out and clutched Crooked-Leg by the neck., His hand shot out and clutched crooked leg by the neck.,0.2
arctic_b0298,Vietnamese,HQTV,l2+zero_0,His hand shot out and clutched Crooked-Leg by the neck., He's in salt out and clutched crockle leg by the neck.,0.5
arctic_b0298,Vietnamese,HQTV,nat+zero_100,His hand shot out and clutched Crooked-Leg by the neck., his hand shot out and clutched crooked leg by the neck.,0.2
arctic_b0298,Vietnamese,HQTV,l2+zero_100,His hand shot out and clutched Crooked-Leg by the neck.," He's in shot out in clutch, crockley leg by the neck.",0.6
arctic_b0298,Vietnamese,HQTV,nat+zero_200,His hand shot out and clutched Crooked-Leg by the neck., his hand shot out and clutched crooked leg by the neck.,0.2
arctic_b0298,Vietnamese,HQTV,l2+zero_200,His hand shot out and clutched Crooked-Leg by the neck.," He's in shot out in clutch, crockley leg by the neck.",0.6
arctic_b0298,Vietnamese,HQTV,nat+zero_400,His hand shot out and clutched Crooked-Leg by the neck., his hand shot out and clutched crooked leg by the neck.,0.2
arctic_b0298,Vietnamese,HQTV,l2+zero_400,His hand shot out and clutched Crooked-Leg by the neck.," He's been sought out in clutch, crockily like by the neck.",0.7
arctic_b0298,Vietnamese,HQTV,nat+zero_800,His hand shot out and clutched Crooked-Leg by the neck., his hand shot out and clutched crooked leg by the neck.,0.2
arctic_b0298,Vietnamese,HQTV,l2+zero_800,His hand shot out and clutched Crooked-Leg by the neck.," He's been shot out and clutched, crockily leg by the neck.",0.4
arctic_b0298,Vietnamese,HQTV,nat+empty_pad,His hand shot out and clutched Crooked-Leg by the neck., His hand shot out and clutched crooked leg by the neck.,0.2
arctic_b0298,Vietnamese,HQTV,l2+empty_pad,His hand shot out and clutched Crooked-Leg by the neck.," He's been shot out and clutched, crockily leg by the neck.",0.4
arctic_b0304,Arabic,ZHAA,nat+nat,His previous wives had never lived long enough to bear him children., His previous wives had never lived long enough to bear him children.,0.0
arctic_b0304,Arabic,ZHAA,nat+nat_diff_utt,His previous wives had never lived long enough to bear him children., His previous wives had never lived long enough to bear him children.,0.0
arctic_b0304,Arabic,ZHAA,nat+l2_same,His previous wives had never lived long enough to bear him children., His previous wives had never lived long enough to bear him children.,0.0
arctic_b0304,Arabic,ZHAA,nat+interp,His previous wives had never lived long enough to bear him children., His previous wives had never lived long enough to bear him children.,0.0
arctic_b0304,Arabic,ZHAA,nat+noise,His previous wives had never lived long enough to bear him children., His previous wives had never lived long enough to bear him children,0.0
arctic_b0304,Arabic,ZHAA,l2+l2,His previous wives had never lived long enough to bear him children., His briefest wife had never lived long enough to bear him children.,0.16666666666666666
arctic_b0304,Arabic,ZHAA,l2+l2_diff_utt,His previous wives had never lived long enough to bear him children., His briefest wives had never lived long enough to bear him children.,0.08333333333333333
arctic_b0304,Arabic,ZHAA,l2+nat_same,His previous wives had never lived long enough to bear him children., His briefest wives had never lived long enough to bear him children.,0.08333333333333333
arctic_b0304,Arabic,ZHAA,l2+interp,His previous wives had never lived long enough to bear him children., His brief his wife's had never lived long enough to bear him children.,0.25
arctic_b0304,Arabic,ZHAA,l2+noise,His previous wives had never lived long enough to bear him children., His a,0.9166666666666666
arctic_b0304,Arabic,ZHAA,nat+zero_0,His previous wives had never lived long enough to bear him children., His previous wives had never lived long enough to bear him children.,0.0
arctic_b0304,Arabic,ZHAA,l2+zero_0,His previous wives had never lived long enough to bear him children., His briefest wives had never lived long enough to bear him children.,0.08333333333333333
arctic_b0304,Arabic,ZHAA,nat+zero_100,His previous wives had never lived long enough to bear him children., His previous wives had never lived long enough to bear him children.,0.0
arctic_b0304,Arabic,ZHAA,l2+zero_100,His previous wives had never lived long enough to bear him children., His briefest wives had never lived long enough to bear him children.,0.08333333333333333
arctic_b0304,Arabic,ZHAA,nat+zero_200,His previous wives had never lived long enough to bear him children., His previous wives had never lived long enough to bear him children.,0.0
arctic_b0304,Arabic,ZHAA,l2+zero_200,His previous wives had never lived long enough to bear him children., His briefest wives had never lived long enough to bear him children.,0.08333333333333333
arctic_b0304,Arabic,ZHAA,nat+zero_400,His previous wives had never lived long enough to bear him children., His previous wives had never lived long enough to bear him children.,0.0
arctic_b0304,Arabic,ZHAA,l2+zero_400,His previous wives had never lived long enough to bear him children., His briefest wives had never lived long enough to bear him children.,0.08333333333333333
arctic_b0304,Arabic,ZHAA,nat+zero_800,His previous wives had never lived long enough to bear him children., His previous wives had never lived long enough to bear him children.,0.0
arctic_b0304,Arabic,ZHAA,l2+zero_800,His previous wives had never lived long enough to bear him children., His briefest wives had never lived long enough to bear him children.,0.08333333333333333
arctic_b0304,Arabic,ZHAA,nat+empty_pad,His previous wives had never lived long enough to bear him children., His previous wives had never lived long enough to bear him children.,0.0
arctic_b0304,Arabic,ZHAA,l2+empty_pad,His previous wives had never lived long enough to bear him children., His briefest wife's had never lived long enough to bear him children.,0.16666666666666666
arctic_b0304,Chinese,BWC,nat+nat,His previous wives had never lived long enough to bear him children., His previous wives had never lived long enough to bear him children.,0.0
arctic_b0304,Chinese,BWC,nat+nat_diff_utt,His previous wives had never lived long enough to bear him children., His previous wives had never lived long enough to bear him children.,0.0
arctic_b0304,Chinese,BWC,nat+l2_same,His previous wives had never lived long enough to bear him children., his previous wives had never lived long enough to bear him children.,0.0
arctic_b0304,Chinese,BWC,nat+interp,His previous wives had never lived long enough to bear him children., His previous wives had never lived long enough to bear him children.,0.0
arctic_b0304,Chinese,BWC,nat+noise,His previous wives had never lived long enough to bear him children., His previous wives had never lived long enough to bear him children,0.0
arctic_b0304,Chinese,BWC,l2+l2,His previous wives had never lived long enough to bear him children., his previous wives had never lived long enough to bear him children.,0.0
arctic_b0304,Chinese,BWC,l2+l2_diff_utt,His previous wives had never lived long enough to bear him children., his previous wives had never lived long enough to bear him children.,0.0
arctic_b0304,Chinese,BWC,l2+nat_same,His previous wives had never lived long enough to bear him children., his previous wives had never lived long enough to bear him children.,0.0
arctic_b0304,Chinese,BWC,l2+interp,His previous wives had never lived long enough to bear him children., his previous wives had never lived long enough to bear him children.,0.0
arctic_b0304,Chinese,BWC,l2+noise,His previous wives had never lived long enough to bear him children., His previous wise had never lived long enough to bear him children.,0.08333333333333333
arctic_b0304,Chinese,BWC,nat+zero_0,His previous wives had never lived long enough to bear him children., His previous wives had never lived long enough to bear him children.,0.0
arctic_b0304,Chinese,BWC,l2+zero_0,His previous wives had never lived long enough to bear him children., His previous wives had never lived long enough to bear him children.,0.0
arctic_b0304,Chinese,BWC,nat+zero_100,His previous wives had never lived long enough to bear him children., His previous wives had never lived long enough to bear him children.,0.0
arctic_b0304,Chinese,BWC,l2+zero_100,His previous wives had never lived long enough to bear him children., his previous wives had never lived long enough to bear him children.,0.0
arctic_b0304,Chinese,BWC,nat+zero_200,His previous wives had never lived long enough to bear him children., His previous wives had never lived long enough to bear him children.,0.0
arctic_b0304,Chinese,BWC,l2+zero_200,His previous wives had never lived long enough to bear him children., his previous wives had never lived long enough to bear him children.,0.0
arctic_b0304,Chinese,BWC,nat+zero_400,His previous wives had never lived long enough to bear him children., His previous wives had never lived long enough to bear him children.,0.0
arctic_b0304,Chinese,BWC,l2+zero_400,His previous wives had never lived long enough to bear him children., his previous wives had never lived long enough to bear him children.,0.0
arctic_b0304,Chinese,BWC,nat+zero_800,His previous wives had never lived long enough to bear him children., His previous wives had never lived long enough to bear him children.,0.0
arctic_b0304,Chinese,BWC,l2+zero_800,His previous wives had never lived long enough to bear him children., his previous wives had never lived long enough to bear him children.,0.0
arctic_b0304,Chinese,BWC,nat+empty_pad,His previous wives had never lived long enough to bear him children., His previous wives had never lived long enough to bear him children.,0.0
arctic_b0304,Chinese,BWC,l2+empty_pad,His previous wives had never lived long enough to bear him children., his previous wives had never lived long enough to bear him children.,0.0
arctic_b0304,Hindi,SVBI,nat+nat,His previous wives had never lived long enough to bear him children., His previous wives had never lived long enough to bear him children.,0.0
arctic_b0304,Hindi,SVBI,nat+nat_diff_utt,His previous wives had never lived long enough to bear him children., His previous wives had never lived long enough to bear him children.,0.0
arctic_b0304,Hindi,SVBI,nat+l2_same,His previous wives had never lived long enough to bear him children., His previous wives had never lived long enough to bear him children.,0.0
arctic_b0304,Hindi,SVBI,nat+interp,His previous wives had never lived long enough to bear him children., His previous wives had never lived long enough to bear him children.,0.0
arctic_b0304,Hindi,SVBI,nat+noise,His previous wives had never lived long enough to bear him children., His previous wives had never lived long enough to bear him children,0.0
arctic_b0304,Hindi,SVBI,l2+l2,His previous wives had never lived long enough to bear him children., His previous wives had never lived long enough to bear him children.,0.0
arctic_b0304,Hindi,SVBI,l2+l2_diff_utt,His previous wives had never lived long enough to bear him children., His previous wives had never lived long enough to bear him children.,0.0
arctic_b0304,Hindi,SVBI,l2+nat_same,His previous wives had never lived long enough to bear him children., His previous wives had never lived long enough to bear him children.,0.0
arctic_b0304,Hindi,SVBI,l2+interp,His previous wives had never lived long enough to bear him children., His previous wives had never lived long enough to bear him children.,0.0
arctic_b0304,Hindi,SVBI,l2+noise,His previous wives had never lived long enough to bear him children., His previous wives had never had never lived long enough had,0.5
arctic_b0304,Hindi,SVBI,nat+zero_0,His previous wives had never lived long enough to bear him children., His previous wives had never lived long enough to bear him children.,0.0
arctic_b0304,Hindi,SVBI,l2+zero_0,His previous wives had never lived long enough to bear him children., His previous wives had never lived long enough to bear him children.,0.0
arctic_b0304,Hindi,SVBI,nat+zero_100,His previous wives had never lived long enough to bear him children., His previous wives had never lived long enough to bear him children.,0.0
arctic_b0304,Hindi,SVBI,l2+zero_100,His previous wives had never lived long enough to bear him children., His previous wives had never lived long enough to bear him children.,0.0
arctic_b0304,Hindi,SVBI,nat+zero_200,His previous wives had never lived long enough to bear him children., His previous wives had never lived long enough to bear him children.,0.0
arctic_b0304,Hindi,SVBI,l2+zero_200,His previous wives had never lived long enough to bear him children., His previous wives had never lived long enough to bear him children.,0.0
arctic_b0304,Hindi,SVBI,nat+zero_400,His previous wives had never lived long enough to bear him children., His previous wives had never lived long enough to bear him children.,0.0
arctic_b0304,Hindi,SVBI,l2+zero_400,His previous wives had never lived long enough to bear him children., His previous wives had never lived long enough to bear him children.,0.0
arctic_b0304,Hindi,SVBI,nat+zero_800,His previous wives had never lived long enough to bear him children., His previous wives had never lived long enough to bear him children.,0.0
arctic_b0304,Hindi,SVBI,l2+zero_800,His previous wives had never lived long enough to bear him children., His previous wives had never lived long enough to bear him children.,0.0
arctic_b0304,Hindi,SVBI,nat+empty_pad,His previous wives had never lived long enough to bear him children., His previous wives had never lived long enough to bear him children.,0.0
arctic_b0304,Hindi,SVBI,l2+empty_pad,His previous wives had never lived long enough to bear him children., His previous wives had never lived long enough to bear him children.,0.0
arctic_b0304,Korean,HJK,nat+nat,His previous wives had never lived long enough to bear him children., His previous wives had never lived long enough to bear him children.,0.0
arctic_b0304,Korean,HJK,nat+nat_diff_utt,His previous wives had never lived long enough to bear him children., His previous wives had never lived long enough to bear him children.,0.0
arctic_b0304,Korean,HJK,nat+l2_same,His previous wives had never lived long enough to bear him children., His previous wives had never lived long enough to bear him children.,0.0
arctic_b0304,Korean,HJK,nat+interp,His previous wives had never lived long enough to bear him children., His previous wives had never lived long enough to bear him children.,0.0
arctic_b0304,Korean,HJK,nat+noise,His previous wives had never lived long enough to bear him children., His previous wives had never lived long enough to bear him children,0.0
arctic_b0304,Korean,HJK,l2+l2,His previous wives had never lived long enough to bear him children., His previous wives had never lived long enough to bear him children.,0.0
arctic_b0304,Korean,HJK,l2+l2_diff_utt,His previous wives had never lived long enough to bear him children., His previous wives had never lived long enough to bear him children.,0.0
arctic_b0304,Korean,HJK,l2+nat_same,His previous wives had never lived long enough to bear him children., His previous wives had never lived long enough to bear him children.,0.0
arctic_b0304,Korean,HJK,l2+interp,His previous wives had never lived long enough to bear him children., His previous wives had never lived long enough to bear him children.,0.0
arctic_b0304,Korean,HJK,l2+noise,His previous wives had never lived long enough to bear him children., His previous wives had never lived long enough to never,0.25
arctic_b0304,Korean,HJK,nat+zero_0,His previous wives had never lived long enough to bear him children., His previous wives had never lived long enough to bear him children.,0.0
arctic_b0304,Korean,HJK,l2+zero_0,His previous wives had never lived long enough to bear him children., His previous wives had never lived long enough to bear him children.,0.0
arctic_b0304,Korean,HJK,nat+zero_100,His previous wives had never lived long enough to bear him children., His previous wives had never lived long enough to bear him children.,0.0
arctic_b0304,Korean,HJK,l2+zero_100,His previous wives had never lived long enough to bear him children., His previous wives had never lived long enough to bear him children.,0.0
arctic_b0304,Korean,HJK,nat+zero_200,His previous wives had never lived long enough to bear him children., His previous wives had never lived long enough to bear him children.,0.0
arctic_b0304,Korean,HJK,l2+zero_200,His previous wives had never lived long enough to bear him children., His previous wives had never lived long enough to bear him children.,0.0
arctic_b0304,Korean,HJK,nat+zero_400,His previous wives had never lived long enough to bear him children., His previous wives had never lived long enough to bear him children.,0.0
arctic_b0304,Korean,HJK,l2+zero_400,His previous wives had never lived long enough to bear him children., His previous wives had never lived long enough to bear him children.,0.0
arctic_b0304,Korean,HJK,nat+zero_800,His previous wives had never lived long enough to bear him children., His previous wives had never lived long enough to bear him children.,0.0
arctic_b0304,Korean,HJK,l2+zero_800,His previous wives had never lived long enough to bear him children., His previous wives had never lived long enough to bear him children.,0.0
arctic_b0304,Korean,HJK,nat+empty_pad,His previous wives had never lived long enough to bear him children., His previous wives had never lived long enough to bear him children.,0.0
arctic_b0304,Korean,HJK,l2+empty_pad,His previous wives had never lived long enough to bear him children., His previous wives had never lived long enough to bear him children.,0.0
arctic_b0304,Spanish,EBVS,nat+nat,His previous wives had never lived long enough to bear him children., His previous wives had never lived long enough to bear him children.,0.0
arctic_b0304,Spanish,EBVS,nat+nat_diff_utt,His previous wives had never lived long enough to bear him children., His previous wives had never lived long enough to bear him children.,0.0
arctic_b0304,Spanish,EBVS,nat+l2_same,His previous wives had never lived long enough to bear him children., his previous wives had never lived long enough to bear him children.,0.0
arctic_b0304,Spanish,EBVS,nat+interp,His previous wives had never lived long enough to bear him children., His previous wives had never lived long enough to bear him children.,0.0
arctic_b0304,Spanish,EBVS,nat+noise,His previous wives had never lived long enough to bear him children., His previous wives had never lived long enough to bear him children,0.0
arctic_b0304,Spanish,EBVS,l2+l2,His previous wives had never lived long enough to bear him children., His previous wife had never lived long enough to bear him children.,0.08333333333333333
arctic_b0304,Spanish,EBVS,l2+l2_diff_utt,His previous wives had never lived long enough to bear him children., His previous wife had never lived long enough to bear him children.,0.08333333333333333
arctic_b0304,Spanish,EBVS,l2+nat_same,His previous wives had never lived long enough to bear him children., His previous wife had never lived long enough to bear him children.,0.08333333333333333
arctic_b0304,Spanish,EBVS,l2+interp,His previous wives had never lived long enough to bear him children., His previous wife had never lived long enough to bear him children.,0.08333333333333333
arctic_b0304,Spanish,EBVS,l2+noise,His previous wives had never lived long enough to bear him children., His previous wife has never lived long enough to bear him children,0.16666666666666666
arctic_b0304,Spanish,EBVS,nat+zero_0,His previous wives had never lived long enough to bear him children., His previous wives had never lived long enough to bear him children.,0.0
arctic_b0304,Spanish,EBVS,l2+zero_0,His previous wives had never lived long enough to bear him children., His previous wife had never lived long enough to bear him children.,0.08333333333333333
arctic_b0304,Spanish,EBVS,nat+zero_100,His previous wives had never lived long enough to bear him children., His previous wives had never lived long enough to bear him children.,0.0
arctic_b0304,Spanish,EBVS,l2+zero_100,His previous wives had never lived long enough to bear him children., His previous wife had never lived long enough to bear him children.,0.08333333333333333
arctic_b0304,Spanish,EBVS,nat+zero_200,His previous wives had never lived long enough to bear him children., His previous wives had never lived long enough to bear him children.,0.0
arctic_b0304,Spanish,EBVS,l2+zero_200,His previous wives had never lived long enough to bear him children., His previous wife had never lived long enough to bear him children.,0.08333333333333333
arctic_b0304,Spanish,EBVS,nat+zero_400,His previous wives had never lived long enough to bear him children., His previous wives had never lived long enough to bear him children.,0.0
arctic_b0304,Spanish,EBVS,l2+zero_400,His previous wives had never lived long enough to bear him children., His previous wife had never lived long enough to bear him children.,0.08333333333333333
arctic_b0304,Spanish,EBVS,nat+zero_800,His previous wives had never lived long enough to bear him children., His previous wives had never lived long enough to bear him children.,0.0
arctic_b0304,Spanish,EBVS,l2+zero_800,His previous wives had never lived long enough to bear him children., His previous wife had never lived long enough to bear him children.,0.08333333333333333
arctic_b0304,Spanish,EBVS,nat+empty_pad,His previous wives had never lived long enough to bear him children., His previous wives had never lived long enough to bear him children.,0.0
arctic_b0304,Spanish,EBVS,l2+empty_pad,His previous wives had never lived long enough to bear him children., His previous wife had never lived long enough to bear him children.,0.08333333333333333
arctic_b0304,Vietnamese,HQTV,nat+nat,His previous wives had never lived long enough to bear him children., His previous wives had never lived long enough to bear him children.,0.0
arctic_b0304,Vietnamese,HQTV,nat+nat_diff_utt,His previous wives had never lived long enough to bear him children., His previous wives had never lived long enough to bear him children.,0.0
arctic_b0304,Vietnamese,HQTV,nat+l2_same,His previous wives had never lived long enough to bear him children., His previous wives had never lived long enough to bear him children.,0.0
arctic_b0304,Vietnamese,HQTV,nat+interp,His previous wives had never lived long enough to bear him children., His previous wives had never lived long enough to bear him children.,0.0
arctic_b0304,Vietnamese,HQTV,nat+noise,His previous wives had never lived long enough to bear him children., His previous wives had never lived long enough to bear him children,0.0
arctic_b0304,Vietnamese,HQTV,l2+l2,His previous wives had never lived long enough to bear him children., His reverse wife has never lived long enough to bear him children.,0.25
arctic_b0304,Vietnamese,HQTV,l2+l2_diff_utt,His previous wives had never lived long enough to bear him children., His reverse wife has never lived long enough to bear him children.,0.25
arctic_b0304,Vietnamese,HQTV,l2+nat_same,His previous wives had never lived long enough to bear him children., His reverse wife has never lived long enough to bear him children.,0.25
arctic_b0304,Vietnamese,HQTV,l2+interp,His previous wives had never lived long enough to bear him children., His river's wife has never lived long enough to bear him children.,0.25
arctic_b0304,Vietnamese,HQTV,l2+noise,His previous wives had never lived long enough to bear him children., If River's wife has never lived long enough to be a him children,0.5
arctic_b0304,Vietnamese,HQTV,nat+zero_0,His previous wives had never lived long enough to bear him children., His previous wives had never lived long enough to bear him children.,0.0
arctic_b0304,Vietnamese,HQTV,l2+zero_0,His previous wives had never lived long enough to bear him children., His reverse wife has never lived long enough to bear him children.,0.25
arctic_b0304,Vietnamese,HQTV,nat+zero_100,His previous wives had never lived long enough to bear him children., His previous wives had never lived long enough to bear him children.,0.0
arctic_b0304,Vietnamese,HQTV,l2+zero_100,His previous wives had never lived long enough to bear him children., His reverse wife has never lived long enough to bear him children.,0.25
arctic_b0304,Vietnamese,HQTV,nat+zero_200,His previous wives had never lived long enough to bear him children., His previous wives had never lived long enough to bear him children.,0.0
arctic_b0304,Vietnamese,HQTV,l2+zero_200,His previous wives had never lived long enough to bear him children., His reverse wife has never lived long enough to bear him children.,0.25
arctic_b0304,Vietnamese,HQTV,nat+zero_400,His previous wives had never lived long enough to bear him children., His previous wives had never lived long enough to bear him children.,0.0
arctic_b0304,Vietnamese,HQTV,l2+zero_400,His previous wives had never lived long enough to bear him children., His reverse wife has never lived long enough to bear him children.,0.25
arctic_b0304,Vietnamese,HQTV,nat+zero_800,His previous wives had never lived long enough to bear him children., His previous wives had never lived long enough to bear him children.,0.0
arctic_b0304,Vietnamese,HQTV,l2+zero_800,His previous wives had never lived long enough to bear him children., His reverse wife has never lived long enough to bear him children.,0.25
arctic_b0304,Vietnamese,HQTV,nat+empty_pad,His previous wives had never lived long enough to bear him children., His previous wives had never lived long enough to bear him children.,0.0
arctic_b0304,Vietnamese,HQTV,l2+empty_pad,His previous wives had never lived long enough to bear him children., His reverse wife has never lived long enough to bear him children.,0.25
arctic_b0305,Arabic,ZHAA,nat+nat,It was our river emerging like ourselves from the great swamp., It was our river emerging like ourselves from the Great Swamp.,0.0
arctic_b0305,Arabic,ZHAA,nat+nat_diff_utt,It was our river emerging like ourselves from the great swamp., It was our river emerging like ourselves from the Great Swamp.,0.0
arctic_b0305,Arabic,ZHAA,nat+l2_same,It was our river emerging like ourselves from the great swamp., It was our river emerging like ourselves from the Great Swamp.,0.0
arctic_b0305,Arabic,ZHAA,nat+interp,It was our river emerging like ourselves from the great swamp., It was our river emerging like ourselves from the great swamp.,0.0
arctic_b0305,Arabic,ZHAA,nat+noise,It was our river emerging like ourselves from the great swamp., It was,0.8181818181818182
arctic_b0305,Arabic,ZHAA,l2+l2,It was our river emerging like ourselves from the great swamp., It was our river emerging like ourselves from the Great Swamp.,0.0
arctic_b0305,Arabic,ZHAA,l2+l2_diff_utt,It was our river emerging like ourselves from the great swamp., It was our river emerging like ourselves from the Great Swamp.,0.0
arctic_b0305,Arabic,ZHAA,l2+nat_same,It was our river emerging like ourselves from the great swamp., It was our river emerging like ourselves from the Great Swamp.,0.0
arctic_b0305,Arabic,ZHAA,l2+interp,It was our river emerging like ourselves from the great swamp., It was our river emerging like ourselves from the great swim.,0.09090909090909091
arctic_b0305,Arabic,ZHAA,l2+noise,It was our river emerging like ourselves from the great swamp., It was,0.8181818181818182
arctic_b0305,Arabic,ZHAA,nat+zero_0,It was our river emerging like ourselves from the great swamp., It was our river emerging like ourselves from the Great Swamp.,0.0
arctic_b0305,Arabic,ZHAA,l2+zero_0,It was our river emerging like ourselves from the great swamp., It was our river emerging like ourselves from the Great Swamp.,0.0
arctic_b0305,Arabic,ZHAA,nat+zero_100,It was our river emerging like ourselves from the great swamp., It was our river emerging like ourselves from the Great Swamp.,0.0
arctic_b0305,Arabic,ZHAA,l2+zero_100,It was our river emerging like ourselves from the great swamp., It was our river emerging like ourselves from the Great Swamp.,0.0
arctic_b0305,Arabic,ZHAA,nat+zero_200,It was our river emerging like ourselves from the great swamp., It was our river emerging like ourselves from the Great Swamp.,0.0
arctic_b0305,Arabic,ZHAA,l2+zero_200,It was our river emerging like ourselves from the great swamp., It was our river emerging like ourselves from the Great Swamp.,0.0
arctic_b0305,Arabic,ZHAA,nat+zero_400,It was our river emerging like ourselves from the great swamp., It was our river emerging like ourselves from the Great Swamp.,0.0
arctic_b0305,Arabic,ZHAA,l2+zero_400,It was our river emerging like ourselves from the great swamp., It was our river emerging like ourselves from the Great Swamp.,0.0
arctic_b0305,Arabic,ZHAA,nat+zero_800,It was our river emerging like ourselves from the great swamp., It was our river emerging like ourselves from the Great Swamp.,0.0
arctic_b0305,Arabic,ZHAA,l2+zero_800,It was our river emerging like ourselves from the great swamp., It was our river emerging like ourselves from the Great Swamp.,0.0
arctic_b0305,Arabic,ZHAA,nat+empty_pad,It was our river emerging like ourselves from the great swamp., It was our river emerging like ourselves from the Great Swamp.,0.0
arctic_b0305,Arabic,ZHAA,l2+empty_pad,It was our river emerging like ourselves from the great swamp., It was our river emerging like ourselves from the Great Swamp.,0.0
arctic_b0305,Chinese,BWC,nat+nat,It was our river emerging like ourselves from the great swamp., It was our river emerging like ourselves from the Great Swamp.,0.0
arctic_b0305,Chinese,BWC,nat+nat_diff_utt,It was our river emerging like ourselves from the great swamp., It was our river emerging like ourselves from the Great Swamp.,0.0
arctic_b0305,Chinese,BWC,nat+l2_same,It was our river emerging like ourselves from the great swamp., It was our river emerging like ourselves from the Great Swamp.,0.0
arctic_b0305,Chinese,BWC,nat+interp,It was our river emerging like ourselves from the great swamp., It was our river emerging like ourselves from the Great Swamp.,0.0
arctic_b0305,Chinese,BWC,nat+noise,It was our river emerging like ourselves from the great swamp., It was,0.8181818181818182
arctic_b0305,Chinese,BWC,l2+l2,It was our river emerging like ourselves from the great swamp., It was our revering emerging like ourselves from the Great Swipe.,0.18181818181818182
arctic_b0305,Chinese,BWC,l2+l2_diff_utt,It was our river emerging like ourselves from the great swamp., It was our revering emerging like ourselves from the Great Swipe.,0.18181818181818182
arctic_b0305,Chinese,BWC,l2+nat_same,It was our river emerging like ourselves from the great swamp., It was our river in emerging like ourselves from the Great Swipe.,0.18181818181818182
arctic_b0305,Chinese,BWC,l2+interp,It was our river emerging like ourselves from the great swamp., It was our river in emerging like ourselves from the Great Swipe.,0.18181818181818182
arctic_b0305,Chinese,BWC,l2+noise,It was our river emerging like ourselves from the great swamp., It was,0.8181818181818182
arctic_b0305,Chinese,BWC,nat+zero_0,It was our river emerging like ourselves from the great swamp., It was our river emerging like ourselves from the Great Swamp.,0.0
arctic_b0305,Chinese,BWC,l2+zero_0,It was our river emerging like ourselves from the great swamp., It was our revering emerging like ourselves from the great swipe.,0.18181818181818182
arctic_b0305,Chinese,BWC,nat+zero_100,It was our river emerging like ourselves from the great swamp., It was our river emerging like ourselves from the Great Swamp.,0.0
arctic_b0305,Chinese,BWC,l2+zero_100,It was our river emerging like ourselves from the great swamp., It was our revering emerging like ourselves from the great swipe.,0.18181818181818182
arctic_b0305,Chinese,BWC,nat+zero_200,It was our river emerging like ourselves from the great swamp., It was our river emerging like ourselves from the Great Swamp.,0.0
arctic_b0305,Chinese,BWC,l2+zero_200,It was our river emerging like ourselves from the great swamp., It was our revering emerging like ourselves from the great swipe.,0.18181818181818182
arctic_b0305,Chinese,BWC,nat+zero_400,It was our river emerging like ourselves from the great swamp., It was our river emerging like ourselves from the Great Swamp.,0.0
arctic_b0305,Chinese,BWC,l2+zero_400,It was our river emerging like ourselves from the great swamp., It was our revering emerging like ourselves from the Great Swap.,0.18181818181818182
arctic_b0305,Chinese,BWC,nat+zero_800,It was our river emerging like ourselves from the great swamp., It was our river emerging like ourselves from the Great Swamp.,0.0
arctic_b0305,Chinese,BWC,l2+zero_800,It was our river emerging like ourselves from the great swamp., It was our revering emerging like ourselves from the Great Swap.,0.18181818181818182
arctic_b0305,Chinese,BWC,nat+empty_pad,It was our river emerging like ourselves from the great swamp., It was our river emerging like ourselves from the Great Swamp.,0.0
arctic_b0305,Chinese,BWC,l2+empty_pad,It was our river emerging like ourselves from the great swamp., It was our river in emerging like ourselves from the Great Swap.,0.18181818181818182
arctic_b0305,Hindi,SVBI,nat+nat,It was our river emerging like ourselves from the great swamp., It was our river emerging like ourselves from the Great Swamp.,0.0
arctic_b0305,Hindi,SVBI,nat+nat_diff_utt,It was our river emerging like ourselves from the great swamp., It was our river emerging like ourselves from the Great Swamp.,0.0
arctic_b0305,Hindi,SVBI,nat+l2_same,It was our river emerging like ourselves from the great swamp., It was our river emerging like ourselves from the Great Swamp.,0.0
arctic_b0305,Hindi,SVBI,nat+interp,It was our river emerging like ourselves from the great swamp., It was our river emerging like ourselves from the Great Swamp.,0.0
arctic_b0305,Hindi,SVBI,nat+noise,It was our river emerging like ourselves from the great swamp., It was,0.8181818181818182
arctic_b0305,Hindi,SVBI,l2+l2,It was our river emerging like ourselves from the great swamp., It was our river emerging like ourselves from the Great Swamp.,0.0
arctic_b0305,Hindi,SVBI,l2+l2_diff_utt,It was our river emerging like ourselves from the great swamp., It was our river emerging like ourselves from the Great Swamp.,0.0
arctic_b0305,Hindi,SVBI,l2+nat_same,It was our river emerging like ourselves from the great swamp., It was our river emerging like ourselves from the Great Swamp.,0.0
arctic_b0305,Hindi,SVBI,l2+interp,It was our river emerging like ourselves from the great swamp., It was our river emerging like ourselves from the Great Swamp.,0.0
arctic_b0305,Hindi,SVBI,l2+noise,It was our river emerging like ourselves from the great swamp., It was,0.8181818181818182
arctic_b0305,Hindi,SVBI,nat+zero_0,It was our river emerging like ourselves from the great swamp., It was our river emerging like ourselves from the Great Swamp.,0.0
arctic_b0305,Hindi,SVBI,l2+zero_0,It was our river emerging like ourselves from the great swamp., It was our river emerging like ourselves from the Great Swamp.,0.0
arctic_b0305,Hindi,SVBI,nat+zero_100,It was our river emerging like ourselves from the great swamp., It was our river emerging like ourselves from the Great Swamp.,0.0
arctic_b0305,Hindi,SVBI,l2+zero_100,It was our river emerging like ourselves from the great swamp., It was our river emerging like ourselves from the Great Swamp.,0.0
arctic_b0305,Hindi,SVBI,nat+zero_200,It was our river emerging like ourselves from the great swamp., It was our river emerging like ourselves from the Great Swamp.,0.0
arctic_b0305,Hindi,SVBI,l2+zero_200,It was our river emerging like ourselves from the great swamp., It was our river emerging like ourselves from the Great Swamp.,0.0
arctic_b0305,Hindi,SVBI,nat+zero_400,It was our river emerging like ourselves from the great swamp., It was our river emerging like ourselves from the Great Swamp.,0.0
arctic_b0305,Hindi,SVBI,l2+zero_400,It was our river emerging like ourselves from the great swamp., It was our river emerging like ourselves from the Great Swamp.,0.0
arctic_b0305,Hindi,SVBI,nat+zero_800,It was our river emerging like ourselves from the great swamp., It was our river emerging like ourselves from the Great Swamp.,0.0
arctic_b0305,Hindi,SVBI,l2+zero_800,It was our river emerging like ourselves from the great swamp., It was our river emerging like ourselves from the Great Swamp.,0.0
arctic_b0305,Hindi,SVBI,nat+empty_pad,It was our river emerging like ourselves from the great swamp., It was our river emerging like ourselves from the Great Swamp.,0.0
arctic_b0305,Hindi,SVBI,l2+empty_pad,It was our river emerging like ourselves from the great swamp., It was our river emerging like ourselves from the Great Swamp.,0.0
arctic_b0305,Korean,HJK,nat+nat,It was our river emerging like ourselves from the great swamp., It was our river emerging like ourselves from the Great Swamp.,0.0
arctic_b0305,Korean,HJK,nat+nat_diff_utt,It was our river emerging like ourselves from the great swamp., It was our river emerging like ourselves from the Great Swamp.,0.0
arctic_b0305,Korean,HJK,nat+l2_same,It was our river emerging like ourselves from the great swamp., It was our river emerging like ourselves from the Great Swamp.,0.0
arctic_b0305,Korean,HJK,nat+interp,It was our river emerging like ourselves from the great swamp., It was our river emerging like ourselves from the Great Swamp.,0.0
arctic_b0305,Korean,HJK,nat+noise,It was our river emerging like ourselves from the great swamp., It was,0.8181818181818182
arctic_b0305,Korean,HJK,l2+l2,It was our river emerging like ourselves from the great swamp., It was our river emerging like ourselves from the Great Swamp.,0.0
arctic_b0305,Korean,HJK,l2+l2_diff_utt,It was our river emerging like ourselves from the great swamp., It was our river emerging like ourselves from the Great Swamp.,0.0
arctic_b0305,Korean,HJK,l2+nat_same,It was our river emerging like ourselves from the great swamp., It was our river emerging like ourselves from the Great Swamp.,0.0
arctic_b0305,Korean,HJK,l2+interp,It was our river emerging like ourselves from the great swamp., It was our river emerging like ourselves from the Great Swamp.,0.0
arctic_b0305,Korean,HJK,l2+noise,It was our river emerging like ourselves from the great swamp., It was our,0.7272727272727273
arctic_b0305,Korean,HJK,nat+zero_0,It was our river emerging like ourselves from the great swamp., It was our river emerging like ourselves from the Great Swamp.,0.0
arctic_b0305,Korean,HJK,l2+zero_0,It was our river emerging like ourselves from the great swamp., It was our river emerging like ourselves from the Great Swamp.,0.0
arctic_b0305,Korean,HJK,nat+zero_100,It was our river emerging like ourselves from the great swamp., It was our river emerging like ourselves from the Great Swamp.,0.0
arctic_b0305,Korean,HJK,l2+zero_100,It was our river emerging like ourselves from the great swamp., It was our river emerging like ourselves from the Great Swamp.,0.0
arctic_b0305,Korean,HJK,nat+zero_200,It was our river emerging like ourselves from the great swamp., It was our river emerging like ourselves from the Great Swamp.,0.0
arctic_b0305,Korean,HJK,l2+zero_200,It was our river emerging like ourselves from the great swamp., It was our river emerging like ourselves from the Great Swamp.,0.0
arctic_b0305,Korean,HJK,nat+zero_400,It was our river emerging like ourselves from the great swamp., It was our river emerging like ourselves from the Great Swamp.,0.0
arctic_b0305,Korean,HJK,l2+zero_400,It was our river emerging like ourselves from the great swamp., It was our river emerging like ourselves from the Great Swamp.,0.0
arctic_b0305,Korean,HJK,nat+zero_800,It was our river emerging like ourselves from the great swamp., It was our river emerging like ourselves from the Great Swamp.,0.0
arctic_b0305,Korean,HJK,l2+zero_800,It was our river emerging like ourselves from the great swamp., It was our river emerging like ourselves from the Great Swamp.,0.0
arctic_b0305,Korean,HJK,nat+empty_pad,It was our river emerging like ourselves from the great swamp., It was our river emerging like ourselves from the Great Swamp.,0.0
arctic_b0305,Korean,HJK,l2+empty_pad,It was our river emerging like ourselves from the great swamp., It was our river emerging like ourselves from the Great Swamp.,0.0
arctic_b0305,Spanish,EBVS,nat+nat,It was our river emerging like ourselves from the great swamp., It was our river emerging like ourselves from the Great Swamp.,0.0
arctic_b0305,Spanish,EBVS,nat+nat_diff_utt,It was our river emerging like ourselves from the great swamp., It was our river emerging like ourselves from the Great Swamp.,0.0
arctic_b0305,Spanish,EBVS,nat+l2_same,It was our river emerging like ourselves from the great swamp., It was our river emerging like ourselves from the Great Swamp.,0.0
arctic_b0305,Spanish,EBVS,nat+interp,It was our river emerging like ourselves from the great swamp., It was our river emerging like ourselves from the Great Swamp.,0.0
arctic_b0305,Spanish,EBVS,nat+noise,It was our river emerging like ourselves from the great swamp., It was,0.8181818181818182
arctic_b0305,Spanish,EBVS,l2+l2,It was our river emerging like ourselves from the great swamp., It was our river emerging like ourselves from the greatest sun.,0.18181818181818182
arctic_b0305,Spanish,EBVS,l2+l2_diff_utt,It was our river emerging like ourselves from the great swamp., It was our river emerging like ourselves from the greatest sun.,0.18181818181818182
arctic_b0305,Spanish,EBVS,l2+nat_same,It was our river emerging like ourselves from the great swamp., It was our river emerging like ourselves from the greatest sun.,0.18181818181818182
arctic_b0305,Spanish,EBVS,l2+interp,It was our river emerging like ourselves from the great swamp., It was our river emerging like our self from the greatest song.,0.36363636363636365
arctic_b0305,Spanish,EBVS,l2+noise,It was our river emerging like ourselves from the great swamp., It was,0.8181818181818182
arctic_b0305,Spanish,EBVS,nat+zero_0,It was our river emerging like ourselves from the great swamp., It was our river emerging like ourselves from the Great Swamp.,0.0
arctic_b0305,Spanish,EBVS,l2+zero_0,It was our river emerging like ourselves from the great swamp., It was our river and margin like ourselves from the greatest sum.,0.36363636363636365
arctic_b0305,Spanish,EBVS,nat+zero_100,It was our river emerging like ourselves from the great swamp., It was our river emerging like ourselves from the Great Swamp.,0.0
arctic_b0305,Spanish,EBVS,l2+zero_100,It was our river emerging like ourselves from the great swamp., It was our river and margin like ourselves from the greatest sum.,0.36363636363636365
arctic_b0305,Spanish,EBVS,nat+zero_200,It was our river emerging like ourselves from the great swamp., It was our river emerging like ourselves from the Great Swamp.,0.0
arctic_b0305,Spanish,EBVS,l2+zero_200,It was our river emerging like ourselves from the great swamp., It was our river and margin like ourselves from the greatest sum.,0.36363636363636365
arctic_b0305,Spanish,EBVS,nat+zero_400,It was our river emerging like ourselves from the great swamp., It was our river emerging like ourselves from the Great Swamp.,0.0
arctic_b0305,Spanish,EBVS,l2+zero_400,It was our river emerging like ourselves from the great swamp., It was our river and merging like ourselves from the greatest sun.,0.36363636363636365
arctic_b0305,Spanish,EBVS,nat+zero_800,It was our river emerging like ourselves from the great swamp., It was our river emerging like ourselves from the Great Swamp.,0.0
arctic_b0305,Spanish,EBVS,l2+zero_800,It was our river emerging like ourselves from the great swamp., It was our river emerging like ourselves from the greatest sun.,0.18181818181818182
arctic_b0305,Spanish,EBVS,nat+empty_pad,It was our river emerging like ourselves from the great swamp., It was our river emerging like ourselves from the Great Swamp.,0.0
arctic_b0305,Spanish,EBVS,l2+empty_pad,It was our river emerging like ourselves from the great swamp., It was our river emerging like ourself from the greatest sun.,0.2727272727272727
arctic_b0305,Vietnamese,HQTV,nat+nat,It was our river emerging like ourselves from the great swamp., It was our river emerging like ourselves from the Great Swamp.,0.0
arctic_b0305,Vietnamese,HQTV,nat+nat_diff_utt,It was our river emerging like ourselves from the great swamp., It was our river emerging like ourselves from the Great Swamp.,0.0
arctic_b0305,Vietnamese,HQTV,nat+l2_same,It was our river emerging like ourselves from the great swamp., It was our river emerging like ourselves from the Great Swamp.,0.0
arctic_b0305,Vietnamese,HQTV,nat+interp,It was our river emerging like ourselves from the great swamp., It was our river emerging like ourselves from the Great Swamp.,0.0
arctic_b0305,Vietnamese,HQTV,nat+noise,It was our river emerging like ourselves from the great swamp., It was,0.8181818181818182
arctic_b0305,Vietnamese,HQTV,l2+l2,It was our river emerging like ourselves from the great swamp.," It's while river emerging, light out survey from the creased swamp.",0.6363636363636364
arctic_b0305,Vietnamese,HQTV,l2+l2_diff_utt,It was our river emerging like ourselves from the great swamp.," It's while river emerging, like out-savvy from the creased wamp.",0.5454545454545454
arctic_b0305,Vietnamese,HQTV,l2+nat_same,It was our river emerging like ourselves from the great swamp.," as well as river emerging, like our survey from the Chris Wamp.",0.6363636363636364
arctic_b0305,Vietnamese,HQTV,l2+interp,It was our river emerging like ourselves from the great swamp., It's where our river emerging lie out-savvy from the creased swamp.,0.45454545454545453
arctic_b0305,Vietnamese,HQTV,l2+noise,It was our river emerging like ourselves from the great swamp., It's well river emerging. Light out out from the,0.7272727272727273
arctic_b0305,Vietnamese,HQTV,nat+zero_0,It was our river emerging like ourselves from the great swamp., It was our river emerging like ourselves from the Great Swamp.,0.0
arctic_b0305,Vietnamese,HQTV,l2+zero_0,It was our river emerging like ourselves from the great swamp.," It's while river merging, light out survey from the Chris Wamp.",0.8181818181818182
arctic_b0305,Vietnamese,HQTV,nat+zero_100,It was our river emerging like ourselves from the great swamp., It was our river emerging like ourselves from the Great Swamp.,0.0
arctic_b0305,Vietnamese,HQTV,l2+zero_100,It was our river emerging like ourselves from the great swamp., It's where our river emerging lies outside from the Chris Wamp.,0.5454545454545454
arctic_b0305,Vietnamese,HQTV,nat+zero_200,It was our river emerging like ourselves from the great swamp., It was our river emerging like ourselves from the Great Swamp.,0.0
arctic_b0305,Vietnamese,HQTV,l2+zero_200,It was our river emerging like ourselves from the great swamp., It's where our river emerging lies our survey from the Chris Wamp.,0.6363636363636364
arctic_b0305,Vietnamese,HQTV,nat+zero_400,It was our river emerging like ourselves from the great swamp., It was our river emerging like ourselves from the Great Swamp.,0.0
arctic_b0305,Vietnamese,HQTV,l2+zero_400,It was our river emerging like ourselves from the great swamp., It's where our river emerging lies our survey from the Chris Wamp.,0.6363636363636364
arctic_b0305,Vietnamese,HQTV,nat+zero_800,It was our river emerging like ourselves from the great swamp., It was our river emerging like ourselves from the Great Swamp.,0.0
arctic_b0305,Vietnamese,HQTV,l2+zero_800,It was our river emerging like ourselves from the great swamp., It's where our river emerging lies our survey from the Chris Wamp.,0.6363636363636364
arctic_b0305,Vietnamese,HQTV,nat+empty_pad,It was our river emerging like ourselves from the great swamp., It was our river emerging like ourselves from the Great Swamp.,0.0
arctic_b0305,Vietnamese,HQTV,l2+empty_pad,It was our river emerging like ourselves from the great swamp.," as well as river emerging, like our survey from the Chris Wamp.",0.6363636363636364
arctic_b0380,Arabic,ZHAA,nat+nat,He had peeled off his shirt and was wildly waving it., He had peeled off his shirt and was wildly waving it.,0.0
arctic_b0380,Arabic,ZHAA,nat+nat_diff_utt,He had peeled off his shirt and was wildly waving it., He had peeled off his shirt and was wildly waving it.,0.0
arctic_b0380,Arabic,ZHAA,nat+l2_same,He had peeled off his shirt and was wildly waving it., He had peeled off his shirt and was wildly waving it.,0.0
arctic_b0380,Arabic,ZHAA,nat+interp,He had peeled off his shirt and was wildly waving it., He had peeled off his shirt and was wildly waving it.,0.0
arctic_b0380,Arabic,ZHAA,nat+noise,He had peeled off his shirt and was wildly waving it., He had,0.8181818181818182
arctic_b0380,Arabic,ZHAA,l2+l2,He had peeled off his shirt and was wildly waving it., He had peeled off his shirt and was wildly waving it.,0.0
arctic_b0380,Arabic,ZHAA,l2+l2_diff_utt,He had peeled off his shirt and was wildly waving it., He had peeled off his shirt and was wildly waving it.,0.0
arctic_b0380,Arabic,ZHAA,l2+nat_same,He had peeled off his shirt and was wildly waving it., He had peeled off his shirt and was wildly waving it.,0.0
arctic_b0380,Arabic,ZHAA,l2+interp,He had peeled off his shirt and was wildly waving it., He had peeled off his shirt and was wildly waving it.,0.0
arctic_b0380,Arabic,ZHAA,l2+noise,He had peeled off his shirt and was wildly waving it., He had,0.8181818181818182
arctic_b0380,Arabic,ZHAA,nat+zero_0,He had peeled off his shirt and was wildly waving it., He had peeled off his shirt and was wildly waving it.,0.0
arctic_b0380,Arabic,ZHAA,l2+zero_0,He had peeled off his shirt and was wildly waving it., He had peeled off his shirt and was widely waving it.,0.09090909090909091
arctic_b0380,Arabic,ZHAA,nat+zero_100,He had peeled off his shirt and was wildly waving it., He had peeled off his shirt and was wildly waving it.,0.0
arctic_b0380,Arabic,ZHAA,l2+zero_100,He had peeled off his shirt and was wildly waving it., He had peeled off his shirt and was wildly waving it.,0.0
arctic_b0380,Arabic,ZHAA,nat+zero_200,He had peeled off his shirt and was wildly waving it., He had peeled off his shirt and was wildly waving it.,0.0
arctic_b0380,Arabic,ZHAA,l2+zero_200,He had peeled off his shirt and was wildly waving it., He had peeled off his shirt and was wildly waving it.,0.0
arctic_b0380,Arabic,ZHAA,nat+zero_400,He had peeled off his shirt and was wildly waving it., He had peeled off his shirt and was wildly waving it.,0.0
arctic_b0380,Arabic,ZHAA,l2+zero_400,He had peeled off his shirt and was wildly waving it., He had peeled off his shirt and was wildly waving it.,0.0
arctic_b0380,Arabic,ZHAA,nat+zero_800,He had peeled off his shirt and was wildly waving it., He had peeled off his shirt and was wildly waving it.,0.0
arctic_b0380,Arabic,ZHAA,l2+zero_800,He had peeled off his shirt and was wildly waving it., He had peeled off his shirt and was wildly waving it.,0.0
arctic_b0380,Arabic,ZHAA,nat+empty_pad,He had peeled off his shirt and was wildly waving it., He had peeled off his shirt and was wildly waving it.,0.0
arctic_b0380,Arabic,ZHAA,l2+empty_pad,He had peeled off his shirt and was wildly waving it., He had peeled off his shirt and was wildly waving it.,0.0
arctic_b0380,Chinese,BWC,nat+nat,He had peeled off his shirt and was wildly waving it., He had peeled off his shirt and was wildly waving it.,0.0
arctic_b0380,Chinese,BWC,nat+nat_diff_utt,He had peeled off his shirt and was wildly waving it., He had peeled off his shirt and was wildly waving it.,0.0
arctic_b0380,Chinese,BWC,nat+l2_same,He had peeled off his shirt and was wildly waving it., He had peeled off his shirt and was wildly waving it.,0.0
arctic_b0380,Chinese,BWC,nat+interp,He had peeled off his shirt and was wildly waving it., He had peeled off his shirt and was wildly waving it.,0.0
arctic_b0380,Chinese,BWC,nat+noise,He had peeled off his shirt and was wildly waving it., He had,0.8181818181818182
arctic_b0380,Chinese,BWC,l2+l2,He had peeled off his shirt and was wildly waving it., He had peeled off his shirt and was willingly waving it.,0.09090909090909091
arctic_b0380,Chinese,BWC,l2+l2_diff_utt,He had peeled off his shirt and was wildly waving it., He had peeled off his shirt and was willingly waving it.,0.09090909090909091
arctic_b0380,Chinese,BWC,l2+nat_same,He had peeled off his shirt and was wildly waving it., He had peeled off his shirt and was willingly waving it.,0.09090909090909091
arctic_b0380,Chinese,BWC,l2+interp,He had peeled off his shirt and was wildly waving it., He had peeled off his shirt and was willingly waving it.,0.09090909090909091
arctic_b0380,Chinese,BWC,l2+noise,He had peeled off his shirt and was wildly waving it., He had pulled,0.8181818181818182
arctic_b0380,Chinese,BWC,nat+zero_0,He had peeled off his shirt and was wildly waving it., He had peeled off his shirt and was wildly waving it.,0.0
arctic_b0380,Chinese,BWC,l2+zero_0,He had peeled off his shirt and was wildly waving it., He had peeled off his shirt and was willingly waving it.,0.09090909090909091
arctic_b0380,Chinese,BWC,nat+zero_100,He had peeled off his shirt and was wildly waving it., He had peeled off his shirt and was wildly waving it.,0.0
arctic_b0380,Chinese,BWC,l2+zero_100,He had peeled off his shirt and was wildly waving it., He had peeled off his shirt and was willingly waving it.,0.09090909090909091
arctic_b0380,Chinese,BWC,nat+zero_200,He had peeled off his shirt and was wildly waving it., He had peeled off his shirt and was wildly waving it.,0.0
arctic_b0380,Chinese,BWC,l2+zero_200,He had peeled off his shirt and was wildly waving it., He had peeled off his shirt and was willingly waving it.,0.09090909090909091
arctic_b0380,Chinese,BWC,nat+zero_400,He had peeled off his shirt and was wildly waving it., He had peeled off his shirt and was wildly waving it.,0.0
arctic_b0380,Chinese,BWC,l2+zero_400,He had peeled off his shirt and was wildly waving it., He had peeled off his shirt and was willingly waving it.,0.09090909090909091
arctic_b0380,Chinese,BWC,nat+zero_800,He had peeled off his shirt and was wildly waving it., He had peeled off his shirt and was wildly waving it.,0.0
arctic_b0380,Chinese,BWC,l2+zero_800,He had peeled off his shirt and was wildly waving it., He had peeled off his shirt and was willingly waving it.,0.09090909090909091
arctic_b0380,Chinese,BWC,nat+empty_pad,He had peeled off his shirt and was wildly waving it., He had peeled off his shirt and was wildly waving it.,0.0
arctic_b0380,Chinese,BWC,l2+empty_pad,He had peeled off his shirt and was wildly waving it., He had peeled off his shirt and was willingly waving it.,0.09090909090909091
arctic_b0380,Hindi,SVBI,nat+nat,He had peeled off his shirt and was wildly waving it., He had peeled off his shirt and was wildly waving it.,0.0
arctic_b0380,Hindi,SVBI,nat+nat_diff_utt,He had peeled off his shirt and was wildly waving it., He had peeled off his shirt and was wildly waving it.,0.0
arctic_b0380,Hindi,SVBI,nat+l2_same,He had peeled off his shirt and was wildly waving it., He had peeled off his shirt and was wildly waving it.,0.0
arctic_b0380,Hindi,SVBI,nat+interp,He had peeled off his shirt and was wildly waving it., He had peeled off his shirt and was wildly waving it.,0.0
arctic_b0380,Hindi,SVBI,nat+noise,He had peeled off his shirt and was wildly waving it., He had,0.8181818181818182
arctic_b0380,Hindi,SVBI,l2+l2,He had peeled off his shirt and was wildly waving it., He had peeled off his shirt and was wildly waving it.,0.0
arctic_b0380,Hindi,SVBI,l2+l2_diff_utt,He had peeled off his shirt and was wildly waving it., He had peeled off his shirt and was wildly waving it.,0.0
arctic_b0380,Hindi,SVBI,l2+nat_same,He had peeled off his shirt and was wildly waving it., He had peeled off his shirt and was wildly waving it.,0.0
arctic_b0380,Hindi,SVBI,l2+interp,He had peeled off his shirt and was wildly waving it., He had peeled off his shirt and was wildly waving it.,0.0
arctic_b0380,Hindi,SVBI,l2+noise,He had peeled off his shirt and was wildly waving it., He had,0.8181818181818182
arctic_b0380,Hindi,SVBI,nat+zero_0,He had peeled off his shirt and was wildly waving it., He had peeled off his shirt and was wildly waving it.,0.0
arctic_b0380,Hindi,SVBI,l2+zero_0,He had peeled off his shirt and was wildly waving it., He had peeled off his shirt and was wildly waving it.,0.0
arctic_b0380,Hindi,SVBI,nat+zero_100,He had peeled off his shirt and was wildly waving it., He had peeled off his shirt and was wildly waving it.,0.0
arctic_b0380,Hindi,SVBI,l2+zero_100,He had peeled off his shirt and was wildly waving it., He had peeled off his shirt and was wildly waving it.,0.0
arctic_b0380,Hindi,SVBI,nat+zero_200,He had peeled off his shirt and was wildly waving it., He had peeled off his shirt and was wildly waving it.,0.0
arctic_b0380,Hindi,SVBI,l2+zero_200,He had peeled off his shirt and was wildly waving it., He had peeled off his shirt and was wildly waving it.,0.0
arctic_b0380,Hindi,SVBI,nat+zero_400,He had peeled off his shirt and was wildly waving it., He had peeled off his shirt and was wildly waving it.,0.0
arctic_b0380,Hindi,SVBI,l2+zero_400,He had peeled off his shirt and was wildly waving it., He had peeled off his shirt and was wildly waving it.,0.0
arctic_b0380,Hindi,SVBI,nat+zero_800,He had peeled off his shirt and was wildly waving it., He had peeled off his shirt and was wildly waving it.,0.0
arctic_b0380,Hindi,SVBI,l2+zero_800,He had peeled off his shirt and was wildly waving it., He had peeled off his shirt and was wildly waving it.,0.0
arctic_b0380,Hindi,SVBI,nat+empty_pad,He had peeled off his shirt and was wildly waving it., He had peeled off his shirt and was wildly waving it.,0.0
arctic_b0380,Hindi,SVBI,l2+empty_pad,He had peeled off his shirt and was wildly waving it., He had peeled off his shirt and was wildly waving it.,0.0
arctic_b0380,Korean,HJK,nat+nat,He had peeled off his shirt and was wildly waving it., He had peeled off his shirt and was wildly waving it.,0.0
arctic_b0380,Korean,HJK,nat+nat_diff_utt,He had peeled off his shirt and was wildly waving it., He had peeled off his shirt and was wildly waving it.,0.0
arctic_b0380,Korean,HJK,nat+l2_same,He had peeled off his shirt and was wildly waving it., He had peeled off his shirt and was wildly waving it.,0.0
arctic_b0380,Korean,HJK,nat+interp,He had peeled off his shirt and was wildly waving it., He had peeled off his shirt and was wildly waving it.,0.0
arctic_b0380,Korean,HJK,nat+noise,He had peeled off his shirt and was wildly waving it., He had,0.8181818181818182
arctic_b0380,Korean,HJK,l2+l2,He had peeled off his shirt and was wildly waving it., He had peeled off his shirt and was wildly waving it.,0.0
arctic_b0380,Korean,HJK,l2+l2_diff_utt,He had peeled off his shirt and was wildly waving it., He had peeled off his shirt and was wildly waving it.,0.0
arctic_b0380,Korean,HJK,l2+nat_same,He had peeled off his shirt and was wildly waving it., He had peeled off his shirt and was wildly waving it.,0.0
arctic_b0380,Korean,HJK,l2+interp,He had peeled off his shirt and was wildly waving it., He had peeled off his shirt and was wildly waving it.,0.0
arctic_b0380,Korean,HJK,l2+noise,He had peeled off his shirt and was wildly waving it., He had,0.8181818181818182
arctic_b0380,Korean,HJK,nat+zero_0,He had peeled off his shirt and was wildly waving it., He had peeled off his shirt and was wildly waving it.,0.0
arctic_b0380,Korean,HJK,l2+zero_0,He had peeled off his shirt and was wildly waving it., He had peeled off his shirt and was wildly waving it.,0.0
arctic_b0380,Korean,HJK,nat+zero_100,He had peeled off his shirt and was wildly waving it., He had peeled off his shirt and was wildly waving it.,0.0
arctic_b0380,Korean,HJK,l2+zero_100,He had peeled off his shirt and was wildly waving it., He had peeled off his shirt and was wildly waving it.,0.0
arctic_b0380,Korean,HJK,nat+zero_200,He had peeled off his shirt and was wildly waving it., He had peeled off his shirt and was wildly waving it.,0.0
arctic_b0380,Korean,HJK,l2+zero_200,He had peeled off his shirt and was wildly waving it., He had peeled off his shirt and was wildly waving it.,0.0
arctic_b0380,Korean,HJK,nat+zero_400,He had peeled off his shirt and was wildly waving it., He had peeled off his shirt and was wildly waving it.,0.0
arctic_b0380,Korean,HJK,l2+zero_400,He had peeled off his shirt and was wildly waving it., He had peeled off his shirt and was wildly waving it.,0.0
arctic_b0380,Korean,HJK,nat+zero_800,He had peeled off his shirt and was wildly waving it., He had peeled off his shirt and was wildly waving it.,0.0
arctic_b0380,Korean,HJK,l2+zero_800,He had peeled off his shirt and was wildly waving it., He had peeled off his shirt and was wildly waving it.,0.0
arctic_b0380,Korean,HJK,nat+empty_pad,He had peeled off his shirt and was wildly waving it., He had peeled off his shirt and was wildly waving it.,0.0
arctic_b0380,Korean,HJK,l2+empty_pad,He had peeled off his shirt and was wildly waving it., He had peeled off his shirt and was wildly waving it.,0.0
arctic_b0380,Spanish,EBVS,nat+nat,He had peeled off his shirt and was wildly waving it., He had peeled off his shirt and was wildly waving it.,0.0
arctic_b0380,Spanish,EBVS,nat+nat_diff_utt,He had peeled off his shirt and was wildly waving it., He had peeled off his shirt and was wildly waving it.,0.0
arctic_b0380,Spanish,EBVS,nat+l2_same,He had peeled off his shirt and was wildly waving it., He had peeled off his shirt and was wildly waving it.,0.0
arctic_b0380,Spanish,EBVS,nat+interp,He had peeled off his shirt and was wildly waving it., He had peeled off his shirt and was wildly waving it.,0.0
arctic_b0380,Spanish,EBVS,nat+noise,He had peeled off his shirt and was wildly waving it., He had,0.8181818181818182
arctic_b0380,Spanish,EBVS,l2+l2,He had peeled off his shirt and was wildly waving it., he had pillied off his shirt and was widely loving it.,0.2727272727272727
arctic_b0380,Spanish,EBVS,l2+l2_diff_utt,He had peeled off his shirt and was wildly waving it., he had pillied off his shirt and was widely loving it.,0.2727272727272727
arctic_b0380,Spanish,EBVS,l2+nat_same,He had peeled off his shirt and was wildly waving it., he had pillied off his shirt and was widely loving it.,0.2727272727272727
arctic_b0380,Spanish,EBVS,l2+interp,He had peeled off his shirt and was wildly waving it., he had pillied of his shirt and was widely loving it.,0.36363636363636365
arctic_b0380,Spanish,EBVS,l2+noise,He had peeled off his shirt and was wildly waving it., he had pillied of his shirt and was widely loving it,0.36363636363636365
arctic_b0380,Spanish,EBVS,nat+zero_0,He had peeled off his shirt and was wildly waving it., He had peeled off his shirt and was wildly waving it.,0.0
arctic_b0380,Spanish,EBVS,l2+zero_0,He had peeled off his shirt and was wildly waving it., he had pillied off his shirt and was widely loving it.,0.2727272727272727
arctic_b0380,Spanish,EBVS,nat+zero_100,He had peeled off his shirt and was wildly waving it., He had peeled off his shirt and was wildly waving it.,0.0
arctic_b0380,Spanish,EBVS,l2+zero_100,He had peeled off his shirt and was wildly waving it., he had pillied off his shirt and was widely loving it.,0.2727272727272727
arctic_b0380,Spanish,EBVS,nat+zero_200,He had peeled off his shirt and was wildly waving it., He had peeled off his shirt and was wildly waving it.,0.0
arctic_b0380,Spanish,EBVS,l2+zero_200,He had peeled off his shirt and was wildly waving it., he had pillied off his shirt and was widely loving it.,0.2727272727272727
arctic_b0380,Spanish,EBVS,nat+zero_400,He had peeled off his shirt and was wildly waving it., He had peeled off his shirt and was wildly waving it.,0.0
arctic_b0380,Spanish,EBVS,l2+zero_400,He had peeled off his shirt and was wildly waving it., he had pillied off his shirt and was widely loving it.,0.2727272727272727
arctic_b0380,Spanish,EBVS,nat+zero_800,He had peeled off his shirt and was wildly waving it., He had peeled off his shirt and was wildly waving it.,0.0
arctic_b0380,Spanish,EBVS,l2+zero_800,He had peeled off his shirt and was wildly waving it., he had pillied off his shirt and was widely loving it.,0.2727272727272727
arctic_b0380,Spanish,EBVS,nat+empty_pad,He had peeled off his shirt and was wildly waving it., He had peeled off his shirt and was wildly waving it.,0.0
arctic_b0380,Spanish,EBVS,l2+empty_pad,He had peeled off his shirt and was wildly waving it., he had pillied off his shirt and was widely loving it.,0.2727272727272727
arctic_b0380,Vietnamese,HQTV,nat+nat,He had peeled off his shirt and was wildly waving it., He had peeled off his shirt and was wildly waving it.,0.0
arctic_b0380,Vietnamese,HQTV,nat+nat_diff_utt,He had peeled off his shirt and was wildly waving it., He had peeled off his shirt and was wildly waving it.,0.0
arctic_b0380,Vietnamese,HQTV,nat+l2_same,He had peeled off his shirt and was wildly waving it., He had peeled off his shirt and was wildly waving it.,0.0
arctic_b0380,Vietnamese,HQTV,nat+interp,He had peeled off his shirt and was wildly waving it., He had peeled off his shirt and was wildly waving it.,0.0
arctic_b0380,Vietnamese,HQTV,nat+noise,He had peeled off his shirt and was wildly waving it., He had,0.8181818181818182
arctic_b0380,Vietnamese,HQTV,l2+l2,He had peeled off his shirt and was wildly waving it., He has peeled off his search and was widely waving it.,0.2727272727272727
arctic_b0380,Vietnamese,HQTV,l2+l2_diff_utt,He had peeled off his shirt and was wildly waving it., He has peeled off his search and was widely waving it.,0.2727272727272727
arctic_b0380,Vietnamese,HQTV,l2+nat_same,He had peeled off his shirt and was wildly waving it., He has peeled off his search and was widely waving it.,0.2727272727272727
arctic_b0380,Vietnamese,HQTV,l2+interp,He had peeled off his shirt and was wildly waving it., He has peeled off his search and was widely waving it.,0.2727272727272727
arctic_b0380,Vietnamese,HQTV,l2+noise,He had peeled off his shirt and was wildly waving it., He has peeled off his search and was widely waving it,0.2727272727272727
arctic_b0380,Vietnamese,HQTV,nat+zero_0,He had peeled off his shirt and was wildly waving it., He had peeled off his shirt and was wildly waving it.,0.0
arctic_b0380,Vietnamese,HQTV,l2+zero_0,He had peeled off his shirt and was wildly waving it., He has peeled off his search and was widely waving it.,0.2727272727272727
arctic_b0380,Vietnamese,HQTV,nat+zero_100,He had peeled off his shirt and was wildly waving it., He had peeled off his shirt and was wildly waving it.,0.0
arctic_b0380,Vietnamese,HQTV,l2+zero_100,He had peeled off his shirt and was wildly waving it., He has peeled off his search and was widely waving it.,0.2727272727272727
arctic_b0380,Vietnamese,HQTV,nat+zero_200,He had peeled off his shirt and was wildly waving it., He had peeled off his shirt and was wildly waving it.,0.0
arctic_b0380,Vietnamese,HQTV,l2+zero_200,He had peeled off his shirt and was wildly waving it., He has peeled off his search and was widely waving it.,0.2727272727272727
arctic_b0380,Vietnamese,HQTV,nat+zero_400,He had peeled off his shirt and was wildly waving it., He had peeled off his shirt and was wildly waving it.,0.0
arctic_b0380,Vietnamese,HQTV,l2+zero_400,He had peeled off his shirt and was wildly waving it., He has peeled off his search and was widely waving it.,0.2727272727272727
arctic_b0380,Vietnamese,HQTV,nat+zero_800,He had peeled off his shirt and was wildly waving it., He had peeled off his shirt and was wildly waving it.,0.0
arctic_b0380,Vietnamese,HQTV,l2+zero_800,He had peeled off his shirt and was wildly waving it., He has peeled off his search and was widely waving it.,0.2727272727272727
arctic_b0380,Vietnamese,HQTV,nat+empty_pad,He had peeled off his shirt and was wildly waving it., He had peeled off his shirt and was wildly waving it.,0.0
arctic_b0380,Vietnamese,HQTV,l2+empty_pad,He had peeled off his shirt and was wildly waving it., He has peeled off his search and was widely waving it.,0.2727272727272727
arctic_b0400,Arabic,ZHAA,nat+nat,How could I answer the question on the spur of the moment., How could I answer the question on the spur of the moment?,0.0
arctic_b0400,Arabic,ZHAA,nat+nat_diff_utt,How could I answer the question on the spur of the moment., How could I answer the question on the spur of the moment?,0.0
arctic_b0400,Arabic,ZHAA,nat+l2_same,How could I answer the question on the spur of the moment., How could I answer the question on the spur of the moment?,0.0
arctic_b0400,Arabic,ZHAA,nat+interp,How could I answer the question on the spur of the moment., How could I answer the question on the spur of the moment?,0.0
arctic_b0400,Arabic,ZHAA,nat+noise,How could I answer the question on the spur of the moment., How could,0.8333333333333334
arctic_b0400,Arabic,ZHAA,l2+l2,How could I answer the question on the spur of the moment., How could I answer the question on the spur of the moment?,0.0
arctic_b0400,Arabic,ZHAA,l2+l2_diff_utt,How could I answer the question on the spur of the moment., How could I answer the question on the spur of the moment?,0.0
arctic_b0400,Arabic,ZHAA,l2+nat_same,How could I answer the question on the spur of the moment., How could I answer the question on the spur of the moment?,0.0
arctic_b0400,Arabic,ZHAA,l2+interp,How could I answer the question on the spur of the moment., How could I answer the question on the spare for the moment?,0.16666666666666666
arctic_b0400,Arabic,ZHAA,l2+noise,How could I answer the question on the spur of the moment., How could how could,0.8333333333333334
arctic_b0400,Arabic,ZHAA,nat+zero_0,How could I answer the question on the spur of the moment., How could I answer the question on the spur of the moment?,0.0
arctic_b0400,Arabic,ZHAA,l2+zero_0,How could I answer the question on the spur of the moment., How could I answer the question on the spur of the moment?,0.0
arctic_b0400,Arabic,ZHAA,nat+zero_100,How could I answer the question on the spur of the moment., How could I answer the question on the spur of the moment?,0.0
arctic_b0400,Arabic,ZHAA,l2+zero_100,How could I answer the question on the spur of the moment., How could I answer the question on the spur of the moment?,0.0
arctic_b0400,Arabic,ZHAA,nat+zero_200,How could I answer the question on the spur of the moment., How could I answer the question on the spur of the moment?,0.0
arctic_b0400,Arabic,ZHAA,l2+zero_200,How could I answer the question on the spur of the moment., How could I answer the question on the spur of the moment?,0.0
arctic_b0400,Arabic,ZHAA,nat+zero_400,How could I answer the question on the spur of the moment., How could I answer the question on the spur of the moment?,0.0
arctic_b0400,Arabic,ZHAA,l2+zero_400,How could I answer the question on the spur of the moment., How could I answer the question on the spur of the moment?,0.0
arctic_b0400,Arabic,ZHAA,nat+zero_800,How could I answer the question on the spur of the moment., How could I answer the question on the spur of the moment?,0.0
arctic_b0400,Arabic,ZHAA,l2+zero_800,How could I answer the question on the spur of the moment., How could I answer the question on the spur of the moment?,0.0
arctic_b0400,Arabic,ZHAA,nat+empty_pad,How could I answer the question on the spur of the moment., How could I answer the question on the spur of the moment?,0.0
arctic_b0400,Arabic,ZHAA,l2+empty_pad,How could I answer the question on the spur of the moment., How could I answer the question on the spur of the moment?,0.0
arctic_b0400,Chinese,BWC,nat+nat,How could I answer the question on the spur of the moment., How could I answer the question on the spur of the moment?,0.0
arctic_b0400,Chinese,BWC,nat+nat_diff_utt,How could I answer the question on the spur of the moment., How could I answer the question on the spur of the moment?,0.0
arctic_b0400,Chinese,BWC,nat+l2_same,How could I answer the question on the spur of the moment., How could I answer the question on the spur of the moment?,0.0
arctic_b0400,Chinese,BWC,nat+interp,How could I answer the question on the spur of the moment., How could I answer the question on the spur of the moment?,0.0
arctic_b0400,Chinese,BWC,nat+noise,How could I answer the question on the spur of the moment., How could,0.8333333333333334
arctic_b0400,Chinese,BWC,l2+l2,How could I answer the question on the spur of the moment., How could I answer the question under the spirit of the moment?,0.16666666666666666
arctic_b0400,Chinese,BWC,l2+l2_diff_utt,How could I answer the question on the spur of the moment., How could I answer the question on the sphere of the moment?,0.08333333333333333
arctic_b0400,Chinese,BWC,l2+nat_same,How could I answer the question on the spur of the moment., How could I answer the question under the spirit of the moment?,0.16666666666666666
arctic_b0400,Chinese,BWC,l2+interp,How could I answer the question on the spur of the moment., How could I answer the question on the sphere of the moment?,0.08333333333333333
arctic_b0400,Chinese,BWC,l2+noise,How could I answer the question on the spur of the moment., How could,0.8333333333333334
arctic_b0400,Chinese,BWC,nat+zero_0,How could I answer the question on the spur of the moment., How could I answer the question on the spur of the moment?,0.0
arctic_b0400,Chinese,BWC,l2+zero_0,How could I answer the question on the spur of the moment., How could I answer the question under spirit of the moment?,0.25
arctic_b0400,Chinese,BWC,nat+zero_100,How could I answer the question on the spur of the moment., How could I answer the question on the spur of the moment?,0.0
arctic_b0400,Chinese,BWC,l2+zero_100,How could I answer the question on the spur of the moment., How could I answer the question under spirit of the moment?,0.25
arctic_b0400,Chinese,BWC,nat+zero_200,How could I answer the question on the spur of the moment., How could I answer the question on the spur of the moment?,0.0
arctic_b0400,Chinese,BWC,l2+zero_200,How could I answer the question on the spur of the moment., How could I answer the question under spirit of the moment?,0.25
arctic_b0400,Chinese,BWC,nat+zero_400,How could I answer the question on the spur of the moment., How could I answer the question on the spur of the moment?,0.0
arctic_b0400,Chinese,BWC,l2+zero_400,How could I answer the question on the spur of the moment., How could I answer the question under spirit of the moment?,0.25
arctic_b0400,Chinese,BWC,nat+zero_800,How could I answer the question on the spur of the moment., How could I answer the question on the spur of the moment?,0.0
arctic_b0400,Chinese,BWC,l2+zero_800,How could I answer the question on the spur of the moment., How could I answer the question under spirit of the moment?,0.25
arctic_b0400,Chinese,BWC,nat+empty_pad,How could I answer the question on the spur of the moment., How could I answer the question on the spur of the moment?,0.0
arctic_b0400,Chinese,BWC,l2+empty_pad,How could I answer the question on the spur of the moment., How could I answer the question under spirit of the moment?,0.25
arctic_b0400,Hindi,SVBI,nat+nat,How could I answer the question on the spur of the moment., How could I answer the question on the spur of the moment?,0.0
arctic_b0400,Hindi,SVBI,nat+nat_diff_utt,How could I answer the question on the spur of the moment., How could I answer the question on the spur of the moment?,0.0
arctic_b0400,Hindi,SVBI,nat+l2_same,How could I answer the question on the spur of the moment., How could I answer the question on the spur of the moment?,0.0
arctic_b0400,Hindi,SVBI,nat+interp,How could I answer the question on the spur of the moment., How could I answer the question on the spur of the moment?,0.0
arctic_b0400,Hindi,SVBI,nat+noise,How could I answer the question on the spur of the moment., How could,0.8333333333333334
arctic_b0400,Hindi,SVBI,l2+l2,How could I answer the question on the spur of the moment., How could I answer the question on the spur of the moment?,0.0
arctic_b0400,Hindi,SVBI,l2+l2_diff_utt,How could I answer the question on the spur of the moment., How could I answer the question on the spur of the moment?,0.0
arctic_b0400,Hindi,SVBI,l2+nat_same,How could I answer the question on the spur of the moment., How could I answer the question on the spur of the moment?,0.0
arctic_b0400,Hindi,SVBI,l2+interp,How could I answer the question on the spur of the moment., How could I answer the question on the spur of the moment,0.0
arctic_b0400,Hindi,SVBI,l2+noise,How could I answer the question on the spur of the moment., How could,0.8333333333333334
arctic_b0400,Hindi,SVBI,nat+zero_0,How could I answer the question on the spur of the moment., How could I answer the question on the spur of the moment?,0.0
arctic_b0400,Hindi,SVBI,l2+zero_0,How could I answer the question on the spur of the moment., How could I answer the question on the spur of the moment?,0.0
arctic_b0400,Hindi,SVBI,nat+zero_100,How could I answer the question on the spur of the moment., How could I answer the question on the spur of the moment?,0.0
arctic_b0400,Hindi,SVBI,l2+zero_100,How could I answer the question on the spur of the moment., How could I answer the question on the spur of the moment?,0.0
arctic_b0400,Hindi,SVBI,nat+zero_200,How could I answer the question on the spur of the moment., How could I answer the question on the spur of the moment?,0.0
arctic_b0400,Hindi,SVBI,l2+zero_200,How could I answer the question on the spur of the moment., How could I answer the question on the spur of the moment?,0.0
arctic_b0400,Hindi,SVBI,nat+zero_400,How could I answer the question on the spur of the moment., How could I answer the question on the spur of the moment?,0.0
arctic_b0400,Hindi,SVBI,l2+zero_400,How could I answer the question on the spur of the moment., How could I answer the question on the spur of the moment?,0.0
arctic_b0400,Hindi,SVBI,nat+zero_800,How could I answer the question on the spur of the moment., How could I answer the question on the spur of the moment?,0.0
arctic_b0400,Hindi,SVBI,l2+zero_800,How could I answer the question on the spur of the moment., How could I answer the question on the spur of the moment?,0.0
arctic_b0400,Hindi,SVBI,nat+empty_pad,How could I answer the question on the spur of the moment., How could I answer the question on the spur of the moment?,0.0
arctic_b0400,Hindi,SVBI,l2+empty_pad,How could I answer the question on the spur of the moment., How could I answer the question on the spur of the moment?,0.0
arctic_b0400,Korean,HJK,nat+nat,How could I answer the question on the spur of the moment., How could I answer the question on the spur of the moment?,0.0
arctic_b0400,Korean,HJK,nat+nat_diff_utt,How could I answer the question on the spur of the moment., How could I answer the question on the spur of the moment?,0.0
arctic_b0400,Korean,HJK,nat+l2_same,How could I answer the question on the spur of the moment., How could I answer the question on the spur of the moment?,0.0
arctic_b0400,Korean,HJK,nat+interp,How could I answer the question on the spur of the moment., How could I answer the question on the spur of the moment?,0.0
arctic_b0400,Korean,HJK,nat+noise,How could I answer the question on the spur of the moment., How could,0.8333333333333334
arctic_b0400,Korean,HJK,l2+l2,How could I answer the question on the spur of the moment., How could I answer the question on the spur of the moment?,0.0
arctic_b0400,Korean,HJK,l2+l2_diff_utt,How could I answer the question on the spur of the moment., How could I answer the question on the spur of the moment?,0.0
arctic_b0400,Korean,HJK,l2+nat_same,How could I answer the question on the spur of the moment., How could I answer the question on the spur of the moment?,0.0
arctic_b0400,Korean,HJK,l2+interp,How could I answer the question on the spur of the moment., How could I answer the question on the spur of the moment?,0.0
arctic_b0400,Korean,HJK,l2+noise,How could I answer the question on the spur of the moment., How could,0.8333333333333334
arctic_b0400,Korean,HJK,nat+zero_0,How could I answer the question on the spur of the moment., How could I answer the question on the spur of the moment?,0.0
arctic_b0400,Korean,HJK,l2+zero_0,How could I answer the question on the spur of the moment., How could I answer the question on the spur of the moment?,0.0
arctic_b0400,Korean,HJK,nat+zero_100,How could I answer the question on the spur of the moment., How could I answer the question on the spur of the moment?,0.0
arctic_b0400,Korean,HJK,l2+zero_100,How could I answer the question on the spur of the moment., How could I answer the question on the spur of the moment?,0.0
arctic_b0400,Korean,HJK,nat+zero_200,How could I answer the question on the spur of the moment., How could I answer the question on the spur of the moment?,0.0
arctic_b0400,Korean,HJK,l2+zero_200,How could I answer the question on the spur of the moment., How could I answer the question on the spur of the moment?,0.0
arctic_b0400,Korean,HJK,nat+zero_400,How could I answer the question on the spur of the moment., How could I answer the question on the spur of the moment?,0.0
arctic_b0400,Korean,HJK,l2+zero_400,How could I answer the question on the spur of the moment., How could I answer the question on the spur of the moment?,0.0
arctic_b0400,Korean,HJK,nat+zero_800,How could I answer the question on the spur of the moment., How could I answer the question on the spur of the moment?,0.0
arctic_b0400,Korean,HJK,l2+zero_800,How could I answer the question on the spur of the moment., How could I answer the question on the spur of the moment?,0.0
arctic_b0400,Korean,HJK,nat+empty_pad,How could I answer the question on the spur of the moment., How could I answer the question on the spur of the moment?,0.0
arctic_b0400,Korean,HJK,l2+empty_pad,How could I answer the question on the spur of the moment., How could I answer the question on the spur of the moment?,0.0
arctic_b0400,Spanish,EBVS,nat+nat,How could I answer the question on the spur of the moment., How could I answer the question on the spur of the moment?,0.0
arctic_b0400,Spanish,EBVS,nat+nat_diff_utt,How could I answer the question on the spur of the moment., How could I answer the question on the spur of the moment?,0.0
arctic_b0400,Spanish,EBVS,nat+l2_same,How could I answer the question on the spur of the moment., How could I answer the question on the spur of the moment?,0.0
arctic_b0400,Spanish,EBVS,nat+interp,How could I answer the question on the spur of the moment., How could I answer the question on the spur of the moment?,0.0
arctic_b0400,Spanish,EBVS,nat+noise,How could I answer the question on the spur of the moment., How could,0.8333333333333334
arctic_b0400,Spanish,EBVS,l2+l2,How could I answer the question on the spur of the moment., How could I award this question of the spur of the moment?,0.25
arctic_b0400,Spanish,EBVS,l2+l2_diff_utt,How could I answer the question on the spur of the moment., How could I award this question of the spur of the moment?,0.25
arctic_b0400,Spanish,EBVS,l2+nat_same,How could I answer the question on the spur of the moment., How could I award this question of the spur of the moment?,0.25
arctic_b0400,Spanish,EBVS,l2+interp,How could I answer the question on the spur of the moment., How could I award this question of the spur of the moment?,0.25
arctic_b0400,Spanish,EBVS,l2+noise,How could I answer the question on the spur of the moment., How could,0.8333333333333334
arctic_b0400,Spanish,EBVS,nat+zero_0,How could I answer the question on the spur of the moment., How could I answer the question on the spur of the moment?,0.0
arctic_b0400,Spanish,EBVS,l2+zero_0,How could I answer the question on the spur of the moment., How could I award this question of the spur of the moment?,0.25
arctic_b0400,Spanish,EBVS,nat+zero_100,How could I answer the question on the spur of the moment., How could I answer the question on the spur of the moment?,0.0
arctic_b0400,Spanish,EBVS,l2+zero_100,How could I answer the question on the spur of the moment., How could I award this question of the spur of the moment?,0.25
arctic_b0400,Spanish,EBVS,nat+zero_200,How could I answer the question on the spur of the moment., How could I answer the question on the spur of the moment?,0.0
arctic_b0400,Spanish,EBVS,l2+zero_200,How could I answer the question on the spur of the moment., How could I award this question of the spur of the moment?,0.25
arctic_b0400,Spanish,EBVS,nat+zero_400,How could I answer the question on the spur of the moment., How could I answer the question on the spur of the moment?,0.0
arctic_b0400,Spanish,EBVS,l2+zero_400,How could I answer the question on the spur of the moment., How could I award this question of the spur of the moment?,0.25
arctic_b0400,Spanish,EBVS,nat+zero_800,How could I answer the question on the spur of the moment., How could I answer the question on the spur of the moment?,0.0
arctic_b0400,Spanish,EBVS,l2+zero_800,How could I answer the question on the spur of the moment., How could I award this question of the spur of the moment?,0.25
arctic_b0400,Spanish,EBVS,nat+empty_pad,How could I answer the question on the spur of the moment., How could I answer the question on the spur of the moment?,0.0
arctic_b0400,Spanish,EBVS,l2+empty_pad,How could I answer the question on the spur of the moment., How could I award this question of the spur of the moment?,0.25
arctic_b0400,Vietnamese,HQTV,nat+nat,How could I answer the question on the spur of the moment., How could I answer the question on the spur of the moment?,0.0
arctic_b0400,Vietnamese,HQTV,nat+nat_diff_utt,How could I answer the question on the spur of the moment., How could I answer the question on the spur of the moment?,0.0
arctic_b0400,Vietnamese,HQTV,nat+l2_same,How could I answer the question on the spur of the moment., How could I answer the question on the spur of the moment?,0.0
arctic_b0400,Vietnamese,HQTV,nat+interp,How could I answer the question on the spur of the moment., How could I answer the question on the spur of the moment?,0.0
arctic_b0400,Vietnamese,HQTV,nat+noise,How could I answer the question on the spur of the moment., How could,0.8333333333333334
arctic_b0400,Vietnamese,HQTV,l2+l2,How could I answer the question on the spur of the moment., How could I answer the question on the spur of the moment?,0.0
arctic_b0400,Vietnamese,HQTV,l2+l2_diff_utt,How could I answer the question on the spur of the moment., How could I answer the question on the spur of the moment?,0.0
arctic_b0400,Vietnamese,HQTV,l2+nat_same,How could I answer the question on the spur of the moment., How could I answer the question on the spur of the moment?,0.0
arctic_b0400,Vietnamese,HQTV,l2+interp,How could I answer the question on the spur of the moment., How could I answer the question on the spur of the moment?,0.0
arctic_b0400,Vietnamese,HQTV,l2+noise,How could I answer the question on the spur of the moment., How could I could I,0.75
arctic_b0400,Vietnamese,HQTV,nat+zero_0,How could I answer the question on the spur of the moment., How could I answer the question on the spur of the moment?,0.0
arctic_b0400,Vietnamese,HQTV,l2+zero_0,How could I answer the question on the spur of the moment., How could I answer the question on the spur of the moment?,0.0
arctic_b0400,Vietnamese,HQTV,nat+zero_100,How could I answer the question on the spur of the moment., How could I answer the question on the spur of the moment?,0.0
arctic_b0400,Vietnamese,HQTV,l2+zero_100,How could I answer the question on the spur of the moment., How could I answer the question on the spur of the moment?,0.0
arctic_b0400,Vietnamese,HQTV,nat+zero_200,How could I answer the question on the spur of the moment., How could I answer the question on the spur of the moment?,0.0
arctic_b0400,Vietnamese,HQTV,l2+zero_200,How could I answer the question on the spur of the moment., How could I answer the question on the spur of the moment?,0.0
arctic_b0400,Vietnamese,HQTV,nat+zero_400,How could I answer the question on the spur of the moment., How could I answer the question on the spur of the moment?,0.0
arctic_b0400,Vietnamese,HQTV,l2+zero_400,How could I answer the question on the spur of the moment., How could I answer the question on the spur of the moment?,0.0
arctic_b0400,Vietnamese,HQTV,nat+zero_800,How could I answer the question on the spur of the moment., How could I answer the question on the spur of the moment?,0.0
arctic_b0400,Vietnamese,HQTV,l2+zero_800,How could I answer the question on the spur of the moment., How could I answer the question on the spur of the moment?,0.0
arctic_b0400,Vietnamese,HQTV,nat+empty_pad,How could I answer the question on the spur of the moment., How could I answer the question on the spur of the moment?,0.0
arctic_b0400,Vietnamese,HQTV,l2+empty_pad,How could I answer the question on the spur of the moment., How could I answer the question on the spur of the moment?,0.0
arctic_b0405,Arabic,ZHAA,nat+nat,"And each year something happened, and I did not go.", and each year something happened and I did not go.,0.0
arctic_b0405,Arabic,ZHAA,nat+nat_diff_utt,"And each year something happened, and I did not go.", and each year something happened and I did not go.,0.0
arctic_b0405,Arabic,ZHAA,nat+l2_same,"And each year something happened, and I did not go.", and each year something happened and I did not go.,0.0
arctic_b0405,Arabic,ZHAA,nat+interp,"And each year something happened, and I did not go.", and each year something happened and I did not go.,0.0
arctic_b0405,Arabic,ZHAA,nat+noise,"And each year something happened, and I did not go.", And I did,0.7
arctic_b0405,Arabic,ZHAA,l2+l2,"And each year something happened, and I did not go.", And each year something happened and I did not go.,0.0
arctic_b0405,Arabic,ZHAA,l2+l2_diff_utt,"And each year something happened, and I did not go.", And each year something happened and I did not go.,0.0
arctic_b0405,Arabic,ZHAA,l2+nat_same,"And each year something happened, and I did not go.", And each year something happened and I did not go.,0.0
arctic_b0405,Arabic,ZHAA,l2+interp,"And each year something happened, and I did not go.", And each year something happened and I did not go.,0.0
arctic_b0405,Arabic,ZHAA,l2+noise,"And each year something happened, and I did not go.", And I did not,0.6
arctic_b0405,Arabic,ZHAA,nat+zero_0,"And each year something happened, and I did not go.", and each year something happened and I did not go.,0.0
arctic_b0405,Arabic,ZHAA,l2+zero_0,"And each year something happened, and I did not go.", and each year something happened and I did not go.,0.0
arctic_b0405,Arabic,ZHAA,nat+zero_100,"And each year something happened, and I did not go.", and each year something happened and I did not go.,0.0
arctic_b0405,Arabic,ZHAA,l2+zero_100,"And each year something happened, and I did not go.", and each year something happened and I did not go.,0.0
arctic_b0405,Arabic,ZHAA,nat+zero_200,"And each year something happened, and I did not go.", and each year something happened and I did not go.,0.0
arctic_b0405,Arabic,ZHAA,l2+zero_200,"And each year something happened, and I did not go.", and each year something happened and I did not go.,0.0
arctic_b0405,Arabic,ZHAA,nat+zero_400,"And each year something happened, and I did not go.", and each year something happened and I did not go.,0.0
arctic_b0405,Arabic,ZHAA,l2+zero_400,"And each year something happened, and I did not go.", and each year something happened and I did not go.,0.0
arctic_b0405,Arabic,ZHAA,nat+zero_800,"And each year something happened, and I did not go.", and each year something happened and I did not go.,0.0
arctic_b0405,Arabic,ZHAA,l2+zero_800,"And each year something happened, and I did not go.", and each year something happened and I did not go.,0.0
arctic_b0405,Arabic,ZHAA,nat+empty_pad,"And each year something happened, and I did not go.", And each year something happened and I did not go.,0.0
arctic_b0405,Arabic,ZHAA,l2+empty_pad,"And each year something happened, and I did not go.", And each year something happened and I did not go.,0.0
arctic_b0405,Chinese,BWC,nat+nat,"And each year something happened, and I did not go.", and each year something happened and I did not go.,0.0
arctic_b0405,Chinese,BWC,nat+nat_diff_utt,"And each year something happened, and I did not go.", and each year something happened and I did not go.,0.0
arctic_b0405,Chinese,BWC,nat+l2_same,"And each year something happened, and I did not go.", and each year something happened and I did not go.,0.0
arctic_b0405,Chinese,BWC,nat+interp,"And each year something happened, and I did not go.", And each year something happened and I did not go.,0.0
arctic_b0405,Chinese,BWC,nat+noise,"And each year something happened, and I did not go.", And I did,0.7
arctic_b0405,Chinese,BWC,l2+l2,"And each year something happened, and I did not go.", And each year something happened I did not know.,0.2
arctic_b0405,Chinese,BWC,l2+l2_diff_utt,"And each year something happened, and I did not go.", And each year something happened I did not know.,0.2
arctic_b0405,Chinese,BWC,l2+nat_same,"And each year something happened, and I did not go.", And each year something happened I did not know.,0.2
arctic_b0405,Chinese,BWC,l2+interp,"And each year something happened, and I did not go.", And each year something happened I did not know.,0.2
arctic_b0405,Chinese,BWC,l2+noise,"And each year something happened, and I did not go.", and,0.9
arctic_b0405,Chinese,BWC,nat+zero_0,"And each year something happened, and I did not go.", and each year something happened and I did not go.,0.0
arctic_b0405,Chinese,BWC,l2+zero_0,"And each year something happened, and I did not go.", and each year something happened and I did not know.,0.1
arctic_b0405,Chinese,BWC,nat+zero_100,"And each year something happened, and I did not go.", and each year something happened and I did not go.,0.0
arctic_b0405,Chinese,BWC,l2+zero_100,"And each year something happened, and I did not go.", and each year something happened and I did not know.,0.1
arctic_b0405,Chinese,BWC,nat+zero_200,"And each year something happened, and I did not go.", and each year something happened and I did not go.,0.0
arctic_b0405,Chinese,BWC,l2+zero_200,"And each year something happened, and I did not go.", and each year something happened and I did not know.,0.1
arctic_b0405,Chinese,BWC,nat+zero_400,"And each year something happened, and I did not go.", and each year something happened and I did not go.,0.0
arctic_b0405,Chinese,BWC,l2+zero_400,"And each year something happened, and I did not go.", and each year something happened and I did not know.,0.1
arctic_b0405,Chinese,BWC,nat+zero_800,"And each year something happened, and I did not go.", and each year something happened and I did not go.,0.0
arctic_b0405,Chinese,BWC,l2+zero_800,"And each year something happened, and I did not go.", and each year something happened and I did not know.,0.1
arctic_b0405,Chinese,BWC,nat+empty_pad,"And each year something happened, and I did not go.", And each year something happened and I did not go.,0.0
arctic_b0405,Chinese,BWC,l2+empty_pad,"And each year something happened, and I did not go.", And each year something happened and I did not know.,0.1
arctic_b0405,Hindi,SVBI,nat+nat,"And each year something happened, and I did not go.", and each year something happened and I did not go.,0.0
arctic_b0405,Hindi,SVBI,nat+nat_diff_utt,"And each year something happened, and I did not go.", and each year something happened and I did not go.,0.0
arctic_b0405,Hindi,SVBI,nat+l2_same,"And each year something happened, and I did not go.", and each year something happened and I did not go.,0.0
arctic_b0405,Hindi,SVBI,nat+interp,"And each year something happened, and I did not go.", And each year something happened and I did not go.,0.0
arctic_b0405,Hindi,SVBI,nat+noise,"And each year something happened, and I did not go.", And I did,0.7
arctic_b0405,Hindi,SVBI,l2+l2,"And each year something happened, and I did not go.", And each year something happened and I did not go.,0.0
arctic_b0405,Hindi,SVBI,l2+l2_diff_utt,"And each year something happened, and I did not go.", And each year something happened and I did not go.,0.0
arctic_b0405,Hindi,SVBI,l2+nat_same,"And each year something happened, and I did not go.", And each year something happened and I did not go.,0.0
arctic_b0405,Hindi,SVBI,l2+interp,"And each year something happened, and I did not go.", And each year something happened and I did not go.,0.0
arctic_b0405,Hindi,SVBI,l2+noise,"And each year something happened, and I did not go.", And,0.9
arctic_b0405,Hindi,SVBI,nat+zero_0,"And each year something happened, and I did not go.", and each year something happened and I did not go.,0.0
arctic_b0405,Hindi,SVBI,l2+zero_0,"And each year something happened, and I did not go.", and each year something happened and I did not go.,0.0
arctic_b0405,Hindi,SVBI,nat+zero_100,"And each year something happened, and I did not go.", and each year something happened and I did not go.,0.0
arctic_b0405,Hindi,SVBI,l2+zero_100,"And each year something happened, and I did not go.", and each year something happened and I did not go.,0.0
arctic_b0405,Hindi,SVBI,nat+zero_200,"And each year something happened, and I did not go.", and each year something happened and I did not go.,0.0
arctic_b0405,Hindi,SVBI,l2+zero_200,"And each year something happened, and I did not go.", and each year something happened and I did not go.,0.0
arctic_b0405,Hindi,SVBI,nat+zero_400,"And each year something happened, and I did not go.", and each year something happened and I did not go.,0.0
arctic_b0405,Hindi,SVBI,l2+zero_400,"And each year something happened, and I did not go.", and each year something happened and I did not go.,0.0
arctic_b0405,Hindi,SVBI,nat+zero_800,"And each year something happened, and I did not go.", and each year something happened and I did not go.,0.0
arctic_b0405,Hindi,SVBI,l2+zero_800,"And each year something happened, and I did not go.", and each year something happened and I did not go.,0.0
arctic_b0405,Hindi,SVBI,nat+empty_pad,"And each year something happened, and I did not go.", And each year something happened and I did not go.,0.0
arctic_b0405,Hindi,SVBI,l2+empty_pad,"And each year something happened, and I did not go.", And each year something happened and I did not go.,0.0
arctic_b0405,Korean,HJK,nat+nat,"And each year something happened, and I did not go.", and each year something happened and I did not go.,0.0
arctic_b0405,Korean,HJK,nat+nat_diff_utt,"And each year something happened, and I did not go.", and each year something happened and I did not go.,0.0
arctic_b0405,Korean,HJK,nat+l2_same,"And each year something happened, and I did not go.", and each year something happened and I did not go.,0.0
arctic_b0405,Korean,HJK,nat+interp,"And each year something happened, and I did not go.", And each year something happened and I did not go.,0.0
arctic_b0405,Korean,HJK,nat+noise,"And each year something happened, and I did not go.", And I did,0.7
arctic_b0405,Korean,HJK,l2+l2,"And each year something happened, and I did not go.", And each year something happened and I did not go.,0.0
arctic_b0405,Korean,HJK,l2+l2_diff_utt,"And each year something happened, and I did not go.", And each year something happened and I did not go.,0.0
arctic_b0405,Korean,HJK,l2+nat_same,"And each year something happened, and I did not go.", And each year something happened and I did not go.,0.0
arctic_b0405,Korean,HJK,l2+interp,"And each year something happened, and I did not go.", And each year something happened and I did not go.,0.0
arctic_b0405,Korean,HJK,l2+noise,"And each year something happened, and I did not go.", And,0.9
arctic_b0405,Korean,HJK,nat+zero_0,"And each year something happened, and I did not go.", and each year something happened and I did not go.,0.0
arctic_b0405,Korean,HJK,l2+zero_0,"And each year something happened, and I did not go.", and each year something happened and I did not go.,0.0
arctic_b0405,Korean,HJK,nat+zero_100,"And each year something happened, and I did not go.", and each year something happened and I did not go.,0.0
arctic_b0405,Korean,HJK,l2+zero_100,"And each year something happened, and I did not go.", and each year something happened and I did not go.,0.0
arctic_b0405,Korean,HJK,nat+zero_200,"And each year something happened, and I did not go.", and each year something happened and I did not go.,0.0
arctic_b0405,Korean,HJK,l2+zero_200,"And each year something happened, and I did not go.", and each year something happened and I did not go.,0.0
arctic_b0405,Korean,HJK,nat+zero_400,"And each year something happened, and I did not go.", and each year something happened and I did not go.,0.0
arctic_b0405,Korean,HJK,l2+zero_400,"And each year something happened, and I did not go.", and each year something happened and I did not go.,0.0
arctic_b0405,Korean,HJK,nat+zero_800,"And each year something happened, and I did not go.", and each year something happened and I did not go.,0.0
arctic_b0405,Korean,HJK,l2+zero_800,"And each year something happened, and I did not go.", and each year something happened and I did not go.,0.0
arctic_b0405,Korean,HJK,nat+empty_pad,"And each year something happened, and I did not go.", And each year something happened and I did not go.,0.0
arctic_b0405,Korean,HJK,l2+empty_pad,"And each year something happened, and I did not go.", And each year something happened and I did not go.,0.0
arctic_b0405,Spanish,EBVS,nat+nat,"And each year something happened, and I did not go.", and each year something happened and I did not go.,0.0
arctic_b0405,Spanish,EBVS,nat+nat_diff_utt,"And each year something happened, and I did not go.", and each year something happened and I did not go.,0.0
arctic_b0405,Spanish,EBVS,nat+l2_same,"And each year something happened, and I did not go.", and each year something happened and I did not go.,0.0
arctic_b0405,Spanish,EBVS,nat+interp,"And each year something happened, and I did not go.", and I did not go.,0.5
arctic_b0405,Spanish,EBVS,nat+noise,"And each year something happened, and I did not go.", And I did,0.7
arctic_b0405,Spanish,EBVS,l2+l2,"And each year something happened, and I did not go.", and each year something happened and I did not go.,0.0
arctic_b0405,Spanish,EBVS,l2+l2_diff_utt,"And each year something happened, and I did not go.", and each year something happened and I did not go.,0.0
arctic_b0405,Spanish,EBVS,l2+nat_same,"And each year something happened, and I did not go.", and each year something happened and I did not go.,0.0
arctic_b0405,Spanish,EBVS,l2+interp,"And each year something happened, and I did not go.", And each year something happened and I did not go,0.0
arctic_b0405,Spanish,EBVS,l2+noise,"And each year something happened, and I did not go.", and I,0.8
arctic_b0405,Spanish,EBVS,nat+zero_0,"And each year something happened, and I did not go.", and each year something happened and I did not go.,0.0
arctic_b0405,Spanish,EBVS,l2+zero_0,"And each year something happened, and I did not go.", and each year something happened and I did not go.,0.0
arctic_b0405,Spanish,EBVS,nat+zero_100,"And each year something happened, and I did not go.", and each year something happened and I did not go.,0.0
arctic_b0405,Spanish,EBVS,l2+zero_100,"And each year something happened, and I did not go.", and each year something happened and I did not go.,0.0
arctic_b0405,Spanish,EBVS,nat+zero_200,"And each year something happened, and I did not go.", and each year something happened and I did not go.,0.0
arctic_b0405,Spanish,EBVS,l2+zero_200,"And each year something happened, and I did not go.", and each year something happened and I did not go.,0.0
arctic_b0405,Spanish,EBVS,nat+zero_400,"And each year something happened, and I did not go.", and each year something happened and I did not go.,0.0
arctic_b0405,Spanish,EBVS,l2+zero_400,"And each year something happened, and I did not go.", and each year something happened and I did not go.,0.0
arctic_b0405,Spanish,EBVS,nat+zero_800,"And each year something happened, and I did not go.", and each year something happened and I did not go.,0.0
arctic_b0405,Spanish,EBVS,l2+zero_800,"And each year something happened, and I did not go.", and each year something happened and I did not go.,0.0
arctic_b0405,Spanish,EBVS,nat+empty_pad,"And each year something happened, and I did not go.", And each year something happened and I did not go.,0.0
arctic_b0405,Spanish,EBVS,l2+empty_pad,"And each year something happened, and I did not go.", And each year something happened and I did not go.,0.0
arctic_b0405,Vietnamese,HQTV,nat+nat,"And each year something happened, and I did not go.", and each year something happened and I did not go.,0.0
arctic_b0405,Vietnamese,HQTV,nat+nat_diff_utt,"And each year something happened, and I did not go.", and each year something happened and I did not go.,0.0
arctic_b0405,Vietnamese,HQTV,nat+l2_same,"And each year something happened, and I did not go.", And each year something happened and I did not go.,0.0
arctic_b0405,Vietnamese,HQTV,nat+interp,"And each year something happened, and I did not go.", And each year something happened and I did not go.,0.0
arctic_b0405,Vietnamese,HQTV,nat+noise,"And each year something happened, and I did not go.", And I did,0.7
arctic_b0405,Vietnamese,HQTV,l2+l2,"And each year something happened, and I did not go.", And each year something happened and I did not go.,0.0
arctic_b0405,Vietnamese,HQTV,l2+l2_diff_utt,"And each year something happened, and I did not go.", And each year something happened and I did not go.,0.0
arctic_b0405,Vietnamese,HQTV,l2+nat_same,"And each year something happened, and I did not go.", And each year something happened and I did not go.,0.0
arctic_b0405,Vietnamese,HQTV,l2+interp,"And each year something happened, and I did not go.", And each year something happened and I did not go.,0.0
arctic_b0405,Vietnamese,HQTV,l2+noise,"And each year something happened, and I did not go.", And each,0.8
arctic_b0405,Vietnamese,HQTV,nat+zero_0,"And each year something happened, and I did not go.", and each year something happened and I did not go.,0.0
arctic_b0405,Vietnamese,HQTV,l2+zero_0,"And each year something happened, and I did not go.", and each year something happened and I did not go.,0.0
arctic_b0405,Vietnamese,HQTV,nat+zero_100,"And each year something happened, and I did not go.", and each year something happened and I did not go.,0.0
arctic_b0405,Vietnamese,HQTV,l2+zero_100,"And each year something happened, and I did not go.", and each year something happened and I did not go.,0.0
arctic_b0405,Vietnamese,HQTV,nat+zero_200,"And each year something happened, and I did not go.", and each year something happened and I did not go.,0.0
arctic_b0405,Vietnamese,HQTV,l2+zero_200,"And each year something happened, and I did not go.", and each year something happened and I did not go.,0.0
arctic_b0405,Vietnamese,HQTV,nat+zero_400,"And each year something happened, and I did not go.", and each year something happened and I did not go.,0.0
arctic_b0405,Vietnamese,HQTV,l2+zero_400,"And each year something happened, and I did not go.", and each year something happened and I did not go.,0.0
arctic_b0405,Vietnamese,HQTV,nat+zero_800,"And each year something happened, and I did not go.", and each year something happened and I did not go.,0.0
arctic_b0405,Vietnamese,HQTV,l2+zero_800,"And each year something happened, and I did not go.", and each year something happened and I did not go.,0.0
arctic_b0405,Vietnamese,HQTV,nat+empty_pad,"And each year something happened, and I did not go.", And each year something happened and I did not go.,0.0
arctic_b0405,Vietnamese,HQTV,l2+empty_pad,"And each year something happened, and I did not go.", And each year something happened and I did not go.,0.0
arctic_b0406,Arabic,ZHAA,nat+nat,How in hell did he know it was you in the dark., How in hell did he know it was you in the dark?,0.0
arctic_b0406,Arabic,ZHAA,nat+nat_diff_utt,How in hell did he know it was you in the dark., How in hell did he know it was you in the dark?,0.0
arctic_b0406,Arabic,ZHAA,nat+l2_same,How in hell did he know it was you in the dark., How in hell did he know it was you in the dark?,0.0
arctic_b0406,Arabic,ZHAA,nat+interp,How in hell did he know it was you in the dark., How in hell did he know it was you in the dark?,0.0
arctic_b0406,Arabic,ZHAA,nat+noise,How in hell did he know it was you in the dark., How when,0.9166666666666666
arctic_b0406,Arabic,ZHAA,l2+l2,How in hell did he know it was you in the dark., How in hell did he know it was you in the dark?,0.0
arctic_b0406,Arabic,ZHAA,l2+l2_diff_utt,How in hell did he know it was you in the dark., How in hell did he know it was you in the dark?,0.0
arctic_b0406,Arabic,ZHAA,l2+nat_same,How in hell did he know it was you in the dark., How in hell did he know it was you in the dark?,0.0
arctic_b0406,Arabic,ZHAA,l2+interp,How in hell did he know it was you in the dark., How in hell did he know it was you in the dark?,0.0
arctic_b0406,Arabic,ZHAA,l2+noise,How in hell did he know it was you in the dark., How in how did how did you,0.6666666666666666
arctic_b0406,Arabic,ZHAA,nat+zero_0,How in hell did he know it was you in the dark., How in hell did he know it was you in the dark?,0.0
arctic_b0406,Arabic,ZHAA,l2+zero_0,How in hell did he know it was you in the dark., How in hell did he know it was you in the dark?,0.0
arctic_b0406,Arabic,ZHAA,nat+zero_100,How in hell did he know it was you in the dark., How in hell did he know it was you in the dark?,0.0
arctic_b0406,Arabic,ZHAA,l2+zero_100,How in hell did he know it was you in the dark., How in hell did he know it was you in the dark?,0.0
arctic_b0406,Arabic,ZHAA,nat+zero_200,How in hell did he know it was you in the dark., How in hell did he know it was you in the dark?,0.0
arctic_b0406,Arabic,ZHAA,l2+zero_200,How in hell did he know it was you in the dark., How in hell did he know it was you in the dark?,0.0
arctic_b0406,Arabic,ZHAA,nat+zero_400,How in hell did he know it was you in the dark., How in hell did he know it was you in the dark?,0.0
arctic_b0406,Arabic,ZHAA,l2+zero_400,How in hell did he know it was you in the dark., How in hell did he know it was you in the dark?,0.0
arctic_b0406,Arabic,ZHAA,nat+zero_800,How in hell did he know it was you in the dark., How in hell did he know it was you in the dark?,0.0
arctic_b0406,Arabic,ZHAA,l2+zero_800,How in hell did he know it was you in the dark., How in hell did he know it was you in the dark?,0.0
arctic_b0406,Arabic,ZHAA,nat+empty_pad,How in hell did he know it was you in the dark., How in hell did he know it was you in the dark?,0.0
arctic_b0406,Arabic,ZHAA,l2+empty_pad,How in hell did he know it was you in the dark., How in hell did he know it was you in the dark?,0.0
arctic_b0406,Chinese,BWC,nat+nat,How in hell did he know it was you in the dark., How in hell did he know it was you in the dark?,0.0
arctic_b0406,Chinese,BWC,nat+nat_diff_utt,How in hell did he know it was you in the dark., How in hell did he know it was you in the dark?,0.0
arctic_b0406,Chinese,BWC,nat+l2_same,How in hell did he know it was you in the dark., How in hell did he know it was you in the dark?,0.0
arctic_b0406,Chinese,BWC,nat+interp,How in hell did he know it was you in the dark., How in hell did he know it was you in the dark?,0.0
arctic_b0406,Chinese,BWC,nat+noise,How in hell did he know it was you in the dark., How when,0.9166666666666666
arctic_b0406,Chinese,BWC,l2+l2,How in hell did he know it was you in the dark., How in hell did he know it was yours in the dark?,0.08333333333333333
arctic_b0406,Chinese,BWC,l2+l2_diff_utt,How in hell did he know it was you in the dark., How in hell did he know it was yours in the dark?,0.08333333333333333
arctic_b0406,Chinese,BWC,l2+nat_same,How in hell did he know it was you in the dark., How in hell did he know it was you in the dark?,0.0
arctic_b0406,Chinese,BWC,l2+interp,How in hell did he know it was you in the dark., How in hell did he know it was your in the dark?,0.08333333333333333
arctic_b0406,Chinese,BWC,l2+noise,How in hell did he know it was you in the dark., How in how did did how did,0.75
arctic_b0406,Chinese,BWC,nat+zero_0,How in hell did he know it was you in the dark., How in hell did he know it was you in the dark?,0.0
arctic_b0406,Chinese,BWC,l2+zero_0,How in hell did he know it was you in the dark., How in hell did he know it was you in the dark?,0.0
arctic_b0406,Chinese,BWC,nat+zero_100,How in hell did he know it was you in the dark., How in hell did he know it was you in the dark?,0.0
arctic_b0406,Chinese,BWC,l2+zero_100,How in hell did he know it was you in the dark., How in hell did he know it was you in the dark?,0.0
arctic_b0406,Chinese,BWC,nat+zero_200,How in hell did he know it was you in the dark., How in hell did he know it was you in the dark?,0.0
arctic_b0406,Chinese,BWC,l2+zero_200,How in hell did he know it was you in the dark., How in hell did he know it was you in the dark?,0.0
arctic_b0406,Chinese,BWC,nat+zero_400,How in hell did he know it was you in the dark., How in hell did he know it was you in the dark?,0.0
arctic_b0406,Chinese,BWC,l2+zero_400,How in hell did he know it was you in the dark., How in hell did he know it was you in the dark?,0.0
arctic_b0406,Chinese,BWC,nat+zero_800,How in hell did he know it was you in the dark., How in hell did he know it was you in the dark?,0.0
arctic_b0406,Chinese,BWC,l2+zero_800,How in hell did he know it was you in the dark., How in hell did he know it was you in the dark?,0.0
arctic_b0406,Chinese,BWC,nat+empty_pad,How in hell did he know it was you in the dark., How in hell did he know it was you in the dark?,0.0
arctic_b0406,Chinese,BWC,l2+empty_pad,How in hell did he know it was you in the dark., How in hell did he know it was you in the dark?,0.0
arctic_b0406,Hindi,SVBI,nat+nat,How in hell did he know it was you in the dark., How in hell did he know it was you in the dark?,0.0
arctic_b0406,Hindi,SVBI,nat+nat_diff_utt,How in hell did he know it was you in the dark., How in hell did he know it was you in the dark?,0.0
arctic_b0406,Hindi,SVBI,nat+l2_same,How in hell did he know it was you in the dark., How in hell did he know it was you in the dark?,0.0
arctic_b0406,Hindi,SVBI,nat+interp,How in hell did he know it was you in the dark., How in hell did he know it was you in the dark?,0.0
arctic_b0406,Hindi,SVBI,nat+noise,How in hell did he know it was you in the dark., How when,0.9166666666666666
arctic_b0406,Hindi,SVBI,l2+l2,How in hell did he know it was you in the dark., How in hell did he know it was you in the dark?,0.0
arctic_b0406,Hindi,SVBI,l2+l2_diff_utt,How in hell did he know it was you in the dark., How in hell did he know it was you in the dark?,0.0
arctic_b0406,Hindi,SVBI,l2+nat_same,How in hell did he know it was you in the dark., How in hell did he know it was you in the dark?,0.0
arctic_b0406,Hindi,SVBI,l2+interp,How in hell did he know it was you in the dark., How in hell did he know it was you in the dark?,0.0
arctic_b0406,Hindi,SVBI,l2+noise,How in hell did he know it was you in the dark., How in how,0.8333333333333334
arctic_b0406,Hindi,SVBI,nat+zero_0,How in hell did he know it was you in the dark., How in hell did he know it was you in the dark?,0.0
arctic_b0406,Hindi,SVBI,l2+zero_0,How in hell did he know it was you in the dark., How in hell did he know it was you in the dark?,0.0
arctic_b0406,Hindi,SVBI,nat+zero_100,How in hell did he know it was you in the dark., How in hell did he know it was you in the dark?,0.0
arctic_b0406,Hindi,SVBI,l2+zero_100,How in hell did he know it was you in the dark., How in hell did he know it was you in the dark?,0.0
arctic_b0406,Hindi,SVBI,nat+zero_200,How in hell did he know it was you in the dark., How in hell did he know it was you in the dark?,0.0
arctic_b0406,Hindi,SVBI,l2+zero_200,How in hell did he know it was you in the dark., How in hell did he know it was you in the dark?,0.0
arctic_b0406,Hindi,SVBI,nat+zero_400,How in hell did he know it was you in the dark., How in hell did he know it was you in the dark?,0.0
arctic_b0406,Hindi,SVBI,l2+zero_400,How in hell did he know it was you in the dark., How in hell did he know it was you in the dark?,0.0
arctic_b0406,Hindi,SVBI,nat+zero_800,How in hell did he know it was you in the dark., How in hell did he know it was you in the dark?,0.0
arctic_b0406,Hindi,SVBI,l2+zero_800,How in hell did he know it was you in the dark., How in hell did he know it was you in the dark?,0.0
arctic_b0406,Hindi,SVBI,nat+empty_pad,How in hell did he know it was you in the dark., How in hell did he know it was you in the dark?,0.0
arctic_b0406,Hindi,SVBI,l2+empty_pad,How in hell did he know it was you in the dark., How in hell did he know it was you in the dark?,0.0
arctic_b0406,Korean,HJK,nat+nat,How in hell did he know it was you in the dark., How in hell did he know it was you in the dark?,0.0
arctic_b0406,Korean,HJK,nat+nat_diff_utt,How in hell did he know it was you in the dark., How in hell did he know it was you in the dark?,0.0
arctic_b0406,Korean,HJK,nat+l2_same,How in hell did he know it was you in the dark., How in hell did he know it was you in the dark?,0.0
arctic_b0406,Korean,HJK,nat+interp,How in hell did he know it was you in the dark., How in hell did he know it was you in the dark?,0.0
arctic_b0406,Korean,HJK,nat+noise,How in hell did he know it was you in the dark., How when,0.9166666666666666
arctic_b0406,Korean,HJK,l2+l2,How in hell did he know it was you in the dark., How in hell did he know it was you in the dark?,0.0
arctic_b0406,Korean,HJK,l2+l2_diff_utt,How in hell did he know it was you in the dark., How in hell did he know it was you in the dark?,0.0
arctic_b0406,Korean,HJK,l2+nat_same,How in hell did he know it was you in the dark., How in hell did he know it was you in the dark?,0.0
arctic_b0406,Korean,HJK,l2+interp,How in hell did he know it was you in the dark., How in hell did he know it was you in the dark?,0.0
arctic_b0406,Korean,HJK,l2+noise,How in hell did he know it was you in the dark., How in how did he,0.6666666666666666
arctic_b0406,Korean,HJK,nat+zero_0,How in hell did he know it was you in the dark., How in hell did he know it was you in the dark?,0.0
arctic_b0406,Korean,HJK,l2+zero_0,How in hell did he know it was you in the dark., How in hell did he know it was you in the dark?,0.0
arctic_b0406,Korean,HJK,nat+zero_100,How in hell did he know it was you in the dark., How in hell did he know it was you in the dark?,0.0
arctic_b0406,Korean,HJK,l2+zero_100,How in hell did he know it was you in the dark., How in hell did he know it was you in the dark?,0.0
arctic_b0406,Korean,HJK,nat+zero_200,How in hell did he know it was you in the dark., How in hell did he know it was you in the dark?,0.0
arctic_b0406,Korean,HJK,l2+zero_200,How in hell did he know it was you in the dark., How in hell did he know it was you in the dark?,0.0
arctic_b0406,Korean,HJK,nat+zero_400,How in hell did he know it was you in the dark., How in hell did he know it was you in the dark?,0.0
arctic_b0406,Korean,HJK,l2+zero_400,How in hell did he know it was you in the dark., How in hell did he know it was you in the dark?,0.0
arctic_b0406,Korean,HJK,nat+zero_800,How in hell did he know it was you in the dark., How in hell did he know it was you in the dark?,0.0
arctic_b0406,Korean,HJK,l2+zero_800,How in hell did he know it was you in the dark., How in hell did he know it was you in the dark?,0.0
arctic_b0406,Korean,HJK,nat+empty_pad,How in hell did he know it was you in the dark., How in hell did he know it was you in the dark?,0.0
arctic_b0406,Korean,HJK,l2+empty_pad,How in hell did he know it was you in the dark., How in hell did he know it was you in the dark?,0.0
arctic_b0406,Spanish,EBVS,nat+nat,How in hell did he know it was you in the dark., How in hell did he know it was you in the dark?,0.0
arctic_b0406,Spanish,EBVS,nat+nat_diff_utt,How in hell did he know it was you in the dark., How in hell did he know it was you in the dark?,0.0
arctic_b0406,Spanish,EBVS,nat+l2_same,How in hell did he know it was you in the dark., How in hell did he know it was you in the dark?,0.0
arctic_b0406,Spanish,EBVS,nat+interp,How in hell did he know it was you in the dark., How and how did he know it was you in the dark?,0.16666666666666666
arctic_b0406,Spanish,EBVS,nat+noise,How in hell did he know it was you in the dark., How when,0.9166666666666666
arctic_b0406,Spanish,EBVS,l2+l2,How in hell did he know it was you in the dark., How in hell did he know it was you in the dark?,0.0
arctic_b0406,Spanish,EBVS,l2+l2_diff_utt,How in hell did he know it was you in the dark., How in hell did he know it was you in the dark?,0.0
arctic_b0406,Spanish,EBVS,l2+nat_same,How in hell did he know it was you in the dark., How in hell did he know it was you in the dark?,0.0
arctic_b0406,Spanish,EBVS,l2+interp,How in hell did he know it was you in the dark., How in hell did he know it was you in the dark?,0.0
arctic_b0406,Spanish,EBVS,l2+noise,How in hell did he know it was you in the dark., How in how did you,0.6666666666666666
arctic_b0406,Spanish,EBVS,nat+zero_0,How in hell did he know it was you in the dark., How in hell did he know it was you in the dark?,0.0
arctic_b0406,Spanish,EBVS,l2+zero_0,How in hell did he know it was you in the dark., How in hell did he know it was you in the dark?,0.0
arctic_b0406,Spanish,EBVS,nat+zero_100,How in hell did he know it was you in the dark., How in hell did he know it was you in the dark?,0.0
arctic_b0406,Spanish,EBVS,l2+zero_100,How in hell did he know it was you in the dark., How in hell did he know it was you in the dark?,0.0
arctic_b0406,Spanish,EBVS,nat+zero_200,How in hell did he know it was you in the dark., How in hell did he know it was you in the dark?,0.0
arctic_b0406,Spanish,EBVS,l2+zero_200,How in hell did he know it was you in the dark., How in hell did he know it was you in the dark?,0.0
arctic_b0406,Spanish,EBVS,nat+zero_400,How in hell did he know it was you in the dark., How in hell did he know it was you in the dark?,0.0
arctic_b0406,Spanish,EBVS,l2+zero_400,How in hell did he know it was you in the dark., How in hell did he know it was you in the dark?,0.0
arctic_b0406,Spanish,EBVS,nat+zero_800,How in hell did he know it was you in the dark., How in hell did he know it was you in the dark?,0.0
arctic_b0406,Spanish,EBVS,l2+zero_800,How in hell did he know it was you in the dark., How in hell did he know it was you in the dark?,0.0
arctic_b0406,Spanish,EBVS,nat+empty_pad,How in hell did he know it was you in the dark., How in hell did he know it was you in the dark?,0.0
arctic_b0406,Spanish,EBVS,l2+empty_pad,How in hell did he know it was you in the dark., How in hell did he know it was you in the dark?,0.0
arctic_b0406,Vietnamese,HQTV,nat+nat,How in hell did he know it was you in the dark., How in hell did he know it was you in the dark?,0.0
arctic_b0406,Vietnamese,HQTV,nat+nat_diff_utt,How in hell did he know it was you in the dark., How in hell did he know it was you in the dark?,0.0
arctic_b0406,Vietnamese,HQTV,nat+l2_same,How in hell did he know it was you in the dark., How in hell did he know it was you in the dark?,0.0
arctic_b0406,Vietnamese,HQTV,nat+interp,How in hell did he know it was you in the dark., How in hell did he know it was you in the dark?,0.0
arctic_b0406,Vietnamese,HQTV,nat+noise,How in hell did he know it was you in the dark., How when,0.9166666666666666
arctic_b0406,Vietnamese,HQTV,l2+l2,How in hell did he know it was you in the dark., How in hell did he know it was you in the dark?,0.0
arctic_b0406,Vietnamese,HQTV,l2+l2_diff_utt,How in hell did he know it was you in the dark., How in hell did he know it was you in the dark?,0.0
arctic_b0406,Vietnamese,HQTV,l2+nat_same,How in hell did he know it was you in the dark., How in hell did he know it was you in the dark?,0.0
arctic_b0406,Vietnamese,HQTV,l2+interp,How in hell did he know it was you in the dark., How inhale this Hino is will do you in the dark,0.5833333333333334
arctic_b0406,Vietnamese,HQTV,l2+noise,How in hell did he know it was you in the dark., How in,0.8333333333333334
arctic_b0406,Vietnamese,HQTV,nat+zero_0,How in hell did he know it was you in the dark., How in hell did he know it was you in the dark?,0.0
arctic_b0406,Vietnamese,HQTV,l2+zero_0,How in hell did he know it was you in the dark., How in hell did he know it was you in the dark?,0.0
arctic_b0406,Vietnamese,HQTV,nat+zero_100,How in hell did he know it was you in the dark., How in hell did he know it was you in the dark?,0.0
arctic_b0406,Vietnamese,HQTV,l2+zero_100,How in hell did he know it was you in the dark., How in hell did he know it was you in the dark?,0.0
arctic_b0406,Vietnamese,HQTV,nat+zero_200,How in hell did he know it was you in the dark., How in hell did he know it was you in the dark?,0.0
arctic_b0406,Vietnamese,HQTV,l2+zero_200,How in hell did he know it was you in the dark., How in hell did he know it was you in the dark?,0.0
arctic_b0406,Vietnamese,HQTV,nat+zero_400,How in hell did he know it was you in the dark., How in hell did he know it was you in the dark?,0.0
arctic_b0406,Vietnamese,HQTV,l2+zero_400,How in hell did he know it was you in the dark., How in hell did he know it was you in the dark?,0.0
arctic_b0406,Vietnamese,HQTV,nat+zero_800,How in hell did he know it was you in the dark., How in hell did he know it was you in the dark?,0.0
arctic_b0406,Vietnamese,HQTV,l2+zero_800,How in hell did he know it was you in the dark., How in hell did he know it was you in the dark?,0.0
arctic_b0406,Vietnamese,HQTV,nat+empty_pad,How in hell did he know it was you in the dark., How in hell did he know it was you in the dark?,0.0
arctic_b0406,Vietnamese,HQTV,l2+empty_pad,How in hell did he know it was you in the dark., How in hell did he know it was you in the dark?,0.0
arctic_b0538,Arabic,ZHAA,nat+nat,"At the best, they were necessary accessories."," At the best, they were necessary accessories.",0.0
arctic_b0538,Arabic,ZHAA,nat+nat_diff_utt,"At the best, they were necessary accessories."," At the best, they were necessary accessories.",0.0
arctic_b0538,Arabic,ZHAA,nat+l2_same,"At the best, they were necessary accessories."," At the best, they were necessary accessories.",0.0
arctic_b0538,Arabic,ZHAA,nat+interp,"At the best, they were necessary accessories."," At the best, they were necessary accessories.",0.0
arctic_b0538,Arabic,ZHAA,nat+noise,"At the best, they were necessary accessories.", at the,0.7142857142857143
arctic_b0538,Arabic,ZHAA,l2+l2,"At the best, they were necessary accessories."," At the best, they were necessary accessors.",0.14285714285714285
arctic_b0538,Arabic,ZHAA,l2+l2_diff_utt,"At the best, they were necessary accessories."," At the best, they were necessary accessors.",0.14285714285714285
arctic_b0538,Arabic,ZHAA,l2+nat_same,"At the best, they were necessary accessories."," At the best, they were necessary accessors.",0.14285714285714285
arctic_b0538,Arabic,ZHAA,l2+interp,"At the best, they were necessary accessories."," At the best, they were necessary excessors.",0.14285714285714285
arctic_b0538,Arabic,ZHAA,l2+noise,"At the best, they were necessary accessories.", At the best,0.5714285714285714
arctic_b0538,Arabic,ZHAA,nat+zero_0,"At the best, they were necessary accessories.", at the best they were necessary accessories.,0.0
arctic_b0538,Arabic,ZHAA,l2+zero_0,"At the best, they were necessary accessories."," at the best, they were necessary accessors.",0.14285714285714285
arctic_b0538,Arabic,ZHAA,nat+zero_100,"At the best, they were necessary accessories.", at the best they were necessary accessories.,0.0
arctic_b0538,Arabic,ZHAA,l2+zero_100,"At the best, they were necessary accessories."," at the best, they were necessary accessors.",0.14285714285714285
arctic_b0538,Arabic,ZHAA,nat+zero_200,"At the best, they were necessary accessories.", at the best they were necessary accessories.,0.0
arctic_b0538,Arabic,ZHAA,l2+zero_200,"At the best, they were necessary accessories."," at the best, they were necessary accessors.",0.14285714285714285
arctic_b0538,Arabic,ZHAA,nat+zero_400,"At the best, they were necessary accessories.", at the best they were necessary accessories.,0.0
arctic_b0538,Arabic,ZHAA,l2+zero_400,"At the best, they were necessary accessories."," At the best, they were necessary accessors.",0.14285714285714285
arctic_b0538,Arabic,ZHAA,nat+zero_800,"At the best, they were necessary accessories."," At the best, they were necessary accessories.",0.0
arctic_b0538,Arabic,ZHAA,l2+zero_800,"At the best, they were necessary accessories."," At the best, they were necessary accessors.",0.14285714285714285
arctic_b0538,Arabic,ZHAA,nat+empty_pad,"At the best, they were necessary accessories."," At the best, they were necessary accessories.",0.0
arctic_b0538,Arabic,ZHAA,l2+empty_pad,"At the best, they were necessary accessories."," At the best, they were necessary accessors.",0.14285714285714285
arctic_b0538,Chinese,BWC,nat+nat,"At the best, they were necessary accessories."," At the best, they were necessary accessories.",0.0
arctic_b0538,Chinese,BWC,nat+nat_diff_utt,"At the best, they were necessary accessories."," At the best, they were necessary accessories.",0.0
arctic_b0538,Chinese,BWC,nat+l2_same,"At the best, they were necessary accessories."," At the best, they were necessary accessories.",0.0
arctic_b0538,Chinese,BWC,nat+interp,"At the best, they were necessary accessories."," At the best, they were necessary accessories.",0.0
arctic_b0538,Chinese,BWC,nat+noise,"At the best, they were necessary accessories.", at the,0.7142857142857143
arctic_b0538,Chinese,BWC,l2+l2,"At the best, they were necessary accessories."," At the best, there were necessary Excel series.",0.42857142857142855
arctic_b0538,Chinese,BWC,l2+l2_diff_utt,"At the best, they were necessary accessories."," At the best, there were necessary Excel series.",0.42857142857142855
arctic_b0538,Chinese,BWC,l2+nat_same,"At the best, they were necessary accessories."," At the best, there were necessary Excel series.",0.42857142857142855
arctic_b0538,Chinese,BWC,l2+interp,"At the best, they were necessary accessories."," At the best, there were necessary,",0.2857142857142857
arctic_b0538,Chinese,BWC,l2+noise,"At the best, they were necessary accessories.", At the,0.7142857142857143
arctic_b0538,Chinese,BWC,nat+zero_0,"At the best, they were necessary accessories.", at the best they were necessary accessories.,0.0
arctic_b0538,Chinese,BWC,l2+zero_0,"At the best, they were necessary accessories."," At the best, there were necessary acceleros.",0.2857142857142857
arctic_b0538,Chinese,BWC,nat+zero_100,"At the best, they were necessary accessories.", at the best they were necessary accessories.,0.0
arctic_b0538,Chinese,BWC,l2+zero_100,"At the best, they were necessary accessories."," At the best, there were necessary acceleros.",0.2857142857142857
arctic_b0538,Chinese,BWC,nat+zero_200,"At the best, they were necessary accessories.", at the best they were necessary accessories.,0.0
arctic_b0538,Chinese,BWC,l2+zero_200,"At the best, they were necessary accessories."," At the best, there were necessary acceleros.",0.2857142857142857
arctic_b0538,Chinese,BWC,nat+zero_400,"At the best, they were necessary accessories.", at the best they were necessary accessories.,0.0
arctic_b0538,Chinese,BWC,l2+zero_400,"At the best, they were necessary accessories."," At the best, there were necessary acceleros.",0.2857142857142857
arctic_b0538,Chinese,BWC,nat+zero_800,"At the best, they were necessary accessories."," At the best, they were necessary accessories.",0.0
arctic_b0538,Chinese,BWC,l2+zero_800,"At the best, they were necessary accessories."," At the best, there were necessary acceleros.",0.2857142857142857
arctic_b0538,Chinese,BWC,nat+empty_pad,"At the best, they were necessary accessories."," At the best, they were necessary accessories.",0.0
arctic_b0538,Chinese,BWC,l2+empty_pad,"At the best, they were necessary accessories."," At the best, there were necessary Excel series.",0.42857142857142855
arctic_b0538,Hindi,SVBI,nat+nat,"At the best, they were necessary accessories."," At the best, they were necessary accessories.",0.0
arctic_b0538,Hindi,SVBI,nat+nat_diff_utt,"At the best, they were necessary accessories."," At the best, they were necessary accessories.",0.0
arctic_b0538,Hindi,SVBI,nat+l2_same,"At the best, they were necessary accessories."," At the best, they were necessary accessories.",0.0
arctic_b0538,Hindi,SVBI,nat+interp,"At the best, they were necessary accessories."," At the best, they were necessary accessories.",0.0
arctic_b0538,Hindi,SVBI,nat+noise,"At the best, they were necessary accessories.", at the,0.7142857142857143
arctic_b0538,Hindi,SVBI,l2+l2,"At the best, they were necessary accessories."," At the best, they were necessary accessories.",0.0
arctic_b0538,Hindi,SVBI,l2+l2_diff_utt,"At the best, they were necessary accessories."," At the best, they were necessary accessories.",0.0
arctic_b0538,Hindi,SVBI,l2+nat_same,"At the best, they were necessary accessories."," At the best, they were necessary accessories.",0.0
arctic_b0538,Hindi,SVBI,l2+interp,"At the best, they were necessary accessories."," At the best, they were necessary accessories.",0.0
arctic_b0538,Hindi,SVBI,l2+noise,"At the best, they were necessary accessories.", At the best,0.5714285714285714
arctic_b0538,Hindi,SVBI,nat+zero_0,"At the best, they were necessary accessories.", at the best they were necessary accessories.,0.0
arctic_b0538,Hindi,SVBI,l2+zero_0,"At the best, they were necessary accessories."," At the best, they were necessary accessories.",0.0
arctic_b0538,Hindi,SVBI,nat+zero_100,"At the best, they were necessary accessories.", at the best they were necessary accessories.,0.0
arctic_b0538,Hindi,SVBI,l2+zero_100,"At the best, they were necessary accessories."," At the best, they were necessary accessories.",0.0
arctic_b0538,Hindi,SVBI,nat+zero_200,"At the best, they were necessary accessories.", at the best they were necessary accessories.,0.0
arctic_b0538,Hindi,SVBI,l2+zero_200,"At the best, they were necessary accessories."," At the best, they were necessary accessories.",0.0
arctic_b0538,Hindi,SVBI,nat+zero_400,"At the best, they were necessary accessories.", at the best they were necessary accessories.,0.0
arctic_b0538,Hindi,SVBI,l2+zero_400,"At the best, they were necessary accessories."," At the best, they were necessary accessories.",0.0
arctic_b0538,Hindi,SVBI,nat+zero_800,"At the best, they were necessary accessories."," At the best, they were necessary accessories.",0.0
arctic_b0538,Hindi,SVBI,l2+zero_800,"At the best, they were necessary accessories."," At the best, they were necessary accessories.",0.0
arctic_b0538,Hindi,SVBI,nat+empty_pad,"At the best, they were necessary accessories."," At the best, they were necessary accessories.",0.0
arctic_b0538,Hindi,SVBI,l2+empty_pad,"At the best, they were necessary accessories."," At the best, they were necessary accessories.",0.0
arctic_b0538,Korean,HJK,nat+nat,"At the best, they were necessary accessories."," At the best, they were necessary accessories.",0.0
arctic_b0538,Korean,HJK,nat+nat_diff_utt,"At the best, they were necessary accessories."," At the best, they were necessary accessories.",0.0
arctic_b0538,Korean,HJK,nat+l2_same,"At the best, they were necessary accessories."," At the best, they were necessary accessories.",0.0
arctic_b0538,Korean,HJK,nat+interp,"At the best, they were necessary accessories."," At the best, they were necessary accessories.",0.0
arctic_b0538,Korean,HJK,nat+noise,"At the best, they were necessary accessories.", at the,0.7142857142857143
arctic_b0538,Korean,HJK,l2+l2,"At the best, they were necessary accessories."," At the best, there were necessary accessories.",0.14285714285714285
arctic_b0538,Korean,HJK,l2+l2_diff_utt,"At the best, they were necessary accessories."," At the best, there are necessary accessories.",0.2857142857142857
arctic_b0538,Korean,HJK,l2+nat_same,"At the best, they were necessary accessories."," At the best, there were necessary accessories.",0.14285714285714285
arctic_b0538,Korean,HJK,l2+interp,"At the best, they were necessary accessories."," At the best, there were necessary accessories.",0.14285714285714285
arctic_b0538,Korean,HJK,l2+noise,"At the best, they were necessary accessories.", At the,0.7142857142857143
arctic_b0538,Korean,HJK,nat+zero_0,"At the best, they were necessary accessories.", at the best they were necessary accessories.,0.0
arctic_b0538,Korean,HJK,l2+zero_0,"At the best, they were necessary accessories."," At the best, there are necessary accessories.",0.2857142857142857
arctic_b0538,Korean,HJK,nat+zero_100,"At the best, they were necessary accessories.", at the best they were necessary accessories.,0.0
arctic_b0538,Korean,HJK,l2+zero_100,"At the best, they were necessary accessories."," At the best, there are necessary accessories.",0.2857142857142857
arctic_b0538,Korean,HJK,nat+zero_200,"At the best, they were necessary accessories.", at the best they were necessary accessories.,0.0
arctic_b0538,Korean,HJK,l2+zero_200,"At the best, they were necessary accessories."," At the best, there are necessary accessories.",0.2857142857142857
arctic_b0538,Korean,HJK,nat+zero_400,"At the best, they were necessary accessories.", at the best they were necessary accessories.,0.0
arctic_b0538,Korean,HJK,l2+zero_400,"At the best, they were necessary accessories."," At the best, there are necessary accessories.",0.2857142857142857
arctic_b0538,Korean,HJK,nat+zero_800,"At the best, they were necessary accessories."," At the best, they were necessary accessories.",0.0
arctic_b0538,Korean,HJK,l2+zero_800,"At the best, they were necessary accessories."," At the best, there were necessary accessories.",0.14285714285714285
arctic_b0538,Korean,HJK,nat+empty_pad,"At the best, they were necessary accessories."," At the best, they were necessary accessories.",0.0
arctic_b0538,Korean,HJK,l2+empty_pad,"At the best, they were necessary accessories."," At the best, there were necessary accessories.",0.14285714285714285
arctic_b0538,Spanish,EBVS,nat+nat,"At the best, they were necessary accessories."," At the best, they were necessary accessories.",0.0
arctic_b0538,Spanish,EBVS,nat+nat_diff_utt,"At the best, they were necessary accessories."," At the best, they were necessary accessories.",0.0
arctic_b0538,Spanish,EBVS,nat+l2_same,"At the best, they were necessary accessories."," At the best, they were necessary accessories.",0.0
arctic_b0538,Spanish,EBVS,nat+interp,"At the best, they were necessary accessories."," At the best, they were necessary accessories.",0.0
arctic_b0538,Spanish,EBVS,nat+noise,"At the best, they were necessary accessories.", at the,0.7142857142857143
arctic_b0538,Spanish,EBVS,l2+l2,"At the best, they were necessary accessories."," At the best, there were necessary accessories.",0.14285714285714285
arctic_b0538,Spanish,EBVS,l2+l2_diff_utt,"At the best, they were necessary accessories."," At the best, there were necessary accessories.",0.14285714285714285
arctic_b0538,Spanish,EBVS,l2+nat_same,"At the best, they were necessary accessories."," At the best, there were necessary accessories.",0.14285714285714285
arctic_b0538,Spanish,EBVS,l2+interp,"At the best, they were necessary accessories."," At the best, there were necessary accessories.",0.14285714285714285
arctic_b0538,Spanish,EBVS,l2+noise,"At the best, they were necessary accessories.", at the,0.7142857142857143
arctic_b0538,Spanish,EBVS,nat+zero_0,"At the best, they were necessary accessories.", at the best they were necessary accessories.,0.0
arctic_b0538,Spanish,EBVS,l2+zero_0,"At the best, they were necessary accessories.", at the best they were necessary accessories.,0.0
arctic_b0538,Spanish,EBVS,nat+zero_100,"At the best, they were necessary accessories.", at the best they were necessary accessories.,0.0
arctic_b0538,Spanish,EBVS,l2+zero_100,"At the best, they were necessary accessories.", at the best they were necessary accessories.,0.0
arctic_b0538,Spanish,EBVS,nat+zero_200,"At the best, they were necessary accessories.", at the best they were necessary accessories.,0.0
arctic_b0538,Spanish,EBVS,l2+zero_200,"At the best, they were necessary accessories."," At the best, there were necessary accessories.",0.14285714285714285
arctic_b0538,Spanish,EBVS,nat+zero_400,"At the best, they were necessary accessories.", at the best they were necessary accessories.,0.0
arctic_b0538,Spanish,EBVS,l2+zero_400,"At the best, they were necessary accessories."," At the best, there were necessary accessories.",0.14285714285714285
arctic_b0538,Spanish,EBVS,nat+zero_800,"At the best, they were necessary accessories."," At the best, they were necessary accessories.",0.0
arctic_b0538,Spanish,EBVS,l2+zero_800,"At the best, they were necessary accessories."," At the best, there were necessary accessories.",0.14285714285714285
arctic_b0538,Spanish,EBVS,nat+empty_pad,"At the best, they were necessary accessories."," At the best, they were necessary accessories.",0.0
arctic_b0538,Spanish,EBVS,l2+empty_pad,"At the best, they were necessary accessories."," At the best, there were necessary accessories.",0.14285714285714285
arctic_b0538,Vietnamese,HQTV,nat+nat,"At the best, they were necessary accessories."," At the best, they were necessary accessories.",0.0
arctic_b0538,Vietnamese,HQTV,nat+nat_diff_utt,"At the best, they were necessary accessories."," At the best, they were necessary accessories.",0.0
arctic_b0538,Vietnamese,HQTV,nat+l2_same,"At the best, they were necessary accessories."," At the best, they were necessary accessories.",0.0
arctic_b0538,Vietnamese,HQTV,nat+interp,"At the best, they were necessary accessories."," At the best, they were necessary accessories.",0.0
arctic_b0538,Vietnamese,HQTV,nat+noise,"At the best, they were necessary accessories.", at the,0.7142857142857143
arctic_b0538,Vietnamese,HQTV,l2+l2,"At the best, they were necessary accessories."," At the best, they were necessary as sorcery.",0.2857142857142857
arctic_b0538,Vietnamese,HQTV,l2+l2_diff_utt,"At the best, they were necessary accessories."," At the best, they were necessary as sorcery.",0.2857142857142857
arctic_b0538,Vietnamese,HQTV,l2+nat_same,"At the best, they were necessary accessories."," At the best, they were necessary as sorcery.",0.2857142857142857
arctic_b0538,Vietnamese,HQTV,l2+interp,"At the best, they were necessary accessories."," At the best, they were necessary as sorcery.",0.2857142857142857
arctic_b0538,Vietnamese,HQTV,l2+noise,"At the best, they were necessary accessories.", at the,0.7142857142857143
arctic_b0538,Vietnamese,HQTV,nat+zero_0,"At the best, they were necessary accessories.", at the best they were necessary accessories.,0.0
arctic_b0538,Vietnamese,HQTV,l2+zero_0,"At the best, they were necessary accessories."," at best, at best, they were necessary as sorcery.",0.5714285714285714
arctic_b0538,Vietnamese,HQTV,nat+zero_100,"At the best, they were necessary accessories.", at the best they were necessary accessories.,0.0
arctic_b0538,Vietnamese,HQTV,l2+zero_100,"At the best, they were necessary accessories."," at best, at best, they were necessary as sorcery.",0.5714285714285714
arctic_b0538,Vietnamese,HQTV,nat+zero_200,"At the best, they were necessary accessories.", at the best they were necessary accessories.,0.0
arctic_b0538,Vietnamese,HQTV,l2+zero_200,"At the best, they were necessary accessories."," at best, at the best, they were necessary as sorcery.",0.5714285714285714
arctic_b0538,Vietnamese,HQTV,nat+zero_400,"At the best, they were necessary accessories.", at the best they were necessary accessories.,0.0
arctic_b0538,Vietnamese,HQTV,l2+zero_400,"At the best, they were necessary accessories."," at best, at the best, they were necessary as sorcery.",0.5714285714285714
arctic_b0538,Vietnamese,HQTV,nat+zero_800,"At the best, they were necessary accessories."," At the best, they were necessary accessories.",0.0
arctic_b0538,Vietnamese,HQTV,l2+zero_800,"At the best, they were necessary accessories."," at best, at the best, they were necessary as sorcery.",0.5714285714285714
arctic_b0538,Vietnamese,HQTV,nat+empty_pad,"At the best, they were necessary accessories."," At the best, they were necessary accessories.",0.0
arctic_b0538,Vietnamese,HQTV,l2+empty_pad,"At the best, they were necessary accessories.", at best they were necessary as sorcery.,0.42857142857142855
