prompt_id,L1,speaker,condition,ref,hyp,wer
arctic_a0037,Arabic,ZHAA,nat+nat,I was the only one who remained sitting., I was the only one who remained sitting.,0.0
arctic_a0037,Arabic,ZHAA,nat+nat_diff_utt,I was the only one who remained sitting., I was the only one who remained sitting.,0.0
arctic_a0037,Arabic,ZHAA,nat+l2_same,I was the only one who remained sitting., I was the only one who remained sitting.,0.0
arctic_a0037,Arabic,ZHAA,nat+interp,I was the only one who remained sitting., I was the only one who remained sitting.,0.0
arctic_a0037,Arabic,ZHAA,nat+noise,I was the only one who remained sitting., I was I was,0.75
arctic_a0037,Arabic,ZHAA,nat+zero_0,I was the only one who remained sitting., I was the only one who remained sitting.,0.0
arctic_a0037,Arabic,ZHAA,nat+zero_100,I was the only one who remained sitting., I was the only one who remained sitting.,0.0
arctic_a0037,Arabic,ZHAA,nat+zero_200,I was the only one who remained sitting., I was the only one who remained sitting.,0.0
arctic_a0037,Arabic,ZHAA,nat+zero_400,I was the only one who remained sitting., I was the only one who remained sitting.,0.0
arctic_a0037,Arabic,ZHAA,nat+zero_800,I was the only one who remained sitting., I was the only one who remained sitting.,0.0
arctic_a0037,Chinese,BWC,nat+nat,I was the only one who remained sitting., I was the only one who remained sitting.,0.0
arctic_a0037,Chinese,BWC,nat+nat_diff_utt,I was the only one who remained sitting., I was the only one who remained sitting.,0.0
arctic_a0037,Chinese,BWC,nat+l2_same,I was the only one who remained sitting., I was the only one who remained sitting.,0.0
arctic_a0037,Chinese,BWC,nat+interp,I was the only one who remained sitting., I was the only one who remained sitting.,0.0
arctic_a0037,Chinese,BWC,nat+noise,I was the only one who remained sitting., I was I was,0.75
arctic_a0037,Chinese,BWC,nat+zero_0,I was the only one who remained sitting., I was the only one who remained sitting.,0.0
arctic_a0037,Chinese,BWC,nat+zero_100,I was the only one who remained sitting., I was the only one who remained sitting.,0.0
arctic_a0037,Chinese,BWC,nat+zero_200,I was the only one who remained sitting., I was the only one who remained sitting.,0.0
arctic_a0037,Chinese,BWC,nat+zero_400,I was the only one who remained sitting., I was the only one who remained sitting.,0.0
arctic_a0037,Chinese,BWC,nat+zero_800,I was the only one who remained sitting., I was the only one who remained sitting.,0.0
arctic_a0037,Hindi,SVBI,nat+nat,I was the only one who remained sitting., I was the only one who remained sitting.,0.0
arctic_a0037,Hindi,SVBI,nat+nat_diff_utt,I was the only one who remained sitting., I was the only one who remained sitting.,0.0
arctic_a0037,Hindi,SVBI,nat+l2_same,I was the only one who remained sitting., I was the only one who remained sitting.,0.0
arctic_a0037,Hindi,SVBI,nat+interp,I was the only one who remained sitting., I was the only one who remained sitting.,0.0
arctic_a0037,Hindi,SVBI,nat+noise,I was the only one who remained sitting., I was I was,0.75
arctic_a0037,Hindi,SVBI,nat+zero_0,I was the only one who remained sitting., I was the only one who remained sitting.,0.0
arctic_a0037,Hindi,SVBI,nat+zero_100,I was the only one who remained sitting., I was the only one who remained sitting.,0.0
arctic_a0037,Hindi,SVBI,nat+zero_200,I was the only one who remained sitting., I was the only one who remained sitting.,0.0
arctic_a0037,Hindi,SVBI,nat+zero_400,I was the only one who remained sitting., I was the only one who remained sitting.,0.0
arctic_a0037,Hindi,SVBI,nat+zero_800,I was the only one who remained sitting., I was the only one who remained sitting.,0.0
arctic_a0037,Korean,HJK,nat+nat,I was the only one who remained sitting., I was the only one who remained sitting.,0.0
arctic_a0037,Korean,HJK,nat+nat_diff_utt,I was the only one who remained sitting., I was the only one who remained sitting.,0.0
arctic_a0037,Korean,HJK,nat+l2_same,I was the only one who remained sitting., I was the only one who remained sitting.,0.0
arctic_a0037,Korean,HJK,nat+interp,I was the only one who remained sitting., I was the only one who remained sitting.,0.0
arctic_a0037,Korean,HJK,nat+noise,I was the only one who remained sitting., I was I was,0.75
arctic_a0037,Korean,HJK,nat+zero_0,I was the only one who remained sitting., I was the only one who remained sitting.,0.0
arctic_a0037,Korean,HJK,nat+zero_100,I was the only one who remained sitting., I was the only one who remained sitting.,0.0
arctic_a0037,Korean,HJK,nat+zero_200,I was the only one who remained sitting., I was the only one who remained sitting.,0.0
arctic_a0037,Korean,HJK,nat+zero_400,I was the only one who remained sitting., I was the only one who remained sitting.,0.0
arctic_a0037,Korean,HJK,nat+zero_800,I was the only one who remained sitting., I was the only one who remained sitting.,0.0
arctic_a0037,Spanish,EBVS,nat+nat,I was the only one who remained sitting., I was the only one who remained sitting.,0.0
arctic_a0037,Spanish,EBVS,nat+nat_diff_utt,I was the only one who remained sitting., I was the only one who remained sitting.,0.0
arctic_a0037,Spanish,EBVS,nat+l2_same,I was the only one who remained sitting., I was the only one who remained sitting.,0.0
arctic_a0037,Spanish,EBVS,nat+interp,I was the only one who remained sitting., I was the only one who remained sitting.,0.0
arctic_a0037,Spanish,EBVS,nat+noise,I was the only one who remained sitting., I was I was,0.75
arctic_a0037,Spanish,EBVS,nat+zero_0,I was the only one who remained sitting., I was the only one who remained sitting.,0.0
arctic_a0037,Spanish,EBVS,nat+zero_100,I was the only one who remained sitting., I was the only one who remained sitting.,0.0
arctic_a0037,Spanish,EBVS,nat+zero_200,I was the only one who remained sitting., I was the only one who remained sitting.,0.0
arctic_a0037,Spanish,EBVS,nat+zero_400,I was the only one who remained sitting., I was the only one who remained sitting.,0.0
arctic_a0037,Spanish,EBVS,nat+zero_800,I was the only one who remained sitting., I was the only one who remained sitting.,0.0
arctic_a0037,Vietnamese,HQTV,nat+nat,I was the only one who remained sitting., I was the only one who remained sitting.,0.0
arctic_a0037,Vietnamese,HQTV,nat+nat_diff_utt,I was the only one who remained sitting., I was the only one who remained sitting.,0.0
arctic_a0037,Vietnamese,HQTV,nat+l2_same,I was the only one who remained sitting., I was the only one who remained sitting.,0.0
arctic_a0037,Vietnamese,HQTV,nat+interp,I was the only one who remained sitting., I was the only one who remained sitting.,0.0
arctic_a0037,Vietnamese,HQTV,nat+noise,I was the only one who remained sitting., I was I was,0.75
arctic_a0037,Vietnamese,HQTV,nat+zero_0,I was the only one who remained sitting., I was the only one who remained sitting.,0.0
arctic_a0037,Vietnamese,HQTV,nat+zero_100,I was the only one who remained sitting., I was the only one who remained sitting.,0.0
arctic_a0037,Vietnamese,HQTV,nat+zero_200,I was the only one who remained sitting., I was the only one who remained sitting.,0.0
arctic_a0037,Vietnamese,HQTV,nat+zero_400,I was the only one who remained sitting., I was the only one who remained sitting.,0.0
arctic_a0037,Vietnamese,HQTV,nat+zero_800,I was the only one who remained sitting., I was the only one who remained sitting.,0.0
arctic_a0070,Arabic,ZHAA,nat+nat,He would first hunt up Gregson and begin his work there., He would first hunt up Gregson and begin his work there.,0.0
arctic_a0070,Arabic,ZHAA,nat+nat_diff_utt,He would first hunt up Gregson and begin his work there., He would first hunt up Gregson and begin his work there.,0.0
arctic_a0070,Arabic,ZHAA,nat+l2_same,He would first hunt up Gregson and begin his work there., He would first hunt up Gregson and begin his work there.,0.0
arctic_a0070,Arabic,ZHAA,nat+interp,He would first hunt up Gregson and begin his work there., He would first hunt up Gregson and begin his work there.,0.0
arctic_a0070,Arabic,ZHAA,nat+noise,He would first hunt up Gregson and begin his work there., He would,0.8181818181818182
arctic_a0070,Arabic,ZHAA,nat+zero_0,He would first hunt up Gregson and begin his work there., He would first hunt up Gregson and begin his work there.,0.0
arctic_a0070,Arabic,ZHAA,nat+zero_100,He would first hunt up Gregson and begin his work there., He would first hunt up Gregson and begin his work there.,0.0
arctic_a0070,Arabic,ZHAA,nat+zero_200,He would first hunt up Gregson and begin his work there., He would first hunt up Gregson and begin his work there.,0.0
arctic_a0070,Arabic,ZHAA,nat+zero_400,He would first hunt up Gregson and begin his work there., He would first hunt up Gregson and begin his work there.,0.0
arctic_a0070,Arabic,ZHAA,nat+zero_800,He would first hunt up Gregson and begin his work there., He would first hunt up Gregson and begin his work there.,0.0
arctic_a0070,Chinese,BWC,nat+nat,He would first hunt up Gregson and begin his work there., He would first hunt up Gregson and begin his work there.,0.0
arctic_a0070,Chinese,BWC,nat+nat_diff_utt,He would first hunt up Gregson and begin his work there., He would first hunt up Gregson and begin his work there.,0.0
arctic_a0070,Chinese,BWC,nat+l2_same,He would first hunt up Gregson and begin his work there., He would first hunt up Gregson and begin his work there.,0.0
arctic_a0070,Chinese,BWC,nat+interp,He would first hunt up Gregson and begin his work there., He would first hunt up Gregson and begin his work there.,0.0
arctic_a0070,Chinese,BWC,nat+noise,He would first hunt up Gregson and begin his work there., He would,0.8181818181818182
arctic_a0070,Chinese,BWC,nat+zero_0,He would first hunt up Gregson and begin his work there., He would first hunt up Gregson and begin his work there.,0.0
arctic_a0070,Chinese,BWC,nat+zero_100,He would first hunt up Gregson and begin his work there., He would first hunt up Gregson and begin his work there.,0.0
arctic_a0070,Chinese,BWC,nat+zero_200,He would first hunt up Gregson and begin his work there., He would first hunt up Gregson and begin his work there.,0.0
arctic_a0070,Chinese,BWC,nat+zero_400,He would first hunt up Gregson and begin his work there., He would first hunt up Gregson and begin his work there.,0.0
arctic_a0070,Chinese,BWC,nat+zero_800,He would first hunt up Gregson and begin his work there., He would first hunt up Gregson and begin his work there.,0.0
arctic_a0070,Hindi,SVBI,nat+nat,He would first hunt up Gregson and begin his work there., He would first hunt up Gregson and begin his work there.,0.0
arctic_a0070,Hindi,SVBI,nat+nat_diff_utt,He would first hunt up Gregson and begin his work there., He would first hunt up Gregson and begin his work there.,0.0
arctic_a0070,Hindi,SVBI,nat+l2_same,He would first hunt up Gregson and begin his work there., He would first hunt up Gregson and begin his work there.,0.0
arctic_a0070,Hindi,SVBI,nat+interp,He would first hunt up Gregson and begin his work there., He would first hunt up Gregson and begin his work there.,0.0
arctic_a0070,Hindi,SVBI,nat+noise,He would first hunt up Gregson and begin his work there., He would,0.8181818181818182
arctic_a0070,Hindi,SVBI,nat+zero_0,He would first hunt up Gregson and begin his work there., He would first hunt up Gregson and begin his work there.,0.0
arctic_a0070,Hindi,SVBI,nat+zero_100,He would first hunt up Gregson and begin his work there., He would first hunt up Gregson and begin his work there.,0.0
arctic_a0070,Hindi,SVBI,nat+zero_200,He would first hunt up Gregson and begin his work there., He would first hunt up Gregson and begin his work there.,0.0
arctic_a0070,Hindi,SVBI,nat+zero_400,He would first hunt up Gregson and begin his work there., He would first hunt up Gregson and begin his work there.,0.0
arctic_a0070,Hindi,SVBI,nat+zero_800,He would first hunt up Gregson and begin his work there., He would first hunt up Gregson and begin his work there.,0.0
arctic_a0070,Korean,HJK,nat+nat,He would first hunt up Gregson and begin his work there., He would first hunt up Gregson and begin his work there.,0.0
arctic_a0070,Korean,HJK,nat+nat_diff_utt,He would first hunt up Gregson and begin his work there., He would first hunt up Gregson and begin his work there.,0.0
arctic_a0070,Korean,HJK,nat+l2_same,He would first hunt up Gregson and begin his work there., He would first hunt up Gregson and begin his work there.,0.0
arctic_a0070,Korean,HJK,nat+interp,He would first hunt up Gregson and begin his work there., He would first hunt up Gregson and begin his work there.,0.0
arctic_a0070,Korean,HJK,nat+noise,He would first hunt up Gregson and begin his work there., He would,0.8181818181818182
arctic_a0070,Korean,HJK,nat+zero_0,He would first hunt up Gregson and begin his work there., He would first hunt up Gregson and begin his work there.,0.0
arctic_a0070,Korean,HJK,nat+zero_100,He would first hunt up Gregson and begin his work there., He would first hunt up Gregson and begin his work there.,0.0
arctic_a0070,Korean,HJK,nat+zero_200,He would first hunt up Gregson and begin his work there., He would first hunt up Gregson and begin his work there.,0.0
arctic_a0070,Korean,HJK,nat+zero_400,He would first hunt up Gregson and begin his work there., He would first hunt up Gregson and begin his work there.,0.0
arctic_a0070,Korean,HJK,nat+zero_800,He would first hunt up Gregson and begin his work there., He would first hunt up Gregson and begin his work there.,0.0
arctic_a0070,Spanish,EBVS,nat+nat,He would first hunt up Gregson and begin his work there., He would first hunt up Gregson and begin his work there.,0.0
arctic_a0070,Spanish,EBVS,nat+nat_diff_utt,He would first hunt up Gregson and begin his work there., He would first hunt up Gregson and begin his work there.,0.0
arctic_a0070,Spanish,EBVS,nat+l2_same,He would first hunt up Gregson and begin his work there., He would first hunt up Gregson and begin his work there.,0.0
arctic_a0070,Spanish,EBVS,nat+interp,He would first hunt up Gregson and begin his work there., He would first hunt up Gregson and begin his work there.,0.0
arctic_a0070,Spanish,EBVS,nat+noise,He would first hunt up Gregson and begin his work there., He would,0.8181818181818182
arctic_a0070,Spanish,EBVS,nat+zero_0,He would first hunt up Gregson and begin his work there., He would first hunt up Gregson and begin his work there.,0.0
arctic_a0070,Spanish,EBVS,nat+zero_100,He would first hunt up Gregson and begin his work there., He would first hunt up Gregson and begin his work there.,0.0
arctic_a0070,Spanish,EBVS,nat+zero_200,He would first hunt up Gregson and begin his work there., He would first hunt up Gregson and begin his work there.,0.0
arctic_a0070,Spanish,EBVS,nat+zero_400,He would first hunt up Gregson and begin his work there., He would first hunt up Gregson and begin his work there.,0.0
arctic_a0070,Spanish,EBVS,nat+zero_800,He would first hunt up Gregson and begin his work there., He would first hunt up Gregson and begin his work there.,0.0
arctic_a0070,Vietnamese,HQTV,nat+nat,He would first hunt up Gregson and begin his work there., He would first hunt up Gregson and begin his work there.,0.0
arctic_a0070,Vietnamese,HQTV,nat+nat_diff_utt,He would first hunt up Gregson and begin his work there., He would first hunt up Gregson and begin his work there.,0.0
arctic_a0070,Vietnamese,HQTV,nat+l2_same,He would first hunt up Gregson and begin his work there., He would first hunt up Gregson and begin his work there.,0.0
arctic_a0070,Vietnamese,HQTV,nat+interp,He would first hunt up Gregson and begin his work there., He would first hunt up Gregson and begin his work there.,0.0
arctic_a0070,Vietnamese,HQTV,nat+noise,He would first hunt up Gregson and begin his work there., He would,0.8181818181818182
arctic_a0070,Vietnamese,HQTV,nat+zero_0,He would first hunt up Gregson and begin his work there., He would first hunt up Gregson and begin his work there.,0.0
arctic_a0070,Vietnamese,HQTV,nat+zero_100,He would first hunt up Gregson and begin his work there., He would first hunt up Gregson and begin his work there.,0.0
arctic_a0070,Vietnamese,HQTV,nat+zero_200,He would first hunt up Gregson and begin his work there., He would first hunt up Gregson and begin his work there.,0.0
arctic_a0070,Vietnamese,HQTV,nat+zero_400,He would first hunt up Gregson and begin his work there., He would first hunt up Gregson and begin his work there.,0.0
arctic_a0070,Vietnamese,HQTV,nat+zero_800,He would first hunt up Gregson and begin his work there., He would first hunt up Gregson and begin his work there.,0.0
arctic_a0082,Arabic,ZHAA,nat+nat,His face was streaming with blood., His face was streaming with blood.,0.0
arctic_a0082,Arabic,ZHAA,nat+nat_diff_utt,His face was streaming with blood., His face was streaming with blood.,0.0
arctic_a0082,Arabic,ZHAA,nat+l2_same,His face was streaming with blood., His face was streaming with blood.,0.0
arctic_a0082,Arabic,ZHAA,nat+interp,His face was streaming with blood., His face was streaming with blood.,0.0
arctic_a0082,Arabic,ZHAA,nat+noise,His face was streaming with blood., His face was,0.5
arctic_a0082,Arabic,ZHAA,nat+zero_0,His face was streaming with blood., His face was streaming with blood.,0.0
arctic_a0082,Arabic,ZHAA,nat+zero_100,His face was streaming with blood., His face was streaming with blood.,0.0
arctic_a0082,Arabic,ZHAA,nat+zero_200,His face was streaming with blood., His face was streaming with blood.,0.0
arctic_a0082,Arabic,ZHAA,nat+zero_400,His face was streaming with blood., His face was streaming with blood.,0.0
arctic_a0082,Arabic,ZHAA,nat+zero_800,His face was streaming with blood., His face was streaming with blood.,0.0
arctic_a0082,Chinese,BWC,nat+nat,His face was streaming with blood., His face was streaming with blood.,0.0
arctic_a0082,Chinese,BWC,nat+nat_diff_utt,His face was streaming with blood., His face was streaming with blood.,0.0
arctic_a0082,Chinese,BWC,nat+l2_same,His face was streaming with blood., His face was streaming with blood.,0.0
arctic_a0082,Chinese,BWC,nat+interp,His face was streaming with blood., His face was streaming with blood.,0.0
arctic_a0082,Chinese,BWC,nat+noise,His face was streaming with blood., His face was,0.5
arctic_a0082,Chinese,BWC,nat+zero_0,His face was streaming with blood., His face was streaming with blood.,0.0
arctic_a0082,Chinese,BWC,nat+zero_100,His face was streaming with blood., His face was streaming with blood.,0.0
arctic_a0082,Chinese,BWC,nat+zero_200,His face was streaming with blood., His face was streaming with blood.,0.0
arctic_a0082,Chinese,BWC,nat+zero_400,His face was streaming with blood., His face was streaming with blood.,0.0
arctic_a0082,Chinese,BWC,nat+zero_800,His face was streaming with blood., His face was streaming with blood.,0.0
arctic_a0082,Hindi,SVBI,nat+nat,His face was streaming with blood., His face was streaming with blood.,0.0
arctic_a0082,Hindi,SVBI,nat+nat_diff_utt,His face was streaming with blood., His face was streaming with blood.,0.0
arctic_a0082,Hindi,SVBI,nat+l2_same,His face was streaming with blood., His face was streaming with blood.,0.0
arctic_a0082,Hindi,SVBI,nat+interp,His face was streaming with blood., His face was streaming with blood.,0.0
arctic_a0082,Hindi,SVBI,nat+noise,His face was streaming with blood., His face was,0.5
arctic_a0082,Hindi,SVBI,nat+zero_0,His face was streaming with blood., His face was streaming with blood.,0.0
arctic_a0082,Hindi,SVBI,nat+zero_100,His face was streaming with blood., His face was streaming with blood.,0.0
arctic_a0082,Hindi,SVBI,nat+zero_200,His face was streaming with blood., His face was streaming with blood.,0.0
arctic_a0082,Hindi,SVBI,nat+zero_400,His face was streaming with blood., His face was streaming with blood.,0.0
arctic_a0082,Hindi,SVBI,nat+zero_800,His face was streaming with blood., His face was streaming with blood.,0.0
arctic_a0082,Korean,HJK,nat+nat,His face was streaming with blood., His face was streaming with blood.,0.0
arctic_a0082,Korean,HJK,nat+nat_diff_utt,His face was streaming with blood., His face was streaming with blood.,0.0
arctic_a0082,Korean,HJK,nat+l2_same,His face was streaming with blood., His face was streaming with blood.,0.0
arctic_a0082,Korean,HJK,nat+interp,His face was streaming with blood., His face was streaming with blood.,0.0
arctic_a0082,Korean,HJK,nat+noise,His face was streaming with blood., His face was,0.5
arctic_a0082,Korean,HJK,nat+zero_0,His face was streaming with blood., His face was streaming with blood.,0.0
arctic_a0082,Korean,HJK,nat+zero_100,His face was streaming with blood., His face was streaming with blood.,0.0
arctic_a0082,Korean,HJK,nat+zero_200,His face was streaming with blood., His face was streaming with blood.,0.0
arctic_a0082,Korean,HJK,nat+zero_400,His face was streaming with blood., His face was streaming with blood.,0.0
arctic_a0082,Korean,HJK,nat+zero_800,His face was streaming with blood., His face was streaming with blood.,0.0
arctic_a0082,Spanish,EBVS,nat+nat,His face was streaming with blood., His face was streaming with blood.,0.0
arctic_a0082,Spanish,EBVS,nat+nat_diff_utt,His face was streaming with blood., His face was streaming with blood.,0.0
arctic_a0082,Spanish,EBVS,nat+l2_same,His face was streaming with blood., His face was streaming with blood.,0.0
arctic_a0082,Spanish,EBVS,nat+interp,His face was streaming with blood., His face was streaming with blood.,0.0
arctic_a0082,Spanish,EBVS,nat+noise,His face was streaming with blood., His face was,0.5
arctic_a0082,Spanish,EBVS,nat+zero_0,His face was streaming with blood., His face was streaming with blood.,0.0
arctic_a0082,Spanish,EBVS,nat+zero_100,His face was streaming with blood., His face was streaming with blood.,0.0
arctic_a0082,Spanish,EBVS,nat+zero_200,His face was streaming with blood., His face was streaming with blood.,0.0
arctic_a0082,Spanish,EBVS,nat+zero_400,His face was streaming with blood., His face was streaming with blood.,0.0
arctic_a0082,Spanish,EBVS,nat+zero_800,His face was streaming with blood., His face was streaming with blood.,0.0
arctic_a0082,Vietnamese,HQTV,nat+nat,His face was streaming with blood., His face was streaming with blood.,0.0
arctic_a0082,Vietnamese,HQTV,nat+nat_diff_utt,His face was streaming with blood., His face was streaming with blood.,0.0
arctic_a0082,Vietnamese,HQTV,nat+l2_same,His face was streaming with blood., His face was streaming with blood.,0.0
arctic_a0082,Vietnamese,HQTV,nat+interp,His face was streaming with blood., His face was streaming with blood.,0.0
arctic_a0082,Vietnamese,HQTV,nat+noise,His face was streaming with blood., His face was,0.5
arctic_a0082,Vietnamese,HQTV,nat+zero_0,His face was streaming with blood., His face was streaming with blood.,0.0
arctic_a0082,Vietnamese,HQTV,nat+zero_100,His face was streaming with blood., His face was streaming with blood.,0.0
arctic_a0082,Vietnamese,HQTV,nat+zero_200,His face was streaming with blood., His face was streaming with blood.,0.0
arctic_a0082,Vietnamese,HQTV,nat+zero_400,His face was streaming with blood., His face was streaming with blood.,0.0
arctic_a0082,Vietnamese,HQTV,nat+zero_800,His face was streaming with blood., His face was streaming with blood.,0.0
arctic_a0101,Arabic,ZHAA,nat+nat,"You, you would not keep the truth from me."," You, you would not keep the truth from me.",0.0
arctic_a0101,Arabic,ZHAA,nat+nat_diff_utt,"You, you would not keep the truth from me."," You, you would not keep the truth from me.",0.0
arctic_a0101,Arabic,ZHAA,nat+l2_same,"You, you would not keep the truth from me."," You, you would not keep the truth from me.",0.0
arctic_a0101,Arabic,ZHAA,nat+interp,"You, you would not keep the truth from me."," You, you would not keep the truth from me.",0.0
arctic_a0101,Arabic,ZHAA,nat+noise,"You, you would not keep the truth from me.", You.,0.8888888888888888
arctic_a0101,Arabic,ZHAA,nat+zero_0,"You, you would not keep the truth from me."," You, you would not keep the truth from me.",0.0
arctic_a0101,Arabic,ZHAA,nat+zero_100,"You, you would not keep the truth from me."," You, you would not keep the truth from me.",0.0
arctic_a0101,Arabic,ZHAA,nat+zero_200,"You, you would not keep the truth from me."," You, you would not keep the truth from me.",0.0
arctic_a0101,Arabic,ZHAA,nat+zero_400,"You, you would not keep the truth from me."," You, you would not keep the truth from me.",0.0
arctic_a0101,Arabic,ZHAA,nat+zero_800,"You, you would not keep the truth from me."," You, you would not keep the truth from me.",0.0
arctic_a0101,Chinese,BWC,nat+nat,"You, you would not keep the truth from me."," You, you would not keep the truth from me.",0.0
arctic_a0101,Chinese,BWC,nat+nat_diff_utt,"You, you would not keep the truth from me."," You, you would not keep the truth from me.",0.0
arctic_a0101,Chinese,BWC,nat+l2_same,"You, you would not keep the truth from me."," You, you would not keep the truth from me.",0.0
arctic_a0101,Chinese,BWC,nat+interp,"You, you would not keep the truth from me."," You, you would not keep the truth from me.",0.0
arctic_a0101,Chinese,BWC,nat+noise,"You, you would not keep the truth from me.", You.,0.8888888888888888
arctic_a0101,Chinese,BWC,nat+zero_0,"You, you would not keep the truth from me."," You, you would not keep the truth from me.",0.0
arctic_a0101,Chinese,BWC,nat+zero_100,"You, you would not keep the truth from me."," You, you would not keep the truth from me.",0.0
arctic_a0101,Chinese,BWC,nat+zero_200,"You, you would not keep the truth from me."," You, you would not keep the truth from me.",0.0
arctic_a0101,Chinese,BWC,nat+zero_400,"You, you would not keep the truth from me."," You, you would not keep the truth from me.",0.0
arctic_a0101,Chinese,BWC,nat+zero_800,"You, you would not keep the truth from me."," You, you would not keep the truth from me.",0.0
arctic_a0101,Hindi,SVBI,nat+nat,"You, you would not keep the truth from me."," You, you would not keep the truth from me.",0.0
arctic_a0101,Hindi,SVBI,nat+nat_diff_utt,"You, you would not keep the truth from me."," You, you would not keep the truth from me.",0.0
arctic_a0101,Hindi,SVBI,nat+l2_same,"You, you would not keep the truth from me."," You, you would not keep the truth from me.",0.0
arctic_a0101,Hindi,SVBI,nat+interp,"You, you would not keep the truth from me."," You, you would not keep the truth from me.",0.0
arctic_a0101,Hindi,SVBI,nat+noise,"You, you would not keep the truth from me.", You.,0.8888888888888888
arctic_a0101,Hindi,SVBI,nat+zero_0,"You, you would not keep the truth from me."," You, you would not keep the truth from me.",0.0
arctic_a0101,Hindi,SVBI,nat+zero_100,"You, you would not keep the truth from me."," You, you would not keep the truth from me.",0.0
arctic_a0101,Hindi,SVBI,nat+zero_200,"You, you would not keep the truth from me."," You, you would not keep the truth from me.",0.0
arctic_a0101,Hindi,SVBI,nat+zero_400,"You, you would not keep the truth from me."," You, you would not keep the truth from me.",0.0
arctic_a0101,Hindi,SVBI,nat+zero_800,"You, you would not keep the truth from me."," You, you would not keep the truth from me.",0.0
arctic_a0101,Korean,HJK,nat+nat,"You, you would not keep the truth from me."," You, you would not keep the truth from me.",0.0
arctic_a0101,Korean,HJK,nat+nat_diff_utt,"You, you would not keep the truth from me."," You, you would not keep the truth from me.",0.0
arctic_a0101,Korean,HJK,nat+l2_same,"You, you would not keep the truth from me."," You, you would not keep the truth from me.",0.0
arctic_a0101,Korean,HJK,nat+interp,"You, you would not keep the truth from me."," You, you would not keep the truth from me.",0.0
arctic_a0101,Korean,HJK,nat+noise,"You, you would not keep the truth from me.", You.,0.8888888888888888
arctic_a0101,Korean,HJK,nat+zero_0,"You, you would not keep the truth from me."," You, you would not keep the truth from me.",0.0
arctic_a0101,Korean,HJK,nat+zero_100,"You, you would not keep the truth from me."," You, you would not keep the truth from me.",0.0
arctic_a0101,Korean,HJK,nat+zero_200,"You, you would not keep the truth from me."," You, you would not keep the truth from me.",0.0
arctic_a0101,Korean,HJK,nat+zero_400,"You, you would not keep the truth from me."," You, you would not keep the truth from me.",0.0
arctic_a0101,Korean,HJK,nat+zero_800,"You, you would not keep the truth from me."," You, you would not keep the truth from me.",0.0
arctic_a0101,Spanish,EBVS,nat+nat,"You, you would not keep the truth from me."," You, you would not keep the truth from me.",0.0
arctic_a0101,Spanish,EBVS,nat+nat_diff_utt,"You, you would not keep the truth from me."," You, you would not keep the truth from me.",0.0
arctic_a0101,Spanish,EBVS,nat+l2_same,"You, you would not keep the truth from me."," You, you would not keep the truth from me.",0.0
arctic_a0101,Spanish,EBVS,nat+interp,"You, you would not keep the truth from me."," You, you would not keep the truth from me.",0.0
arctic_a0101,Spanish,EBVS,nat+noise,"You, you would not keep the truth from me.", You.,0.8888888888888888
arctic_a0101,Spanish,EBVS,nat+zero_0,"You, you would not keep the truth from me."," You, you would not keep the truth from me.",0.0
arctic_a0101,Spanish,EBVS,nat+zero_100,"You, you would not keep the truth from me."," You, you would not keep the truth from me.",0.0
arctic_a0101,Spanish,EBVS,nat+zero_200,"You, you would not keep the truth from me."," You, you would not keep the truth from me.",0.0
arctic_a0101,Spanish,EBVS,nat+zero_400,"You, you would not keep the truth from me."," You, you would not keep the truth from me.",0.0
arctic_a0101,Spanish,EBVS,nat+zero_800,"You, you would not keep the truth from me."," You, you would not keep the truth from me.",0.0
arctic_a0101,Vietnamese,HQTV,nat+nat,"You, you would not keep the truth from me."," You, you would not keep the truth from me.",0.0
arctic_a0101,Vietnamese,HQTV,nat+nat_diff_utt,"You, you would not keep the truth from me."," You, you would not keep the truth from me.",0.0
arctic_a0101,Vietnamese,HQTV,nat+l2_same,"You, you would not keep the truth from me."," You, you would not keep the truth from me.",0.0
arctic_a0101,Vietnamese,HQTV,nat+interp,"You, you would not keep the truth from me."," You, you would not keep the truth from me.",0.0
arctic_a0101,Vietnamese,HQTV,nat+noise,"You, you would not keep the truth from me.", You.,0.8888888888888888
arctic_a0101,Vietnamese,HQTV,nat+zero_0,"You, you would not keep the truth from me."," You, you would not keep the truth from me.",0.0
arctic_a0101,Vietnamese,HQTV,nat+zero_100,"You, you would not keep the truth from me."," You, you would not keep the truth from me.",0.0
arctic_a0101,Vietnamese,HQTV,nat+zero_200,"You, you would not keep the truth from me."," You, you would not keep the truth from me.",0.0
arctic_a0101,Vietnamese,HQTV,nat+zero_400,"You, you would not keep the truth from me."," You, you would not keep the truth from me.",0.0
arctic_a0101,Vietnamese,HQTV,nat+zero_800,"You, you would not keep the truth from me."," You, you would not keep the truth from me.",0.0
arctic_a0106,Arabic,ZHAA,nat+nat,The emotion which she had suppressed burst forth now in a choking sob., the emotion which she had suppressed burst forth now in a choking sob.,0.0
arctic_a0106,Arabic,ZHAA,nat+nat_diff_utt,The emotion which she had suppressed burst forth now in a choking sob., the emotion which she had suppressed burst forth now in a choking sob.,0.0
arctic_a0106,Arabic,ZHAA,nat+l2_same,The emotion which she had suppressed burst forth now in a choking sob., the emotion which she had suppressed burst forth now in a choking sob.,0.0
arctic_a0106,Arabic,ZHAA,nat+interp,The emotion which she had suppressed burst forth now in a choking sob., the emotion which she had suppressed burst forth now in a choking sob.,0.0
arctic_a0106,Arabic,ZHAA,nat+noise,The emotion which she had suppressed burst forth now in a choking sob.," The Em,",0.9230769230769231
arctic_a0106,Arabic,ZHAA,nat+zero_0,The emotion which she had suppressed burst forth now in a choking sob., the emotion which she had suppressed burst forth now in a choking sob.,0.0
arctic_a0106,Arabic,ZHAA,nat+zero_100,The emotion which she had suppressed burst forth now in a choking sob., the emotion which she had suppressed burst forth now in a choking sob.,0.0
arctic_a0106,Arabic,ZHAA,nat+zero_200,The emotion which she had suppressed burst forth now in a choking sob., the emotion which she had suppressed burst forth now in a choking sob.,0.0
arctic_a0106,Arabic,ZHAA,nat+zero_400,The emotion which she had suppressed burst forth now in a choking sob., the emotion which she had suppressed burst forth now in a choking sob.,0.0
arctic_a0106,Arabic,ZHAA,nat+zero_800,The emotion which she had suppressed burst forth now in a choking sob., the emotion which she had suppressed burst forth now in a choking sob.,0.0
arctic_a0106,Chinese,BWC,nat+nat,The emotion which she had suppressed burst forth now in a choking sob., the emotion which she had suppressed burst forth now in a choking sob.,0.0
arctic_a0106,Chinese,BWC,nat+nat_diff_utt,The emotion which she had suppressed burst forth now in a choking sob., the emotion which she had suppressed burst forth now in a choking sob.,0.0
arctic_a0106,Chinese,BWC,nat+l2_same,The emotion which she had suppressed burst forth now in a choking sob., the emotion which she had suppressed burst forth now in a choking sob.,0.0
arctic_a0106,Chinese,BWC,nat+interp,The emotion which she had suppressed burst forth now in a choking sob., the emotion which she had suppressed burst forth now in a choking sob.,0.0
arctic_a0106,Chinese,BWC,nat+noise,The emotion which she had suppressed burst forth now in a choking sob.," The Em,",0.9230769230769231
arctic_a0106,Chinese,BWC,nat+zero_0,The emotion which she had suppressed burst forth now in a choking sob., the emotion which she had suppressed burst forth now in a choking sob.,0.0
arctic_a0106,Chinese,BWC,nat+zero_100,The emotion which she had suppressed burst forth now in a choking sob., the emotion which she had suppressed burst forth now in a choking sob.,0.0
arctic_a0106,Chinese,BWC,nat+zero_200,The emotion which she had suppressed burst forth now in a choking sob., the emotion which she had suppressed burst forth now in a choking sob.,0.0
arctic_a0106,Chinese,BWC,nat+zero_400,The emotion which she had suppressed burst forth now in a choking sob., the emotion which she had suppressed burst forth now in a choking sob.,0.0
arctic_a0106,Chinese,BWC,nat+zero_800,The emotion which she had suppressed burst forth now in a choking sob., the emotion which she had suppressed burst forth now in a choking sob.,0.0
arctic_a0106,Hindi,SVBI,nat+nat,The emotion which she had suppressed burst forth now in a choking sob., the emotion which she had suppressed burst forth now in a choking sob.,0.0
arctic_a0106,Hindi,SVBI,nat+nat_diff_utt,The emotion which she had suppressed burst forth now in a choking sob., the emotion which she had suppressed burst forth now in a choking sob.,0.0
arctic_a0106,Hindi,SVBI,nat+l2_same,The emotion which she had suppressed burst forth now in a choking sob., the emotion which she had suppressed burst forth now in a choking sob.,0.0
arctic_a0106,Hindi,SVBI,nat+interp,The emotion which she had suppressed burst forth now in a choking sob., the emotion which she had suppressed burst forth now in a choking sob.,0.0
arctic_a0106,Hindi,SVBI,nat+noise,The emotion which she had suppressed burst forth now in a choking sob.," The Em,",0.9230769230769231
arctic_a0106,Hindi,SVBI,nat+zero_0,The emotion which she had suppressed burst forth now in a choking sob., the emotion which she had suppressed burst forth now in a choking sob.,0.0
arctic_a0106,Hindi,SVBI,nat+zero_100,The emotion which she had suppressed burst forth now in a choking sob., the emotion which she had suppressed burst forth now in a choking sob.,0.0
arctic_a0106,Hindi,SVBI,nat+zero_200,The emotion which she had suppressed burst forth now in a choking sob., the emotion which she had suppressed burst forth now in a choking sob.,0.0
arctic_a0106,Hindi,SVBI,nat+zero_400,The emotion which she had suppressed burst forth now in a choking sob., the emotion which she had suppressed burst forth now in a choking sob.,0.0
arctic_a0106,Hindi,SVBI,nat+zero_800,The emotion which she had suppressed burst forth now in a choking sob., the emotion which she had suppressed burst forth now in a choking sob.,0.0
arctic_a0106,Korean,HJK,nat+nat,The emotion which she had suppressed burst forth now in a choking sob., the emotion which she had suppressed burst forth now in a choking sob.,0.0
arctic_a0106,Korean,HJK,nat+nat_diff_utt,The emotion which she had suppressed burst forth now in a choking sob., the emotion which she had suppressed burst forth now in a choking sob.,0.0
arctic_a0106,Korean,HJK,nat+l2_same,The emotion which she had suppressed burst forth now in a choking sob., the emotion which she had suppressed burst forth now in a choking sob.,0.0
arctic_a0106,Korean,HJK,nat+interp,The emotion which she had suppressed burst forth now in a choking sob., the emotion which she had suppressed burst forth now in a choking sob.,0.0
arctic_a0106,Korean,HJK,nat+noise,The emotion which she had suppressed burst forth now in a choking sob.," The Em,",0.9230769230769231
arctic_a0106,Korean,HJK,nat+zero_0,The emotion which she had suppressed burst forth now in a choking sob., the emotion which she had suppressed burst forth now in a choking sob.,0.0
arctic_a0106,Korean,HJK,nat+zero_100,The emotion which she had suppressed burst forth now in a choking sob., the emotion which she had suppressed burst forth now in a choking sob.,0.0
arctic_a0106,Korean,HJK,nat+zero_200,The emotion which she had suppressed burst forth now in a choking sob., the emotion which she had suppressed burst forth now in a choking sob.,0.0
arctic_a0106,Korean,HJK,nat+zero_400,The emotion which she had suppressed burst forth now in a choking sob., the emotion which she had suppressed burst forth now in a choking sob.,0.0
arctic_a0106,Korean,HJK,nat+zero_800,The emotion which she had suppressed burst forth now in a choking sob., the emotion which she had suppressed burst forth now in a choking sob.,0.0
arctic_a0106,Spanish,EBVS,nat+nat,The emotion which she had suppressed burst forth now in a choking sob., the emotion which she had suppressed burst forth now in a choking sob.,0.0
arctic_a0106,Spanish,EBVS,nat+nat_diff_utt,The emotion which she had suppressed burst forth now in a choking sob., the emotion which she had suppressed burst forth now in a choking sob.,0.0
arctic_a0106,Spanish,EBVS,nat+l2_same,The emotion which she had suppressed burst forth now in a choking sob., the emotion which she had suppressed burst forth now in a choking sob.,0.0
arctic_a0106,Spanish,EBVS,nat+interp,The emotion which she had suppressed burst forth now in a choking sob., the emotion which she had suppressed burst forth now in a choking sob.,0.0
arctic_a0106,Spanish,EBVS,nat+noise,The emotion which she had suppressed burst forth now in a choking sob.," The Em,",0.9230769230769231
arctic_a0106,Spanish,EBVS,nat+zero_0,The emotion which she had suppressed burst forth now in a choking sob., the emotion which she had suppressed burst forth now in a choking sob.,0.0
arctic_a0106,Spanish,EBVS,nat+zero_100,The emotion which she had suppressed burst forth now in a choking sob., the emotion which she had suppressed burst forth now in a choking sob.,0.0
arctic_a0106,Spanish,EBVS,nat+zero_200,The emotion which she had suppressed burst forth now in a choking sob., the emotion which she had suppressed burst forth now in a choking sob.,0.0
arctic_a0106,Spanish,EBVS,nat+zero_400,The emotion which she had suppressed burst forth now in a choking sob., the emotion which she had suppressed burst forth now in a choking sob.,0.0
arctic_a0106,Spanish,EBVS,nat+zero_800,The emotion which she had suppressed burst forth now in a choking sob., the emotion which she had suppressed burst forth now in a choking sob.,0.0
arctic_a0106,Vietnamese,HQTV,nat+nat,The emotion which she had suppressed burst forth now in a choking sob., the emotion which she had suppressed burst forth now in a choking sob.,0.0
arctic_a0106,Vietnamese,HQTV,nat+nat_diff_utt,The emotion which she had suppressed burst forth now in a choking sob., the emotion which she had suppressed burst forth now in a choking sob.,0.0
arctic_a0106,Vietnamese,HQTV,nat+l2_same,The emotion which she had suppressed burst forth now in a choking sob., the emotion which she had suppressed burst forth now in a choking sob.,0.0
arctic_a0106,Vietnamese,HQTV,nat+interp,The emotion which she had suppressed burst forth now in a choking sob., the emotion which she had suppressed burst forth now in a choking sob.,0.0
arctic_a0106,Vietnamese,HQTV,nat+noise,The emotion which she had suppressed burst forth now in a choking sob.," The Em,",0.9230769230769231
arctic_a0106,Vietnamese,HQTV,nat+zero_0,The emotion which she had suppressed burst forth now in a choking sob., the emotion which she had suppressed burst forth now in a choking sob.,0.0
arctic_a0106,Vietnamese,HQTV,nat+zero_100,The emotion which she had suppressed burst forth now in a choking sob., the emotion which she had suppressed burst forth now in a choking sob.,0.0
arctic_a0106,Vietnamese,HQTV,nat+zero_200,The emotion which she had suppressed burst forth now in a choking sob., the emotion which she had suppressed burst forth now in a choking sob.,0.0
arctic_a0106,Vietnamese,HQTV,nat+zero_400,The emotion which she had suppressed burst forth now in a choking sob., the emotion which she had suppressed burst forth now in a choking sob.,0.0
arctic_a0106,Vietnamese,HQTV,nat+zero_800,The emotion which she had suppressed burst forth now in a choking sob., the emotion which she had suppressed burst forth now in a choking sob.,0.0
arctic_a0111,Arabic,ZHAA,nat+nat,"Instead, he joined her; and they ate like two hungry children."," Instead, he joined her, and they ate like two hungry children.",0.0
arctic_a0111,Arabic,ZHAA,nat+nat_diff_utt,"Instead, he joined her; and they ate like two hungry children."," Instead, he joined her, and they ate like two hungry children.",0.0
arctic_a0111,Arabic,ZHAA,nat+l2_same,"Instead, he joined her; and they ate like two hungry children."," Instead, he joined her, and they ate like two hungry children.",0.0
arctic_a0111,Arabic,ZHAA,nat+interp,"Instead, he joined her; and they ate like two hungry children."," Instead he joined her, and they ate like two hungry children.",0.0
arctic_a0111,Arabic,ZHAA,nat+noise,"Instead, he joined her; and they ate like two hungry children.", Instead Instead,0.9090909090909091
arctic_a0111,Arabic,ZHAA,nat+zero_0,"Instead, he joined her; and they ate like two hungry children."," Instead, he joined her and they ate like two hungry children.",0.0
arctic_a0111,Arabic,ZHAA,nat+zero_100,"Instead, he joined her; and they ate like two hungry children."," Instead, he joined her and they ate like two hungry children.",0.0
arctic_a0111,Arabic,ZHAA,nat+zero_200,"Instead, he joined her; and they ate like two hungry children."," Instead, he joined her and they ate like two hungry children.",0.0
arctic_a0111,Arabic,ZHAA,nat+zero_400,"Instead, he joined her; and they ate like two hungry children."," Instead, he joined her and they ate like two hungry children.",0.0
arctic_a0111,Arabic,ZHAA,nat+zero_800,"Instead, he joined her; and they ate like two hungry children."," Instead, he joined her and they ate like two hungry children.",0.0
arctic_a0111,Chinese,BWC,nat+nat,"Instead, he joined her; and they ate like two hungry children."," Instead, he joined her, and they ate like two hungry children.",0.0
arctic_a0111,Chinese,BWC,nat+nat_diff_utt,"Instead, he joined her; and they ate like two hungry children."," Instead, he joined her, and they ate like two hungry children.",0.0
arctic_a0111,Chinese,BWC,nat+l2_same,"Instead, he joined her; and they ate like two hungry children."," Instead, he joined her, and they ate like two hungry children.",0.0
arctic_a0111,Chinese,BWC,nat+interp,"Instead, he joined her; and they ate like two hungry children."," Instead, he joined her, and they ate like two hungry children.",0.0
arctic_a0111,Chinese,BWC,nat+noise,"Instead, he joined her; and they ate like two hungry children.", Instead Instead,0.9090909090909091
arctic_a0111,Chinese,BWC,nat+zero_0,"Instead, he joined her; and they ate like two hungry children."," Instead, he joined her and they ate like two hungry children.",0.0
arctic_a0111,Chinese,BWC,nat+zero_100,"Instead, he joined her; and they ate like two hungry children."," Instead, he joined her and they ate like two hungry children.",0.0
arctic_a0111,Chinese,BWC,nat+zero_200,"Instead, he joined her; and they ate like two hungry children."," Instead, he joined her and they ate like two hungry children.",0.0
arctic_a0111,Chinese,BWC,nat+zero_400,"Instead, he joined her; and they ate like two hungry children."," Instead, he joined her and they ate like two hungry children.",0.0
arctic_a0111,Chinese,BWC,nat+zero_800,"Instead, he joined her; and they ate like two hungry children."," Instead, he joined her and they ate like two hungry children.",0.0
arctic_a0111,Hindi,SVBI,nat+nat,"Instead, he joined her; and they ate like two hungry children."," Instead, he joined her, and they ate like two hungry children.",0.0
arctic_a0111,Hindi,SVBI,nat+nat_diff_utt,"Instead, he joined her; and they ate like two hungry children."," Instead, he joined her, and they ate like two hungry children.",0.0
arctic_a0111,Hindi,SVBI,nat+l2_same,"Instead, he joined her; and they ate like two hungry children.", Instead he joined her and they ate like two hungry children.,0.0
arctic_a0111,Hindi,SVBI,nat+interp,"Instead, he joined her; and they ate like two hungry children.", Instead he joined her and they ate like two hungry children.,0.0
arctic_a0111,Hindi,SVBI,nat+noise,"Instead, he joined her; and they ate like two hungry children.", Instead Instead,0.9090909090909091
arctic_a0111,Hindi,SVBI,nat+zero_0,"Instead, he joined her; and they ate like two hungry children."," Instead, he joined her and they ate like two hungry children.",0.0
arctic_a0111,Hindi,SVBI,nat+zero_100,"Instead, he joined her; and they ate like two hungry children."," Instead, he joined her and they ate like two hungry children.",0.0
arctic_a0111,Hindi,SVBI,nat+zero_200,"Instead, he joined her; and they ate like two hungry children."," Instead, he joined her and they ate like two hungry children.",0.0
arctic_a0111,Hindi,SVBI,nat+zero_400,"Instead, he joined her; and they ate like two hungry children."," Instead, he joined her and they ate like two hungry children.",0.0
arctic_a0111,Hindi,SVBI,nat+zero_800,"Instead, he joined her; and they ate like two hungry children."," Instead, he joined her and they ate like two hungry children.",0.0
arctic_a0111,Korean,HJK,nat+nat,"Instead, he joined her; and they ate like two hungry children."," Instead, he joined her, and they ate like two hungry children.",0.0
arctic_a0111,Korean,HJK,nat+nat_diff_utt,"Instead, he joined her; and they ate like two hungry children."," Instead, he joined her, and they ate like two hungry children.",0.0
arctic_a0111,Korean,HJK,nat+l2_same,"Instead, he joined her; and they ate like two hungry children."," Instead, he joined her, and they ate like two hungry children.",0.0
arctic_a0111,Korean,HJK,nat+interp,"Instead, he joined her; and they ate like two hungry children."," Instead he joined her, and they ate like two hungry children.",0.0
arctic_a0111,Korean,HJK,nat+noise,"Instead, he joined her; and they ate like two hungry children.", Instead Instead,0.9090909090909091
arctic_a0111,Korean,HJK,nat+zero_0,"Instead, he joined her; and they ate like two hungry children."," Instead, he joined her and they ate like two hungry children.",0.0
arctic_a0111,Korean,HJK,nat+zero_100,"Instead, he joined her; and they ate like two hungry children."," Instead, he joined her and they ate like two hungry children.",0.0
arctic_a0111,Korean,HJK,nat+zero_200,"Instead, he joined her; and they ate like two hungry children."," Instead, he joined her and they ate like two hungry children.",0.0
arctic_a0111,Korean,HJK,nat+zero_400,"Instead, he joined her; and they ate like two hungry children."," Instead, he joined her and they ate like two hungry children.",0.0
arctic_a0111,Korean,HJK,nat+zero_800,"Instead, he joined her; and they ate like two hungry children."," Instead, he joined her and they ate like two hungry children.",0.0
arctic_a0111,Spanish,EBVS,nat+nat,"Instead, he joined her; and they ate like two hungry children."," Instead, he joined her, and they ate like two hungry children.",0.0
arctic_a0111,Spanish,EBVS,nat+nat_diff_utt,"Instead, he joined her; and they ate like two hungry children."," Instead, he joined her, and they ate like two hungry children.",0.0
arctic_a0111,Spanish,EBVS,nat+l2_same,"Instead, he joined her; and they ate like two hungry children.", Instead he joined her and they ate like two hungry children.,0.0
arctic_a0111,Spanish,EBVS,nat+interp,"Instead, he joined her; and they ate like two hungry children."," Instead he joined her, and they ate like two hungry children.",0.0
arctic_a0111,Spanish,EBVS,nat+noise,"Instead, he joined her; and they ate like two hungry children.", Instead Instead,0.9090909090909091
arctic_a0111,Spanish,EBVS,nat+zero_0,"Instead, he joined her; and they ate like two hungry children."," Instead, he joined her and they ate like two hungry children.",0.0
arctic_a0111,Spanish,EBVS,nat+zero_100,"Instead, he joined her; and they ate like two hungry children."," Instead, he joined her and they ate like two hungry children.",0.0
arctic_a0111,Spanish,EBVS,nat+zero_200,"Instead, he joined her; and they ate like two hungry children."," Instead, he joined her and they ate like two hungry children.",0.0
arctic_a0111,Spanish,EBVS,nat+zero_400,"Instead, he joined her; and they ate like two hungry children."," Instead, he joined her and they ate like two hungry children.",0.0
arctic_a0111,Spanish,EBVS,nat+zero_800,"Instead, he joined her; and they ate like two hungry children."," Instead, he joined her and they ate like two hungry children.",0.0
arctic_a0111,Vietnamese,HQTV,nat+nat,"Instead, he joined her; and they ate like two hungry children."," Instead, he joined her, and they ate like two hungry children.",0.0
arctic_a0111,Vietnamese,HQTV,nat+nat_diff_utt,"Instead, he joined her; and they ate like two hungry children."," Instead, he joined her, and they ate like two hungry children.",0.0
arctic_a0111,Vietnamese,HQTV,nat+l2_same,"Instead, he joined her; and they ate like two hungry children.", Instead he joined her and they ate like two hungry children.,0.0
arctic_a0111,Vietnamese,HQTV,nat+interp,"Instead, he joined her; and they ate like two hungry children."," Instead he joined her, and they ate like two hungry children.",0.0
arctic_a0111,Vietnamese,HQTV,nat+noise,"Instead, he joined her; and they ate like two hungry children.", Instead Instead,0.9090909090909091
arctic_a0111,Vietnamese,HQTV,nat+zero_0,"Instead, he joined her; and they ate like two hungry children."," Instead, he joined her and they ate like two hungry children.",0.0
arctic_a0111,Vietnamese,HQTV,nat+zero_100,"Instead, he joined her; and they ate like two hungry children."," Instead, he joined her and they ate like two hungry children.",0.0
arctic_a0111,Vietnamese,HQTV,nat+zero_200,"Instead, he joined her; and they ate like two hungry children."," Instead, he joined her and they ate like two hungry children.",0.0
arctic_a0111,Vietnamese,HQTV,nat+zero_400,"Instead, he joined her; and they ate like two hungry children."," Instead, he joined her and they ate like two hungry children.",0.0
arctic_a0111,Vietnamese,HQTV,nat+zero_800,"Instead, he joined her; and they ate like two hungry children."," Instead, he joined her and they ate like two hungry children.",0.0
arctic_a0241,Arabic,ZHAA,nat+nat,I think it's much nicer to quarrel., I think it's much nicer to quarrel.,0.0
arctic_a0241,Arabic,ZHAA,nat+nat_diff_utt,I think it's much nicer to quarrel., I think it's much nicer to quarrel.,0.0
arctic_a0241,Arabic,ZHAA,nat+l2_same,I think it's much nicer to quarrel., I think it's much nicer to quarrel.,0.0
arctic_a0241,Arabic,ZHAA,nat+interp,I think it's much nicer to quarrel., I think it's much nicer to quarrel.,0.0
arctic_a0241,Arabic,ZHAA,nat+noise,I think it's much nicer to quarrel., I think it I think it is,0.7142857142857143
arctic_a0241,Arabic,ZHAA,nat+zero_0,I think it's much nicer to quarrel., I think it's much nicer to quarrel.,0.0
arctic_a0241,Arabic,ZHAA,nat+zero_100,I think it's much nicer to quarrel., I think it's much nicer to quarrel.,0.0
arctic_a0241,Arabic,ZHAA,nat+zero_200,I think it's much nicer to quarrel., I think it's much nicer to quarrel.,0.0
arctic_a0241,Arabic,ZHAA,nat+zero_400,I think it's much nicer to quarrel., I think it's much nicer to quarrel.,0.0
arctic_a0241,Arabic,ZHAA,nat+zero_800,I think it's much nicer to quarrel., I think it's much nicer to quarrel.,0.0
arctic_a0241,Chinese,BWC,nat+nat,I think it's much nicer to quarrel., I think it's much nicer to quarrel.,0.0
arctic_a0241,Chinese,BWC,nat+nat_diff_utt,I think it's much nicer to quarrel., I think it's much nicer to quarrel.,0.0
arctic_a0241,Chinese,BWC,nat+l2_same,I think it's much nicer to quarrel., I think it's much nicer to quarrel.,0.0
arctic_a0241,Chinese,BWC,nat+interp,I think it's much nicer to quarrel., I think it's much nicer to quarrel.,0.0
arctic_a0241,Chinese,BWC,nat+noise,I think it's much nicer to quarrel., I think it I think it is,0.7142857142857143
arctic_a0241,Chinese,BWC,nat+zero_0,I think it's much nicer to quarrel., I think it's much nicer to quarrel.,0.0
arctic_a0241,Chinese,BWC,nat+zero_100,I think it's much nicer to quarrel., I think it's much nicer to quarrel.,0.0
arctic_a0241,Chinese,BWC,nat+zero_200,I think it's much nicer to quarrel., I think it's much nicer to quarrel.,0.0
arctic_a0241,Chinese,BWC,nat+zero_400,I think it's much nicer to quarrel., I think it's much nicer to quarrel.,0.0
arctic_a0241,Chinese,BWC,nat+zero_800,I think it's much nicer to quarrel., I think it's much nicer to quarrel.,0.0
arctic_a0241,Hindi,SVBI,nat+nat,I think it's much nicer to quarrel., I think it's much nicer to quarrel.,0.0
arctic_a0241,Hindi,SVBI,nat+nat_diff_utt,I think it's much nicer to quarrel., I think it's much nicer to quarrel.,0.0
arctic_a0241,Hindi,SVBI,nat+l2_same,I think it's much nicer to quarrel., I think it's much nicer to quarrel.,0.0
arctic_a0241,Hindi,SVBI,nat+interp,I think it's much nicer to quarrel., I think it's much nicer to quarl.,0.14285714285714285
arctic_a0241,Hindi,SVBI,nat+noise,I think it's much nicer to quarrel., I think it I think it is,0.7142857142857143
arctic_a0241,Hindi,SVBI,nat+zero_0,I think it's much nicer to quarrel., I think it's much nicer to quarrel.,0.0
arctic_a0241,Hindi,SVBI,nat+zero_100,I think it's much nicer to quarrel., I think it's much nicer to quarrel.,0.0
arctic_a0241,Hindi,SVBI,nat+zero_200,I think it's much nicer to quarrel., I think it's much nicer to quarrel.,0.0
arctic_a0241,Hindi,SVBI,nat+zero_400,I think it's much nicer to quarrel., I think it's much nicer to quarrel.,0.0
arctic_a0241,Hindi,SVBI,nat+zero_800,I think it's much nicer to quarrel., I think it's much nicer to quarrel.,0.0
arctic_a0241,Korean,HJK,nat+nat,I think it's much nicer to quarrel., I think it's much nicer to quarrel.,0.0
arctic_a0241,Korean,HJK,nat+nat_diff_utt,I think it's much nicer to quarrel., I think it's much nicer to quarrel.,0.0
arctic_a0241,Korean,HJK,nat+l2_same,I think it's much nicer to quarrel., I think it's much nicer to quarrel.,0.0
arctic_a0241,Korean,HJK,nat+interp,I think it's much nicer to quarrel., I think it's much nicer to quarrel.,0.0
arctic_a0241,Korean,HJK,nat+noise,I think it's much nicer to quarrel., I think it I think it is,0.7142857142857143
arctic_a0241,Korean,HJK,nat+zero_0,I think it's much nicer to quarrel., I think it's much nicer to quarrel.,0.0
arctic_a0241,Korean,HJK,nat+zero_100,I think it's much nicer to quarrel., I think it's much nicer to quarrel.,0.0
arctic_a0241,Korean,HJK,nat+zero_200,I think it's much nicer to quarrel., I think it's much nicer to quarrel.,0.0
arctic_a0241,Korean,HJK,nat+zero_400,I think it's much nicer to quarrel., I think it's much nicer to quarrel.,0.0
arctic_a0241,Korean,HJK,nat+zero_800,I think it's much nicer to quarrel., I think it's much nicer to quarrel.,0.0
arctic_a0241,Spanish,EBVS,nat+nat,I think it's much nicer to quarrel., I think it's much nicer to quarrel.,0.0
arctic_a0241,Spanish,EBVS,nat+nat_diff_utt,I think it's much nicer to quarrel., I think it's much nicer to quarrel.,0.0
arctic_a0241,Spanish,EBVS,nat+l2_same,I think it's much nicer to quarrel., I think it's much nicer to quarrel.,0.0
arctic_a0241,Spanish,EBVS,nat+interp,I think it's much nicer to quarrel., I think it's much nicer to quarl.,0.14285714285714285
arctic_a0241,Spanish,EBVS,nat+noise,I think it's much nicer to quarrel., I think it I think it is,0.7142857142857143
arctic_a0241,Spanish,EBVS,nat+zero_0,I think it's much nicer to quarrel., I think it's much nicer to quarrel.,0.0
arctic_a0241,Spanish,EBVS,nat+zero_100,I think it's much nicer to quarrel., I think it's much nicer to quarrel.,0.0
arctic_a0241,Spanish,EBVS,nat+zero_200,I think it's much nicer to quarrel., I think it's much nicer to quarrel.,0.0
arctic_a0241,Spanish,EBVS,nat+zero_400,I think it's much nicer to quarrel., I think it's much nicer to quarrel.,0.0
arctic_a0241,Spanish,EBVS,nat+zero_800,I think it's much nicer to quarrel., I think it's much nicer to quarrel.,0.0
arctic_a0241,Vietnamese,HQTV,nat+nat,I think it's much nicer to quarrel., I think it's much nicer to quarrel.,0.0
arctic_a0241,Vietnamese,HQTV,nat+nat_diff_utt,I think it's much nicer to quarrel., I think it's much nicer to quarrel.,0.0
arctic_a0241,Vietnamese,HQTV,nat+l2_same,I think it's much nicer to quarrel., I think it's much nicer to quarrel.,0.0
arctic_a0241,Vietnamese,HQTV,nat+interp,I think it's much nicer to quarrel., I think it's much nicer to quarrel.,0.0
arctic_a0241,Vietnamese,HQTV,nat+noise,I think it's much nicer to quarrel., I think it I think it is,0.7142857142857143
arctic_a0241,Vietnamese,HQTV,nat+zero_0,I think it's much nicer to quarrel., I think it's much nicer to quarrel.,0.0
arctic_a0241,Vietnamese,HQTV,nat+zero_100,I think it's much nicer to quarrel., I think it's much nicer to quarrel.,0.0
arctic_a0241,Vietnamese,HQTV,nat+zero_200,I think it's much nicer to quarrel., I think it's much nicer to quarrel.,0.0
arctic_a0241,Vietnamese,HQTV,nat+zero_400,I think it's much nicer to quarrel., I think it's much nicer to quarrel.,0.0
arctic_a0241,Vietnamese,HQTV,nat+zero_800,I think it's much nicer to quarrel., I think it's much nicer to quarrel.,0.0
arctic_a0255,Arabic,ZHAA,nat+nat,"You won't die of malnutrition, be sure of that."," You won't die of malnutrition, be sure of that.",0.0
arctic_a0255,Arabic,ZHAA,nat+nat_diff_utt,"You won't die of malnutrition, be sure of that."," You won't die of malnutrition, be sure of that.",0.0
arctic_a0255,Arabic,ZHAA,nat+l2_same,"You won't die of malnutrition, be sure of that."," You won't die of malnutrition, be sure of that.",0.0
arctic_a0255,Arabic,ZHAA,nat+interp,"You won't die of malnutrition, be sure of that.", You won't die of malnutrition. Be sure of that.,0.0
arctic_a0255,Arabic,ZHAA,nat+noise,"You won't die of malnutrition, be sure of that.", You won't you,0.7777777777777778
arctic_a0255,Arabic,ZHAA,nat+zero_0,"You won't die of malnutrition, be sure of that."," You won't die of malnutrition, be sure of that.",0.0
arctic_a0255,Arabic,ZHAA,nat+zero_100,"You won't die of malnutrition, be sure of that."," You won't die of malnutrition, be sure of that.",0.0
arctic_a0255,Arabic,ZHAA,nat+zero_200,"You won't die of malnutrition, be sure of that."," You won't die of malnutrition, be sure of that.",0.0
arctic_a0255,Arabic,ZHAA,nat+zero_400,"You won't die of malnutrition, be sure of that."," You won't die of malnutrition, be sure of that.",0.0
arctic_a0255,Arabic,ZHAA,nat+zero_800,"You won't die of malnutrition, be sure of that."," You won't die of malnutrition, be sure of that.",0.0
arctic_a0255,Chinese,BWC,nat+nat,"You won't die of malnutrition, be sure of that."," You won't die of malnutrition, be sure of that.",0.0
arctic_a0255,Chinese,BWC,nat+nat_diff_utt,"You won't die of malnutrition, be sure of that."," You won't die of malnutrition, be sure of that.",0.0
arctic_a0255,Chinese,BWC,nat+l2_same,"You won't die of malnutrition, be sure of that."," You won't die of malnutrition, be sure of that.",0.0
arctic_a0255,Chinese,BWC,nat+interp,"You won't die of malnutrition, be sure of that.", You won't die of malnutrition. Be sure of that.,0.0
arctic_a0255,Chinese,BWC,nat+noise,"You won't die of malnutrition, be sure of that.", You won't you,0.7777777777777778
arctic_a0255,Chinese,BWC,nat+zero_0,"You won't die of malnutrition, be sure of that."," You won't die of malnutrition, be sure of that.",0.0
arctic_a0255,Chinese,BWC,nat+zero_100,"You won't die of malnutrition, be sure of that."," You won't die of malnutrition, be sure of that.",0.0
arctic_a0255,Chinese,BWC,nat+zero_200,"You won't die of malnutrition, be sure of that."," You won't die of malnutrition, be sure of that.",0.0
arctic_a0255,Chinese,BWC,nat+zero_400,"You won't die of malnutrition, be sure of that."," You won't die of malnutrition, be sure of that.",0.0
arctic_a0255,Chinese,BWC,nat+zero_800,"You won't die of malnutrition, be sure of that."," You won't die of malnutrition, be sure of that.",0.0
arctic_a0255,Hindi,SVBI,nat+nat,"You won't die of malnutrition, be sure of that."," You won't die of malnutrition, be sure of that.",0.0
arctic_a0255,Hindi,SVBI,nat+nat_diff_utt,"You won't die of malnutrition, be sure of that."," You won't die of malnutrition, be sure of that.",0.0
arctic_a0255,Hindi,SVBI,nat+l2_same,"You won't die of malnutrition, be sure of that."," You won't die of malnutrition, be sure of that.",0.0
arctic_a0255,Hindi,SVBI,nat+interp,"You won't die of malnutrition, be sure of that.", You won't die of malnutrition. Be sure of that.,0.0
arctic_a0255,Hindi,SVBI,nat+noise,"You won't die of malnutrition, be sure of that.", You won't you,0.7777777777777778
arctic_a0255,Hindi,SVBI,nat+zero_0,"You won't die of malnutrition, be sure of that."," You won't die of malnutrition, be sure of that.",0.0
arctic_a0255,Hindi,SVBI,nat+zero_100,"You won't die of malnutrition, be sure of that."," You won't die of malnutrition, be sure of that.",0.0
arctic_a0255,Hindi,SVBI,nat+zero_200,"You won't die of malnutrition, be sure of that."," You won't die of malnutrition, be sure of that.",0.0
arctic_a0255,Hindi,SVBI,nat+zero_400,"You won't die of malnutrition, be sure of that."," You won't die of malnutrition, be sure of that.",0.0
arctic_a0255,Hindi,SVBI,nat+zero_800,"You won't die of malnutrition, be sure of that."," You won't die of malnutrition, be sure of that.",0.0
arctic_a0255,Korean,HJK,nat+nat,"You won't die of malnutrition, be sure of that."," You won't die of malnutrition, be sure of that.",0.0
arctic_a0255,Korean,HJK,nat+nat_diff_utt,"You won't die of malnutrition, be sure of that."," You won't die of malnutrition, be sure of that.",0.0
arctic_a0255,Korean,HJK,nat+l2_same,"You won't die of malnutrition, be sure of that."," You won't die of malnutrition, be sure of that.",0.0
arctic_a0255,Korean,HJK,nat+interp,"You won't die of malnutrition, be sure of that."," You won't die of malnutrition, be sure of that.",0.0
arctic_a0255,Korean,HJK,nat+noise,"You won't die of malnutrition, be sure of that.", You won't you,0.7777777777777778
arctic_a0255,Korean,HJK,nat+zero_0,"You won't die of malnutrition, be sure of that."," You won't die of malnutrition, be sure of that.",0.0
arctic_a0255,Korean,HJK,nat+zero_100,"You won't die of malnutrition, be sure of that."," You won't die of malnutrition, be sure of that.",0.0
arctic_a0255,Korean,HJK,nat+zero_200,"You won't die of malnutrition, be sure of that."," You won't die of malnutrition, be sure of that.",0.0
arctic_a0255,Korean,HJK,nat+zero_400,"You won't die of malnutrition, be sure of that."," You won't die of malnutrition, be sure of that.",0.0
arctic_a0255,Korean,HJK,nat+zero_800,"You won't die of malnutrition, be sure of that."," You won't die of malnutrition, be sure of that.",0.0
arctic_a0255,Spanish,EBVS,nat+nat,"You won't die of malnutrition, be sure of that."," You won't die of malnutrition, be sure of that.",0.0
arctic_a0255,Spanish,EBVS,nat+nat_diff_utt,"You won't die of malnutrition, be sure of that."," You won't die of malnutrition, be sure of that.",0.0
arctic_a0255,Spanish,EBVS,nat+l2_same,"You won't die of malnutrition, be sure of that."," You won't die of malnutrition, be sure of that.",0.0
arctic_a0255,Spanish,EBVS,nat+interp,"You won't die of malnutrition, be sure of that.", You won't die of malnutrition. Be sure of that.,0.0
arctic_a0255,Spanish,EBVS,nat+noise,"You won't die of malnutrition, be sure of that.", You won't you,0.7777777777777778
arctic_a0255,Spanish,EBVS,nat+zero_0,"You won't die of malnutrition, be sure of that."," You won't die of malnutrition, be sure of that.",0.0
arctic_a0255,Spanish,EBVS,nat+zero_100,"You won't die of malnutrition, be sure of that."," You won't die of malnutrition, be sure of that.",0.0
arctic_a0255,Spanish,EBVS,nat+zero_200,"You won't die of malnutrition, be sure of that."," You won't die of malnutrition, be sure of that.",0.0
arctic_a0255,Spanish,EBVS,nat+zero_400,"You won't die of malnutrition, be sure of that."," You won't die of malnutrition, be sure of that.",0.0
arctic_a0255,Spanish,EBVS,nat+zero_800,"You won't die of malnutrition, be sure of that."," You won't die of malnutrition, be sure of that.",0.0
arctic_a0255,Vietnamese,HQTV,nat+nat,"You won't die of malnutrition, be sure of that."," You won't die of malnutrition, be sure of that.",0.0
arctic_a0255,Vietnamese,HQTV,nat+nat_diff_utt,"You won't die of malnutrition, be sure of that."," You won't die of malnutrition, be sure of that.",0.0
arctic_a0255,Vietnamese,HQTV,nat+l2_same,"You won't die of malnutrition, be sure of that."," You won't die of malnutrition, be sure of that.",0.0
arctic_a0255,Vietnamese,HQTV,nat+interp,"You won't die of malnutrition, be sure of that."," You won't die of malnutrition, be sure of that.",0.0
arctic_a0255,Vietnamese,HQTV,nat+noise,"You won't die of malnutrition, be sure of that.", You won't you,0.7777777777777778
arctic_a0255,Vietnamese,HQTV,nat+zero_0,"You won't die of malnutrition, be sure of that."," You won't die of malnutrition, be sure of that.",0.0
arctic_a0255,Vietnamese,HQTV,nat+zero_100,"You won't die of malnutrition, be sure of that."," You won't die of malnutrition, be sure of that.",0.0
arctic_a0255,Vietnamese,HQTV,nat+zero_200,"You won't die of malnutrition, be sure of that."," You won't die of malnutrition, be sure of that.",0.0
arctic_a0255,Vietnamese,HQTV,nat+zero_400,"You won't die of malnutrition, be sure of that."," You won't die of malnutrition, be sure of that.",0.0
arctic_a0255,Vietnamese,HQTV,nat+zero_800,"You won't die of malnutrition, be sure of that."," You won't die of malnutrition, be sure of that.",0.0
arctic_a0263,Arabic,ZHAA,nat+nat,"Joan looked triumphantly at Sheldon, who bowed."," Joan looked triumphantly at Sheldon, who bowed.",0.0
arctic_a0263,Arabic,ZHAA,nat+nat_diff_utt,"Joan looked triumphantly at Sheldon, who bowed."," Joan looked triumphantly at Sheldon, who bowed.",0.0
arctic_a0263,Arabic,ZHAA,nat+l2_same,"Joan looked triumphantly at Sheldon, who bowed."," Joan looked triumphantly at Sheldon, who bowed.",0.0
arctic_a0263,Arabic,ZHAA,nat+interp,"Joan looked triumphantly at Sheldon, who bowed.", Joan looked triumphantly at Sheldon who bowed.,0.0
arctic_a0263,Arabic,ZHAA,nat+noise,"Joan looked triumphantly at Sheldon, who bowed.", Joan looked,0.7142857142857143
arctic_a0263,Arabic,ZHAA,nat+zero_0,"Joan looked triumphantly at Sheldon, who bowed."," Joan looked triumphantly at Sheldon, who bowed.",0.0
arctic_a0263,Arabic,ZHAA,nat+zero_100,"Joan looked triumphantly at Sheldon, who bowed."," Joan looked triumphantly at Sheldon, who bowed.",0.0
arctic_a0263,Arabic,ZHAA,nat+zero_200,"Joan looked triumphantly at Sheldon, who bowed."," Joan looked triumphantly at Sheldon, who bowed.",0.0
arctic_a0263,Arabic,ZHAA,nat+zero_400,"Joan looked triumphantly at Sheldon, who bowed."," Joan looked triumphantly at Sheldon, who bowed.",0.0
arctic_a0263,Arabic,ZHAA,nat+zero_800,"Joan looked triumphantly at Sheldon, who bowed."," Joan looked triumphantly at Sheldon, who bowed.",0.0
arctic_a0263,Chinese,BWC,nat+nat,"Joan looked triumphantly at Sheldon, who bowed."," Joan looked triumphantly at Sheldon, who bowed.",0.0
arctic_a0263,Chinese,BWC,nat+nat_diff_utt,"Joan looked triumphantly at Sheldon, who bowed."," Joan looked triumphantly at Sheldon, who bowed.",0.0
arctic_a0263,Chinese,BWC,nat+l2_same,"Joan looked triumphantly at Sheldon, who bowed.", Joan looked triumphantly at Sheldon who bowed.,0.0
arctic_a0263,Chinese,BWC,nat+interp,"Joan looked triumphantly at Sheldon, who bowed.", Joan looked triumphantly at Sheldon who bowed.,0.0
arctic_a0263,Chinese,BWC,nat+noise,"Joan looked triumphantly at Sheldon, who bowed.", Joan looked,0.7142857142857143
arctic_a0263,Chinese,BWC,nat+zero_0,"Joan looked triumphantly at Sheldon, who bowed."," Joan looked triumphantly at Sheldon, who bowed.",0.0
arctic_a0263,Chinese,BWC,nat+zero_100,"Joan looked triumphantly at Sheldon, who bowed."," Joan looked triumphantly at Sheldon, who bowed.",0.0
arctic_a0263,Chinese,BWC,nat+zero_200,"Joan looked triumphantly at Sheldon, who bowed."," Joan looked triumphantly at Sheldon, who bowed.",0.0
arctic_a0263,Chinese,BWC,nat+zero_400,"Joan looked triumphantly at Sheldon, who bowed."," Joan looked triumphantly at Sheldon, who bowed.",0.0
arctic_a0263,Chinese,BWC,nat+zero_800,"Joan looked triumphantly at Sheldon, who bowed."," Joan looked triumphantly at Sheldon, who bowed.",0.0
arctic_a0263,Hindi,SVBI,nat+nat,"Joan looked triumphantly at Sheldon, who bowed."," Joan looked triumphantly at Sheldon, who bowed.",0.0
arctic_a0263,Hindi,SVBI,nat+nat_diff_utt,"Joan looked triumphantly at Sheldon, who bowed."," Joan looked triumphantly at Sheldon, who bowed.",0.0
arctic_a0263,Hindi,SVBI,nat+l2_same,"Joan looked triumphantly at Sheldon, who bowed."," Joan looked triumphantly at Sheldon, who bowed.",0.0
arctic_a0263,Hindi,SVBI,nat+interp,"Joan looked triumphantly at Sheldon, who bowed."," Joan looked triumphantly at Sheldon, who bowed.",0.0
arctic_a0263,Hindi,SVBI,nat+noise,"Joan looked triumphantly at Sheldon, who bowed.", Joan looked,0.7142857142857143
arctic_a0263,Hindi,SVBI,nat+zero_0,"Joan looked triumphantly at Sheldon, who bowed."," Joan looked triumphantly at Sheldon, who bowed.",0.0
arctic_a0263,Hindi,SVBI,nat+zero_100,"Joan looked triumphantly at Sheldon, who bowed."," Joan looked triumphantly at Sheldon, who bowed.",0.0
arctic_a0263,Hindi,SVBI,nat+zero_200,"Joan looked triumphantly at Sheldon, who bowed."," Joan looked triumphantly at Sheldon, who bowed.",0.0
arctic_a0263,Hindi,SVBI,nat+zero_400,"Joan looked triumphantly at Sheldon, who bowed."," Joan looked triumphantly at Sheldon, who bowed.",0.0
arctic_a0263,Hindi,SVBI,nat+zero_800,"Joan looked triumphantly at Sheldon, who bowed."," Joan looked triumphantly at Sheldon, who bowed.",0.0
arctic_a0263,Korean,HJK,nat+nat,"Joan looked triumphantly at Sheldon, who bowed."," Joan looked triumphantly at Sheldon, who bowed.",0.0
arctic_a0263,Korean,HJK,nat+nat_diff_utt,"Joan looked triumphantly at Sheldon, who bowed."," Joan looked triumphantly at Sheldon, who bowed.",0.0
arctic_a0263,Korean,HJK,nat+l2_same,"Joan looked triumphantly at Sheldon, who bowed."," Joan looked triumphantly at Sheldon, who bowed.",0.0
arctic_a0263,Korean,HJK,nat+interp,"Joan looked triumphantly at Sheldon, who bowed."," Joan looked triumphantly at Sheldon, who bowed.",0.0
arctic_a0263,Korean,HJK,nat+noise,"Joan looked triumphantly at Sheldon, who bowed.", Joan looked,0.7142857142857143
arctic_a0263,Korean,HJK,nat+zero_0,"Joan looked triumphantly at Sheldon, who bowed."," Joan looked triumphantly at Sheldon, who bowed.",0.0
arctic_a0263,Korean,HJK,nat+zero_100,"Joan looked triumphantly at Sheldon, who bowed."," Joan looked triumphantly at Sheldon, who bowed.",0.0
arctic_a0263,Korean,HJK,nat+zero_200,"Joan looked triumphantly at Sheldon, who bowed."," Joan looked triumphantly at Sheldon, who bowed.",0.0
arctic_a0263,Korean,HJK,nat+zero_400,"Joan looked triumphantly at Sheldon, who bowed."," Joan looked triumphantly at Sheldon, who bowed.",0.0
arctic_a0263,Korean,HJK,nat+zero_800,"Joan looked triumphantly at Sheldon, who bowed."," Joan looked triumphantly at Sheldon, who bowed.",0.0
arctic_a0263,Spanish,EBVS,nat+nat,"Joan looked triumphantly at Sheldon, who bowed."," Joan looked triumphantly at Sheldon, who bowed.",0.0
arctic_a0263,Spanish,EBVS,nat+nat_diff_utt,"Joan looked triumphantly at Sheldon, who bowed."," Joan looked triumphantly at Sheldon, who bowed.",0.0
arctic_a0263,Spanish,EBVS,nat+l2_same,"Joan looked triumphantly at Sheldon, who bowed.", Joan looked triumphantly at Sheldon who bowed.,0.0
arctic_a0263,Spanish,EBVS,nat+interp,"Joan looked triumphantly at Sheldon, who bowed."," Joan looked triumphantly at Sheldon, who bowed.",0.0
arctic_a0263,Spanish,EBVS,nat+noise,"Joan looked triumphantly at Sheldon, who bowed.", Joan looked,0.7142857142857143
arctic_a0263,Spanish,EBVS,nat+zero_0,"Joan looked triumphantly at Sheldon, who bowed."," Joan looked triumphantly at Sheldon, who bowed.",0.0
arctic_a0263,Spanish,EBVS,nat+zero_100,"Joan looked triumphantly at Sheldon, who bowed."," Joan looked triumphantly at Sheldon, who bowed.",0.0
arctic_a0263,Spanish,EBVS,nat+zero_200,"Joan looked triumphantly at Sheldon, who bowed."," Joan looked triumphantly at Sheldon, who bowed.",0.0
arctic_a0263,Spanish,EBVS,nat+zero_400,"Joan looked triumphantly at Sheldon, who bowed."," Joan looked triumphantly at Sheldon, who bowed.",0.0
arctic_a0263,Spanish,EBVS,nat+zero_800,"Joan looked triumphantly at Sheldon, who bowed."," Joan looked triumphantly at Sheldon, who bowed.",0.0
arctic_a0263,Vietnamese,HQTV,nat+nat,"Joan looked triumphantly at Sheldon, who bowed."," Joan looked triumphantly at Sheldon, who bowed.",0.0
arctic_a0263,Vietnamese,HQTV,nat+nat_diff_utt,"Joan looked triumphantly at Sheldon, who bowed."," Joan looked triumphantly at Sheldon, who bowed.",0.0
arctic_a0263,Vietnamese,HQTV,nat+l2_same,"Joan looked triumphantly at Sheldon, who bowed.", Joan looked triumphantly at Sheldon who bowed.,0.0
arctic_a0263,Vietnamese,HQTV,nat+interp,"Joan looked triumphantly at Sheldon, who bowed.", Joan looked triumphantly at Sheldon who bowed.,0.0
arctic_a0263,Vietnamese,HQTV,nat+noise,"Joan looked triumphantly at Sheldon, who bowed.", Joan looked,0.7142857142857143
arctic_a0263,Vietnamese,HQTV,nat+zero_0,"Joan looked triumphantly at Sheldon, who bowed."," Joan looked triumphantly at Sheldon, who bowed.",0.0
arctic_a0263,Vietnamese,HQTV,nat+zero_100,"Joan looked triumphantly at Sheldon, who bowed."," Joan looked triumphantly at Sheldon, who bowed.",0.0
arctic_a0263,Vietnamese,HQTV,nat+zero_200,"Joan looked triumphantly at Sheldon, who bowed."," Joan looked triumphantly at Sheldon, who bowed.",0.0
arctic_a0263,Vietnamese,HQTV,nat+zero_400,"Joan looked triumphantly at Sheldon, who bowed."," Joan looked triumphantly at Sheldon, who bowed.",0.0
arctic_a0263,Vietnamese,HQTV,nat+zero_800,"Joan looked triumphantly at Sheldon, who bowed."," Joan looked triumphantly at Sheldon, who bowed.",0.0
arctic_a0276,Arabic,ZHAA,nat+nat,Oolong Atoll was one hundred and forty miles in circumference., Oolong at all was 140 miles in circumference.,0.6
arctic_a0276,Arabic,ZHAA,nat+nat_diff_utt,Oolong Atoll was one hundred and forty miles in circumference., Oolong atol was 140 miles in circumference.,0.5
arctic_a0276,Arabic,ZHAA,nat+l2_same,Oolong Atoll was one hundred and forty miles in circumference., Oolong Atal was 140 miles in circumference.,0.5
arctic_a0276,Arabic,ZHAA,nat+interp,Oolong Atoll was one hundred and forty miles in circumference., Oolong A-T,0.9
arctic_a0276,Arabic,ZHAA,nat+noise,Oolong Atoll was one hundred and forty miles in circumference., Ool,1.0
arctic_a0276,Arabic,ZHAA,nat+zero_0,Oolong Atoll was one hundred and forty miles in circumference., Oolong at all was 140 miles in circumference.,0.6
arctic_a0276,Arabic,ZHAA,nat+zero_100,Oolong Atoll was one hundred and forty miles in circumference., Oolong at all was 140 miles in circumference.,0.6
arctic_a0276,Arabic,ZHAA,nat+zero_200,Oolong Atoll was one hundred and forty miles in circumference., Oolong at all was 140 miles in circumference.,0.6
arctic_a0276,Arabic,ZHAA,nat+zero_400,Oolong Atoll was one hundred and forty miles in circumference., Oolong at all was 140 miles in circumference.,0.6
arctic_a0276,Arabic,ZHAA,nat+zero_800,Oolong Atoll was one hundred and forty miles in circumference., Oolong atol was 140 miles in circumference.,0.5
arctic_a0276,Chinese,BWC,nat+nat,Oolong Atoll was one hundred and forty miles in circumference., Oolong at all was 140 miles in circumference.,0.6
arctic_a0276,Chinese,BWC,nat+nat_diff_utt,Oolong Atoll was one hundred and forty miles in circumference., Oolong atol was 140 miles in circumference.,0.5
arctic_a0276,Chinese,BWC,nat+l2_same,Oolong Atoll was one hundred and forty miles in circumference., Oolong Atal was 140 miles in circumference.,0.5
arctic_a0276,Chinese,BWC,nat+interp,Oolong Atoll was one hundred and forty miles in circumference., Oolong Atal was 140 miles in circumference.,0.5
arctic_a0276,Chinese,BWC,nat+noise,Oolong Atoll was one hundred and forty miles in circumference., Ool,1.0
arctic_a0276,Chinese,BWC,nat+zero_0,Oolong Atoll was one hundred and forty miles in circumference., Oolong at all was 140 miles in circumference.,0.6
arctic_a0276,Chinese,BWC,nat+zero_100,Oolong Atoll was one hundred and forty miles in circumference., Oolong at all was 140 miles in circumference.,0.6
arctic_a0276,Chinese,BWC,nat+zero_200,Oolong Atoll was one hundred and forty miles in circumference., Oolong at all was 140 miles in circumference.,0.6
arctic_a0276,Chinese,BWC,nat+zero_400,Oolong Atoll was one hundred and forty miles in circumference., Oolong at all was 140 miles in circumference.,0.6
arctic_a0276,Chinese,BWC,nat+zero_800,Oolong Atoll was one hundred and forty miles in circumference., Oolong atol was 140 miles in circumference.,0.5
arctic_a0276,Hindi,SVBI,nat+nat,Oolong Atoll was one hundred and forty miles in circumference., Oolong at all was 140 miles in circumference.,0.6
arctic_a0276,Hindi,SVBI,nat+nat_diff_utt,Oolong Atoll was one hundred and forty miles in circumference., Oolong atol was 140 miles in circumference.,0.5
arctic_a0276,Hindi,SVBI,nat+l2_same,Oolong Atoll was one hundred and forty miles in circumference., Oolong at all was 140 miles in circumference.,0.6
arctic_a0276,Hindi,SVBI,nat+interp,Oolong Atoll was one hundred and forty miles in circumference., Oolong Atal was 140 miles in circumference.,0.5
arctic_a0276,Hindi,SVBI,nat+noise,Oolong Atoll was one hundred and forty miles in circumference., Ool,1.0
arctic_a0276,Hindi,SVBI,nat+zero_0,Oolong Atoll was one hundred and forty miles in circumference., Oolong at all was 140 miles in circumference.,0.6
arctic_a0276,Hindi,SVBI,nat+zero_100,Oolong Atoll was one hundred and forty miles in circumference., Oolong at all was 140 miles in circumference.,0.6
arctic_a0276,Hindi,SVBI,nat+zero_200,Oolong Atoll was one hundred and forty miles in circumference., Oolong at all was 140 miles in circumference.,0.6
arctic_a0276,Hindi,SVBI,nat+zero_400,Oolong Atoll was one hundred and forty miles in circumference., Oolong at all was 140 miles in circumference.,0.6
arctic_a0276,Hindi,SVBI,nat+zero_800,Oolong Atoll was one hundred and forty miles in circumference., Oolong atol was 140 miles in circumference.,0.5
arctic_a0276,Korean,HJK,nat+nat,Oolong Atoll was one hundred and forty miles in circumference., Oolong at all was 140 miles in circumference.,0.6
arctic_a0276,Korean,HJK,nat+nat_diff_utt,Oolong Atoll was one hundred and forty miles in circumference., Oolong atol was 140 miles in circumference.,0.5
arctic_a0276,Korean,HJK,nat+l2_same,Oolong Atoll was one hundred and forty miles in circumference., Oolong at all was 140 miles in circumference.,0.6
arctic_a0276,Korean,HJK,nat+interp,Oolong Atoll was one hundred and forty miles in circumference., Oolong at all was 140 miles in circumference.,0.6
arctic_a0276,Korean,HJK,nat+noise,Oolong Atoll was one hundred and forty miles in circumference., Ool,1.0
arctic_a0276,Korean,HJK,nat+zero_0,Oolong Atoll was one hundred and forty miles in circumference., Oolong at all was 140 miles in circumference.,0.6
arctic_a0276,Korean,HJK,nat+zero_100,Oolong Atoll was one hundred and forty miles in circumference., Oolong at all was 140 miles in circumference.,0.6
arctic_a0276,Korean,HJK,nat+zero_200,Oolong Atoll was one hundred and forty miles in circumference., Oolong at all was 140 miles in circumference.,0.6
arctic_a0276,Korean,HJK,nat+zero_400,Oolong Atoll was one hundred and forty miles in circumference., Oolong at all was 140 miles in circumference.,0.6
arctic_a0276,Korean,HJK,nat+zero_800,Oolong Atoll was one hundred and forty miles in circumference., Oolong atol was 140 miles in circumference.,0.5
arctic_a0276,Spanish,EBVS,nat+nat,Oolong Atoll was one hundred and forty miles in circumference., Oolong at all was 140 miles in circumference.,0.6
arctic_a0276,Spanish,EBVS,nat+nat_diff_utt,Oolong Atoll was one hundred and forty miles in circumference., Oolong atol was 140 miles in circumference.,0.5
arctic_a0276,Spanish,EBVS,nat+l2_same,Oolong Atoll was one hundred and forty miles in circumference., Oolong Atal was 140 miles in circumference.,0.5
arctic_a0276,Spanish,EBVS,nat+interp,Oolong Atoll was one hundred and forty miles in circumference., Oolong A-Tal was 140 miles in circumference.,0.5
arctic_a0276,Spanish,EBVS,nat+noise,Oolong Atoll was one hundred and forty miles in circumference., Ool,1.0
arctic_a0276,Spanish,EBVS,nat+zero_0,Oolong Atoll was one hundred and forty miles in circumference., Oolong at all was 140 miles in circumference.,0.6
arctic_a0276,Spanish,EBVS,nat+zero_100,Oolong Atoll was one hundred and forty miles in circumference., Oolong at all was 140 miles in circumference.,0.6
arctic_a0276,Spanish,EBVS,nat+zero_200,Oolong Atoll was one hundred and forty miles in circumference., Oolong at all was 140 miles in circumference.,0.6
arctic_a0276,Spanish,EBVS,nat+zero_400,Oolong Atoll was one hundred and forty miles in circumference., Oolong at all was 140 miles in circumference.,0.6
arctic_a0276,Spanish,EBVS,nat+zero_800,Oolong Atoll was one hundred and forty miles in circumference., Oolong atol was 140 miles in circumference.,0.5
arctic_a0276,Vietnamese,HQTV,nat+nat,Oolong Atoll was one hundred and forty miles in circumference., Oolong at all was 140 miles in circumference.,0.6
arctic_a0276,Vietnamese,HQTV,nat+nat_diff_utt,Oolong Atoll was one hundred and forty miles in circumference., Oolong atol was 140 miles in circumference.,0.5
arctic_a0276,Vietnamese,HQTV,nat+l2_same,Oolong Atoll was one hundred and forty miles in circumference., Oolong Atal was 140 miles in circumference.,0.5
arctic_a0276,Vietnamese,HQTV,nat+interp,Oolong Atoll was one hundred and forty miles in circumference., Oolong Atal was 140 miles in circumference.,0.5
arctic_a0276,Vietnamese,HQTV,nat+noise,Oolong Atoll was one hundred and forty miles in circumference., Ool,1.0
arctic_a0276,Vietnamese,HQTV,nat+zero_0,Oolong Atoll was one hundred and forty miles in circumference., Oolong at all was 140 miles in circumference.,0.6
arctic_a0276,Vietnamese,HQTV,nat+zero_100,Oolong Atoll was one hundred and forty miles in circumference., Oolong at all was 140 miles in circumference.,0.6
arctic_a0276,Vietnamese,HQTV,nat+zero_200,Oolong Atoll was one hundred and forty miles in circumference., Oolong at all was 140 miles in circumference.,0.6
arctic_a0276,Vietnamese,HQTV,nat+zero_400,Oolong Atoll was one hundred and forty miles in circumference., Oolong at all was 140 miles in circumference.,0.6
arctic_a0276,Vietnamese,HQTV,nat+zero_800,Oolong Atoll was one hundred and forty miles in circumference., Oolong atol was 140 miles in circumference.,0.5
arctic_a0359,Arabic,ZHAA,nat+nat,Earth and gravel seemed to fill the pan., Earthen gravel seemed to fill the pan.,0.25
arctic_a0359,Arabic,ZHAA,nat+nat_diff_utt,Earth and gravel seemed to fill the pan., Earthen gravel seemed to fill the pan.,0.25
arctic_a0359,Arabic,ZHAA,nat+l2_same,Earth and gravel seemed to fill the pan., Earthen gravel seemed to fill the pan.,0.25
arctic_a0359,Arabic,ZHAA,nat+interp,Earth and gravel seemed to fill the pan., Earth and gravel seem to fill the pan.,0.125
arctic_a0359,Arabic,ZHAA,nat+noise,Earth and gravel seemed to fill the pan., Earth and gravel seemed to seem to seem to,0.5
arctic_a0359,Arabic,ZHAA,nat+zero_0,Earth and gravel seemed to fill the pan., Earth and gravel seem to fill the pan.,0.125
arctic_a0359,Arabic,ZHAA,nat+zero_100,Earth and gravel seemed to fill the pan., Earth and gravel seem to fill the pan.,0.125
arctic_a0359,Arabic,ZHAA,nat+zero_200,Earth and gravel seemed to fill the pan., Earth and gravel seem to fill the pan.,0.125
arctic_a0359,Arabic,ZHAA,nat+zero_400,Earth and gravel seemed to fill the pan., Earth and gravel seem to fill the pan.,0.125
arctic_a0359,Arabic,ZHAA,nat+zero_800,Earth and gravel seemed to fill the pan., Earth and gravel seem to fill the pan.,0.125
arctic_a0359,Chinese,BWC,nat+nat,Earth and gravel seemed to fill the pan., Earthen gravel seemed to fill the pan.,0.25
arctic_a0359,Chinese,BWC,nat+nat_diff_utt,Earth and gravel seemed to fill the pan., Earthen gravel seemed to fill the pan.,0.25
arctic_a0359,Chinese,BWC,nat+l2_same,Earth and gravel seemed to fill the pan., Earthen gravel seemed to fill the pan.,0.25
arctic_a0359,Chinese,BWC,nat+interp,Earth and gravel seemed to fill the pan., Earthen gravel seemed to fill the pan.,0.25
arctic_a0359,Chinese,BWC,nat+noise,Earth and gravel seemed to fill the pan., Earth and gravel seemed to seem to seem to,0.5
arctic_a0359,Chinese,BWC,nat+zero_0,Earth and gravel seemed to fill the pan., Earth and gravel seem to fill the pan.,0.125
arctic_a0359,Chinese,BWC,nat+zero_100,Earth and gravel seemed to fill the pan., Earth and gravel seem to fill the pan.,0.125
arctic_a0359,Chinese,BWC,nat+zero_200,Earth and gravel seemed to fill the pan., Earth and gravel seem to fill the pan.,0.125
arctic_a0359,Chinese,BWC,nat+zero_400,Earth and gravel seemed to fill the pan., Earth and gravel seem to fill the pan.,0.125
arctic_a0359,Chinese,BWC,nat+zero_800,Earth and gravel seemed to fill the pan., Earth and gravel seem to fill the pan.,0.125
arctic_a0359,Hindi,SVBI,nat+nat,Earth and gravel seemed to fill the pan., Earthen gravel seemed to fill the pan.,0.25
arctic_a0359,Hindi,SVBI,nat+nat_diff_utt,Earth and gravel seemed to fill the pan., Earthen gravel seemed to fill the pan.,0.25
arctic_a0359,Hindi,SVBI,nat+l2_same,Earth and gravel seemed to fill the pan., Earthen gravel seemed to fill the pan.,0.25
arctic_a0359,Hindi,SVBI,nat+interp,Earth and gravel seemed to fill the pan., Earthen gravel seemed to fill the pan.,0.25
arctic_a0359,Hindi,SVBI,nat+noise,Earth and gravel seemed to fill the pan., Earth and gravel seemed to seem to seem to,0.5
arctic_a0359,Hindi,SVBI,nat+zero_0,Earth and gravel seemed to fill the pan., Earth and gravel seem to fill the pan.,0.125
arctic_a0359,Hindi,SVBI,nat+zero_100,Earth and gravel seemed to fill the pan., Earth and gravel seem to fill the pan.,0.125
arctic_a0359,Hindi,SVBI,nat+zero_200,Earth and gravel seemed to fill the pan., Earth and gravel seem to fill the pan.,0.125
arctic_a0359,Hindi,SVBI,nat+zero_400,Earth and gravel seemed to fill the pan., Earth and gravel seem to fill the pan.,0.125
arctic_a0359,Hindi,SVBI,nat+zero_800,Earth and gravel seemed to fill the pan., Earth and gravel seem to fill the pan.,0.125
arctic_a0359,Korean,HJK,nat+nat,Earth and gravel seemed to fill the pan., Earthen gravel seemed to fill the pan.,0.25
arctic_a0359,Korean,HJK,nat+nat_diff_utt,Earth and gravel seemed to fill the pan., Earthen gravel seemed to fill the pan.,0.25
arctic_a0359,Korean,HJK,nat+l2_same,Earth and gravel seemed to fill the pan., Earthen gravel seemed to fill the pan.,0.25
arctic_a0359,Korean,HJK,nat+interp,Earth and gravel seemed to fill the pan., Earthen gravel seemed to fill the pan.,0.25
arctic_a0359,Korean,HJK,nat+noise,Earth and gravel seemed to fill the pan., Earth and gravel seemed to seem to seem to,0.5
arctic_a0359,Korean,HJK,nat+zero_0,Earth and gravel seemed to fill the pan., Earth and gravel seem to fill the pan.,0.125
arctic_a0359,Korean,HJK,nat+zero_100,Earth and gravel seemed to fill the pan., Earth and gravel seem to fill the pan.,0.125
arctic_a0359,Korean,HJK,nat+zero_200,Earth and gravel seemed to fill the pan., Earth and gravel seem to fill the pan.,0.125
arctic_a0359,Korean,HJK,nat+zero_400,Earth and gravel seemed to fill the pan., Earth and gravel seem to fill the pan.,0.125
arctic_a0359,Korean,HJK,nat+zero_800,Earth and gravel seemed to fill the pan., Earth and gravel seem to fill the pan.,0.125
arctic_a0359,Spanish,EBVS,nat+nat,Earth and gravel seemed to fill the pan., Earthen gravel seemed to fill the pan.,0.25
arctic_a0359,Spanish,EBVS,nat+nat_diff_utt,Earth and gravel seemed to fill the pan., Earthen gravel seemed to fill the pan.,0.25
arctic_a0359,Spanish,EBVS,nat+l2_same,Earth and gravel seemed to fill the pan., Earthen gravel seemed to fill the pan.,0.25
arctic_a0359,Spanish,EBVS,nat+interp,Earth and gravel seemed to fill the pan., Earthen gravel seemed to fill the pan.,0.25
arctic_a0359,Spanish,EBVS,nat+noise,Earth and gravel seemed to fill the pan., Earth and gravel seemed to seem to seem to,0.5
arctic_a0359,Spanish,EBVS,nat+zero_0,Earth and gravel seemed to fill the pan., Earth and gravel seem to fill the pan.,0.125
arctic_a0359,Spanish,EBVS,nat+zero_100,Earth and gravel seemed to fill the pan., Earth and gravel seem to fill the pan.,0.125
arctic_a0359,Spanish,EBVS,nat+zero_200,Earth and gravel seemed to fill the pan., Earth and gravel seem to fill the pan.,0.125
arctic_a0359,Spanish,EBVS,nat+zero_400,Earth and gravel seemed to fill the pan., Earth and gravel seem to fill the pan.,0.125
arctic_a0359,Spanish,EBVS,nat+zero_800,Earth and gravel seemed to fill the pan., Earth and gravel seem to fill the pan.,0.125
arctic_a0359,Vietnamese,HQTV,nat+nat,Earth and gravel seemed to fill the pan., Earthen gravel seemed to fill the pan.,0.25
arctic_a0359,Vietnamese,HQTV,nat+nat_diff_utt,Earth and gravel seemed to fill the pan., Earthen gravel seemed to fill the pan.,0.25
arctic_a0359,Vietnamese,HQTV,nat+l2_same,Earth and gravel seemed to fill the pan., Earthen gravel seemed to fill the pan.,0.25
arctic_a0359,Vietnamese,HQTV,nat+interp,Earth and gravel seemed to fill the pan., Earthen gravel seemed to fill the pan.,0.25
arctic_a0359,Vietnamese,HQTV,nat+noise,Earth and gravel seemed to fill the pan., Earth and gravel seemed to seem to seem to,0.5
arctic_a0359,Vietnamese,HQTV,nat+zero_0,Earth and gravel seemed to fill the pan., Earth and gravel seem to fill the pan.,0.125
arctic_a0359,Vietnamese,HQTV,nat+zero_100,Earth and gravel seemed to fill the pan., Earth and gravel seem to fill the pan.,0.125
arctic_a0359,Vietnamese,HQTV,nat+zero_200,Earth and gravel seemed to fill the pan., Earth and gravel seem to fill the pan.,0.125
arctic_a0359,Vietnamese,HQTV,nat+zero_400,Earth and gravel seemed to fill the pan., Earth and gravel seem to fill the pan.,0.125
arctic_a0359,Vietnamese,HQTV,nat+zero_800,Earth and gravel seemed to fill the pan., Earth and gravel seem to fill the pan.,0.125
arctic_a0379,Arabic,ZHAA,nat+nat,"How old are you, daddy.", How old are you daddy?,0.0
arctic_a0379,Arabic,ZHAA,nat+nat_diff_utt,"How old are you, daddy.", How old are you daddy?,0.0
arctic_a0379,Arabic,ZHAA,nat+l2_same,"How old are you, daddy.", How old are you daddy?,0.0
arctic_a0379,Arabic,ZHAA,nat+interp,"How old are you, daddy.", How old are you daddy?,0.0
arctic_a0379,Arabic,ZHAA,nat+noise,"How old are you, daddy.", How how old are you,0.4
arctic_a0379,Arabic,ZHAA,nat+zero_0,"How old are you, daddy.", How old are you daddy?,0.0
arctic_a0379,Arabic,ZHAA,nat+zero_100,"How old are you, daddy.", How old are you daddy?,0.0
arctic_a0379,Arabic,ZHAA,nat+zero_200,"How old are you, daddy.", How old are you daddy?,0.0
arctic_a0379,Arabic,ZHAA,nat+zero_400,"How old are you, daddy.", How old are you daddy?,0.0
arctic_a0379,Arabic,ZHAA,nat+zero_800,"How old are you, daddy.", How old are you daddy?,0.0
arctic_a0379,Chinese,BWC,nat+nat,"How old are you, daddy.", How old are you daddy?,0.0
arctic_a0379,Chinese,BWC,nat+nat_diff_utt,"How old are you, daddy.", How old are you daddy?,0.0
arctic_a0379,Chinese,BWC,nat+l2_same,"How old are you, daddy.", How old are you daddy?,0.0
arctic_a0379,Chinese,BWC,nat+interp,"How old are you, daddy.", How old are you daddy?,0.0
arctic_a0379,Chinese,BWC,nat+noise,"How old are you, daddy.", How how old are you,0.4
arctic_a0379,Chinese,BWC,nat+zero_0,"How old are you, daddy.", How old are you daddy?,0.0
arctic_a0379,Chinese,BWC,nat+zero_100,"How old are you, daddy.", How old are you daddy?,0.0
arctic_a0379,Chinese,BWC,nat+zero_200,"How old are you, daddy.", How old are you daddy?,0.0
arctic_a0379,Chinese,BWC,nat+zero_400,"How old are you, daddy.", How old are you daddy?,0.0
arctic_a0379,Chinese,BWC,nat+zero_800,"How old are you, daddy.", How old are you daddy?,0.0
arctic_a0379,Hindi,SVBI,nat+nat,"How old are you, daddy.", How old are you daddy?,0.0
arctic_a0379,Hindi,SVBI,nat+nat_diff_utt,"How old are you, daddy.", How old are you daddy?,0.0
arctic_a0379,Hindi,SVBI,nat+l2_same,"How old are you, daddy.", How old are you daddy?,0.0
arctic_a0379,Hindi,SVBI,nat+interp,"How old are you, daddy.", How old are you daddy?,0.0
arctic_a0379,Hindi,SVBI,nat+noise,"How old are you, daddy.", How how old are you,0.4
arctic_a0379,Hindi,SVBI,nat+zero_0,"How old are you, daddy.", How old are you daddy?,0.0
arctic_a0379,Hindi,SVBI,nat+zero_100,"How old are you, daddy.", How old are you daddy?,0.0
arctic_a0379,Hindi,SVBI,nat+zero_200,"How old are you, daddy.", How old are you daddy?,0.0
arctic_a0379,Hindi,SVBI,nat+zero_400,"How old are you, daddy.", How old are you daddy?,0.0
arctic_a0379,Hindi,SVBI,nat+zero_800,"How old are you, daddy.", How old are you daddy?,0.0
arctic_a0379,Korean,HJK,nat+nat,"How old are you, daddy.", How old are you daddy?,0.0
arctic_a0379,Korean,HJK,nat+nat_diff_utt,"How old are you, daddy.", How old are you daddy?,0.0
arctic_a0379,Korean,HJK,nat+l2_same,"How old are you, daddy.", How old are you daddy?,0.0
arctic_a0379,Korean,HJK,nat+interp,"How old are you, daddy.", How old are you daddy?,0.0
arctic_a0379,Korean,HJK,nat+noise,"How old are you, daddy.", How how old are you,0.4
arctic_a0379,Korean,HJK,nat+zero_0,"How old are you, daddy.", How old are you daddy?,0.0
arctic_a0379,Korean,HJK,nat+zero_100,"How old are you, daddy.", How old are you daddy?,0.0
arctic_a0379,Korean,HJK,nat+zero_200,"How old are you, daddy.", How old are you daddy?,0.0
arctic_a0379,Korean,HJK,nat+zero_400,"How old are you, daddy.", How old are you daddy?,0.0
arctic_a0379,Korean,HJK,nat+zero_800,"How old are you, daddy.", How old are you daddy?,0.0
arctic_a0379,Spanish,EBVS,nat+nat,"How old are you, daddy.", How old are you daddy?,0.0
arctic_a0379,Spanish,EBVS,nat+nat_diff_utt,"How old are you, daddy.", How old are you daddy?,0.0
arctic_a0379,Spanish,EBVS,nat+l2_same,"How old are you, daddy.", How old are you daddy?,0.0
arctic_a0379,Spanish,EBVS,nat+interp,"How old are you, daddy.", How old are you daddy?,0.0
arctic_a0379,Spanish,EBVS,nat+noise,"How old are you, daddy.", How how old are you,0.4
arctic_a0379,Spanish,EBVS,nat+zero_0,"How old are you, daddy.", How old are you daddy?,0.0
arctic_a0379,Spanish,EBVS,nat+zero_100,"How old are you, daddy.", How old are you daddy?,0.0
arctic_a0379,Spanish,EBVS,nat+zero_200,"How old are you, daddy.", How old are you daddy?,0.0
arctic_a0379,Spanish,EBVS,nat+zero_400,"How old are you, daddy.", How old are you daddy?,0.0
arctic_a0379,Spanish,EBVS,nat+zero_800,"How old are you, daddy.", How old are you daddy?,0.0
arctic_a0379,Vietnamese,HQTV,nat+nat,"How old are you, daddy.", How old are you daddy?,0.0
arctic_a0379,Vietnamese,HQTV,nat+nat_diff_utt,"How old are you, daddy.", How old are you daddy?,0.0
arctic_a0379,Vietnamese,HQTV,nat+l2_same,"How old are you, daddy.", How old are you daddy?,0.0
arctic_a0379,Vietnamese,HQTV,nat+interp,"How old are you, daddy.", How old are you daddy?,0.0
arctic_a0379,Vietnamese,HQTV,nat+noise,"How old are you, daddy.", How how old are you,0.4
arctic_a0379,Vietnamese,HQTV,nat+zero_0,"How old are you, daddy.", How old are you daddy?,0.0
arctic_a0379,Vietnamese,HQTV,nat+zero_100,"How old are you, daddy.", How old are you daddy?,0.0
arctic_a0379,Vietnamese,HQTV,nat+zero_200,"How old are you, daddy.", How old are you daddy?,0.0
arctic_a0379,Vietnamese,HQTV,nat+zero_400,"How old are you, daddy.", How old are you daddy?,0.0
arctic_a0379,Vietnamese,HQTV,nat+zero_800,"How old are you, daddy.", How old are you daddy?,0.0
arctic_a0391,Arabic,ZHAA,nat+nat,But he reconciled himself to it by an act of faith., but he reconciled himself to it by an act of faith.,0.0
arctic_a0391,Arabic,ZHAA,nat+nat_diff_utt,But he reconciled himself to it by an act of faith., but he reconciled himself to it by an act of faith.,0.0
arctic_a0391,Arabic,ZHAA,nat+l2_same,But he reconciled himself to it by an act of faith., but he reconciled himself to it by an act of faith.,0.0
arctic_a0391,Arabic,ZHAA,nat+interp,But he reconciled himself to it by an act of faith., but he reconciled himself to it by an act of faith.,0.0
arctic_a0391,Arabic,ZHAA,nat+noise,But he reconciled himself to it by an act of faith., But he,0.8181818181818182
arctic_a0391,Arabic,ZHAA,nat+zero_0,But he reconciled himself to it by an act of faith., but he reconciled himself to it by an act of faith.,0.0
arctic_a0391,Arabic,ZHAA,nat+zero_100,But he reconciled himself to it by an act of faith., but he reconciled himself to it by an act of faith.,0.0
arctic_a0391,Arabic,ZHAA,nat+zero_200,But he reconciled himself to it by an act of faith., but he reconciled himself to it by an act of faith.,0.0
arctic_a0391,Arabic,ZHAA,nat+zero_400,But he reconciled himself to it by an act of faith., but he reconciled himself to it by an act of faith.,0.0
arctic_a0391,Arabic,ZHAA,nat+zero_800,But he reconciled himself to it by an act of faith., but he reconciled himself to it by an act of faith.,0.0
arctic_a0391,Chinese,BWC,nat+nat,But he reconciled himself to it by an act of faith., but he reconciled himself to it by an act of faith.,0.0
arctic_a0391,Chinese,BWC,nat+nat_diff_utt,But he reconciled himself to it by an act of faith., but he reconciled himself to it by an act of faith.,0.0
arctic_a0391,Chinese,BWC,nat+l2_same,But he reconciled himself to it by an act of faith., but he reconciled himself to it by an act of faith.,0.0
arctic_a0391,Chinese,BWC,nat+interp,But he reconciled himself to it by an act of faith., but he reconciled himself to it by an act of faith.,0.0
arctic_a0391,Chinese,BWC,nat+noise,But he reconciled himself to it by an act of faith., But he,0.8181818181818182
arctic_a0391,Chinese,BWC,nat+zero_0,But he reconciled himself to it by an act of faith., but he reconciled himself to it by an act of faith.,0.0
arctic_a0391,Chinese,BWC,nat+zero_100,But he reconciled himself to it by an act of faith., but he reconciled himself to it by an act of faith.,0.0
arctic_a0391,Chinese,BWC,nat+zero_200,But he reconciled himself to it by an act of faith., but he reconciled himself to it by an act of faith.,0.0
arctic_a0391,Chinese,BWC,nat+zero_400,But he reconciled himself to it by an act of faith., but he reconciled himself to it by an act of faith.,0.0
arctic_a0391,Chinese,BWC,nat+zero_800,But he reconciled himself to it by an act of faith., but he reconciled himself to it by an act of faith.,0.0
arctic_a0391,Hindi,SVBI,nat+nat,But he reconciled himself to it by an act of faith., but he reconciled himself to it by an act of faith.,0.0
arctic_a0391,Hindi,SVBI,nat+nat_diff_utt,But he reconciled himself to it by an act of faith., but he reconciled himself to it by an act of faith.,0.0
arctic_a0391,Hindi,SVBI,nat+l2_same,But he reconciled himself to it by an act of faith., but he reconciled himself to it by an act of faith.,0.0
arctic_a0391,Hindi,SVBI,nat+interp,But he reconciled himself to it by an act of faith., but he reconciled himself to it by an act of faith.,0.0
arctic_a0391,Hindi,SVBI,nat+noise,But he reconciled himself to it by an act of faith., But he,0.8181818181818182
arctic_a0391,Hindi,SVBI,nat+zero_0,But he reconciled himself to it by an act of faith., but he reconciled himself to it by an act of faith.,0.0
arctic_a0391,Hindi,SVBI,nat+zero_100,But he reconciled himself to it by an act of faith., but he reconciled himself to it by an act of faith.,0.0
arctic_a0391,Hindi,SVBI,nat+zero_200,But he reconciled himself to it by an act of faith., but he reconciled himself to it by an act of faith.,0.0
arctic_a0391,Hindi,SVBI,nat+zero_400,But he reconciled himself to it by an act of faith., but he reconciled himself to it by an act of faith.,0.0
arctic_a0391,Hindi,SVBI,nat+zero_800,But he reconciled himself to it by an act of faith., but he reconciled himself to it by an act of faith.,0.0
arctic_a0391,Korean,HJK,nat+nat,But he reconciled himself to it by an act of faith., but he reconciled himself to it by an act of faith.,0.0
arctic_a0391,Korean,HJK,nat+nat_diff_utt,But he reconciled himself to it by an act of faith., but he reconciled himself to it by an act of faith.,0.0
arctic_a0391,Korean,HJK,nat+l2_same,But he reconciled himself to it by an act of faith., but he reconciled himself to it by an act of faith.,0.0
arctic_a0391,Korean,HJK,nat+interp,But he reconciled himself to it by an act of faith., but he reconciled himself to it by an act of faith.,0.0
arctic_a0391,Korean,HJK,nat+noise,But he reconciled himself to it by an act of faith., But he,0.8181818181818182
arctic_a0391,Korean,HJK,nat+zero_0,But he reconciled himself to it by an act of faith., but he reconciled himself to it by an act of faith.,0.0
arctic_a0391,Korean,HJK,nat+zero_100,But he reconciled himself to it by an act of faith., but he reconciled himself to it by an act of faith.,0.0
arctic_a0391,Korean,HJK,nat+zero_200,But he reconciled himself to it by an act of faith., but he reconciled himself to it by an act of faith.,0.0
arctic_a0391,Korean,HJK,nat+zero_400,But he reconciled himself to it by an act of faith., but he reconciled himself to it by an act of faith.,0.0
arctic_a0391,Korean,HJK,nat+zero_800,But he reconciled himself to it by an act of faith., but he reconciled himself to it by an act of faith.,0.0
arctic_a0391,Spanish,EBVS,nat+nat,But he reconciled himself to it by an act of faith., but he reconciled himself to it by an act of faith.,0.0
arctic_a0391,Spanish,EBVS,nat+nat_diff_utt,But he reconciled himself to it by an act of faith., but he reconciled himself to it by an act of faith.,0.0
arctic_a0391,Spanish,EBVS,nat+l2_same,But he reconciled himself to it by an act of faith., but he reconciled himself to it by an act of faith.,0.0
arctic_a0391,Spanish,EBVS,nat+interp,But he reconciled himself to it by an act of faith., but he reconciled himself to it by an act of faith.,0.0
arctic_a0391,Spanish,EBVS,nat+noise,But he reconciled himself to it by an act of faith., But he,0.8181818181818182
arctic_a0391,Spanish,EBVS,nat+zero_0,But he reconciled himself to it by an act of faith., but he reconciled himself to it by an act of faith.,0.0
arctic_a0391,Spanish,EBVS,nat+zero_100,But he reconciled himself to it by an act of faith., but he reconciled himself to it by an act of faith.,0.0
arctic_a0391,Spanish,EBVS,nat+zero_200,But he reconciled himself to it by an act of faith., but he reconciled himself to it by an act of faith.,0.0
arctic_a0391,Spanish,EBVS,nat+zero_400,But he reconciled himself to it by an act of faith., but he reconciled himself to it by an act of faith.,0.0
arctic_a0391,Spanish,EBVS,nat+zero_800,But he reconciled himself to it by an act of faith., but he reconciled himself to it by an act of faith.,0.0
arctic_a0391,Vietnamese,HQTV,nat+nat,But he reconciled himself to it by an act of faith., but he reconciled himself to it by an act of faith.,0.0
arctic_a0391,Vietnamese,HQTV,nat+nat_diff_utt,But he reconciled himself to it by an act of faith., but he reconciled himself to it by an act of faith.,0.0
arctic_a0391,Vietnamese,HQTV,nat+l2_same,But he reconciled himself to it by an act of faith., but he reconciled himself to it by an act of faith.,0.0
arctic_a0391,Vietnamese,HQTV,nat+interp,But he reconciled himself to it by an act of faith., but he reconciled himself to it by an act of faith.,0.0
arctic_a0391,Vietnamese,HQTV,nat+noise,But he reconciled himself to it by an act of faith., But he,0.8181818181818182
arctic_a0391,Vietnamese,HQTV,nat+zero_0,But he reconciled himself to it by an act of faith., but he reconciled himself to it by an act of faith.,0.0
arctic_a0391,Vietnamese,HQTV,nat+zero_100,But he reconciled himself to it by an act of faith., but he reconciled himself to it by an act of faith.,0.0
arctic_a0391,Vietnamese,HQTV,nat+zero_200,But he reconciled himself to it by an act of faith., but he reconciled himself to it by an act of faith.,0.0
arctic_a0391,Vietnamese,HQTV,nat+zero_400,But he reconciled himself to it by an act of faith., but he reconciled himself to it by an act of faith.,0.0
arctic_a0391,Vietnamese,HQTV,nat+zero_800,But he reconciled himself to it by an act of faith., but he reconciled himself to it by an act of faith.,0.0
arctic_a0416,Arabic,ZHAA,nat+nat,The added weight had a velocity of fifteen miles per hour., the added weight had a velocity of 15 miles per hour.,0.09090909090909091
arctic_a0416,Arabic,ZHAA,nat+nat_diff_utt,The added weight had a velocity of fifteen miles per hour., the added weight had a velocity of 15 miles per hour.,0.09090909090909091
arctic_a0416,Arabic,ZHAA,nat+l2_same,The added weight had a velocity of fifteen miles per hour., the added weight had a velocity of 15 miles per hour.,0.09090909090909091
arctic_a0416,Arabic,ZHAA,nat+interp,The added weight had a velocity of fifteen miles per hour., the added weight had a velocity of 15 miles per hour.,0.09090909090909091
arctic_a0416,Arabic,ZHAA,nat+noise,The added weight had a velocity of fifteen miles per hour., The added,0.8181818181818182
arctic_a0416,Arabic,ZHAA,nat+zero_0,The added weight had a velocity of fifteen miles per hour., the added weight had a velocity of 15 miles per hour.,0.09090909090909091
arctic_a0416,Arabic,ZHAA,nat+zero_100,The added weight had a velocity of fifteen miles per hour., the added weight had a velocity of 15 miles per hour.,0.09090909090909091
arctic_a0416,Arabic,ZHAA,nat+zero_200,The added weight had a velocity of fifteen miles per hour., the added weight had a velocity of 15 miles per hour.,0.09090909090909091
arctic_a0416,Arabic,ZHAA,nat+zero_400,The added weight had a velocity of fifteen miles per hour., the added weight had a velocity of 15 miles per hour.,0.09090909090909091
arctic_a0416,Arabic,ZHAA,nat+zero_800,The added weight had a velocity of fifteen miles per hour., the added weight had a velocity of 15 miles per hour.,0.09090909090909091
arctic_a0416,Chinese,BWC,nat+nat,The added weight had a velocity of fifteen miles per hour., the added weight had a velocity of 15 miles per hour.,0.09090909090909091
arctic_a0416,Chinese,BWC,nat+nat_diff_utt,The added weight had a velocity of fifteen miles per hour., the added weight had a velocity of 15 miles per hour.,0.09090909090909091
arctic_a0416,Chinese,BWC,nat+l2_same,The added weight had a velocity of fifteen miles per hour., the added weight had a velocity of 15 miles per hour.,0.09090909090909091
arctic_a0416,Chinese,BWC,nat+interp,The added weight had a velocity of fifteen miles per hour., the added weight had a velocity of 15 miles per hour.,0.09090909090909091
arctic_a0416,Chinese,BWC,nat+noise,The added weight had a velocity of fifteen miles per hour., The added,0.8181818181818182
arctic_a0416,Chinese,BWC,nat+zero_0,The added weight had a velocity of fifteen miles per hour., the added weight had a velocity of 15 miles per hour.,0.09090909090909091
arctic_a0416,Chinese,BWC,nat+zero_100,The added weight had a velocity of fifteen miles per hour., the added weight had a velocity of 15 miles per hour.,0.09090909090909091
arctic_a0416,Chinese,BWC,nat+zero_200,The added weight had a velocity of fifteen miles per hour., the added weight had a velocity of 15 miles per hour.,0.09090909090909091
arctic_a0416,Chinese,BWC,nat+zero_400,The added weight had a velocity of fifteen miles per hour., the added weight had a velocity of 15 miles per hour.,0.09090909090909091
arctic_a0416,Chinese,BWC,nat+zero_800,The added weight had a velocity of fifteen miles per hour., the added weight had a velocity of 15 miles per hour.,0.09090909090909091
arctic_a0416,Hindi,SVBI,nat+nat,The added weight had a velocity of fifteen miles per hour., the added weight had a velocity of 15 miles per hour.,0.09090909090909091
arctic_a0416,Hindi,SVBI,nat+nat_diff_utt,The added weight had a velocity of fifteen miles per hour., the added weight had a velocity of 15 miles per hour.,0.09090909090909091
arctic_a0416,Hindi,SVBI,nat+l2_same,The added weight had a velocity of fifteen miles per hour., the added weight had a velocity of 15 miles per hour.,0.09090909090909091
arctic_a0416,Hindi,SVBI,nat+interp,The added weight had a velocity of fifteen miles per hour., the added weight had a velocity of 15 miles per hour.,0.09090909090909091
arctic_a0416,Hindi,SVBI,nat+noise,The added weight had a velocity of fifteen miles per hour., The added,0.8181818181818182
arctic_a0416,Hindi,SVBI,nat+zero_0,The added weight had a velocity of fifteen miles per hour., the added weight had a velocity of 15 miles per hour.,0.09090909090909091
arctic_a0416,Hindi,SVBI,nat+zero_100,The added weight had a velocity of fifteen miles per hour., the added weight had a velocity of 15 miles per hour.,0.09090909090909091
arctic_a0416,Hindi,SVBI,nat+zero_200,The added weight had a velocity of fifteen miles per hour., the added weight had a velocity of 15 miles per hour.,0.09090909090909091
arctic_a0416,Hindi,SVBI,nat+zero_400,The added weight had a velocity of fifteen miles per hour., the added weight had a velocity of 15 miles per hour.,0.09090909090909091
arctic_a0416,Hindi,SVBI,nat+zero_800,The added weight had a velocity of fifteen miles per hour., the added weight had a velocity of 15 miles per hour.,0.09090909090909091
arctic_a0416,Korean,HJK,nat+nat,The added weight had a velocity of fifteen miles per hour., the added weight had a velocity of 15 miles per hour.,0.09090909090909091
arctic_a0416,Korean,HJK,nat+nat_diff_utt,The added weight had a velocity of fifteen miles per hour., the added weight had a velocity of 15 miles per hour.,0.09090909090909091
arctic_a0416,Korean,HJK,nat+l2_same,The added weight had a velocity of fifteen miles per hour., the added weight had a velocity of 15 miles per hour.,0.09090909090909091
arctic_a0416,Korean,HJK,nat+interp,The added weight had a velocity of fifteen miles per hour., the added weight had a velocity of 15 miles per hour.,0.09090909090909091
arctic_a0416,Korean,HJK,nat+noise,The added weight had a velocity of fifteen miles per hour., The added,0.8181818181818182
arctic_a0416,Korean,HJK,nat+zero_0,The added weight had a velocity of fifteen miles per hour., the added weight had a velocity of 15 miles per hour.,0.09090909090909091
arctic_a0416,Korean,HJK,nat+zero_100,The added weight had a velocity of fifteen miles per hour., the added weight had a velocity of 15 miles per hour.,0.09090909090909091
arctic_a0416,Korean,HJK,nat+zero_200,The added weight had a velocity of fifteen miles per hour., the added weight had a velocity of 15 miles per hour.,0.09090909090909091
arctic_a0416,Korean,HJK,nat+zero_400,The added weight had a velocity of fifteen miles per hour., the added weight had a velocity of 15 miles per hour.,0.09090909090909091
arctic_a0416,Korean,HJK,nat+zero_800,The added weight had a velocity of fifteen miles per hour., the added weight had a velocity of 15 miles per hour.,0.09090909090909091
arctic_a0416,Spanish,EBVS,nat+nat,The added weight had a velocity of fifteen miles per hour., the added weight had a velocity of 15 miles per hour.,0.09090909090909091
arctic_a0416,Spanish,EBVS,nat+nat_diff_utt,The added weight had a velocity of fifteen miles per hour., the added weight had a velocity of 15 miles per hour.,0.09090909090909091
arctic_a0416,Spanish,EBVS,nat+l2_same,The added weight had a velocity of fifteen miles per hour., the added weight had a velocity of 15 miles per hour.,0.09090909090909091
arctic_a0416,Spanish,EBVS,nat+interp,The added weight had a velocity of fifteen miles per hour., the added weight had a velocity of 15 miles per hour.,0.09090909090909091
arctic_a0416,Spanish,EBVS,nat+noise,The added weight had a velocity of fifteen miles per hour., The added,0.8181818181818182
arctic_a0416,Spanish,EBVS,nat+zero_0,The added weight had a velocity of fifteen miles per hour., the added weight had a velocity of 15 miles per hour.,0.09090909090909091
arctic_a0416,Spanish,EBVS,nat+zero_100,The added weight had a velocity of fifteen miles per hour., the added weight had a velocity of 15 miles per hour.,0.09090909090909091
arctic_a0416,Spanish,EBVS,nat+zero_200,The added weight had a velocity of fifteen miles per hour., the added weight had a velocity of 15 miles per hour.,0.09090909090909091
arctic_a0416,Spanish,EBVS,nat+zero_400,The added weight had a velocity of fifteen miles per hour., the added weight had a velocity of 15 miles per hour.,0.09090909090909091
arctic_a0416,Spanish,EBVS,nat+zero_800,The added weight had a velocity of fifteen miles per hour., the added weight had a velocity of 15 miles per hour.,0.09090909090909091
arctic_a0416,Vietnamese,HQTV,nat+nat,The added weight had a velocity of fifteen miles per hour., the added weight had a velocity of 15 miles per hour.,0.09090909090909091
arctic_a0416,Vietnamese,HQTV,nat+nat_diff_utt,The added weight had a velocity of fifteen miles per hour., the added weight had a velocity of 15 miles per hour.,0.09090909090909091
arctic_a0416,Vietnamese,HQTV,nat+l2_same,The added weight had a velocity of fifteen miles per hour., the added weight had a velocity of 15 miles per hour.,0.09090909090909091
arctic_a0416,Vietnamese,HQTV,nat+interp,The added weight had a velocity of fifteen miles per hour., the added weight had a velocity of 15 miles per hour.,0.09090909090909091
arctic_a0416,Vietnamese,HQTV,nat+noise,The added weight had a velocity of fifteen miles per hour., The added,0.8181818181818182
arctic_a0416,Vietnamese,HQTV,nat+zero_0,The added weight had a velocity of fifteen miles per hour., the added weight had a velocity of 15 miles per hour.,0.09090909090909091
arctic_a0416,Vietnamese,HQTV,nat+zero_100,The added weight had a velocity of fifteen miles per hour., the added weight had a velocity of 15 miles per hour.,0.09090909090909091
arctic_a0416,Vietnamese,HQTV,nat+zero_200,The added weight had a velocity of fifteen miles per hour., the added weight had a velocity of 15 miles per hour.,0.09090909090909091
arctic_a0416,Vietnamese,HQTV,nat+zero_400,The added weight had a velocity of fifteen miles per hour., the added weight had a velocity of 15 miles per hour.,0.09090909090909091
arctic_a0416,Vietnamese,HQTV,nat+zero_800,The added weight had a velocity of fifteen miles per hour., the added weight had a velocity of 15 miles per hour.,0.09090909090909091
arctic_a0432,Arabic,ZHAA,nat+nat,The boy at the wheel lost his head., The boy at the wheel lost his head.,0.0
arctic_a0432,Arabic,ZHAA,nat+nat_diff_utt,The boy at the wheel lost his head., the boy at the wheel lost his head.,0.0
arctic_a0432,Arabic,ZHAA,nat+l2_same,The boy at the wheel lost his head., The boy at the wheel lost his head.,0.0
arctic_a0432,Arabic,ZHAA,nat+interp,The boy at the wheel lost his head., The boy at the wheel lost his head.,0.0
arctic_a0432,Arabic,ZHAA,nat+noise,The boy at the wheel lost his head., The boy at the boy at the wheel lost lost,0.625
arctic_a0432,Arabic,ZHAA,nat+zero_0,The boy at the wheel lost his head., The boy at the wheel lost his head.,0.0
arctic_a0432,Arabic,ZHAA,nat+zero_100,The boy at the wheel lost his head., The boy at the wheel lost his head.,0.0
arctic_a0432,Arabic,ZHAA,nat+zero_200,The boy at the wheel lost his head., The boy at the wheel lost his head.,0.0
arctic_a0432,Arabic,ZHAA,nat+zero_400,The boy at the wheel lost his head., The boy at the wheel lost his head.,0.0
arctic_a0432,Arabic,ZHAA,nat+zero_800,The boy at the wheel lost his head., The boy at the wheel lost his head.,0.0
arctic_a0432,Chinese,BWC,nat+nat,The boy at the wheel lost his head., The boy at the wheel lost his head.,0.0
arctic_a0432,Chinese,BWC,nat+nat_diff_utt,The boy at the wheel lost his head., the boy at the wheel lost his head.,0.0
arctic_a0432,Chinese,BWC,nat+l2_same,The boy at the wheel lost his head., the boy at the wheel lost his head.,0.0
arctic_a0432,Chinese,BWC,nat+interp,The boy at the wheel lost his head., The boy at the wheel lost his head.,0.0
arctic_a0432,Chinese,BWC,nat+noise,The boy at the wheel lost his head., The boy at the boy at the wheel lost lost,0.625
arctic_a0432,Chinese,BWC,nat+zero_0,The boy at the wheel lost his head., The boy at the wheel lost his head.,0.0
arctic_a0432,Chinese,BWC,nat+zero_100,The boy at the wheel lost his head., The boy at the wheel lost his head.,0.0
arctic_a0432,Chinese,BWC,nat+zero_200,The boy at the wheel lost his head., The boy at the wheel lost his head.,0.0
arctic_a0432,Chinese,BWC,nat+zero_400,The boy at the wheel lost his head., The boy at the wheel lost his head.,0.0
arctic_a0432,Chinese,BWC,nat+zero_800,The boy at the wheel lost his head., The boy at the wheel lost his head.,0.0
arctic_a0432,Hindi,SVBI,nat+nat,The boy at the wheel lost his head., The boy at the wheel lost his head.,0.0
arctic_a0432,Hindi,SVBI,nat+nat_diff_utt,The boy at the wheel lost his head., the boy at the wheel lost his head.,0.0
arctic_a0432,Hindi,SVBI,nat+l2_same,The boy at the wheel lost his head., The boy at the wheel lost his head.,0.0
arctic_a0432,Hindi,SVBI,nat+interp,The boy at the wheel lost his head., The boy at the wheel lost his head.,0.0
arctic_a0432,Hindi,SVBI,nat+noise,The boy at the wheel lost his head., The boy at the boy at the wheel lost lost,0.625
arctic_a0432,Hindi,SVBI,nat+zero_0,The boy at the wheel lost his head., The boy at the wheel lost his head.,0.0
arctic_a0432,Hindi,SVBI,nat+zero_100,The boy at the wheel lost his head., The boy at the wheel lost his head.,0.0
arctic_a0432,Hindi,SVBI,nat+zero_200,The boy at the wheel lost his head., The boy at the wheel lost his head.,0.0
arctic_a0432,Hindi,SVBI,nat+zero_400,The boy at the wheel lost his head., The boy at the wheel lost his head.,0.0
arctic_a0432,Hindi,SVBI,nat+zero_800,The boy at the wheel lost his head., The boy at the wheel lost his head.,0.0
arctic_a0432,Korean,HJK,nat+nat,The boy at the wheel lost his head., The boy at the wheel lost his head.,0.0
arctic_a0432,Korean,HJK,nat+nat_diff_utt,The boy at the wheel lost his head., the boy at the wheel lost his head.,0.0
arctic_a0432,Korean,HJK,nat+l2_same,The boy at the wheel lost his head., The boy at the wheel lost his head.,0.0
arctic_a0432,Korean,HJK,nat+interp,The boy at the wheel lost his head., The boy at the wheel lost his head.,0.0
arctic_a0432,Korean,HJK,nat+noise,The boy at the wheel lost his head., The boy at the boy at the wheel lost lost,0.625
arctic_a0432,Korean,HJK,nat+zero_0,The boy at the wheel lost his head., The boy at the wheel lost his head.,0.0
arctic_a0432,Korean,HJK,nat+zero_100,The boy at the wheel lost his head., The boy at the wheel lost his head.,0.0
arctic_a0432,Korean,HJK,nat+zero_200,The boy at the wheel lost his head., The boy at the wheel lost his head.,0.0
arctic_a0432,Korean,HJK,nat+zero_400,The boy at the wheel lost his head., The boy at the wheel lost his head.,0.0
arctic_a0432,Korean,HJK,nat+zero_800,The boy at the wheel lost his head., The boy at the wheel lost his head.,0.0
arctic_a0432,Spanish,EBVS,nat+nat,The boy at the wheel lost his head., The boy at the wheel lost his head.,0.0
arctic_a0432,Spanish,EBVS,nat+nat_diff_utt,The boy at the wheel lost his head., the boy at the wheel lost his head.,0.0
arctic_a0432,Spanish,EBVS,nat+l2_same,The boy at the wheel lost his head., The boy at the wheel lost his head.,0.0
arctic_a0432,Spanish,EBVS,nat+interp,The boy at the wheel lost his head., The boy at the wheel lost his head.,0.0
arctic_a0432,Spanish,EBVS,nat+noise,The boy at the wheel lost his head., The boy at the boy at the wheel lost lost,0.625
arctic_a0432,Spanish,EBVS,nat+zero_0,The boy at the wheel lost his head., The boy at the wheel lost his head.,0.0
arctic_a0432,Spanish,EBVS,nat+zero_100,The boy at the wheel lost his head., The boy at the wheel lost his head.,0.0
arctic_a0432,Spanish,EBVS,nat+zero_200,The boy at the wheel lost his head., The boy at the wheel lost his head.,0.0
arctic_a0432,Spanish,EBVS,nat+zero_400,The boy at the wheel lost his head., The boy at the wheel lost his head.,0.0
arctic_a0432,Spanish,EBVS,nat+zero_800,The boy at the wheel lost his head., The boy at the wheel lost his head.,0.0
arctic_a0432,Vietnamese,HQTV,nat+nat,The boy at the wheel lost his head., The boy at the wheel lost his head.,0.0
arctic_a0432,Vietnamese,HQTV,nat+nat_diff_utt,The boy at the wheel lost his head., the boy at the wheel lost his head.,0.0
arctic_a0432,Vietnamese,HQTV,nat+l2_same,The boy at the wheel lost his head., The boy at the wheel lost his head.,0.0
arctic_a0432,Vietnamese,HQTV,nat+interp,The boy at the wheel lost his head., The boy at the wheel lost his head.,0.0
arctic_a0432,Vietnamese,HQTV,nat+noise,The boy at the wheel lost his head., The boy at the boy at the wheel lost lost,0.625
arctic_a0432,Vietnamese,HQTV,nat+zero_0,The boy at the wheel lost his head., The boy at the wheel lost his head.,0.0
arctic_a0432,Vietnamese,HQTV,nat+zero_100,The boy at the wheel lost his head., The boy at the wheel lost his head.,0.0
arctic_a0432,Vietnamese,HQTV,nat+zero_200,The boy at the wheel lost his head., The boy at the wheel lost his head.,0.0
arctic_a0432,Vietnamese,HQTV,nat+zero_400,The boy at the wheel lost his head., The boy at the wheel lost his head.,0.0
arctic_a0432,Vietnamese,HQTV,nat+zero_800,The boy at the wheel lost his head., The boy at the wheel lost his head.,0.0
arctic_a0455,Arabic,ZHAA,nat+nat,"I obeyed, and a minute or two later they stood before him."," I obeyed, and a minute or two later they stood before him.",0.0
arctic_a0455,Arabic,ZHAA,nat+nat_diff_utt,"I obeyed, and a minute or two later they stood before him."," I obeyed, and a minute or two later they stood before him.",0.0
arctic_a0455,Arabic,ZHAA,nat+l2_same,"I obeyed, and a minute or two later they stood before him.", I obeyed and a minute or two later they stood before him.,0.0
arctic_a0455,Arabic,ZHAA,nat+interp,"I obeyed, and a minute or two later they stood before him.", I obeyed and a minute or two later they stood before him.,0.0
arctic_a0455,Arabic,ZHAA,nat+noise,"I obeyed, and a minute or two later they stood before him.", I obey,0.9166666666666666
arctic_a0455,Arabic,ZHAA,nat+zero_0,"I obeyed, and a minute or two later they stood before him.", I obeyed and a minute or two later they stood before him.,0.0
arctic_a0455,Arabic,ZHAA,nat+zero_100,"I obeyed, and a minute or two later they stood before him.", I obeyed and a minute or two later they stood before him.,0.0
arctic_a0455,Arabic,ZHAA,nat+zero_200,"I obeyed, and a minute or two later they stood before him.", I obeyed and a minute or two later they stood before him.,0.0
arctic_a0455,Arabic,ZHAA,nat+zero_400,"I obeyed, and a minute or two later they stood before him.", I obeyed and a minute or two later they stood before him.,0.0
arctic_a0455,Arabic,ZHAA,nat+zero_800,"I obeyed, and a minute or two later they stood before him.", I obeyed and a minute or two later they stood before him.,0.0
arctic_a0455,Chinese,BWC,nat+nat,"I obeyed, and a minute or two later they stood before him."," I obeyed, and a minute or two later they stood before him.",0.0
arctic_a0455,Chinese,BWC,nat+nat_diff_utt,"I obeyed, and a minute or two later they stood before him."," I obeyed, and a minute or two later they stood before him.",0.0
arctic_a0455,Chinese,BWC,nat+l2_same,"I obeyed, and a minute or two later they stood before him.", I obeyed and a minute or two later they stood before him.,0.0
arctic_a0455,Chinese,BWC,nat+interp,"I obeyed, and a minute or two later they stood before him."," I obeyed, and a minute or two later they stood before him.",0.0
arctic_a0455,Chinese,BWC,nat+noise,"I obeyed, and a minute or two later they stood before him.", I obey,0.9166666666666666
arctic_a0455,Chinese,BWC,nat+zero_0,"I obeyed, and a minute or two later they stood before him.", I obeyed and a minute or two later they stood before him.,0.0
arctic_a0455,Chinese,BWC,nat+zero_100,"I obeyed, and a minute or two later they stood before him.", I obeyed and a minute or two later they stood before him.,0.0
arctic_a0455,Chinese,BWC,nat+zero_200,"I obeyed, and a minute or two later they stood before him.", I obeyed and a minute or two later they stood before him.,0.0
arctic_a0455,Chinese,BWC,nat+zero_400,"I obeyed, and a minute or two later they stood before him.", I obeyed and a minute or two later they stood before him.,0.0
arctic_a0455,Chinese,BWC,nat+zero_800,"I obeyed, and a minute or two later they stood before him.", I obeyed and a minute or two later they stood before him.,0.0
arctic_a0455,Hindi,SVBI,nat+nat,"I obeyed, and a minute or two later they stood before him."," I obeyed, and a minute or two later they stood before him.",0.0
arctic_a0455,Hindi,SVBI,nat+nat_diff_utt,"I obeyed, and a minute or two later they stood before him."," I obeyed, and a minute or two later they stood before him.",0.0
arctic_a0455,Hindi,SVBI,nat+l2_same,"I obeyed, and a minute or two later they stood before him.", I obeyed and a minute or two later they stood before him.,0.0
arctic_a0455,Hindi,SVBI,nat+interp,"I obeyed, and a minute or two later they stood before him."," I obeyed, and a minute or two later they stood before him.",0.0
arctic_a0455,Hindi,SVBI,nat+noise,"I obeyed, and a minute or two later they stood before him.", I obey,0.9166666666666666
arctic_a0455,Hindi,SVBI,nat+zero_0,"I obeyed, and a minute or two later they stood before him.", I obeyed and a minute or two later they stood before him.,0.0
arctic_a0455,Hindi,SVBI,nat+zero_100,"I obeyed, and a minute or two later they stood before him.", I obeyed and a minute or two later they stood before him.,0.0
arctic_a0455,Hindi,SVBI,nat+zero_200,"I obeyed, and a minute or two later they stood before him.", I obeyed and a minute or two later they stood before him.,0.0
arctic_a0455,Hindi,SVBI,nat+zero_400,"I obeyed, and a minute or two later they stood before him.", I obeyed and a minute or two later they stood before him.,0.0
arctic_a0455,Hindi,SVBI,nat+zero_800,"I obeyed, and a minute or two later they stood before him.", I obeyed and a minute or two later they stood before him.,0.0
arctic_a0455,Korean,HJK,nat+nat,"I obeyed, and a minute or two later they stood before him."," I obeyed, and a minute or two later they stood before him.",0.0
arctic_a0455,Korean,HJK,nat+nat_diff_utt,"I obeyed, and a minute or two later they stood before him."," I obeyed, and a minute or two later they stood before him.",0.0
arctic_a0455,Korean,HJK,nat+l2_same,"I obeyed, and a minute or two later they stood before him."," I obeyed, and a minute or two later they stood before him.",0.0
arctic_a0455,Korean,HJK,nat+interp,"I obeyed, and a minute or two later they stood before him."," I obeyed, and a minute or two later they stood before him.",0.0
arctic_a0455,Korean,HJK,nat+noise,"I obeyed, and a minute or two later they stood before him.", I obey,0.9166666666666666
arctic_a0455,Korean,HJK,nat+zero_0,"I obeyed, and a minute or two later they stood before him.", I obeyed and a minute or two later they stood before him.,0.0
arctic_a0455,Korean,HJK,nat+zero_100,"I obeyed, and a minute or two later they stood before him.", I obeyed and a minute or two later they stood before him.,0.0
arctic_a0455,Korean,HJK,nat+zero_200,"I obeyed, and a minute or two later they stood before him.", I obeyed and a minute or two later they stood before him.,0.0
arctic_a0455,Korean,HJK,nat+zero_400,"I obeyed, and a minute or two later they stood before him.", I obeyed and a minute or two later they stood before him.,0.0
arctic_a0455,Korean,HJK,nat+zero_800,"I obeyed, and a minute or two later they stood before him.", I obeyed and a minute or two later they stood before him.,0.0
arctic_a0455,Spanish,EBVS,nat+nat,"I obeyed, and a minute or two later they stood before him."," I obeyed, and a minute or two later they stood before him.",0.0
arctic_a0455,Spanish,EBVS,nat+nat_diff_utt,"I obeyed, and a minute or two later they stood before him."," I obeyed, and a minute or two later they stood before him.",0.0
arctic_a0455,Spanish,EBVS,nat+l2_same,"I obeyed, and a minute or two later they stood before him.", I obeyed and a minute or two later they stood before him.,0.0
arctic_a0455,Spanish,EBVS,nat+interp,"I obeyed, and a minute or two later they stood before him.", I obeyed and a minute or too later they stood before him.,0.08333333333333333
arctic_a0455,Spanish,EBVS,nat+noise,"I obeyed, and a minute or two later they stood before him.", I obey,0.9166666666666666
arctic_a0455,Spanish,EBVS,nat+zero_0,"I obeyed, and a minute or two later they stood before him.", I obeyed and a minute or two later they stood before him.,0.0
arctic_a0455,Spanish,EBVS,nat+zero_100,"I obeyed, and a minute or two later they stood before him.", I obeyed and a minute or two later they stood before him.,0.0
arctic_a0455,Spanish,EBVS,nat+zero_200,"I obeyed, and a minute or two later they stood before him.", I obeyed and a minute or two later they stood before him.,0.0
arctic_a0455,Spanish,EBVS,nat+zero_400,"I obeyed, and a minute or two later they stood before him.", I obeyed and a minute or two later they stood before him.,0.0
arctic_a0455,Spanish,EBVS,nat+zero_800,"I obeyed, and a minute or two later they stood before him.", I obeyed and a minute or two later they stood before him.,0.0
arctic_a0455,Vietnamese,HQTV,nat+nat,"I obeyed, and a minute or two later they stood before him."," I obeyed, and a minute or two later they stood before him.",0.0
arctic_a0455,Vietnamese,HQTV,nat+nat_diff_utt,"I obeyed, and a minute or two later they stood before him."," I obeyed, and a minute or two later they stood before him.",0.0
arctic_a0455,Vietnamese,HQTV,nat+l2_same,"I obeyed, and a minute or two later they stood before him.", I obeyed and a minute or two later they stood before him.,0.0
arctic_a0455,Vietnamese,HQTV,nat+interp,"I obeyed, and a minute or two later they stood before him."," I obeyed, and a minute or two later they stood before him.",0.0
arctic_a0455,Vietnamese,HQTV,nat+noise,"I obeyed, and a minute or two later they stood before him.", I obey,0.9166666666666666
arctic_a0455,Vietnamese,HQTV,nat+zero_0,"I obeyed, and a minute or two later they stood before him.", I obeyed and a minute or two later they stood before him.,0.0
arctic_a0455,Vietnamese,HQTV,nat+zero_100,"I obeyed, and a minute or two later they stood before him.", I obeyed and a minute or two later they stood before him.,0.0
arctic_a0455,Vietnamese,HQTV,nat+zero_200,"I obeyed, and a minute or two later they stood before him.", I obeyed and a minute or two later they stood before him.,0.0
arctic_a0455,Vietnamese,HQTV,nat+zero_400,"I obeyed, and a minute or two later they stood before him.", I obeyed and a minute or two later they stood before him.,0.0
arctic_a0455,Vietnamese,HQTV,nat+zero_800,"I obeyed, and a minute or two later they stood before him.", I obeyed and a minute or two later they stood before him.,0.0
arctic_a0490,Arabic,ZHAA,nat+nat,Both Johnny and his mother shuffled their feet as they walked., Both Johnny and his mother shuffled their feet as they walked.,0.0
arctic_a0490,Arabic,ZHAA,nat+nat_diff_utt,Both Johnny and his mother shuffled their feet as they walked., Both Johnny and his mother shuffled their feet as they walked.,0.0
arctic_a0490,Arabic,ZHAA,nat+l2_same,Both Johnny and his mother shuffled their feet as they walked., Both Johnny and his mother shuffled their feet as they walked.,0.0
arctic_a0490,Arabic,ZHAA,nat+interp,Both Johnny and his mother shuffled their feet as they walked., Both Johnny and his mother shuffled their feet as they walked.,0.0
arctic_a0490,Arabic,ZHAA,nat+noise,Both Johnny and his mother shuffled their feet as they walked., Both Johnny and his,0.6363636363636364
arctic_a0490,Arabic,ZHAA,nat+zero_0,Both Johnny and his mother shuffled their feet as they walked., Both Johnny and his mother shuffled their feet as they walked.,0.0
arctic_a0490,Arabic,ZHAA,nat+zero_100,Both Johnny and his mother shuffled their feet as they walked., Both Johnny and his mother shuffled their feet as they walked.,0.0
arctic_a0490,Arabic,ZHAA,nat+zero_200,Both Johnny and his mother shuffled their feet as they walked., Both Johnny and his mother shuffled their feet as they walked.,0.0
arctic_a0490,Arabic,ZHAA,nat+zero_400,Both Johnny and his mother shuffled their feet as they walked., Both Johnny and his mother shuffled their feet as they walked.,0.0
arctic_a0490,Arabic,ZHAA,nat+zero_800,Both Johnny and his mother shuffled their feet as they walked., Both Johnny and his mother shuffled their feet as they walked.,0.0
arctic_a0490,Chinese,BWC,nat+nat,Both Johnny and his mother shuffled their feet as they walked., Both Johnny and his mother shuffled their feet as they walked.,0.0
arctic_a0490,Chinese,BWC,nat+nat_diff_utt,Both Johnny and his mother shuffled their feet as they walked., Both Johnny and his mother shuffled their feet as they walked.,0.0
arctic_a0490,Chinese,BWC,nat+l2_same,Both Johnny and his mother shuffled their feet as they walked., Both Johnny and his mother shuffled their feet as they walked.,0.0
arctic_a0490,Chinese,BWC,nat+interp,Both Johnny and his mother shuffled their feet as they walked., Both Johnny and his mother shuffled their feet as they walked.,0.0
arctic_a0490,Chinese,BWC,nat+noise,Both Johnny and his mother shuffled their feet as they walked., Both Johnny and his,0.6363636363636364
arctic_a0490,Chinese,BWC,nat+zero_0,Both Johnny and his mother shuffled their feet as they walked., Both Johnny and his mother shuffled their feet as they walked.,0.0
arctic_a0490,Chinese,BWC,nat+zero_100,Both Johnny and his mother shuffled their feet as they walked., Both Johnny and his mother shuffled their feet as they walked.,0.0
arctic_a0490,Chinese,BWC,nat+zero_200,Both Johnny and his mother shuffled their feet as they walked., Both Johnny and his mother shuffled their feet as they walked.,0.0
arctic_a0490,Chinese,BWC,nat+zero_400,Both Johnny and his mother shuffled their feet as they walked., Both Johnny and his mother shuffled their feet as they walked.,0.0
arctic_a0490,Chinese,BWC,nat+zero_800,Both Johnny and his mother shuffled their feet as they walked., Both Johnny and his mother shuffled their feet as they walked.,0.0
arctic_a0490,Hindi,SVBI,nat+nat,Both Johnny and his mother shuffled their feet as they walked., Both Johnny and his mother shuffled their feet as they walked.,0.0
arctic_a0490,Hindi,SVBI,nat+nat_diff_utt,Both Johnny and his mother shuffled their feet as they walked., Both Johnny and his mother shuffled their feet as they walked.,0.0
arctic_a0490,Hindi,SVBI,nat+l2_same,Both Johnny and his mother shuffled their feet as they walked., Both Johnny and his mother shuffled their feet as they walked.,0.0
arctic_a0490,Hindi,SVBI,nat+interp,Both Johnny and his mother shuffled their feet as they walked., Both Johnny and his mother shuffled,0.45454545454545453
arctic_a0490,Hindi,SVBI,nat+noise,Both Johnny and his mother shuffled their feet as they walked., Both Johnny and his,0.6363636363636364
arctic_a0490,Hindi,SVBI,nat+zero_0,Both Johnny and his mother shuffled their feet as they walked., Both Johnny and his mother shuffled their feet as they walked.,0.0
arctic_a0490,Hindi,SVBI,nat+zero_100,Both Johnny and his mother shuffled their feet as they walked., Both Johnny and his mother shuffled their feet as they walked.,0.0
arctic_a0490,Hindi,SVBI,nat+zero_200,Both Johnny and his mother shuffled their feet as they walked., Both Johnny and his mother shuffled their feet as they walked.,0.0
arctic_a0490,Hindi,SVBI,nat+zero_400,Both Johnny and his mother shuffled their feet as they walked., Both Johnny and his mother shuffled their feet as they walked.,0.0
arctic_a0490,Hindi,SVBI,nat+zero_800,Both Johnny and his mother shuffled their feet as they walked., Both Johnny and his mother shuffled their feet as they walked.,0.0
arctic_a0490,Korean,HJK,nat+nat,Both Johnny and his mother shuffled their feet as they walked., Both Johnny and his mother shuffled their feet as they walked.,0.0
arctic_a0490,Korean,HJK,nat+nat_diff_utt,Both Johnny and his mother shuffled their feet as they walked., Both Johnny and his mother shuffled their feet as they walked.,0.0
arctic_a0490,Korean,HJK,nat+l2_same,Both Johnny and his mother shuffled their feet as they walked., Both Johnny and his mother shuffled their feet as they walked.,0.0
arctic_a0490,Korean,HJK,nat+interp,Both Johnny and his mother shuffled their feet as they walked., Both Johnny and his mother shuffled their feet as they walked.,0.0
arctic_a0490,Korean,HJK,nat+noise,Both Johnny and his mother shuffled their feet as they walked., Both Johnny and his,0.6363636363636364
arctic_a0490,Korean,HJK,nat+zero_0,Both Johnny and his mother shuffled their feet as they walked., Both Johnny and his mother shuffled their feet as they walked.,0.0
arctic_a0490,Korean,HJK,nat+zero_100,Both Johnny and his mother shuffled their feet as they walked., Both Johnny and his mother shuffled their feet as they walked.,0.0
arctic_a0490,Korean,HJK,nat+zero_200,Both Johnny and his mother shuffled their feet as they walked., Both Johnny and his mother shuffled their feet as they walked.,0.0
arctic_a0490,Korean,HJK,nat+zero_400,Both Johnny and his mother shuffled their feet as they walked., Both Johnny and his mother shuffled their feet as they walked.,0.0
arctic_a0490,Korean,HJK,nat+zero_800,Both Johnny and his mother shuffled their feet as they walked., Both Johnny and his mother shuffled their feet as they walked.,0.0
arctic_a0490,Spanish,EBVS,nat+nat,Both Johnny and his mother shuffled their feet as they walked., Both Johnny and his mother shuffled their feet as they walked.,0.0
arctic_a0490,Spanish,EBVS,nat+nat_diff_utt,Both Johnny and his mother shuffled their feet as they walked., Both Johnny and his mother shuffled their feet as they walked.,0.0
arctic_a0490,Spanish,EBVS,nat+l2_same,Both Johnny and his mother shuffled their feet as they walked., Both Johnny and his mother shuffled their feet as they walked.,0.0
arctic_a0490,Spanish,EBVS,nat+interp,Both Johnny and his mother shuffled their feet as they walked., Both Johnny and his mother shuffled their feet as they walked.,0.0
arctic_a0490,Spanish,EBVS,nat+noise,Both Johnny and his mother shuffled their feet as they walked., Both Johnny and his,0.6363636363636364
arctic_a0490,Spanish,EBVS,nat+zero_0,Both Johnny and his mother shuffled their feet as they walked., Both Johnny and his mother shuffled their feet as they walked.,0.0
arctic_a0490,Spanish,EBVS,nat+zero_100,Both Johnny and his mother shuffled their feet as they walked., Both Johnny and his mother shuffled their feet as they walked.,0.0
arctic_a0490,Spanish,EBVS,nat+zero_200,Both Johnny and his mother shuffled their feet as they walked., Both Johnny and his mother shuffled their feet as they walked.,0.0
arctic_a0490,Spanish,EBVS,nat+zero_400,Both Johnny and his mother shuffled their feet as they walked., Both Johnny and his mother shuffled their feet as they walked.,0.0
arctic_a0490,Spanish,EBVS,nat+zero_800,Both Johnny and his mother shuffled their feet as they walked., Both Johnny and his mother shuffled their feet as they walked.,0.0
arctic_a0490,Vietnamese,HQTV,nat+nat,Both Johnny and his mother shuffled their feet as they walked., Both Johnny and his mother shuffled their feet as they walked.,0.0
arctic_a0490,Vietnamese,HQTV,nat+nat_diff_utt,Both Johnny and his mother shuffled their feet as they walked., Both Johnny and his mother shuffled their feet as they walked.,0.0
arctic_a0490,Vietnamese,HQTV,nat+l2_same,Both Johnny and his mother shuffled their feet as they walked., Both Johnny and his mother shuffled their feet as they walked.,0.0
arctic_a0490,Vietnamese,HQTV,nat+interp,Both Johnny and his mother shuffled their feet as they walked., Both Johnny and his mother shuffled their feet as they walked.,0.0
arctic_a0490,Vietnamese,HQTV,nat+noise,Both Johnny and his mother shuffled their feet as they walked., Both Johnny and his,0.6363636363636364
arctic_a0490,Vietnamese,HQTV,nat+zero_0,Both Johnny and his mother shuffled their feet as they walked., Both Johnny and his mother shuffled their feet as they walked.,0.0
arctic_a0490,Vietnamese,HQTV,nat+zero_100,Both Johnny and his mother shuffled their feet as they walked., Both Johnny and his mother shuffled their feet as they walked.,0.0
arctic_a0490,Vietnamese,HQTV,nat+zero_200,Both Johnny and his mother shuffled their feet as they walked., Both Johnny and his mother shuffled their feet as they walked.,0.0
arctic_a0490,Vietnamese,HQTV,nat+zero_400,Both Johnny and his mother shuffled their feet as they walked., Both Johnny and his mother shuffled their feet as they walked.,0.0
arctic_a0490,Vietnamese,HQTV,nat+zero_800,Both Johnny and his mother shuffled their feet as they walked., Both Johnny and his mother shuffled their feet as they walked.,0.0
arctic_a0509,Arabic,ZHAA,nat+nat,"Yet, in accordance with Ernest's test of truth, it worked."," Yet in accordance with Ernest's test of truth, it worked.",0.0
arctic_a0509,Arabic,ZHAA,nat+nat_diff_utt,"Yet, in accordance with Ernest's test of truth, it worked."," Yet in accordance with Ernest's test of truth, it worked.",0.0
arctic_a0509,Arabic,ZHAA,nat+l2_same,"Yet, in accordance with Ernest's test of truth, it worked."," Yet in accordance with Ernest's test of truth, it worked.",0.0
arctic_a0509,Arabic,ZHAA,nat+interp,"Yet, in accordance with Ernest's test of truth, it worked."," Yet in accordance with Ernest's test of truth, it worked.",0.0
arctic_a0509,Arabic,ZHAA,nat+noise,"Yet, in accordance with Ernest's test of truth, it worked.", Yet in,0.8
arctic_a0509,Arabic,ZHAA,nat+zero_0,"Yet, in accordance with Ernest's test of truth, it worked."," Yet in accordance with Ernest's test of truth, it worked.",0.0
arctic_a0509,Arabic,ZHAA,nat+zero_100,"Yet, in accordance with Ernest's test of truth, it worked."," Yet in accordance with Ernest's test of truth, it worked.",0.0
arctic_a0509,Arabic,ZHAA,nat+zero_200,"Yet, in accordance with Ernest's test of truth, it worked."," Yet in accordance with Ernest's test of truth, it worked.",0.0
arctic_a0509,Arabic,ZHAA,nat+zero_400,"Yet, in accordance with Ernest's test of truth, it worked."," Yet in accordance with Ernest's test of truth, it worked.",0.0
arctic_a0509,Arabic,ZHAA,nat+zero_800,"Yet, in accordance with Ernest's test of truth, it worked."," Yet in accordance with Ernest's test of truth, it worked.",0.0
arctic_a0509,Chinese,BWC,nat+nat,"Yet, in accordance with Ernest's test of truth, it worked."," Yet in accordance with Ernest's test of truth, it worked.",0.0
arctic_a0509,Chinese,BWC,nat+nat_diff_utt,"Yet, in accordance with Ernest's test of truth, it worked."," Yet in accordance with Ernest's test of truth, it worked.",0.0
arctic_a0509,Chinese,BWC,nat+l2_same,"Yet, in accordance with Ernest's test of truth, it worked."," Yet in accordance with Ernest's test of truth, it worked.",0.0
arctic_a0509,Chinese,BWC,nat+interp,"Yet, in accordance with Ernest's test of truth, it worked."," Yet in accordance with Ernest's test of truth, it worked.",0.0
arctic_a0509,Chinese,BWC,nat+noise,"Yet, in accordance with Ernest's test of truth, it worked.", Yet in,0.8
arctic_a0509,Chinese,BWC,nat+zero_0,"Yet, in accordance with Ernest's test of truth, it worked."," Yet in accordance with Ernest's test of truth, it worked.",0.0
arctic_a0509,Chinese,BWC,nat+zero_100,"Yet, in accordance with Ernest's test of truth, it worked."," Yet in accordance with Ernest's test of truth, it worked.",0.0
arctic_a0509,Chinese,BWC,nat+zero_200,"Yet, in accordance with Ernest's test of truth, it worked."," Yet in accordance with Ernest's test of truth, it worked.",0.0
arctic_a0509,Chinese,BWC,nat+zero_400,"Yet, in accordance with Ernest's test of truth, it worked."," Yet in accordance with Ernest's test of truth, it worked.",0.0
arctic_a0509,Chinese,BWC,nat+zero_800,"Yet, in accordance with Ernest's test of truth, it worked."," Yet in accordance with Ernest's test of truth, it worked.",0.0
arctic_a0509,Hindi,SVBI,nat+nat,"Yet, in accordance with Ernest's test of truth, it worked."," Yet in accordance with Ernest's test of truth, it worked.",0.0
arctic_a0509,Hindi,SVBI,nat+nat_diff_utt,"Yet, in accordance with Ernest's test of truth, it worked."," Yet in accordance with Ernest's test of truth, it worked.",0.0
arctic_a0509,Hindi,SVBI,nat+l2_same,"Yet, in accordance with Ernest's test of truth, it worked."," Yet in accordance with Ernest's test of truth, it worked.",0.0
arctic_a0509,Hindi,SVBI,nat+interp,"Yet, in accordance with Ernest's test of truth, it worked."," Yet in accordance with Ernest's test of truth, it worked.",0.0
arctic_a0509,Hindi,SVBI,nat+noise,"Yet, in accordance with Ernest's test of truth, it worked.", Yet in,0.8
arctic_a0509,Hindi,SVBI,nat+zero_0,"Yet, in accordance with Ernest's test of truth, it worked."," Yet in accordance with Ernest's test of truth, it worked.",0.0
arctic_a0509,Hindi,SVBI,nat+zero_100,"Yet, in accordance with Ernest's test of truth, it worked."," Yet in accordance with Ernest's test of truth, it worked.",0.0
arctic_a0509,Hindi,SVBI,nat+zero_200,"Yet, in accordance with Ernest's test of truth, it worked."," Yet in accordance with Ernest's test of truth, it worked.",0.0
arctic_a0509,Hindi,SVBI,nat+zero_400,"Yet, in accordance with Ernest's test of truth, it worked."," Yet in accordance with Ernest's test of truth, it worked.",0.0
arctic_a0509,Hindi,SVBI,nat+zero_800,"Yet, in accordance with Ernest's test of truth, it worked."," Yet in accordance with Ernest's test of truth, it worked.",0.0
arctic_a0509,Korean,HJK,nat+nat,"Yet, in accordance with Ernest's test of truth, it worked."," Yet in accordance with Ernest's test of truth, it worked.",0.0
arctic_a0509,Korean,HJK,nat+nat_diff_utt,"Yet, in accordance with Ernest's test of truth, it worked."," Yet in accordance with Ernest's test of truth, it worked.",0.0
arctic_a0509,Korean,HJK,nat+l2_same,"Yet, in accordance with Ernest's test of truth, it worked."," Yet in accordance with Ernest's test of truth, it worked.",0.0
arctic_a0509,Korean,HJK,nat+interp,"Yet, in accordance with Ernest's test of truth, it worked."," Yet in accordance with Ernest's test of truth, it worked.",0.0
arctic_a0509,Korean,HJK,nat+noise,"Yet, in accordance with Ernest's test of truth, it worked.", Yet in,0.8
arctic_a0509,Korean,HJK,nat+zero_0,"Yet, in accordance with Ernest's test of truth, it worked."," Yet in accordance with Ernest's test of truth, it worked.",0.0
arctic_a0509,Korean,HJK,nat+zero_100,"Yet, in accordance with Ernest's test of truth, it worked."," Yet in accordance with Ernest's test of truth, it worked.",0.0
arctic_a0509,Korean,HJK,nat+zero_200,"Yet, in accordance with Ernest's test of truth, it worked."," Yet in accordance with Ernest's test of truth, it worked.",0.0
arctic_a0509,Korean,HJK,nat+zero_400,"Yet, in accordance with Ernest's test of truth, it worked."," Yet in accordance with Ernest's test of truth, it worked.",0.0
arctic_a0509,Korean,HJK,nat+zero_800,"Yet, in accordance with Ernest's test of truth, it worked."," Yet in accordance with Ernest's test of truth, it worked.",0.0
arctic_a0509,Spanish,EBVS,nat+nat,"Yet, in accordance with Ernest's test of truth, it worked."," Yet in accordance with Ernest's test of truth, it worked.",0.0
arctic_a0509,Spanish,EBVS,nat+nat_diff_utt,"Yet, in accordance with Ernest's test of truth, it worked."," Yet in accordance with Ernest's test of truth, it worked.",0.0
arctic_a0509,Spanish,EBVS,nat+l2_same,"Yet, in accordance with Ernest's test of truth, it worked."," Yet in accordance with Ernest's test of truth, it worked.",0.0
arctic_a0509,Spanish,EBVS,nat+interp,"Yet, in accordance with Ernest's test of truth, it worked."," Yet in accordance with Ernest's test of truth, it worked.",0.0
arctic_a0509,Spanish,EBVS,nat+noise,"Yet, in accordance with Ernest's test of truth, it worked.", Yet in,0.8
arctic_a0509,Spanish,EBVS,nat+zero_0,"Yet, in accordance with Ernest's test of truth, it worked."," Yet in accordance with Ernest's test of truth, it worked.",0.0
arctic_a0509,Spanish,EBVS,nat+zero_100,"Yet, in accordance with Ernest's test of truth, it worked."," Yet in accordance with Ernest's test of truth, it worked.",0.0
arctic_a0509,Spanish,EBVS,nat+zero_200,"Yet, in accordance with Ernest's test of truth, it worked."," Yet in accordance with Ernest's test of truth, it worked.",0.0
arctic_a0509,Spanish,EBVS,nat+zero_400,"Yet, in accordance with Ernest's test of truth, it worked."," Yet in accordance with Ernest's test of truth, it worked.",0.0
arctic_a0509,Spanish,EBVS,nat+zero_800,"Yet, in accordance with Ernest's test of truth, it worked."," Yet in accordance with Ernest's test of truth, it worked.",0.0
arctic_a0509,Vietnamese,HQTV,nat+nat,"Yet, in accordance with Ernest's test of truth, it worked."," Yet in accordance with Ernest's test of truth, it worked.",0.0
arctic_a0509,Vietnamese,HQTV,nat+nat_diff_utt,"Yet, in accordance with Ernest's test of truth, it worked."," Yet in accordance with Ernest's test of truth, it worked.",0.0
arctic_a0509,Vietnamese,HQTV,nat+l2_same,"Yet, in accordance with Ernest's test of truth, it worked."," Yet in accordance with Ernest's test of truth, it worked.",0.0
arctic_a0509,Vietnamese,HQTV,nat+interp,"Yet, in accordance with Ernest's test of truth, it worked."," Yet in accordance with Ernest's test of truth, it worked.",0.0
arctic_a0509,Vietnamese,HQTV,nat+noise,"Yet, in accordance with Ernest's test of truth, it worked.", Yet in,0.8
arctic_a0509,Vietnamese,HQTV,nat+zero_0,"Yet, in accordance with Ernest's test of truth, it worked."," Yet in accordance with Ernest's test of truth, it worked.",0.0
arctic_a0509,Vietnamese,HQTV,nat+zero_100,"Yet, in accordance with Ernest's test of truth, it worked."," Yet in accordance with Ernest's test of truth, it worked.",0.0
arctic_a0509,Vietnamese,HQTV,nat+zero_200,"Yet, in accordance with Ernest's test of truth, it worked."," Yet in accordance with Ernest's test of truth, it worked.",0.0
arctic_a0509,Vietnamese,HQTV,nat+zero_400,"Yet, in accordance with Ernest's test of truth, it worked."," Yet in accordance with Ernest's test of truth, it worked.",0.0
arctic_a0509,Vietnamese,HQTV,nat+zero_800,"Yet, in accordance with Ernest's test of truth, it worked."," Yet in accordance with Ernest's test of truth, it worked.",0.0
arctic_a0515,Arabic,ZHAA,nat+nat,But here amongst ourselves let us speak out., But here amongst ourselves let us speak out.,0.0
arctic_a0515,Arabic,ZHAA,nat+nat_diff_utt,But here amongst ourselves let us speak out.," But here amongst ourselves, let us speak out.",0.0
arctic_a0515,Arabic,ZHAA,nat+l2_same,But here amongst ourselves let us speak out.," But here amongst ourselves, let us speak out.",0.0
arctic_a0515,Arabic,ZHAA,nat+interp,But here amongst ourselves let us speak out.," But here amongst ourselves, let us speak out.",0.0
arctic_a0515,Arabic,ZHAA,nat+noise,But here amongst ourselves let us speak out., But here amongst,0.625
arctic_a0515,Arabic,ZHAA,nat+zero_0,But here amongst ourselves let us speak out., but here amongst ourselves let us speak out.,0.0
arctic_a0515,Arabic,ZHAA,nat+zero_100,But here amongst ourselves let us speak out., but here amongst ourselves let us speak out.,0.0
arctic_a0515,Arabic,ZHAA,nat+zero_200,But here amongst ourselves let us speak out., but here amongst ourselves let us speak out.,0.0
arctic_a0515,Arabic,ZHAA,nat+zero_400,But here amongst ourselves let us speak out., but here amongst ourselves let us speak out.,0.0
arctic_a0515,Arabic,ZHAA,nat+zero_800,But here amongst ourselves let us speak out.," But here amongst ourselves, let us speak out.",0.0
arctic_a0515,Chinese,BWC,nat+nat,But here amongst ourselves let us speak out., But here amongst ourselves let us speak out.,0.0
arctic_a0515,Chinese,BWC,nat+nat_diff_utt,But here amongst ourselves let us speak out.," But here amongst ourselves, let us speak out.",0.0
arctic_a0515,Chinese,BWC,nat+l2_same,But here amongst ourselves let us speak out.," But here amongst ourselves, let us speak out.",0.0
arctic_a0515,Chinese,BWC,nat+interp,But here amongst ourselves let us speak out.," But here amongst ourselves, let us speak out.",0.0
arctic_a0515,Chinese,BWC,nat+noise,But here amongst ourselves let us speak out., But here amongst,0.625
arctic_a0515,Chinese,BWC,nat+zero_0,But here amongst ourselves let us speak out., but here amongst ourselves let us speak out.,0.0
arctic_a0515,Chinese,BWC,nat+zero_100,But here amongst ourselves let us speak out., but here amongst ourselves let us speak out.,0.0
arctic_a0515,Chinese,BWC,nat+zero_200,But here amongst ourselves let us speak out., but here amongst ourselves let us speak out.,0.0
arctic_a0515,Chinese,BWC,nat+zero_400,But here amongst ourselves let us speak out., but here amongst ourselves let us speak out.,0.0
arctic_a0515,Chinese,BWC,nat+zero_800,But here amongst ourselves let us speak out.," But here amongst ourselves, let us speak out.",0.0
arctic_a0515,Hindi,SVBI,nat+nat,But here amongst ourselves let us speak out., But here amongst ourselves let us speak out.,0.0
arctic_a0515,Hindi,SVBI,nat+nat_diff_utt,But here amongst ourselves let us speak out.," But here amongst ourselves, let us speak out.",0.0
arctic_a0515,Hindi,SVBI,nat+l2_same,But here amongst ourselves let us speak out., But here amongst ourselves let us speak out.,0.0
arctic_a0515,Hindi,SVBI,nat+interp,But here amongst ourselves let us speak out., But here amongst ourselves let us speak out.,0.0
arctic_a0515,Hindi,SVBI,nat+noise,But here amongst ourselves let us speak out., But here amongst,0.625
arctic_a0515,Hindi,SVBI,nat+zero_0,But here amongst ourselves let us speak out., but here amongst ourselves let us speak out.,0.0
arctic_a0515,Hindi,SVBI,nat+zero_100,But here amongst ourselves let us speak out., but here amongst ourselves let us speak out.,0.0
arctic_a0515,Hindi,SVBI,nat+zero_200,But here amongst ourselves let us speak out., but here amongst ourselves let us speak out.,0.0
arctic_a0515,Hindi,SVBI,nat+zero_400,But here amongst ourselves let us speak out., but here amongst ourselves let us speak out.,0.0
arctic_a0515,Hindi,SVBI,nat+zero_800,But here amongst ourselves let us speak out.," But here amongst ourselves, let us speak out.",0.0
arctic_a0515,Korean,HJK,nat+nat,But here amongst ourselves let us speak out., But here amongst ourselves let us speak out.,0.0
arctic_a0515,Korean,HJK,nat+nat_diff_utt,But here amongst ourselves let us speak out.," But here amongst ourselves, let us speak out.",0.0
arctic_a0515,Korean,HJK,nat+l2_same,But here amongst ourselves let us speak out.," But here, amongst ourselves, let us speak out.",0.0
arctic_a0515,Korean,HJK,nat+interp,But here amongst ourselves let us speak out.," But here amongst ourselves, let us speak out.",0.0
arctic_a0515,Korean,HJK,nat+noise,But here amongst ourselves let us speak out., But here amongst,0.625
arctic_a0515,Korean,HJK,nat+zero_0,But here amongst ourselves let us speak out., but here amongst ourselves let us speak out.,0.0
arctic_a0515,Korean,HJK,nat+zero_100,But here amongst ourselves let us speak out., but here amongst ourselves let us speak out.,0.0
arctic_a0515,Korean,HJK,nat+zero_200,But here amongst ourselves let us speak out., but here amongst ourselves let us speak out.,0.0
arctic_a0515,Korean,HJK,nat+zero_400,But here amongst ourselves let us speak out., but here amongst ourselves let us speak out.,0.0
arctic_a0515,Korean,HJK,nat+zero_800,But here amongst ourselves let us speak out.," But here amongst ourselves, let us speak out.",0.0
arctic_a0515,Spanish,EBVS,nat+nat,But here amongst ourselves let us speak out., But here amongst ourselves let us speak out.,0.0
arctic_a0515,Spanish,EBVS,nat+nat_diff_utt,But here amongst ourselves let us speak out.," But here amongst ourselves, let us speak out.",0.0
arctic_a0515,Spanish,EBVS,nat+l2_same,But here amongst ourselves let us speak out.," But here amongst ourselves, let us speak out.",0.0
arctic_a0515,Spanish,EBVS,nat+interp,But here amongst ourselves let us speak out.," But here amongst ourselves, let us speak out.",0.0
arctic_a0515,Spanish,EBVS,nat+noise,But here amongst ourselves let us speak out., But here amongst,0.625
arctic_a0515,Spanish,EBVS,nat+zero_0,But here amongst ourselves let us speak out., but here amongst ourselves let us speak out.,0.0
arctic_a0515,Spanish,EBVS,nat+zero_100,But here amongst ourselves let us speak out., but here amongst ourselves let us speak out.,0.0
arctic_a0515,Spanish,EBVS,nat+zero_200,But here amongst ourselves let us speak out., but here amongst ourselves let us speak out.,0.0
arctic_a0515,Spanish,EBVS,nat+zero_400,But here amongst ourselves let us speak out., but here amongst ourselves let us speak out.,0.0
arctic_a0515,Spanish,EBVS,nat+zero_800,But here amongst ourselves let us speak out.," But here amongst ourselves, let us speak out.",0.0
arctic_a0515,Vietnamese,HQTV,nat+nat,But here amongst ourselves let us speak out., But here amongst ourselves let us speak out.,0.0
arctic_a0515,Vietnamese,HQTV,nat+nat_diff_utt,But here amongst ourselves let us speak out.," But here amongst ourselves, let us speak out.",0.0
arctic_a0515,Vietnamese,HQTV,nat+l2_same,But here amongst ourselves let us speak out.," But here amongst ourselves, let us speak out.",0.0
arctic_a0515,Vietnamese,HQTV,nat+interp,But here amongst ourselves let us speak out., But here amongst ourselves let us speak out.,0.0
arctic_a0515,Vietnamese,HQTV,nat+noise,But here amongst ourselves let us speak out., But here amongst,0.625
arctic_a0515,Vietnamese,HQTV,nat+zero_0,But here amongst ourselves let us speak out., but here amongst ourselves let us speak out.,0.0
arctic_a0515,Vietnamese,HQTV,nat+zero_100,But here amongst ourselves let us speak out., but here amongst ourselves let us speak out.,0.0
arctic_a0515,Vietnamese,HQTV,nat+zero_200,But here amongst ourselves let us speak out., but here amongst ourselves let us speak out.,0.0
arctic_a0515,Vietnamese,HQTV,nat+zero_400,But here amongst ourselves let us speak out., but here amongst ourselves let us speak out.,0.0
arctic_a0515,Vietnamese,HQTV,nat+zero_800,But here amongst ourselves let us speak out.," But here amongst ourselves, let us speak out.",0.0
arctic_a0542,Arabic,ZHAA,nat+nat,"Without a doubt, some of them have dinner engagements."," Without a doubt, some of them have dinner engagements.",0.0
arctic_a0542,Arabic,ZHAA,nat+nat_diff_utt,"Without a doubt, some of them have dinner engagements."," Without a doubt, some of them have dinner engagements.",0.0
arctic_a0542,Arabic,ZHAA,nat+l2_same,"Without a doubt, some of them have dinner engagements."," Without a doubt, some of them have dinner engagements.",0.0
arctic_a0542,Arabic,ZHAA,nat+interp,"Without a doubt, some of them have dinner engagements."," Without a doubt, some of them have dinner engagements.",0.0
arctic_a0542,Arabic,ZHAA,nat+noise,"Without a doubt, some of them have dinner engagements.", Without without,0.8888888888888888
arctic_a0542,Arabic,ZHAA,nat+zero_0,"Without a doubt, some of them have dinner engagements."," Without a doubt, some of them have dinner engagements.",0.0
arctic_a0542,Arabic,ZHAA,nat+zero_100,"Without a doubt, some of them have dinner engagements."," Without a doubt, some of them have dinner engagements.",0.0
arctic_a0542,Arabic,ZHAA,nat+zero_200,"Without a doubt, some of them have dinner engagements."," Without a doubt, some of them have dinner engagements.",0.0
arctic_a0542,Arabic,ZHAA,nat+zero_400,"Without a doubt, some of them have dinner engagements."," Without a doubt, some of them have dinner engagements.",0.0
arctic_a0542,Arabic,ZHAA,nat+zero_800,"Without a doubt, some of them have dinner engagements."," Without a doubt, some of them have dinner engagements.",0.0
arctic_a0542,Chinese,BWC,nat+nat,"Without a doubt, some of them have dinner engagements."," Without a doubt, some of them have dinner engagements.",0.0
arctic_a0542,Chinese,BWC,nat+nat_diff_utt,"Without a doubt, some of them have dinner engagements."," Without a doubt, some of them have dinner engagements.",0.0
arctic_a0542,Chinese,BWC,nat+l2_same,"Without a doubt, some of them have dinner engagements."," Without a doubt, some of them have dinner engagements.",0.0
arctic_a0542,Chinese,BWC,nat+interp,"Without a doubt, some of them have dinner engagements.", Without a,0.7777777777777778
arctic_a0542,Chinese,BWC,nat+noise,"Without a doubt, some of them have dinner engagements.", Without without,0.8888888888888888
arctic_a0542,Chinese,BWC,nat+zero_0,"Without a doubt, some of them have dinner engagements."," Without a doubt, some of them have dinner engagements.",0.0
arctic_a0542,Chinese,BWC,nat+zero_100,"Without a doubt, some of them have dinner engagements."," Without a doubt, some of them have dinner engagements.",0.0
arctic_a0542,Chinese,BWC,nat+zero_200,"Without a doubt, some of them have dinner engagements."," Without a doubt, some of them have dinner engagements.",0.0
arctic_a0542,Chinese,BWC,nat+zero_400,"Without a doubt, some of them have dinner engagements."," Without a doubt, some of them have dinner engagements.",0.0
arctic_a0542,Chinese,BWC,nat+zero_800,"Without a doubt, some of them have dinner engagements."," Without a doubt, some of them have dinner engagements.",0.0
arctic_a0542,Hindi,SVBI,nat+nat,"Without a doubt, some of them have dinner engagements."," Without a doubt, some of them have dinner engagements.",0.0
arctic_a0542,Hindi,SVBI,nat+nat_diff_utt,"Without a doubt, some of them have dinner engagements."," Without a doubt, some of them have dinner engagements.",0.0
arctic_a0542,Hindi,SVBI,nat+l2_same,"Without a doubt, some of them have dinner engagements."," Without a doubt, some of them have dinner engagements.",0.0
arctic_a0542,Hindi,SVBI,nat+interp,"Without a doubt, some of them have dinner engagements."," Without a doubt, some of them have dinner engagements.",0.0
arctic_a0542,Hindi,SVBI,nat+noise,"Without a doubt, some of them have dinner engagements.", Without without,0.8888888888888888
arctic_a0542,Hindi,SVBI,nat+zero_0,"Without a doubt, some of them have dinner engagements."," Without a doubt, some of them have dinner engagements.",0.0
arctic_a0542,Hindi,SVBI,nat+zero_100,"Without a doubt, some of them have dinner engagements."," Without a doubt, some of them have dinner engagements.",0.0
arctic_a0542,Hindi,SVBI,nat+zero_200,"Without a doubt, some of them have dinner engagements."," Without a doubt, some of them have dinner engagements.",0.0
arctic_a0542,Hindi,SVBI,nat+zero_400,"Without a doubt, some of them have dinner engagements."," Without a doubt, some of them have dinner engagements.",0.0
arctic_a0542,Hindi,SVBI,nat+zero_800,"Without a doubt, some of them have dinner engagements."," Without a doubt, some of them have dinner engagements.",0.0
arctic_a0542,Korean,HJK,nat+nat,"Without a doubt, some of them have dinner engagements."," Without a doubt, some of them have dinner engagements.",0.0
arctic_a0542,Korean,HJK,nat+nat_diff_utt,"Without a doubt, some of them have dinner engagements."," Without a doubt, some of them have dinner engagements.",0.0
arctic_a0542,Korean,HJK,nat+l2_same,"Without a doubt, some of them have dinner engagements."," Without a doubt, some of them have dinner engagements.",0.0
arctic_a0542,Korean,HJK,nat+interp,"Without a doubt, some of them have dinner engagements."," Without a doubt, some of them have dinner engagements.",0.0
arctic_a0542,Korean,HJK,nat+noise,"Without a doubt, some of them have dinner engagements.", Without without,0.8888888888888888
arctic_a0542,Korean,HJK,nat+zero_0,"Without a doubt, some of them have dinner engagements."," Without a doubt, some of them have dinner engagements.",0.0
arctic_a0542,Korean,HJK,nat+zero_100,"Without a doubt, some of them have dinner engagements."," Without a doubt, some of them have dinner engagements.",0.0
arctic_a0542,Korean,HJK,nat+zero_200,"Without a doubt, some of them have dinner engagements."," Without a doubt, some of them have dinner engagements.",0.0
arctic_a0542,Korean,HJK,nat+zero_400,"Without a doubt, some of them have dinner engagements."," Without a doubt, some of them have dinner engagements.",0.0
arctic_a0542,Korean,HJK,nat+zero_800,"Without a doubt, some of them have dinner engagements."," Without a doubt, some of them have dinner engagements.",0.0
arctic_a0542,Spanish,EBVS,nat+nat,"Without a doubt, some of them have dinner engagements."," Without a doubt, some of them have dinner engagements.",0.0
arctic_a0542,Spanish,EBVS,nat+nat_diff_utt,"Without a doubt, some of them have dinner engagements."," Without a doubt, some of them have dinner engagements.",0.0
arctic_a0542,Spanish,EBVS,nat+l2_same,"Without a doubt, some of them have dinner engagements."," Without a doubt, some of them have dinner engagements.",0.0
arctic_a0542,Spanish,EBVS,nat+interp,"Without a doubt, some of them have dinner engagements."," Without a doubt, some of them have dinner engagements.",0.0
arctic_a0542,Spanish,EBVS,nat+noise,"Without a doubt, some of them have dinner engagements.", Without without,0.8888888888888888
arctic_a0542,Spanish,EBVS,nat+zero_0,"Without a doubt, some of them have dinner engagements."," Without a doubt, some of them have dinner engagements.",0.0
arctic_a0542,Spanish,EBVS,nat+zero_100,"Without a doubt, some of them have dinner engagements."," Without a doubt, some of them have dinner engagements.",0.0
arctic_a0542,Spanish,EBVS,nat+zero_200,"Without a doubt, some of them have dinner engagements."," Without a doubt, some of them have dinner engagements.",0.0
arctic_a0542,Spanish,EBVS,nat+zero_400,"Without a doubt, some of them have dinner engagements."," Without a doubt, some of them have dinner engagements.",0.0
arctic_a0542,Spanish,EBVS,nat+zero_800,"Without a doubt, some of them have dinner engagements."," Without a doubt, some of them have dinner engagements.",0.0
arctic_a0542,Vietnamese,HQTV,nat+nat,"Without a doubt, some of them have dinner engagements."," Without a doubt, some of them have dinner engagements.",0.0
arctic_a0542,Vietnamese,HQTV,nat+nat_diff_utt,"Without a doubt, some of them have dinner engagements."," Without a doubt, some of them have dinner engagements.",0.0
arctic_a0542,Vietnamese,HQTV,nat+l2_same,"Without a doubt, some of them have dinner engagements."," Without a doubt, some of them have dinner engagements.",0.0
arctic_a0542,Vietnamese,HQTV,nat+interp,"Without a doubt, some of them have dinner engagements."," Without a doubt, some of them have dinner engagements.",0.0
arctic_a0542,Vietnamese,HQTV,nat+noise,"Without a doubt, some of them have dinner engagements.", Without without,0.8888888888888888
arctic_a0542,Vietnamese,HQTV,nat+zero_0,"Without a doubt, some of them have dinner engagements."," Without a doubt, some of them have dinner engagements.",0.0
arctic_a0542,Vietnamese,HQTV,nat+zero_100,"Without a doubt, some of them have dinner engagements."," Without a doubt, some of them have dinner engagements.",0.0
arctic_a0542,Vietnamese,HQTV,nat+zero_200,"Without a doubt, some of them have dinner engagements."," Without a doubt, some of them have dinner engagements.",0.0
arctic_a0542,Vietnamese,HQTV,nat+zero_400,"Without a doubt, some of them have dinner engagements."," Without a doubt, some of them have dinner engagements.",0.0
arctic_a0542,Vietnamese,HQTV,nat+zero_800,"Without a doubt, some of them have dinner engagements."," Without a doubt, some of them have dinner engagements.",0.0
arctic_a0554,Arabic,ZHAA,nat+nat,"Jack London, Waikiki Beach, Honolulu, Oahu."," Jack London, Waikiki Beach, Honolulu, Oahu.",0.0
arctic_a0554,Arabic,ZHAA,nat+nat_diff_utt,"Jack London, Waikiki Beach, Honolulu, Oahu."," Jack London, Waikiki Beach, Honolulu, Oahu.",0.0
arctic_a0554,Arabic,ZHAA,nat+l2_same,"Jack London, Waikiki Beach, Honolulu, Oahu."," Jack London, Waikiki Beach, Honolulu, Oahu.",0.0
arctic_a0554,Arabic,ZHAA,nat+interp,"Jack London, Waikiki Beach, Honolulu, Oahu."," Jack London, Waikiki Beach, Honolulu, Oahu.",0.0
arctic_a0554,Arabic,ZHAA,nat+noise,"Jack London, Waikiki Beach, Honolulu, Oahu.", Jack London.,0.6666666666666666
arctic_a0554,Arabic,ZHAA,nat+zero_0,"Jack London, Waikiki Beach, Honolulu, Oahu."," Jack London, Waikiki Beach, Honolulu, Oahu.",0.0
arctic_a0554,Arabic,ZHAA,nat+zero_100,"Jack London, Waikiki Beach, Honolulu, Oahu."," Jack London, Waikiki Beach, Honolulu, Oahu.",0.0
arctic_a0554,Arabic,ZHAA,nat+zero_200,"Jack London, Waikiki Beach, Honolulu, Oahu."," Jack London, Waikiki Beach, Honolulu, Oahu.",0.0
arctic_a0554,Arabic,ZHAA,nat+zero_400,"Jack London, Waikiki Beach, Honolulu, Oahu."," Jack London, Waikiki Beach, Honolulu, Oahu.",0.0
arctic_a0554,Arabic,ZHAA,nat+zero_800,"Jack London, Waikiki Beach, Honolulu, Oahu."," Jack London, Waikiki Beach, Honolulu, Oahu.",0.0
arctic_a0554,Chinese,BWC,nat+nat,"Jack London, Waikiki Beach, Honolulu, Oahu."," Jack London, Waikiki Beach, Honolulu, Oahu.",0.0
arctic_a0554,Chinese,BWC,nat+nat_diff_utt,"Jack London, Waikiki Beach, Honolulu, Oahu."," Jack London, Waikiki Beach, Honolulu, Oahu.",0.0
arctic_a0554,Chinese,BWC,nat+l2_same,"Jack London, Waikiki Beach, Honolulu, Oahu."," Jack London, Waikiki Beach, Honolulu, Oahu",0.0
arctic_a0554,Chinese,BWC,nat+interp,"Jack London, Waikiki Beach, Honolulu, Oahu."," Jack London, Waikiki Beach, Honolulu, O",0.16666666666666666
arctic_a0554,Chinese,BWC,nat+noise,"Jack London, Waikiki Beach, Honolulu, Oahu.", Jack London.,0.6666666666666666
arctic_a0554,Chinese,BWC,nat+zero_0,"Jack London, Waikiki Beach, Honolulu, Oahu."," Jack London, Waikiki Beach, Honolulu, Oahu.",0.0
arctic_a0554,Chinese,BWC,nat+zero_100,"Jack London, Waikiki Beach, Honolulu, Oahu."," Jack London, Waikiki Beach, Honolulu, Oahu.",0.0
arctic_a0554,Chinese,BWC,nat+zero_200,"Jack London, Waikiki Beach, Honolulu, Oahu."," Jack London, Waikiki Beach, Honolulu, Oahu.",0.0
arctic_a0554,Chinese,BWC,nat+zero_400,"Jack London, Waikiki Beach, Honolulu, Oahu."," Jack London, Waikiki Beach, Honolulu, Oahu.",0.0
arctic_a0554,Chinese,BWC,nat+zero_800,"Jack London, Waikiki Beach, Honolulu, Oahu."," Jack London, Waikiki Beach, Honolulu, Oahu.",0.0
arctic_a0554,Hindi,SVBI,nat+nat,"Jack London, Waikiki Beach, Honolulu, Oahu."," Jack London, Waikiki Beach, Honolulu, Oahu.",0.0
arctic_a0554,Hindi,SVBI,nat+nat_diff_utt,"Jack London, Waikiki Beach, Honolulu, Oahu."," Jack London, Waikiki Beach, Honolulu, Oahu.",0.0
arctic_a0554,Hindi,SVBI,nat+l2_same,"Jack London, Waikiki Beach, Honolulu, Oahu."," Jack London, Waikiki Beach, Honolulu, Oahu.",0.0
arctic_a0554,Hindi,SVBI,nat+interp,"Jack London, Waikiki Beach, Honolulu, Oahu."," Jack London, Waikiki Beach, Honolulu O'A'O",0.16666666666666666
arctic_a0554,Hindi,SVBI,nat+noise,"Jack London, Waikiki Beach, Honolulu, Oahu.", Jack London.,0.6666666666666666
arctic_a0554,Hindi,SVBI,nat+zero_0,"Jack London, Waikiki Beach, Honolulu, Oahu."," Jack London, Waikiki Beach, Honolulu, Oahu.",0.0
arctic_a0554,Hindi,SVBI,nat+zero_100,"Jack London, Waikiki Beach, Honolulu, Oahu."," Jack London, Waikiki Beach, Honolulu, Oahu.",0.0
arctic_a0554,Hindi,SVBI,nat+zero_200,"Jack London, Waikiki Beach, Honolulu, Oahu."," Jack London, Waikiki Beach, Honolulu, Oahu.",0.0
arctic_a0554,Hindi,SVBI,nat+zero_400,"Jack London, Waikiki Beach, Honolulu, Oahu."," Jack London, Waikiki Beach, Honolulu, Oahu.",0.0
arctic_a0554,Hindi,SVBI,nat+zero_800,"Jack London, Waikiki Beach, Honolulu, Oahu."," Jack London, Waikiki Beach, Honolulu, Oahu.",0.0
arctic_a0554,Korean,HJK,nat+nat,"Jack London, Waikiki Beach, Honolulu, Oahu."," Jack London, Waikiki Beach, Honolulu, Oahu.",0.0
arctic_a0554,Korean,HJK,nat+nat_diff_utt,"Jack London, Waikiki Beach, Honolulu, Oahu."," Jack London, Waikiki Beach, Honolulu, Oahu.",0.0
arctic_a0554,Korean,HJK,nat+l2_same,"Jack London, Waikiki Beach, Honolulu, Oahu."," Jack London, Waikiki Beach, Honolulu, Oahu.",0.0
arctic_a0554,Korean,HJK,nat+interp,"Jack London, Waikiki Beach, Honolulu, Oahu."," Jack London, Waikiki Beach, Honolulu O'ahu.",0.0
arctic_a0554,Korean,HJK,nat+noise,"Jack London, Waikiki Beach, Honolulu, Oahu.", Jack London.,0.6666666666666666
arctic_a0554,Korean,HJK,nat+zero_0,"Jack London, Waikiki Beach, Honolulu, Oahu."," Jack London, Waikiki Beach, Honolulu, Oahu.",0.0
arctic_a0554,Korean,HJK,nat+zero_100,"Jack London, Waikiki Beach, Honolulu, Oahu."," Jack London, Waikiki Beach, Honolulu, Oahu.",0.0
arctic_a0554,Korean,HJK,nat+zero_200,"Jack London, Waikiki Beach, Honolulu, Oahu."," Jack London, Waikiki Beach, Honolulu, Oahu.",0.0
arctic_a0554,Korean,HJK,nat+zero_400,"Jack London, Waikiki Beach, Honolulu, Oahu."," Jack London, Waikiki Beach, Honolulu, Oahu.",0.0
arctic_a0554,Korean,HJK,nat+zero_800,"Jack London, Waikiki Beach, Honolulu, Oahu."," Jack London, Waikiki Beach, Honolulu, Oahu.",0.0
arctic_a0554,Spanish,EBVS,nat+nat,"Jack London, Waikiki Beach, Honolulu, Oahu."," Jack London, Waikiki Beach, Honolulu, Oahu.",0.0
arctic_a0554,Spanish,EBVS,nat+nat_diff_utt,"Jack London, Waikiki Beach, Honolulu, Oahu."," Jack London, Waikiki Beach, Honolulu, Oahu.",0.0
arctic_a0554,Spanish,EBVS,nat+l2_same,"Jack London, Waikiki Beach, Honolulu, Oahu."," Jack London, Waikiki Beach, Honolulu, Oahu.",0.0
arctic_a0554,Spanish,EBVS,nat+interp,"Jack London, Waikiki Beach, Honolulu, Oahu."," Jack London, Waikiki Beach, Honolulu, Oahu.",0.0
arctic_a0554,Spanish,EBVS,nat+noise,"Jack London, Waikiki Beach, Honolulu, Oahu.", Jack London.,0.6666666666666666
arctic_a0554,Spanish,EBVS,nat+zero_0,"Jack London, Waikiki Beach, Honolulu, Oahu."," Jack London, Waikiki Beach, Honolulu, Oahu.",0.0
arctic_a0554,Spanish,EBVS,nat+zero_100,"Jack London, Waikiki Beach, Honolulu, Oahu."," Jack London, Waikiki Beach, Honolulu, Oahu.",0.0
arctic_a0554,Spanish,EBVS,nat+zero_200,"Jack London, Waikiki Beach, Honolulu, Oahu."," Jack London, Waikiki Beach, Honolulu, Oahu.",0.0
arctic_a0554,Spanish,EBVS,nat+zero_400,"Jack London, Waikiki Beach, Honolulu, Oahu."," Jack London, Waikiki Beach, Honolulu, Oahu.",0.0
arctic_a0554,Spanish,EBVS,nat+zero_800,"Jack London, Waikiki Beach, Honolulu, Oahu."," Jack London, Waikiki Beach, Honolulu, Oahu.",0.0
arctic_a0554,Vietnamese,HQTV,nat+nat,"Jack London, Waikiki Beach, Honolulu, Oahu."," Jack London, Waikiki Beach, Honolulu, Oahu.",0.0
arctic_a0554,Vietnamese,HQTV,nat+nat_diff_utt,"Jack London, Waikiki Beach, Honolulu, Oahu."," Jack London, Waikiki Beach, Honolulu, Oahu.",0.0
arctic_a0554,Vietnamese,HQTV,nat+l2_same,"Jack London, Waikiki Beach, Honolulu, Oahu."," Jack London, Waikiki Beach, Honolulu, Oahu.",0.0
arctic_a0554,Vietnamese,HQTV,nat+interp,"Jack London, Waikiki Beach, Honolulu, Oahu."," Jack London, Waikiki Beach, Honolulu, O'",0.16666666666666666
arctic_a0554,Vietnamese,HQTV,nat+noise,"Jack London, Waikiki Beach, Honolulu, Oahu.", Jack London.,0.6666666666666666
arctic_a0554,Vietnamese,HQTV,nat+zero_0,"Jack London, Waikiki Beach, Honolulu, Oahu."," Jack London, Waikiki Beach, Honolulu, Oahu.",0.0
arctic_a0554,Vietnamese,HQTV,nat+zero_100,"Jack London, Waikiki Beach, Honolulu, Oahu."," Jack London, Waikiki Beach, Honolulu, Oahu.",0.0
arctic_a0554,Vietnamese,HQTV,nat+zero_200,"Jack London, Waikiki Beach, Honolulu, Oahu."," Jack London, Waikiki Beach, Honolulu, Oahu.",0.0
arctic_a0554,Vietnamese,HQTV,nat+zero_400,"Jack London, Waikiki Beach, Honolulu, Oahu."," Jack London, Waikiki Beach, Honolulu, Oahu.",0.0
arctic_a0554,Vietnamese,HQTV,nat+zero_800,"Jack London, Waikiki Beach, Honolulu, Oahu."," Jack London, Waikiki Beach, Honolulu, Oahu.",0.0
arctic_a0584,Arabic,ZHAA,nat+nat,I have long noted your thirst unquenchable., I have long noted your thirst unquenchable.,0.0
arctic_a0584,Arabic,ZHAA,nat+nat_diff_utt,I have long noted your thirst unquenchable., I have long noted you're thirst unquenchable.,0.14285714285714285
arctic_a0584,Arabic,ZHAA,nat+l2_same,I have long noted your thirst unquenchable., I have long noted you're thirst unquenchable.,0.14285714285714285
arctic_a0584,Arabic,ZHAA,nat+interp,I have long noted your thirst unquenchable., I have long noted your thirst unquenchable.,0.0
arctic_a0584,Arabic,ZHAA,nat+noise,I have long noted your thirst unquenchable., I have long noted your,0.2857142857142857
arctic_a0584,Arabic,ZHAA,nat+zero_0,I have long noted your thirst unquenchable., I have long noted your thirst unquenchable.,0.0
arctic_a0584,Arabic,ZHAA,nat+zero_100,I have long noted your thirst unquenchable., I have long noted your thirst unquenchable.,0.0
arctic_a0584,Arabic,ZHAA,nat+zero_200,I have long noted your thirst unquenchable., I have long noted your thirst unquenchable.,0.0
arctic_a0584,Arabic,ZHAA,nat+zero_400,I have long noted your thirst unquenchable., I have long noted your thirst unquenchable.,0.0
arctic_a0584,Arabic,ZHAA,nat+zero_800,I have long noted your thirst unquenchable., I have long noted your thirst unquenchable.,0.0
arctic_a0584,Chinese,BWC,nat+nat,I have long noted your thirst unquenchable., I have long noted your thirst unquenchable.,0.0
arctic_a0584,Chinese,BWC,nat+nat_diff_utt,I have long noted your thirst unquenchable., I have long noted you're thirst unquenchable.,0.14285714285714285
arctic_a0584,Chinese,BWC,nat+l2_same,I have long noted your thirst unquenchable., I have long noted you're thirst unquenchable.,0.14285714285714285
arctic_a0584,Chinese,BWC,nat+interp,I have long noted your thirst unquenchable., I have long noted your thirst unquenchable.,0.0
arctic_a0584,Chinese,BWC,nat+noise,I have long noted your thirst unquenchable., I have long noted your,0.2857142857142857
arctic_a0584,Chinese,BWC,nat+zero_0,I have long noted your thirst unquenchable., I have long noted your thirst unquenchable.,0.0
arctic_a0584,Chinese,BWC,nat+zero_100,I have long noted your thirst unquenchable., I have long noted your thirst unquenchable.,0.0
arctic_a0584,Chinese,BWC,nat+zero_200,I have long noted your thirst unquenchable., I have long noted your thirst unquenchable.,0.0
arctic_a0584,Chinese,BWC,nat+zero_400,I have long noted your thirst unquenchable., I have long noted your thirst unquenchable.,0.0
arctic_a0584,Chinese,BWC,nat+zero_800,I have long noted your thirst unquenchable., I have long noted your thirst unquenchable.,0.0
arctic_a0584,Hindi,SVBI,nat+nat,I have long noted your thirst unquenchable., I have long noted your thirst unquenchable.,0.0
arctic_a0584,Hindi,SVBI,nat+nat_diff_utt,I have long noted your thirst unquenchable., I have long noted you're thirst unquenchable.,0.14285714285714285
arctic_a0584,Hindi,SVBI,nat+l2_same,I have long noted your thirst unquenchable., I have long noted your thirst unquenchable.,0.0
arctic_a0584,Hindi,SVBI,nat+interp,I have long noted your thirst unquenchable., I have long noted your thirst unquenchable.,0.0
arctic_a0584,Hindi,SVBI,nat+noise,I have long noted your thirst unquenchable., I have long noted your,0.2857142857142857
arctic_a0584,Hindi,SVBI,nat+zero_0,I have long noted your thirst unquenchable., I have long noted your thirst unquenchable.,0.0
arctic_a0584,Hindi,SVBI,nat+zero_100,I have long noted your thirst unquenchable., I have long noted your thirst unquenchable.,0.0
arctic_a0584,Hindi,SVBI,nat+zero_200,I have long noted your thirst unquenchable., I have long noted your thirst unquenchable.,0.0
arctic_a0584,Hindi,SVBI,nat+zero_400,I have long noted your thirst unquenchable., I have long noted your thirst unquenchable.,0.0
arctic_a0584,Hindi,SVBI,nat+zero_800,I have long noted your thirst unquenchable., I have long noted your thirst unquenchable.,0.0
arctic_a0584,Korean,HJK,nat+nat,I have long noted your thirst unquenchable., I have long noted your thirst unquenchable.,0.0
arctic_a0584,Korean,HJK,nat+nat_diff_utt,I have long noted your thirst unquenchable., I have long noted you're thirst unquenchable.,0.14285714285714285
arctic_a0584,Korean,HJK,nat+l2_same,I have long noted your thirst unquenchable., I have long noted your thirst unquenchable.,0.0
arctic_a0584,Korean,HJK,nat+interp,I have long noted your thirst unquenchable., I have long noted your thirst unquen chable.,0.2857142857142857
arctic_a0584,Korean,HJK,nat+noise,I have long noted your thirst unquenchable., I have long noted your,0.2857142857142857
arctic_a0584,Korean,HJK,nat+zero_0,I have long noted your thirst unquenchable., I have long noted your thirst unquenchable.,0.0
arctic_a0584,Korean,HJK,nat+zero_100,I have long noted your thirst unquenchable., I have long noted your thirst unquenchable.,0.0
arctic_a0584,Korean,HJK,nat+zero_200,I have long noted your thirst unquenchable., I have long noted your thirst unquenchable.,0.0
arctic_a0584,Korean,HJK,nat+zero_400,I have long noted your thirst unquenchable., I have long noted your thirst unquenchable.,0.0
arctic_a0584,Korean,HJK,nat+zero_800,I have long noted your thirst unquenchable., I have long noted your thirst unquenchable.,0.0
arctic_a0584,Spanish,EBVS,nat+nat,I have long noted your thirst unquenchable., I have long noted your thirst unquenchable.,0.0
arctic_a0584,Spanish,EBVS,nat+nat_diff_utt,I have long noted your thirst unquenchable., I have long noted you're thirst unquenchable.,0.14285714285714285
arctic_a0584,Spanish,EBVS,nat+l2_same,I have long noted your thirst unquenchable., I have long noted your thirst unquenchable.,0.0
arctic_a0584,Spanish,EBVS,nat+interp,I have long noted your thirst unquenchable., I have long noted your thirst unquen chable.,0.2857142857142857
arctic_a0584,Spanish,EBVS,nat+noise,I have long noted your thirst unquenchable., I have long noted your,0.2857142857142857
arctic_a0584,Spanish,EBVS,nat+zero_0,I have long noted your thirst unquenchable., I have long noted your thirst unquenchable.,0.0
arctic_a0584,Spanish,EBVS,nat+zero_100,I have long noted your thirst unquenchable., I have long noted your thirst unquenchable.,0.0
arctic_a0584,Spanish,EBVS,nat+zero_200,I have long noted your thirst unquenchable., I have long noted your thirst unquenchable.,0.0
arctic_a0584,Spanish,EBVS,nat+zero_400,I have long noted your thirst unquenchable., I have long noted your thirst unquenchable.,0.0
arctic_a0584,Spanish,EBVS,nat+zero_800,I have long noted your thirst unquenchable., I have long noted your thirst unquenchable.,0.0
arctic_a0584,Vietnamese,HQTV,nat+nat,I have long noted your thirst unquenchable., I have long noted your thirst unquenchable.,0.0
arctic_a0584,Vietnamese,HQTV,nat+nat_diff_utt,I have long noted your thirst unquenchable., I have long noted you're thirst unquenchable.,0.14285714285714285
arctic_a0584,Vietnamese,HQTV,nat+l2_same,I have long noted your thirst unquenchable., I have long noted you're thirst unquenchable.,0.14285714285714285
arctic_a0584,Vietnamese,HQTV,nat+interp,I have long noted your thirst unquenchable., I have long noted you're thirst unquenchable.,0.14285714285714285
arctic_a0584,Vietnamese,HQTV,nat+noise,I have long noted your thirst unquenchable., I have long noted your,0.2857142857142857
arctic_a0584,Vietnamese,HQTV,nat+zero_0,I have long noted your thirst unquenchable., I have long noted your thirst unquenchable.,0.0
arctic_a0584,Vietnamese,HQTV,nat+zero_100,I have long noted your thirst unquenchable., I have long noted your thirst unquenchable.,0.0
arctic_a0584,Vietnamese,HQTV,nat+zero_200,I have long noted your thirst unquenchable., I have long noted your thirst unquenchable.,0.0
arctic_a0584,Vietnamese,HQTV,nat+zero_400,I have long noted your thirst unquenchable., I have long noted your thirst unquenchable.,0.0
arctic_a0584,Vietnamese,HQTV,nat+zero_800,I have long noted your thirst unquenchable., I have long noted your thirst unquenchable.,0.0
arctic_b0031,Arabic,ZHAA,nat+nat,Gregson had seated himself under the lamp and was sharpening a pencil., Gregson had seated himself under the lamp and was sharpening a pencil.,0.0
arctic_b0031,Arabic,ZHAA,nat+nat_diff_utt,Gregson had seated himself under the lamp and was sharpening a pencil., Gregson had seated himself under the lamp and was sharpening a pencil.,0.0
arctic_b0031,Arabic,ZHAA,nat+l2_same,Gregson had seated himself under the lamp and was sharpening a pencil., Gregson had seated himself under the lamp and was sharpening a pencil.,0.0
arctic_b0031,Arabic,ZHAA,nat+interp,Gregson had seated himself under the lamp and was sharpening a pencil., Gregson had,0.8333333333333334
arctic_b0031,Arabic,ZHAA,nat+noise,Gregson had seated himself under the lamp and was sharpening a pencil., Gregson,0.9166666666666666
arctic_b0031,Arabic,ZHAA,nat+zero_0,Gregson had seated himself under the lamp and was sharpening a pencil., Gregson had seated himself under the lamp and was sharpening a pencil.,0.0
arctic_b0031,Arabic,ZHAA,nat+zero_100,Gregson had seated himself under the lamp and was sharpening a pencil., Gregson had seated himself under the lamp and was sharpening a pencil.,0.0
arctic_b0031,Arabic,ZHAA,nat+zero_200,Gregson had seated himself under the lamp and was sharpening a pencil., Gregson had seated himself under the lamp and was sharpening a pencil.,0.0
arctic_b0031,Arabic,ZHAA,nat+zero_400,Gregson had seated himself under the lamp and was sharpening a pencil., Gregson had seated himself under the lamp and was sharpening a pencil.,0.0
arctic_b0031,Arabic,ZHAA,nat+zero_800,Gregson had seated himself under the lamp and was sharpening a pencil., Gregson had seated himself under the lamp and was sharpening a pencil.,0.0
arctic_b0031,Chinese,BWC,nat+nat,Gregson had seated himself under the lamp and was sharpening a pencil., Gregson had seated himself under the lamp and was sharpening a pencil.,0.0
arctic_b0031,Chinese,BWC,nat+nat_diff_utt,Gregson had seated himself under the lamp and was sharpening a pencil., Gregson had seated himself under the lamp and was sharpening a pencil.,0.0
arctic_b0031,Chinese,BWC,nat+l2_same,Gregson had seated himself under the lamp and was sharpening a pencil., Gregson had seated himself under the lamp and was sharpening a pencil.,0.0
arctic_b0031,Chinese,BWC,nat+interp,Gregson had seated himself under the lamp and was sharpening a pencil., Gregson had seated himself under the lamp and was sharpening a pencil.,0.0
arctic_b0031,Chinese,BWC,nat+noise,Gregson had seated himself under the lamp and was sharpening a pencil., Gregson,0.9166666666666666
arctic_b0031,Chinese,BWC,nat+zero_0,Gregson had seated himself under the lamp and was sharpening a pencil., Gregson had seated himself under the lamp and was sharpening a pencil.,0.0
arctic_b0031,Chinese,BWC,nat+zero_100,Gregson had seated himself under the lamp and was sharpening a pencil., Gregson had seated himself under the lamp and was sharpening a pencil.,0.0
arctic_b0031,Chinese,BWC,nat+zero_200,Gregson had seated himself under the lamp and was sharpening a pencil., Gregson had seated himself under the lamp and was sharpening a pencil.,0.0
arctic_b0031,Chinese,BWC,nat+zero_400,Gregson had seated himself under the lamp and was sharpening a pencil., Gregson had seated himself under the lamp and was sharpening a pencil.,0.0
arctic_b0031,Chinese,BWC,nat+zero_800,Gregson had seated himself under the lamp and was sharpening a pencil., Gregson had seated himself under the lamp and was sharpening a pencil.,0.0
arctic_b0031,Hindi,SVBI,nat+nat,Gregson had seated himself under the lamp and was sharpening a pencil., Gregson had seated himself under the lamp and was sharpening a pencil.,0.0
arctic_b0031,Hindi,SVBI,nat+nat_diff_utt,Gregson had seated himself under the lamp and was sharpening a pencil., Gregson had seated himself under the lamp and was sharpening a pencil.,0.0
arctic_b0031,Hindi,SVBI,nat+l2_same,Gregson had seated himself under the lamp and was sharpening a pencil., Gregson had seated himself under the lamp and was sharpening a pencil.,0.0
arctic_b0031,Hindi,SVBI,nat+interp,Gregson had seated himself under the lamp and was sharpening a pencil., Gregson had seated himself under the lamp and was sharpening a pencil.,0.0
arctic_b0031,Hindi,SVBI,nat+noise,Gregson had seated himself under the lamp and was sharpening a pencil., Gregson,0.9166666666666666
arctic_b0031,Hindi,SVBI,nat+zero_0,Gregson had seated himself under the lamp and was sharpening a pencil., Gregson had seated himself under the lamp and was sharpening a pencil.,0.0
arctic_b0031,Hindi,SVBI,nat+zero_100,Gregson had seated himself under the lamp and was sharpening a pencil., Gregson had seated himself under the lamp and was sharpening a pencil.,0.0
arctic_b0031,Hindi,SVBI,nat+zero_200,Gregson had seated himself under the lamp and was sharpening a pencil., Gregson had seated himself under the lamp and was sharpening a pencil.,0.0
arctic_b0031,Hindi,SVBI,nat+zero_400,Gregson had seated himself under the lamp and was sharpening a pencil., Gregson had seated himself under the lamp and was sharpening a pencil.,0.0
arctic_b0031,Hindi,SVBI,nat+zero_800,Gregson had seated himself under the lamp and was sharpening a pencil., Gregson had seated himself under the lamp and was sharpening a pencil.,0.0
arctic_b0031,Korean,HJK,nat+nat,Gregson had seated himself under the lamp and was sharpening a pencil., Gregson had seated himself under the lamp and was sharpening a pencil.,0.0
arctic_b0031,Korean,HJK,nat+nat_diff_utt,Gregson had seated himself under the lamp and was sharpening a pencil., Gregson had seated himself under the lamp and was sharpening a pencil.,0.0
arctic_b0031,Korean,HJK,nat+l2_same,Gregson had seated himself under the lamp and was sharpening a pencil., Gregson had seated himself under the lamp and was sharpening a pencil.,0.0
arctic_b0031,Korean,HJK,nat+interp,Gregson had seated himself under the lamp and was sharpening a pencil., Gregson had,0.8333333333333334
arctic_b0031,Korean,HJK,nat+noise,Gregson had seated himself under the lamp and was sharpening a pencil., Gregson,0.9166666666666666
arctic_b0031,Korean,HJK,nat+zero_0,Gregson had seated himself under the lamp and was sharpening a pencil., Gregson had seated himself under the lamp and was sharpening a pencil.,0.0
arctic_b0031,Korean,HJK,nat+zero_100,Gregson had seated himself under the lamp and was sharpening a pencil., Gregson had seated himself under the lamp and was sharpening a pencil.,0.0
arctic_b0031,Korean,HJK,nat+zero_200,Gregson had seated himself under the lamp and was sharpening a pencil., Gregson had seated himself under the lamp and was sharpening a pencil.,0.0
arctic_b0031,Korean,HJK,nat+zero_400,Gregson had seated himself under the lamp and was sharpening a pencil., Gregson had seated himself under the lamp and was sharpening a pencil.,0.0
arctic_b0031,Korean,HJK,nat+zero_800,Gregson had seated himself under the lamp and was sharpening a pencil., Gregson had seated himself under the lamp and was sharpening a pencil.,0.0
arctic_b0031,Spanish,EBVS,nat+nat,Gregson had seated himself under the lamp and was sharpening a pencil., Gregson had seated himself under the lamp and was sharpening a pencil.,0.0
arctic_b0031,Spanish,EBVS,nat+nat_diff_utt,Gregson had seated himself under the lamp and was sharpening a pencil., Gregson had seated himself under the lamp and was sharpening a pencil.,0.0
arctic_b0031,Spanish,EBVS,nat+l2_same,Gregson had seated himself under the lamp and was sharpening a pencil., Gregson had seated himself under the lamp and was sharpening a pencil.,0.0
arctic_b0031,Spanish,EBVS,nat+interp,Gregson had seated himself under the lamp and was sharpening a pencil., Gregson had,0.8333333333333334
arctic_b0031,Spanish,EBVS,nat+noise,Gregson had seated himself under the lamp and was sharpening a pencil., Gregson,0.9166666666666666
arctic_b0031,Spanish,EBVS,nat+zero_0,Gregson had seated himself under the lamp and was sharpening a pencil., Gregson had seated himself under the lamp and was sharpening a pencil.,0.0
arctic_b0031,Spanish,EBVS,nat+zero_100,Gregson had seated himself under the lamp and was sharpening a pencil., Gregson had seated himself under the lamp and was sharpening a pencil.,0.0
arctic_b0031,Spanish,EBVS,nat+zero_200,Gregson had seated himself under the lamp and was sharpening a pencil., Gregson had seated himself under the lamp and was sharpening a pencil.,0.0
arctic_b0031,Spanish,EBVS,nat+zero_400,Gregson had seated himself under the lamp and was sharpening a pencil., Gregson had seated himself under the lamp and was sharpening a pencil.,0.0
arctic_b0031,Spanish,EBVS,nat+zero_800,Gregson had seated himself under the lamp and was sharpening a pencil., Gregson had seated himself under the lamp and was sharpening a pencil.,0.0
arctic_b0031,Vietnamese,HQTV,nat+nat,Gregson had seated himself under the lamp and was sharpening a pencil., Gregson had seated himself under the lamp and was sharpening a pencil.,0.0
arctic_b0031,Vietnamese,HQTV,nat+nat_diff_utt,Gregson had seated himself under the lamp and was sharpening a pencil., Gregson had seated himself under the lamp and was sharpening a pencil.,0.0
arctic_b0031,Vietnamese,HQTV,nat+l2_same,Gregson had seated himself under the lamp and was sharpening a pencil., Gregson had seated himself under the lamp and was sharpening a pencil.,0.0
arctic_b0031,Vietnamese,HQTV,nat+interp,Gregson had seated himself under the lamp and was sharpening a pencil., Gregson had seated himself under the lamp and was sharpening a pencil.,0.0
arctic_b0031,Vietnamese,HQTV,nat+noise,Gregson had seated himself under the lamp and was sharpening a pencil., Gregson,0.9166666666666666
arctic_b0031,Vietnamese,HQTV,nat+zero_0,Gregson had seated himself under the lamp and was sharpening a pencil., Gregson had seated himself under the lamp and was sharpening a pencil.,0.0
arctic_b0031,Vietnamese,HQTV,nat+zero_100,Gregson had seated himself under the lamp and was sharpening a pencil., Gregson had seated himself under the lamp and was sharpening a pencil.,0.0
arctic_b0031,Vietnamese,HQTV,nat+zero_200,Gregson had seated himself under the lamp and was sharpening a pencil., Gregson had seated himself under the lamp and was sharpening a pencil.,0.0
arctic_b0031,Vietnamese,HQTV,nat+zero_400,Gregson had seated himself under the lamp and was sharpening a pencil., Gregson had seated himself under the lamp and was sharpening a pencil.,0.0
arctic_b0031,Vietnamese,HQTV,nat+zero_800,Gregson had seated himself under the lamp and was sharpening a pencil., Gregson had seated himself under the lamp and was sharpening a pencil.,0.0
arctic_b0056,Arabic,ZHAA,nat+nat,"I'll give a thousand if you produce her, retorted Gregson."," I'll give you a thousand if you produce her, retorted Gregson.",0.1
arctic_b0056,Arabic,ZHAA,nat+nat_diff_utt,"I'll give a thousand if you produce her, retorted Gregson."," I'll give you a thousand if you produce her, retorted Gregson.",0.1
arctic_b0056,Arabic,ZHAA,nat+l2_same,"I'll give a thousand if you produce her, retorted Gregson."," I'll give you a thousand if you produce her, retorted Gregson.",0.1
arctic_b0056,Arabic,ZHAA,nat+interp,"I'll give a thousand if you produce her, retorted Gregson."," I'll give you a thousand if you produce her, retorted gregson.",0.1
arctic_b0056,Arabic,ZHAA,nat+noise,"I'll give a thousand if you produce her, retorted Gregson.", I'll give you,0.7
arctic_b0056,Arabic,ZHAA,nat+zero_0,"I'll give a thousand if you produce her, retorted Gregson.", I'll give you a thousand if you produce her retorted Gregson.,0.1
arctic_b0056,Arabic,ZHAA,nat+zero_100,"I'll give a thousand if you produce her, retorted Gregson.", I'll give you a thousand if you produce her retorted Gregson.,0.1
arctic_b0056,Arabic,ZHAA,nat+zero_200,"I'll give a thousand if you produce her, retorted Gregson.", I'll give you a thousand if you produce her retorted Gregson.,0.1
arctic_b0056,Arabic,ZHAA,nat+zero_400,"I'll give a thousand if you produce her, retorted Gregson.", I'll give you a thousand if you produce her retorted Gregson.,0.1
arctic_b0056,Arabic,ZHAA,nat+zero_800,"I'll give a thousand if you produce her, retorted Gregson."," I'll give you a thousand if you produce her, retorted Gregson.",0.1
arctic_b0056,Chinese,BWC,nat+nat,"I'll give a thousand if you produce her, retorted Gregson."," I'll give you a thousand if you produce her, retorted Gregson.",0.1
arctic_b0056,Chinese,BWC,nat+nat_diff_utt,"I'll give a thousand if you produce her, retorted Gregson."," I'll give you a thousand if you produce her, retorted Gregson.",0.1
arctic_b0056,Chinese,BWC,nat+l2_same,"I'll give a thousand if you produce her, retorted Gregson."," I'll give you a thousand if you produce her, retorted Gregson.",0.1
arctic_b0056,Chinese,BWC,nat+interp,"I'll give a thousand if you produce her, retorted Gregson."," I'll give you a thousand if you produce her, retorted gregson.",0.1
arctic_b0056,Chinese,BWC,nat+noise,"I'll give a thousand if you produce her, retorted Gregson.", I'll give you,0.7
arctic_b0056,Chinese,BWC,nat+zero_0,"I'll give a thousand if you produce her, retorted Gregson.", I'll give you a thousand if you produce her retorted Gregson.,0.1
arctic_b0056,Chinese,BWC,nat+zero_100,"I'll give a thousand if you produce her, retorted Gregson.", I'll give you a thousand if you produce her retorted Gregson.,0.1
arctic_b0056,Chinese,BWC,nat+zero_200,"I'll give a thousand if you produce her, retorted Gregson.", I'll give you a thousand if you produce her retorted Gregson.,0.1
arctic_b0056,Chinese,BWC,nat+zero_400,"I'll give a thousand if you produce her, retorted Gregson.", I'll give you a thousand if you produce her retorted Gregson.,0.1
arctic_b0056,Chinese,BWC,nat+zero_800,"I'll give a thousand if you produce her, retorted Gregson."," I'll give you a thousand if you produce her, retorted Gregson.",0.1
arctic_b0056,Hindi,SVBI,nat+nat,"I'll give a thousand if you produce her, retorted Gregson."," I'll give you a thousand if you produce her, retorted Gregson.",0.1
arctic_b0056,Hindi,SVBI,nat+nat_diff_utt,"I'll give a thousand if you produce her, retorted Gregson."," I'll give you a thousand if you produce her, retorted Gregson.",0.1
arctic_b0056,Hindi,SVBI,nat+l2_same,"I'll give a thousand if you produce her, retorted Gregson."," I'll give you a thousand if you produce her, retorted Gregson.",0.1
arctic_b0056,Hindi,SVBI,nat+interp,"I'll give a thousand if you produce her, retorted Gregson."," I'll give you a thousand if you produce her, retorted Gregson.",0.1
arctic_b0056,Hindi,SVBI,nat+noise,"I'll give a thousand if you produce her, retorted Gregson.", I'll give you,0.7
arctic_b0056,Hindi,SVBI,nat+zero_0,"I'll give a thousand if you produce her, retorted Gregson.", I'll give you a thousand if you produce her retorted Gregson.,0.1
arctic_b0056,Hindi,SVBI,nat+zero_100,"I'll give a thousand if you produce her, retorted Gregson.", I'll give you a thousand if you produce her retorted Gregson.,0.1
arctic_b0056,Hindi,SVBI,nat+zero_200,"I'll give a thousand if you produce her, retorted Gregson.", I'll give you a thousand if you produce her retorted Gregson.,0.1
arctic_b0056,Hindi,SVBI,nat+zero_400,"I'll give a thousand if you produce her, retorted Gregson.", I'll give you a thousand if you produce her retorted Gregson.,0.1
arctic_b0056,Hindi,SVBI,nat+zero_800,"I'll give a thousand if you produce her, retorted Gregson."," I'll give you a thousand if you produce her, retorted Gregson.",0.1
arctic_b0056,Korean,HJK,nat+nat,"I'll give a thousand if you produce her, retorted Gregson."," I'll give you a thousand if you produce her, retorted Gregson.",0.1
arctic_b0056,Korean,HJK,nat+nat_diff_utt,"I'll give a thousand if you produce her, retorted Gregson."," I'll give you a thousand if you produce her, retorted Gregson.",0.1
arctic_b0056,Korean,HJK,nat+l2_same,"I'll give a thousand if you produce her, retorted Gregson."," I'll give you a thousand if you produce her, retorted Gregson.",0.1
arctic_b0056,Korean,HJK,nat+interp,"I'll give a thousand if you produce her, retorted Gregson."," I'll give you a thousand if you produce her, retorted Gregson.",0.1
arctic_b0056,Korean,HJK,nat+noise,"I'll give a thousand if you produce her, retorted Gregson.", I'll give you,0.7
arctic_b0056,Korean,HJK,nat+zero_0,"I'll give a thousand if you produce her, retorted Gregson.", I'll give you a thousand if you produce her retorted Gregson.,0.1
arctic_b0056,Korean,HJK,nat+zero_100,"I'll give a thousand if you produce her, retorted Gregson.", I'll give you a thousand if you produce her retorted Gregson.,0.1
arctic_b0056,Korean,HJK,nat+zero_200,"I'll give a thousand if you produce her, retorted Gregson.", I'll give you a thousand if you produce her retorted Gregson.,0.1
arctic_b0056,Korean,HJK,nat+zero_400,"I'll give a thousand if you produce her, retorted Gregson.", I'll give you a thousand if you produce her retorted Gregson.,0.1
arctic_b0056,Korean,HJK,nat+zero_800,"I'll give a thousand if you produce her, retorted Gregson."," I'll give you a thousand if you produce her, retorted Gregson.",0.1
arctic_b0056,Spanish,EBVS,nat+nat,"I'll give a thousand if you produce her, retorted Gregson."," I'll give you a thousand if you produce her, retorted Gregson.",0.1
arctic_b0056,Spanish,EBVS,nat+nat_diff_utt,"I'll give a thousand if you produce her, retorted Gregson."," I'll give you a thousand if you produce her, retorted Gregson.",0.1
arctic_b0056,Spanish,EBVS,nat+l2_same,"I'll give a thousand if you produce her, retorted Gregson."," I'll give you a thousand if you produce her, retorted Gregson.",0.1
arctic_b0056,Spanish,EBVS,nat+interp,"I'll give a thousand if you produce her, retorted Gregson."," I'll give you a thousand if you produce her, retorted Gregson.",0.1
arctic_b0056,Spanish,EBVS,nat+noise,"I'll give a thousand if you produce her, retorted Gregson.", I'll give you,0.7
arctic_b0056,Spanish,EBVS,nat+zero_0,"I'll give a thousand if you produce her, retorted Gregson.", I'll give you a thousand if you produce her retorted Gregson.,0.1
arctic_b0056,Spanish,EBVS,nat+zero_100,"I'll give a thousand if you produce her, retorted Gregson.", I'll give you a thousand if you produce her retorted Gregson.,0.1
arctic_b0056,Spanish,EBVS,nat+zero_200,"I'll give a thousand if you produce her, retorted Gregson.", I'll give you a thousand if you produce her retorted Gregson.,0.1
arctic_b0056,Spanish,EBVS,nat+zero_400,"I'll give a thousand if you produce her, retorted Gregson.", I'll give you a thousand if you produce her retorted Gregson.,0.1
arctic_b0056,Spanish,EBVS,nat+zero_800,"I'll give a thousand if you produce her, retorted Gregson."," I'll give you a thousand if you produce her, retorted Gregson.",0.1
arctic_b0056,Vietnamese,HQTV,nat+nat,"I'll give a thousand if you produce her, retorted Gregson."," I'll give you a thousand if you produce her, retorted Gregson.",0.1
arctic_b0056,Vietnamese,HQTV,nat+nat_diff_utt,"I'll give a thousand if you produce her, retorted Gregson."," I'll give you a thousand if you produce her, retorted Gregson.",0.1
arctic_b0056,Vietnamese,HQTV,nat+l2_same,"I'll give a thousand if you produce her, retorted Gregson."," I'll give you a thousand if you produce her, retorted Gregson.",0.1
arctic_b0056,Vietnamese,HQTV,nat+interp,"I'll give a thousand if you produce her, retorted Gregson."," I'll give you a thousand if you produce her, retorted Gregson.",0.1
arctic_b0056,Vietnamese,HQTV,nat+noise,"I'll give a thousand if you produce her, retorted Gregson.", I'll give you,0.7
arctic_b0056,Vietnamese,HQTV,nat+zero_0,"I'll give a thousand if you produce her, retorted Gregson.", I'll give you a thousand if you produce her retorted Gregson.,0.1
arctic_b0056,Vietnamese,HQTV,nat+zero_100,"I'll give a thousand if you produce her, retorted Gregson.", I'll give you a thousand if you produce her retorted Gregson.,0.1
arctic_b0056,Vietnamese,HQTV,nat+zero_200,"I'll give a thousand if you produce her, retorted Gregson.", I'll give you a thousand if you produce her retorted Gregson.,0.1
arctic_b0056,Vietnamese,HQTV,nat+zero_400,"I'll give a thousand if you produce her, retorted Gregson.", I'll give you a thousand if you produce her retorted Gregson.,0.1
arctic_b0056,Vietnamese,HQTV,nat+zero_800,"I'll give a thousand if you produce her, retorted Gregson."," I'll give you a thousand if you produce her, retorted Gregson.",0.1
arctic_b0064,Arabic,ZHAA,nat+nat,"I'm going down there with you, and I'm going to fight.", I'm going down there with you and I'm going to fight.,0.0
arctic_b0064,Arabic,ZHAA,nat+nat_diff_utt,"I'm going down there with you, and I'm going to fight.", I'm going down there with you and I'm going to fight.,0.0
arctic_b0064,Arabic,ZHAA,nat+l2_same,"I'm going down there with you, and I'm going to fight.", I'm going down there with you and I'm going to fight.,0.0
arctic_b0064,Arabic,ZHAA,nat+interp,"I'm going down there with you, and I'm going to fight.", I'm going down there with you and I'm going to fight.,0.0
arctic_b0064,Arabic,ZHAA,nat+noise,"I'm going down there with you, and I'm going to fight.", I'm going,0.8181818181818182
arctic_b0064,Arabic,ZHAA,nat+zero_0,"I'm going down there with you, and I'm going to fight.", I'm going down there with you and I'm going to fight.,0.0
arctic_b0064,Arabic,ZHAA,nat+zero_100,"I'm going down there with you, and I'm going to fight.", I'm going down there with you and I'm going to fight.,0.0
arctic_b0064,Arabic,ZHAA,nat+zero_200,"I'm going down there with you, and I'm going to fight.", I'm going down there with you and I'm going to fight.,0.0
arctic_b0064,Arabic,ZHAA,nat+zero_400,"I'm going down there with you, and I'm going to fight.", I'm going down there with you and I'm going to fight.,0.0
arctic_b0064,Arabic,ZHAA,nat+zero_800,"I'm going down there with you, and I'm going to fight.", I'm going down there with you and I'm going to fight.,0.0
arctic_b0064,Chinese,BWC,nat+nat,"I'm going down there with you, and I'm going to fight.", I'm going down there with you and I'm going to fight.,0.0
arctic_b0064,Chinese,BWC,nat+nat_diff_utt,"I'm going down there with you, and I'm going to fight.", I'm going down there with you and I'm going to fight.,0.0
arctic_b0064,Chinese,BWC,nat+l2_same,"I'm going down there with you, and I'm going to fight.", I'm going down there with you and I'm going to fight.,0.0
arctic_b0064,Chinese,BWC,nat+interp,"I'm going down there with you, and I'm going to fight.", I'm going down there with you and I'm going to fight.,0.0
arctic_b0064,Chinese,BWC,nat+noise,"I'm going down there with you, and I'm going to fight.", I'm going,0.8181818181818182
arctic_b0064,Chinese,BWC,nat+zero_0,"I'm going down there with you, and I'm going to fight.", I'm going down there with you and I'm going to fight.,0.0
arctic_b0064,Chinese,BWC,nat+zero_100,"I'm going down there with you, and I'm going to fight.", I'm going down there with you and I'm going to fight.,0.0
arctic_b0064,Chinese,BWC,nat+zero_200,"I'm going down there with you, and I'm going to fight.", I'm going down there with you and I'm going to fight.,0.0
arctic_b0064,Chinese,BWC,nat+zero_400,"I'm going down there with you, and I'm going to fight.", I'm going down there with you and I'm going to fight.,0.0
arctic_b0064,Chinese,BWC,nat+zero_800,"I'm going down there with you, and I'm going to fight.", I'm going down there with you and I'm going to fight.,0.0
arctic_b0064,Hindi,SVBI,nat+nat,"I'm going down there with you, and I'm going to fight.", I'm going down there with you and I'm going to fight.,0.0
arctic_b0064,Hindi,SVBI,nat+nat_diff_utt,"I'm going down there with you, and I'm going to fight.", I'm going down there with you and I'm going to fight.,0.0
arctic_b0064,Hindi,SVBI,nat+l2_same,"I'm going down there with you, and I'm going to fight.", I'm going down there with you and I'm going to fight.,0.0
arctic_b0064,Hindi,SVBI,nat+interp,"I'm going down there with you, and I'm going to fight.", I'm going down there with you and I'm going to fight.,0.0
arctic_b0064,Hindi,SVBI,nat+noise,"I'm going down there with you, and I'm going to fight.", I'm going,0.8181818181818182
arctic_b0064,Hindi,SVBI,nat+zero_0,"I'm going down there with you, and I'm going to fight.", I'm going down there with you and I'm going to fight.,0.0
arctic_b0064,Hindi,SVBI,nat+zero_100,"I'm going down there with you, and I'm going to fight.", I'm going down there with you and I'm going to fight.,0.0
arctic_b0064,Hindi,SVBI,nat+zero_200,"I'm going down there with you, and I'm going to fight.", I'm going down there with you and I'm going to fight.,0.0
arctic_b0064,Hindi,SVBI,nat+zero_400,"I'm going down there with you, and I'm going to fight.", I'm going down there with you and I'm going to fight.,0.0
arctic_b0064,Hindi,SVBI,nat+zero_800,"I'm going down there with you, and I'm going to fight.", I'm going down there with you and I'm going to fight.,0.0
arctic_b0064,Korean,HJK,nat+nat,"I'm going down there with you, and I'm going to fight.", I'm going down there with you and I'm going to fight.,0.0
arctic_b0064,Korean,HJK,nat+nat_diff_utt,"I'm going down there with you, and I'm going to fight.", I'm going down there with you and I'm going to fight.,0.0
arctic_b0064,Korean,HJK,nat+l2_same,"I'm going down there with you, and I'm going to fight.", I'm going down there with you and I'm going to fight.,0.0
arctic_b0064,Korean,HJK,nat+interp,"I'm going down there with you, and I'm going to fight.", I'm going down there with you and I'm going to fight.,0.0
arctic_b0064,Korean,HJK,nat+noise,"I'm going down there with you, and I'm going to fight.", I'm going,0.8181818181818182
arctic_b0064,Korean,HJK,nat+zero_0,"I'm going down there with you, and I'm going to fight.", I'm going down there with you and I'm going to fight.,0.0
arctic_b0064,Korean,HJK,nat+zero_100,"I'm going down there with you, and I'm going to fight.", I'm going down there with you and I'm going to fight.,0.0
arctic_b0064,Korean,HJK,nat+zero_200,"I'm going down there with you, and I'm going to fight.", I'm going down there with you and I'm going to fight.,0.0
arctic_b0064,Korean,HJK,nat+zero_400,"I'm going down there with you, and I'm going to fight.", I'm going down there with you and I'm going to fight.,0.0
arctic_b0064,Korean,HJK,nat+zero_800,"I'm going down there with you, and I'm going to fight.", I'm going down there with you and I'm going to fight.,0.0
arctic_b0064,Spanish,EBVS,nat+nat,"I'm going down there with you, and I'm going to fight.", I'm going down there with you and I'm going to fight.,0.0
arctic_b0064,Spanish,EBVS,nat+nat_diff_utt,"I'm going down there with you, and I'm going to fight.", I'm going down there with you and I'm going to fight.,0.0
arctic_b0064,Spanish,EBVS,nat+l2_same,"I'm going down there with you, and I'm going to fight.", I'm going down there with you and I'm going to fight.,0.0
arctic_b0064,Spanish,EBVS,nat+interp,"I'm going down there with you, and I'm going to fight.", I'm going down there with you and I'm going to fight.,0.0
arctic_b0064,Spanish,EBVS,nat+noise,"I'm going down there with you, and I'm going to fight.", I'm going,0.8181818181818182
arctic_b0064,Spanish,EBVS,nat+zero_0,"I'm going down there with you, and I'm going to fight.", I'm going down there with you and I'm going to fight.,0.0
arctic_b0064,Spanish,EBVS,nat+zero_100,"I'm going down there with you, and I'm going to fight.", I'm going down there with you and I'm going to fight.,0.0
arctic_b0064,Spanish,EBVS,nat+zero_200,"I'm going down there with you, and I'm going to fight.", I'm going down there with you and I'm going to fight.,0.0
arctic_b0064,Spanish,EBVS,nat+zero_400,"I'm going down there with you, and I'm going to fight.", I'm going down there with you and I'm going to fight.,0.0
arctic_b0064,Spanish,EBVS,nat+zero_800,"I'm going down there with you, and I'm going to fight.", I'm going down there with you and I'm going to fight.,0.0
arctic_b0064,Vietnamese,HQTV,nat+nat,"I'm going down there with you, and I'm going to fight.", I'm going down there with you and I'm going to fight.,0.0
arctic_b0064,Vietnamese,HQTV,nat+nat_diff_utt,"I'm going down there with you, and I'm going to fight.", I'm going down there with you and I'm going to fight.,0.0
arctic_b0064,Vietnamese,HQTV,nat+l2_same,"I'm going down there with you, and I'm going to fight.", I'm going down there with you and I'm going to fight.,0.0
arctic_b0064,Vietnamese,HQTV,nat+interp,"I'm going down there with you, and I'm going to fight.", I'm going down there with you and I'm going to fight.,0.0
arctic_b0064,Vietnamese,HQTV,nat+noise,"I'm going down there with you, and I'm going to fight.", I'm going,0.8181818181818182
arctic_b0064,Vietnamese,HQTV,nat+zero_0,"I'm going down there with you, and I'm going to fight.", I'm going down there with you and I'm going to fight.,0.0
arctic_b0064,Vietnamese,HQTV,nat+zero_100,"I'm going down there with you, and I'm going to fight.", I'm going down there with you and I'm going to fight.,0.0
arctic_b0064,Vietnamese,HQTV,nat+zero_200,"I'm going down there with you, and I'm going to fight.", I'm going down there with you and I'm going to fight.,0.0
arctic_b0064,Vietnamese,HQTV,nat+zero_400,"I'm going down there with you, and I'm going to fight.", I'm going down there with you and I'm going to fight.,0.0
arctic_b0064,Vietnamese,HQTV,nat+zero_800,"I'm going down there with you, and I'm going to fight.", I'm going down there with you and I'm going to fight.,0.0
arctic_b0070,Arabic,ZHAA,nat+nat,There was no chance to fire without hitting him., there was no chance to fire without hitting him.,0.0
arctic_b0070,Arabic,ZHAA,nat+nat_diff_utt,There was no chance to fire without hitting him., there was no chance to fire without hitting him.,0.0
arctic_b0070,Arabic,ZHAA,nat+l2_same,There was no chance to fire without hitting him., there was no chance to fire without hitting him.,0.0
arctic_b0070,Arabic,ZHAA,nat+interp,There was no chance to fire without hitting him., There was no chance to fire without hitting him.,0.0
arctic_b0070,Arabic,ZHAA,nat+noise,There was no chance to fire without hitting him., There was no,0.6666666666666666
arctic_b0070,Arabic,ZHAA,nat+zero_0,There was no chance to fire without hitting him., There was no chance to fire without hitting him.,0.0
arctic_b0070,Arabic,ZHAA,nat+zero_100,There was no chance to fire without hitting him., There was no chance to fire without hitting him.,0.0
arctic_b0070,Arabic,ZHAA,nat+zero_200,There was no chance to fire without hitting him., There was no chance to fire without hitting him.,0.0
arctic_b0070,Arabic,ZHAA,nat+zero_400,There was no chance to fire without hitting him., There was no chance to fire without hitting him.,0.0
arctic_b0070,Arabic,ZHAA,nat+zero_800,There was no chance to fire without hitting him., There was no chance to fire without hitting him.,0.0
arctic_b0070,Chinese,BWC,nat+nat,There was no chance to fire without hitting him., there was no chance to fire without hitting him.,0.0
arctic_b0070,Chinese,BWC,nat+nat_diff_utt,There was no chance to fire without hitting him., there was no chance to fire without hitting him.,0.0
arctic_b0070,Chinese,BWC,nat+l2_same,There was no chance to fire without hitting him., There was no chance to fire without hitting him.,0.0
arctic_b0070,Chinese,BWC,nat+interp,There was no chance to fire without hitting him., there was no chance to fire without hitting him.,0.0
arctic_b0070,Chinese,BWC,nat+noise,There was no chance to fire without hitting him., There was no,0.6666666666666666
arctic_b0070,Chinese,BWC,nat+zero_0,There was no chance to fire without hitting him., There was no chance to fire without hitting him.,0.0
arctic_b0070,Chinese,BWC,nat+zero_100,There was no chance to fire without hitting him., There was no chance to fire without hitting him.,0.0
arctic_b0070,Chinese,BWC,nat+zero_200,There was no chance to fire without hitting him., There was no chance to fire without hitting him.,0.0
arctic_b0070,Chinese,BWC,nat+zero_400,There was no chance to fire without hitting him., There was no chance to fire without hitting him.,0.0
arctic_b0070,Chinese,BWC,nat+zero_800,There was no chance to fire without hitting him., There was no chance to fire without hitting him.,0.0
arctic_b0070,Hindi,SVBI,nat+nat,There was no chance to fire without hitting him., there was no chance to fire without hitting him.,0.0
arctic_b0070,Hindi,SVBI,nat+nat_diff_utt,There was no chance to fire without hitting him., there was no chance to fire without hitting him.,0.0
arctic_b0070,Hindi,SVBI,nat+l2_same,There was no chance to fire without hitting him., there was no chance to fire without hitting him.,0.0
arctic_b0070,Hindi,SVBI,nat+interp,There was no chance to fire without hitting him., there was no chance to fire without hitting him.,0.0
arctic_b0070,Hindi,SVBI,nat+noise,There was no chance to fire without hitting him., There was no,0.6666666666666666
arctic_b0070,Hindi,SVBI,nat+zero_0,There was no chance to fire without hitting him., There was no chance to fire without hitting him.,0.0
arctic_b0070,Hindi,SVBI,nat+zero_100,There was no chance to fire without hitting him., There was no chance to fire without hitting him.,0.0
arctic_b0070,Hindi,SVBI,nat+zero_200,There was no chance to fire without hitting him., There was no chance to fire without hitting him.,0.0
arctic_b0070,Hindi,SVBI,nat+zero_400,There was no chance to fire without hitting him., There was no chance to fire without hitting him.,0.0
arctic_b0070,Hindi,SVBI,nat+zero_800,There was no chance to fire without hitting him., There was no chance to fire without hitting him.,0.0
arctic_b0070,Korean,HJK,nat+nat,There was no chance to fire without hitting him., there was no chance to fire without hitting him.,0.0
arctic_b0070,Korean,HJK,nat+nat_diff_utt,There was no chance to fire without hitting him., there was no chance to fire without hitting him.,0.0
arctic_b0070,Korean,HJK,nat+l2_same,There was no chance to fire without hitting him., there was no chance to fire without hitting him.,0.0
arctic_b0070,Korean,HJK,nat+interp,There was no chance to fire without hitting him., There was no chance to fire without hitting him.,0.0
arctic_b0070,Korean,HJK,nat+noise,There was no chance to fire without hitting him., There was no,0.6666666666666666
arctic_b0070,Korean,HJK,nat+zero_0,There was no chance to fire without hitting him., There was no chance to fire without hitting him.,0.0
arctic_b0070,Korean,HJK,nat+zero_100,There was no chance to fire without hitting him., There was no chance to fire without hitting him.,0.0
arctic_b0070,Korean,HJK,nat+zero_200,There was no chance to fire without hitting him., There was no chance to fire without hitting him.,0.0
arctic_b0070,Korean,HJK,nat+zero_400,There was no chance to fire without hitting him., There was no chance to fire without hitting him.,0.0
arctic_b0070,Korean,HJK,nat+zero_800,There was no chance to fire without hitting him., There was no chance to fire without hitting him.,0.0
arctic_b0070,Spanish,EBVS,nat+nat,There was no chance to fire without hitting him., there was no chance to fire without hitting him.,0.0
arctic_b0070,Spanish,EBVS,nat+nat_diff_utt,There was no chance to fire without hitting him., there was no chance to fire without hitting him.,0.0
arctic_b0070,Spanish,EBVS,nat+l2_same,There was no chance to fire without hitting him., there was no chance to fire without hitting him.,0.0
arctic_b0070,Spanish,EBVS,nat+interp,There was no chance to fire without hitting him., there was no chance to fire without hitting him.,0.0
arctic_b0070,Spanish,EBVS,nat+noise,There was no chance to fire without hitting him., There was no,0.6666666666666666
arctic_b0070,Spanish,EBVS,nat+zero_0,There was no chance to fire without hitting him., There was no chance to fire without hitting him.,0.0
arctic_b0070,Spanish,EBVS,nat+zero_100,There was no chance to fire without hitting him., There was no chance to fire without hitting him.,0.0
arctic_b0070,Spanish,EBVS,nat+zero_200,There was no chance to fire without hitting him., There was no chance to fire without hitting him.,0.0
arctic_b0070,Spanish,EBVS,nat+zero_400,There was no chance to fire without hitting him., There was no chance to fire without hitting him.,0.0
arctic_b0070,Spanish,EBVS,nat+zero_800,There was no chance to fire without hitting him., There was no chance to fire without hitting him.,0.0
arctic_b0070,Vietnamese,HQTV,nat+nat,There was no chance to fire without hitting him., there was no chance to fire without hitting him.,0.0
arctic_b0070,Vietnamese,HQTV,nat+nat_diff_utt,There was no chance to fire without hitting him., there was no chance to fire without hitting him.,0.0
arctic_b0070,Vietnamese,HQTV,nat+l2_same,There was no chance to fire without hitting him., there was no chance to fire without hitting him.,0.0
arctic_b0070,Vietnamese,HQTV,nat+interp,There was no chance to fire without hitting him., There was no chance to fire without hitting him.,0.0
arctic_b0070,Vietnamese,HQTV,nat+noise,There was no chance to fire without hitting him., There was no,0.6666666666666666
arctic_b0070,Vietnamese,HQTV,nat+zero_0,There was no chance to fire without hitting him., There was no chance to fire without hitting him.,0.0
arctic_b0070,Vietnamese,HQTV,nat+zero_100,There was no chance to fire without hitting him., There was no chance to fire without hitting him.,0.0
arctic_b0070,Vietnamese,HQTV,nat+zero_200,There was no chance to fire without hitting him., There was no chance to fire without hitting him.,0.0
arctic_b0070,Vietnamese,HQTV,nat+zero_400,There was no chance to fire without hitting him., There was no chance to fire without hitting him.,0.0
arctic_b0070,Vietnamese,HQTV,nat+zero_800,There was no chance to fire without hitting him., There was no chance to fire without hitting him.,0.0
arctic_b0092,Arabic,ZHAA,nat+nat,I want to die in it., I want to die in it.,0.0
arctic_b0092,Arabic,ZHAA,nat+nat_diff_utt,I want to die in it., I want to die in it.,0.0
arctic_b0092,Arabic,ZHAA,nat+l2_same,I want to die in it., I want to die in it.,0.0
arctic_b0092,Arabic,ZHAA,nat+interp,I want to die in it., I want to die in it.,0.0
arctic_b0092,Arabic,ZHAA,nat+noise,I want to die in it., I want,0.6666666666666666
arctic_b0092,Arabic,ZHAA,nat+zero_0,I want to die in it., I want to die in it.,0.0
arctic_b0092,Arabic,ZHAA,nat+zero_100,I want to die in it., I want to die in it.,0.0
arctic_b0092,Arabic,ZHAA,nat+zero_200,I want to die in it., I want to die in it.,0.0
arctic_b0092,Arabic,ZHAA,nat+zero_400,I want to die in it., I want to die in it.,0.0
arctic_b0092,Arabic,ZHAA,nat+zero_800,I want to die in it., I want to die in it.,0.0
arctic_b0092,Chinese,BWC,nat+nat,I want to die in it., I want to die in it.,0.0
arctic_b0092,Chinese,BWC,nat+nat_diff_utt,I want to die in it., I want to die in it.,0.0
arctic_b0092,Chinese,BWC,nat+l2_same,I want to die in it., I want to die in it.,0.0
arctic_b0092,Chinese,BWC,nat+interp,I want to die in it., I want to die in it.,0.0
arctic_b0092,Chinese,BWC,nat+noise,I want to die in it., I want,0.6666666666666666
arctic_b0092,Chinese,BWC,nat+zero_0,I want to die in it., I want to die in it.,0.0
arctic_b0092,Chinese,BWC,nat+zero_100,I want to die in it., I want to die in it.,0.0
arctic_b0092,Chinese,BWC,nat+zero_200,I want to die in it., I want to die in it.,0.0
arctic_b0092,Chinese,BWC,nat+zero_400,I want to die in it., I want to die in it.,0.0
arctic_b0092,Chinese,BWC,nat+zero_800,I want to die in it., I want to die in it.,0.0
arctic_b0092,Hindi,SVBI,nat+nat,I want to die in it., I want to die in it.,0.0
arctic_b0092,Hindi,SVBI,nat+nat_diff_utt,I want to die in it., I want to die in it.,0.0
arctic_b0092,Hindi,SVBI,nat+l2_same,I want to die in it., I want to die in it.,0.0
arctic_b0092,Hindi,SVBI,nat+interp,I want to die in it., I want to die in it.,0.0
arctic_b0092,Hindi,SVBI,nat+noise,I want to die in it., I want,0.6666666666666666
arctic_b0092,Hindi,SVBI,nat+zero_0,I want to die in it., I want to die in it.,0.0
arctic_b0092,Hindi,SVBI,nat+zero_100,I want to die in it., I want to die in it.,0.0
arctic_b0092,Hindi,SVBI,nat+zero_200,I want to die in it., I want to die in it.,0.0
arctic_b0092,Hindi,SVBI,nat+zero_400,I want to die in it., I want to die in it.,0.0
arctic_b0092,Hindi,SVBI,nat+zero_800,I want to die in it., I want to die in it.,0.0
arctic_b0092,Korean,HJK,nat+nat,I want to die in it., I want to die in it.,0.0
arctic_b0092,Korean,HJK,nat+nat_diff_utt,I want to die in it., I want to die in it.,0.0
arctic_b0092,Korean,HJK,nat+l2_same,I want to die in it., I want to die in it.,0.0
arctic_b0092,Korean,HJK,nat+interp,I want to die in it., I want to die in it.,0.0
arctic_b0092,Korean,HJK,nat+noise,I want to die in it., I want,0.6666666666666666
arctic_b0092,Korean,HJK,nat+zero_0,I want to die in it., I want to die in it.,0.0
arctic_b0092,Korean,HJK,nat+zero_100,I want to die in it., I want to die in it.,0.0
arctic_b0092,Korean,HJK,nat+zero_200,I want to die in it., I want to die in it.,0.0
arctic_b0092,Korean,HJK,nat+zero_400,I want to die in it., I want to die in it.,0.0
arctic_b0092,Korean,HJK,nat+zero_800,I want to die in it., I want to die in it.,0.0
arctic_b0092,Spanish,EBVS,nat+nat,I want to die in it., I want to die in it.,0.0
arctic_b0092,Spanish,EBVS,nat+nat_diff_utt,I want to die in it., I want to die in it.,0.0
arctic_b0092,Spanish,EBVS,nat+l2_same,I want to die in it., I want to die in it.,0.0
arctic_b0092,Spanish,EBVS,nat+interp,I want to die in it., I want to die in it.,0.0
arctic_b0092,Spanish,EBVS,nat+noise,I want to die in it., I want,0.6666666666666666
arctic_b0092,Spanish,EBVS,nat+zero_0,I want to die in it., I want to die in it.,0.0
arctic_b0092,Spanish,EBVS,nat+zero_100,I want to die in it., I want to die in it.,0.0
arctic_b0092,Spanish,EBVS,nat+zero_200,I want to die in it., I want to die in it.,0.0
arctic_b0092,Spanish,EBVS,nat+zero_400,I want to die in it., I want to die in it.,0.0
arctic_b0092,Spanish,EBVS,nat+zero_800,I want to die in it., I want to die in it.,0.0
arctic_b0092,Vietnamese,HQTV,nat+nat,I want to die in it., I want to die in it.,0.0
arctic_b0092,Vietnamese,HQTV,nat+nat_diff_utt,I want to die in it., I want to die in it.,0.0
arctic_b0092,Vietnamese,HQTV,nat+l2_same,I want to die in it., I want to die in it.,0.0
arctic_b0092,Vietnamese,HQTV,nat+interp,I want to die in it., I want to die in it.,0.0
arctic_b0092,Vietnamese,HQTV,nat+noise,I want to die in it., I want,0.6666666666666666
arctic_b0092,Vietnamese,HQTV,nat+zero_0,I want to die in it., I want to die in it.,0.0
arctic_b0092,Vietnamese,HQTV,nat+zero_100,I want to die in it., I want to die in it.,0.0
arctic_b0092,Vietnamese,HQTV,nat+zero_200,I want to die in it., I want to die in it.,0.0
arctic_b0092,Vietnamese,HQTV,nat+zero_400,I want to die in it., I want to die in it.,0.0
arctic_b0092,Vietnamese,HQTV,nat+zero_800,I want to die in it., I want to die in it.,0.0
arctic_b0114,Arabic,ZHAA,nat+nat,"He moved his position, and the illusion was gone.", He moved his position and the illusion was gone.,0.0
arctic_b0114,Arabic,ZHAA,nat+nat_diff_utt,"He moved his position, and the illusion was gone.", he moved his position and the illusion was gone.,0.0
arctic_b0114,Arabic,ZHAA,nat+l2_same,"He moved his position, and the illusion was gone.", He moved his position and the illusion was gone.,0.0
arctic_b0114,Arabic,ZHAA,nat+interp,"He moved his position, and the illusion was gone.", He moved his position and the illusion was gone.,0.0
arctic_b0114,Arabic,ZHAA,nat+noise,"He moved his position, and the illusion was gone.", He moved his,0.6666666666666666
arctic_b0114,Arabic,ZHAA,nat+zero_0,"He moved his position, and the illusion was gone.", He moved his position and the illusion was gone.,0.0
arctic_b0114,Arabic,ZHAA,nat+zero_100,"He moved his position, and the illusion was gone.", He moved his position and the illusion was gone.,0.0
arctic_b0114,Arabic,ZHAA,nat+zero_200,"He moved his position, and the illusion was gone.", He moved his position and the illusion was gone.,0.0
arctic_b0114,Arabic,ZHAA,nat+zero_400,"He moved his position, and the illusion was gone.", He moved his position and the illusion was gone.,0.0
arctic_b0114,Arabic,ZHAA,nat+zero_800,"He moved his position, and the illusion was gone.", He moved his position and the illusion was gone.,0.0
arctic_b0114,Chinese,BWC,nat+nat,"He moved his position, and the illusion was gone.", He moved his position and the illusion was gone.,0.0
arctic_b0114,Chinese,BWC,nat+nat_diff_utt,"He moved his position, and the illusion was gone.", he moved his position and the illusion was gone.,0.0
arctic_b0114,Chinese,BWC,nat+l2_same,"He moved his position, and the illusion was gone.", He moved his position and the illusion was gone.,0.0
arctic_b0114,Chinese,BWC,nat+interp,"He moved his position, and the illusion was gone.", He moved his position and the illusion was gone.,0.0
arctic_b0114,Chinese,BWC,nat+noise,"He moved his position, and the illusion was gone.", He moved his,0.6666666666666666
arctic_b0114,Chinese,BWC,nat+zero_0,"He moved his position, and the illusion was gone.", He moved his position and the illusion was gone.,0.0
arctic_b0114,Chinese,BWC,nat+zero_100,"He moved his position, and the illusion was gone.", He moved his position and the illusion was gone.,0.0
arctic_b0114,Chinese,BWC,nat+zero_200,"He moved his position, and the illusion was gone.", He moved his position and the illusion was gone.,0.0
arctic_b0114,Chinese,BWC,nat+zero_400,"He moved his position, and the illusion was gone.", He moved his position and the illusion was gone.,0.0
arctic_b0114,Chinese,BWC,nat+zero_800,"He moved his position, and the illusion was gone.", He moved his position and the illusion was gone.,0.0
arctic_b0114,Hindi,SVBI,nat+nat,"He moved his position, and the illusion was gone.", He moved his position and the illusion was gone.,0.0
arctic_b0114,Hindi,SVBI,nat+nat_diff_utt,"He moved his position, and the illusion was gone.", he moved his position and the illusion was gone.,0.0
arctic_b0114,Hindi,SVBI,nat+l2_same,"He moved his position, and the illusion was gone.", He moved his position and the illusion was gone.,0.0
arctic_b0114,Hindi,SVBI,nat+interp,"He moved his position, and the illusion was gone.", He moved his position and the illusion was gone.,0.0
arctic_b0114,Hindi,SVBI,nat+noise,"He moved his position, and the illusion was gone.", He moved his,0.6666666666666666
arctic_b0114,Hindi,SVBI,nat+zero_0,"He moved his position, and the illusion was gone.", He moved his position and the illusion was gone.,0.0
arctic_b0114,Hindi,SVBI,nat+zero_100,"He moved his position, and the illusion was gone.", He moved his position and the illusion was gone.,0.0
arctic_b0114,Hindi,SVBI,nat+zero_200,"He moved his position, and the illusion was gone.", He moved his position and the illusion was gone.,0.0
arctic_b0114,Hindi,SVBI,nat+zero_400,"He moved his position, and the illusion was gone.", He moved his position and the illusion was gone.,0.0
arctic_b0114,Hindi,SVBI,nat+zero_800,"He moved his position, and the illusion was gone.", He moved his position and the illusion was gone.,0.0
arctic_b0114,Korean,HJK,nat+nat,"He moved his position, and the illusion was gone.", He moved his position and the illusion was gone.,0.0
arctic_b0114,Korean,HJK,nat+nat_diff_utt,"He moved his position, and the illusion was gone.", he moved his position and the illusion was gone.,0.0
arctic_b0114,Korean,HJK,nat+l2_same,"He moved his position, and the illusion was gone.", he moved his position and the illusion was gone.,0.0
arctic_b0114,Korean,HJK,nat+interp,"He moved his position, and the illusion was gone.", He moved his position and the illusion was gone.,0.0
arctic_b0114,Korean,HJK,nat+noise,"He moved his position, and the illusion was gone.", He moved his,0.6666666666666666
arctic_b0114,Korean,HJK,nat+zero_0,"He moved his position, and the illusion was gone.", He moved his position and the illusion was gone.,0.0
arctic_b0114,Korean,HJK,nat+zero_100,"He moved his position, and the illusion was gone.", He moved his position and the illusion was gone.,0.0
arctic_b0114,Korean,HJK,nat+zero_200,"He moved his position, and the illusion was gone.", He moved his position and the illusion was gone.,0.0
arctic_b0114,Korean,HJK,nat+zero_400,"He moved his position, and the illusion was gone.", He moved his position and the illusion was gone.,0.0
arctic_b0114,Korean,HJK,nat+zero_800,"He moved his position, and the illusion was gone.", He moved his position and the illusion was gone.,0.0
arctic_b0114,Spanish,EBVS,nat+nat,"He moved his position, and the illusion was gone.", He moved his position and the illusion was gone.,0.0
arctic_b0114,Spanish,EBVS,nat+nat_diff_utt,"He moved his position, and the illusion was gone.", he moved his position and the illusion was gone.,0.0
arctic_b0114,Spanish,EBVS,nat+l2_same,"He moved his position, and the illusion was gone.", He moved his position and the illusion was gone.,0.0
arctic_b0114,Spanish,EBVS,nat+interp,"He moved his position, and the illusion was gone.", He moved his position and the illusion was gone.,0.0
arctic_b0114,Spanish,EBVS,nat+noise,"He moved his position, and the illusion was gone.", He moved his,0.6666666666666666
arctic_b0114,Spanish,EBVS,nat+zero_0,"He moved his position, and the illusion was gone.", He moved his position and the illusion was gone.,0.0
arctic_b0114,Spanish,EBVS,nat+zero_100,"He moved his position, and the illusion was gone.", He moved his position and the illusion was gone.,0.0
arctic_b0114,Spanish,EBVS,nat+zero_200,"He moved his position, and the illusion was gone.", He moved his position and the illusion was gone.,0.0
arctic_b0114,Spanish,EBVS,nat+zero_400,"He moved his position, and the illusion was gone.", He moved his position and the illusion was gone.,0.0
arctic_b0114,Spanish,EBVS,nat+zero_800,"He moved his position, and the illusion was gone.", He moved his position and the illusion was gone.,0.0
arctic_b0114,Vietnamese,HQTV,nat+nat,"He moved his position, and the illusion was gone.", He moved his position and the illusion was gone.,0.0
arctic_b0114,Vietnamese,HQTV,nat+nat_diff_utt,"He moved his position, and the illusion was gone.", he moved his position and the illusion was gone.,0.0
arctic_b0114,Vietnamese,HQTV,nat+l2_same,"He moved his position, and the illusion was gone.", He moved his position and the illusion was gone.,0.0
arctic_b0114,Vietnamese,HQTV,nat+interp,"He moved his position, and the illusion was gone.", He moved his position and the illusion was gone.,0.0
arctic_b0114,Vietnamese,HQTV,nat+noise,"He moved his position, and the illusion was gone.", He moved his,0.6666666666666666
arctic_b0114,Vietnamese,HQTV,nat+zero_0,"He moved his position, and the illusion was gone.", He moved his position and the illusion was gone.,0.0
arctic_b0114,Vietnamese,HQTV,nat+zero_100,"He moved his position, and the illusion was gone.", He moved his position and the illusion was gone.,0.0
arctic_b0114,Vietnamese,HQTV,nat+zero_200,"He moved his position, and the illusion was gone.", He moved his position and the illusion was gone.,0.0
arctic_b0114,Vietnamese,HQTV,nat+zero_400,"He moved his position, and the illusion was gone.", He moved his position and the illusion was gone.,0.0
arctic_b0114,Vietnamese,HQTV,nat+zero_800,"He moved his position, and the illusion was gone.", He moved his position and the illusion was gone.,0.0
arctic_b0132,Arabic,ZHAA,nat+nat,"There is no need of further detail, now -- for you can understand."," If there is no need of further detail now, for you can understand.",0.08333333333333333
arctic_b0132,Arabic,ZHAA,nat+nat_diff_utt,"There is no need of further detail, now -- for you can understand."," There is no need of further detail now, for you can understand.",0.0
arctic_b0132,Arabic,ZHAA,nat+l2_same,"There is no need of further detail, now -- for you can understand."," There is no need of further detail now, for you can understand.",0.0
arctic_b0132,Arabic,ZHAA,nat+interp,"There is no need of further detail, now -- for you can understand.", If there is no need of further detail now for you can understand.,0.08333333333333333
arctic_b0132,Arabic,ZHAA,nat+noise,"There is no need of further detail, now -- for you can understand.", If there is,0.9166666666666666
arctic_b0132,Arabic,ZHAA,nat+zero_0,"There is no need of further detail, now -- for you can understand."," If there is no need of further detail now, for you can understand.",0.08333333333333333
arctic_b0132,Arabic,ZHAA,nat+zero_100,"There is no need of further detail, now -- for you can understand."," If there is no need of further detail now, for you can understand.",0.08333333333333333
arctic_b0132,Arabic,ZHAA,nat+zero_200,"There is no need of further detail, now -- for you can understand."," If there is no need of further detail now, for you can understand.",0.08333333333333333
arctic_b0132,Arabic,ZHAA,nat+zero_400,"There is no need of further detail, now -- for you can understand."," There is no need of further detail now, for you can understand.",0.0
arctic_b0132,Arabic,ZHAA,nat+zero_800,"There is no need of further detail, now -- for you can understand."," There is no need of further detail now, for you can understand.",0.0
arctic_b0132,Chinese,BWC,nat+nat,"There is no need of further detail, now -- for you can understand."," If there is no need of further detail now, for you can understand.",0.08333333333333333
arctic_b0132,Chinese,BWC,nat+nat_diff_utt,"There is no need of further detail, now -- for you can understand."," There is no need of further detail now, for you can understand.",0.0
arctic_b0132,Chinese,BWC,nat+l2_same,"There is no need of further detail, now -- for you can understand."," There is no need of further detail now, for you can understand.",0.0
arctic_b0132,Chinese,BWC,nat+interp,"There is no need of further detail, now -- for you can understand."," If there is no need of further detail now, for you can understand.",0.08333333333333333
arctic_b0132,Chinese,BWC,nat+noise,"There is no need of further detail, now -- for you can understand.", If there is,0.9166666666666666
arctic_b0132,Chinese,BWC,nat+zero_0,"There is no need of further detail, now -- for you can understand."," If there is no need of further detail now, for you can understand.",0.08333333333333333
arctic_b0132,Chinese,BWC,nat+zero_100,"There is no need of further detail, now -- for you can understand."," If there is no need of further detail now, for you can understand.",0.08333333333333333
arctic_b0132,Chinese,BWC,nat+zero_200,"There is no need of further detail, now -- for you can understand."," If there is no need of further detail now, for you can understand.",0.08333333333333333
arctic_b0132,Chinese,BWC,nat+zero_400,"There is no need of further detail, now -- for you can understand."," There is no need of further detail now, for you can understand.",0.0
arctic_b0132,Chinese,BWC,nat+zero_800,"There is no need of further detail, now -- for you can understand."," There is no need of further detail now, for you can understand.",0.0
arctic_b0132,Hindi,SVBI,nat+nat,"There is no need of further detail, now -- for you can understand."," If there is no need of further detail now, for you can understand.",0.08333333333333333
arctic_b0132,Hindi,SVBI,nat+nat_diff_utt,"There is no need of further detail, now -- for you can understand."," There is no need of further detail now, for you can understand.",0.0
arctic_b0132,Hindi,SVBI,nat+l2_same,"There is no need of further detail, now -- for you can understand."," There is no need of further detail now, for you can understand.",0.0
arctic_b0132,Hindi,SVBI,nat+interp,"There is no need of further detail, now -- for you can understand."," If there is no need of further detail now, for you can understand.",0.08333333333333333
arctic_b0132,Hindi,SVBI,nat+noise,"There is no need of further detail, now -- for you can understand.", If there is,0.9166666666666666
arctic_b0132,Hindi,SVBI,nat+zero_0,"There is no need of further detail, now -- for you can understand."," If there is no need of further detail now, for you can understand.",0.08333333333333333
arctic_b0132,Hindi,SVBI,nat+zero_100,"There is no need of further detail, now -- for you can understand."," If there is no need of further detail now, for you can understand.",0.08333333333333333
arctic_b0132,Hindi,SVBI,nat+zero_200,"There is no need of further detail, now -- for you can understand."," If there is no need of further detail now, for you can understand.",0.08333333333333333
arctic_b0132,Hindi,SVBI,nat+zero_400,"There is no need of further detail, now -- for you can understand."," There is no need of further detail now, for you can understand.",0.0
arctic_b0132,Hindi,SVBI,nat+zero_800,"There is no need of further detail, now -- for you can understand."," There is no need of further detail now, for you can understand.",0.0
arctic_b0132,Korean,HJK,nat+nat,"There is no need of further detail, now -- for you can understand."," If there is no need of further detail now, for you can understand.",0.08333333333333333
arctic_b0132,Korean,HJK,nat+nat_diff_utt,"There is no need of further detail, now -- for you can understand."," There is no need of further detail now, for you can understand.",0.0
arctic_b0132,Korean,HJK,nat+l2_same,"There is no need of further detail, now -- for you can understand."," There is no need of further detail now, for you can understand.",0.0
arctic_b0132,Korean,HJK,nat+interp,"There is no need of further detail, now -- for you can understand."," If there is no need of further detail now, for you can understand.",0.08333333333333333
arctic_b0132,Korean,HJK,nat+noise,"There is no need of further detail, now -- for you can understand.", If there is,0.9166666666666666
arctic_b0132,Korean,HJK,nat+zero_0,"There is no need of further detail, now -- for you can understand."," If there is no need of further detail now, for you can understand.",0.08333333333333333
arctic_b0132,Korean,HJK,nat+zero_100,"There is no need of further detail, now -- for you can understand."," If there is no need of further detail now, for you can understand.",0.08333333333333333
arctic_b0132,Korean,HJK,nat+zero_200,"There is no need of further detail, now -- for you can understand."," If there is no need of further detail now, for you can understand.",0.08333333333333333
arctic_b0132,Korean,HJK,nat+zero_400,"There is no need of further detail, now -- for you can understand."," There is no need of further detail now, for you can understand.",0.0
arctic_b0132,Korean,HJK,nat+zero_800,"There is no need of further detail, now -- for you can understand."," There is no need of further detail now, for you can understand.",0.0
arctic_b0132,Spanish,EBVS,nat+nat,"There is no need of further detail, now -- for you can understand."," If there is no need of further detail now, for you can understand.",0.08333333333333333
arctic_b0132,Spanish,EBVS,nat+nat_diff_utt,"There is no need of further detail, now -- for you can understand."," There is no need of further detail now, for you can understand.",0.0
arctic_b0132,Spanish,EBVS,nat+l2_same,"There is no need of further detail, now -- for you can understand."," There is no need of further detail now, for you can understand.",0.0
arctic_b0132,Spanish,EBVS,nat+interp,"There is no need of further detail, now -- for you can understand."," If there is no need of further detail now, for you can understand.",0.08333333333333333
arctic_b0132,Spanish,EBVS,nat+noise,"There is no need of further detail, now -- for you can understand.", If there is,0.9166666666666666
arctic_b0132,Spanish,EBVS,nat+zero_0,"There is no need of further detail, now -- for you can understand."," If there is no need of further detail now, for you can understand.",0.08333333333333333
arctic_b0132,Spanish,EBVS,nat+zero_100,"There is no need of further detail, now -- for you can understand."," If there is no need of further detail now, for you can understand.",0.08333333333333333
arctic_b0132,Spanish,EBVS,nat+zero_200,"There is no need of further detail, now -- for you can understand."," If there is no need of further detail now, for you can understand.",0.08333333333333333
arctic_b0132,Spanish,EBVS,nat+zero_400,"There is no need of further detail, now -- for you can understand."," There is no need of further detail now, for you can understand.",0.0
arctic_b0132,Spanish,EBVS,nat+zero_800,"There is no need of further detail, now -- for you can understand."," There is no need of further detail now, for you can understand.",0.0
arctic_b0132,Vietnamese,HQTV,nat+nat,"There is no need of further detail, now -- for you can understand."," If there is no need of further detail now, for you can understand.",0.08333333333333333
arctic_b0132,Vietnamese,HQTV,nat+nat_diff_utt,"There is no need of further detail, now -- for you can understand."," There is no need of further detail now, for you can understand.",0.0
arctic_b0132,Vietnamese,HQTV,nat+l2_same,"There is no need of further detail, now -- for you can understand."," There is no need of further detail now, for you can understand.",0.0
arctic_b0132,Vietnamese,HQTV,nat+interp,"There is no need of further detail, now -- for you can understand."," There is no need of further detail now, for you can understand.",0.0
arctic_b0132,Vietnamese,HQTV,nat+noise,"There is no need of further detail, now -- for you can understand.", If there is,0.9166666666666666
arctic_b0132,Vietnamese,HQTV,nat+zero_0,"There is no need of further detail, now -- for you can understand."," If there is no need of further detail now, for you can understand.",0.08333333333333333
arctic_b0132,Vietnamese,HQTV,nat+zero_100,"There is no need of further detail, now -- for you can understand."," If there is no need of further detail now, for you can understand.",0.08333333333333333
arctic_b0132,Vietnamese,HQTV,nat+zero_200,"There is no need of further detail, now -- for you can understand."," If there is no need of further detail now, for you can understand.",0.08333333333333333
arctic_b0132,Vietnamese,HQTV,nat+zero_400,"There is no need of further detail, now -- for you can understand."," There is no need of further detail now, for you can understand.",0.0
arctic_b0132,Vietnamese,HQTV,nat+zero_800,"There is no need of further detail, now -- for you can understand."," There is no need of further detail now, for you can understand.",0.0
arctic_b0170,Arabic,ZHAA,nat+nat,"Then he shouted, Shut up."," Then he shouted, shut up.",0.0
arctic_b0170,Arabic,ZHAA,nat+nat_diff_utt,"Then he shouted, Shut up.", then he shouted shut up.,0.0
arctic_b0170,Arabic,ZHAA,nat+l2_same,"Then he shouted, Shut up."," Then he shouted, shut up.",0.0
arctic_b0170,Arabic,ZHAA,nat+interp,"Then he shouted, Shut up."," Then he shouted, shut up.",0.0
arctic_b0170,Arabic,ZHAA,nat+noise,"Then he shouted, Shut up.", Then he,0.6
arctic_b0170,Arabic,ZHAA,nat+zero_0,"Then he shouted, Shut up.", Then he shouted shut up.,0.0
arctic_b0170,Arabic,ZHAA,nat+zero_100,"Then he shouted, Shut up.", then he shouted shut up.,0.0
arctic_b0170,Arabic,ZHAA,nat+zero_200,"Then he shouted, Shut up.", then he shouted shut up.,0.0
arctic_b0170,Arabic,ZHAA,nat+zero_400,"Then he shouted, Shut up."," Then he shouted, shut up.",0.0
arctic_b0170,Arabic,ZHAA,nat+zero_800,"Then he shouted, Shut up."," Then he shouted, shut up.",0.0
arctic_b0170,Chinese,BWC,nat+nat,"Then he shouted, Shut up."," Then he shouted, shut up.",0.0
arctic_b0170,Chinese,BWC,nat+nat_diff_utt,"Then he shouted, Shut up.", then he shouted shut up.,0.0
arctic_b0170,Chinese,BWC,nat+l2_same,"Then he shouted, Shut up."," Then he shouted, shut up.",0.0
arctic_b0170,Chinese,BWC,nat+interp,"Then he shouted, Shut up."," Then he shouted, shut up.",0.0
arctic_b0170,Chinese,BWC,nat+noise,"Then he shouted, Shut up.", Then he,0.6
arctic_b0170,Chinese,BWC,nat+zero_0,"Then he shouted, Shut up.", Then he shouted shut up.,0.0
arctic_b0170,Chinese,BWC,nat+zero_100,"Then he shouted, Shut up.", then he shouted shut up.,0.0
arctic_b0170,Chinese,BWC,nat+zero_200,"Then he shouted, Shut up.", then he shouted shut up.,0.0
arctic_b0170,Chinese,BWC,nat+zero_400,"Then he shouted, Shut up."," Then he shouted, shut up.",0.0
arctic_b0170,Chinese,BWC,nat+zero_800,"Then he shouted, Shut up."," Then he shouted, shut up.",0.0
arctic_b0170,Hindi,SVBI,nat+nat,"Then he shouted, Shut up."," Then he shouted, shut up.",0.0
arctic_b0170,Hindi,SVBI,nat+nat_diff_utt,"Then he shouted, Shut up.", then he shouted shut up.,0.0
arctic_b0170,Hindi,SVBI,nat+l2_same,"Then he shouted, Shut up."," Then he shouted, shut up.",0.0
arctic_b0170,Hindi,SVBI,nat+interp,"Then he shouted, Shut up."," Then he shouted, shut up.",0.0
arctic_b0170,Hindi,SVBI,nat+noise,"Then he shouted, Shut up.", Then he,0.6
arctic_b0170,Hindi,SVBI,nat+zero_0,"Then he shouted, Shut up.", Then he shouted shut up.,0.0
arctic_b0170,Hindi,SVBI,nat+zero_100,"Then he shouted, Shut up.", then he shouted shut up.,0.0
arctic_b0170,Hindi,SVBI,nat+zero_200,"Then he shouted, Shut up.", then he shouted shut up.,0.0
arctic_b0170,Hindi,SVBI,nat+zero_400,"Then he shouted, Shut up."," Then he shouted, shut up.",0.0
arctic_b0170,Hindi,SVBI,nat+zero_800,"Then he shouted, Shut up."," Then he shouted, shut up.",0.0
arctic_b0170,Korean,HJK,nat+nat,"Then he shouted, Shut up."," Then he shouted, shut up.",0.0
arctic_b0170,Korean,HJK,nat+nat_diff_utt,"Then he shouted, Shut up.", then he shouted shut up.,0.0
arctic_b0170,Korean,HJK,nat+l2_same,"Then he shouted, Shut up."," Then he shouted, shut up.",0.0
arctic_b0170,Korean,HJK,nat+interp,"Then he shouted, Shut up."," Then he shouted, shut up.",0.0
arctic_b0170,Korean,HJK,nat+noise,"Then he shouted, Shut up.", Then he,0.6
arctic_b0170,Korean,HJK,nat+zero_0,"Then he shouted, Shut up.", Then he shouted shut up.,0.0
arctic_b0170,Korean,HJK,nat+zero_100,"Then he shouted, Shut up.", then he shouted shut up.,0.0
arctic_b0170,Korean,HJK,nat+zero_200,"Then he shouted, Shut up.", then he shouted shut up.,0.0
arctic_b0170,Korean,HJK,nat+zero_400,"Then he shouted, Shut up."," Then he shouted, shut up.",0.0
arctic_b0170,Korean,HJK,nat+zero_800,"Then he shouted, Shut up."," Then he shouted, shut up.",0.0
arctic_b0170,Spanish,EBVS,nat+nat,"Then he shouted, Shut up."," Then he shouted, shut up.",0.0
arctic_b0170,Spanish,EBVS,nat+nat_diff_utt,"Then he shouted, Shut up.", then he shouted shut up.,0.0
arctic_b0170,Spanish,EBVS,nat+l2_same,"Then he shouted, Shut up."," Then he shouted, shut up.",0.0
arctic_b0170,Spanish,EBVS,nat+interp,"Then he shouted, Shut up."," Then he shouted, shut up.",0.0
arctic_b0170,Spanish,EBVS,nat+noise,"Then he shouted, Shut up.", Then he,0.6
arctic_b0170,Spanish,EBVS,nat+zero_0,"Then he shouted, Shut up.", Then he shouted shut up.,0.0
arctic_b0170,Spanish,EBVS,nat+zero_100,"Then he shouted, Shut up.", then he shouted shut up.,0.0
arctic_b0170,Spanish,EBVS,nat+zero_200,"Then he shouted, Shut up.", then he shouted shut up.,0.0
arctic_b0170,Spanish,EBVS,nat+zero_400,"Then he shouted, Shut up."," Then he shouted, shut up.",0.0
arctic_b0170,Spanish,EBVS,nat+zero_800,"Then he shouted, Shut up."," Then he shouted, shut up.",0.0
arctic_b0170,Vietnamese,HQTV,nat+nat,"Then he shouted, Shut up."," Then he shouted, shut up.",0.0
arctic_b0170,Vietnamese,HQTV,nat+nat_diff_utt,"Then he shouted, Shut up.", then he shouted shut up.,0.0
arctic_b0170,Vietnamese,HQTV,nat+l2_same,"Then he shouted, Shut up."," Then he shouted, shut up.",0.0
arctic_b0170,Vietnamese,HQTV,nat+interp,"Then he shouted, Shut up.", Then he shouted shut up.,0.0
arctic_b0170,Vietnamese,HQTV,nat+noise,"Then he shouted, Shut up.", Then he,0.6
arctic_b0170,Vietnamese,HQTV,nat+zero_0,"Then he shouted, Shut up.", Then he shouted shut up.,0.0
arctic_b0170,Vietnamese,HQTV,nat+zero_100,"Then he shouted, Shut up.", then he shouted shut up.,0.0
arctic_b0170,Vietnamese,HQTV,nat+zero_200,"Then he shouted, Shut up.", then he shouted shut up.,0.0
arctic_b0170,Vietnamese,HQTV,nat+zero_400,"Then he shouted, Shut up."," Then he shouted, shut up.",0.0
arctic_b0170,Vietnamese,HQTV,nat+zero_800,"Then he shouted, Shut up."," Then he shouted, shut up.",0.0
arctic_b0174,Arabic,ZHAA,nat+nat,Hatred and murder and lust for revenge they possessed to overflowing.," Hatred and murder and lust for revenge, they possessed to overflowing.",0.0
arctic_b0174,Arabic,ZHAA,nat+nat_diff_utt,Hatred and murder and lust for revenge they possessed to overflowing.," Hatred and murder and lust for revenge, they possessed overflowing.",0.09090909090909091
arctic_b0174,Arabic,ZHAA,nat+l2_same,Hatred and murder and lust for revenge they possessed to overflowing.," Hatred and murder and lust for revenge, they possessed overflowing.",0.09090909090909091
arctic_b0174,Arabic,ZHAA,nat+interp,Hatred and murder and lust for revenge they possessed to overflowing., Hatred and murder and lust for revenge they possessed to over flowing.,0.18181818181818182
arctic_b0174,Arabic,ZHAA,nat+noise,Hatred and murder and lust for revenge they possessed to overflowing.," Hatred,",0.9090909090909091
arctic_b0174,Arabic,ZHAA,nat+zero_0,Hatred and murder and lust for revenge they possessed to overflowing., Hatred and murder and lust for revenge they possessed to overflowing.,0.0
arctic_b0174,Arabic,ZHAA,nat+zero_100,Hatred and murder and lust for revenge they possessed to overflowing., Hatred and murder and lust for revenge they possessed to overflowing.,0.0
arctic_b0174,Arabic,ZHAA,nat+zero_200,Hatred and murder and lust for revenge they possessed to overflowing., Hatred and murder and lust for revenge they possessed to overflowing.,0.0
arctic_b0174,Arabic,ZHAA,nat+zero_400,Hatred and murder and lust for revenge they possessed to overflowing., Hatred and murder and lust for revenge they possessed to overflowing.,0.0
arctic_b0174,Arabic,ZHAA,nat+zero_800,Hatred and murder and lust for revenge they possessed to overflowing., Hatred and murder and lust for revenge they possessed to overflowing.,0.0
arctic_b0174,Chinese,BWC,nat+nat,Hatred and murder and lust for revenge they possessed to overflowing.," Hatred and murder and lust for revenge, they possessed to overflowing.",0.0
arctic_b0174,Chinese,BWC,nat+nat_diff_utt,Hatred and murder and lust for revenge they possessed to overflowing.," Hatred and murder and lust for revenge, they possessed overflowing.",0.09090909090909091
arctic_b0174,Chinese,BWC,nat+l2_same,Hatred and murder and lust for revenge they possessed to overflowing.," Hatred and murder and lust for revenge, they possessed overflowing.",0.09090909090909091
arctic_b0174,Chinese,BWC,nat+interp,Hatred and murder and lust for revenge they possessed to overflowing., Hatred and murder and lust for revenge they possessed to over flowing.,0.18181818181818182
arctic_b0174,Chinese,BWC,nat+noise,Hatred and murder and lust for revenge they possessed to overflowing.," Hatred,",0.9090909090909091
arctic_b0174,Chinese,BWC,nat+zero_0,Hatred and murder and lust for revenge they possessed to overflowing., Hatred and murder and lust for revenge they possessed to overflowing.,0.0
arctic_b0174,Chinese,BWC,nat+zero_100,Hatred and murder and lust for revenge they possessed to overflowing., Hatred and murder and lust for revenge they possessed to overflowing.,0.0
arctic_b0174,Chinese,BWC,nat+zero_200,Hatred and murder and lust for revenge they possessed to overflowing., Hatred and murder and lust for revenge they possessed to overflowing.,0.0
arctic_b0174,Chinese,BWC,nat+zero_400,Hatred and murder and lust for revenge they possessed to overflowing., Hatred and murder and lust for revenge they possessed to overflowing.,0.0
arctic_b0174,Chinese,BWC,nat+zero_800,Hatred and murder and lust for revenge they possessed to overflowing., Hatred and murder and lust for revenge they possessed to overflowing.,0.0
arctic_b0174,Hindi,SVBI,nat+nat,Hatred and murder and lust for revenge they possessed to overflowing.," Hatred and murder and lust for revenge, they possessed to overflowing.",0.0
arctic_b0174,Hindi,SVBI,nat+nat_diff_utt,Hatred and murder and lust for revenge they possessed to overflowing.," Hatred and murder and lust for revenge, they possessed overflowing.",0.09090909090909091
arctic_b0174,Hindi,SVBI,nat+l2_same,Hatred and murder and lust for revenge they possessed to overflowing., Hatred and murder and lust for revenge they possessed overflowing.,0.09090909090909091
arctic_b0174,Hindi,SVBI,nat+interp,Hatred and murder and lust for revenge they possessed to overflowing.," Hatred and Murder and Lust for Revenge, they possessed to over flowing.",0.18181818181818182
arctic_b0174,Hindi,SVBI,nat+noise,Hatred and murder and lust for revenge they possessed to overflowing.," Hatred,",0.9090909090909091
arctic_b0174,Hindi,SVBI,nat+zero_0,Hatred and murder and lust for revenge they possessed to overflowing., Hatred and murder and lust for revenge they possessed to overflowing.,0.0
arctic_b0174,Hindi,SVBI,nat+zero_100,Hatred and murder and lust for revenge they possessed to overflowing., Hatred and murder and lust for revenge they possessed to overflowing.,0.0
arctic_b0174,Hindi,SVBI,nat+zero_200,Hatred and murder and lust for revenge they possessed to overflowing., Hatred and murder and lust for revenge they possessed to overflowing.,0.0
arctic_b0174,Hindi,SVBI,nat+zero_400,Hatred and murder and lust for revenge they possessed to overflowing., Hatred and murder and lust for revenge they possessed to overflowing.,0.0
arctic_b0174,Hindi,SVBI,nat+zero_800,Hatred and murder and lust for revenge they possessed to overflowing., Hatred and murder and lust for revenge they possessed to overflowing.,0.0
arctic_b0174,Korean,HJK,nat+nat,Hatred and murder and lust for revenge they possessed to overflowing.," Hatred and murder and lust for revenge, they possessed to overflowing.",0.0
arctic_b0174,Korean,HJK,nat+nat_diff_utt,Hatred and murder and lust for revenge they possessed to overflowing.," Hatred and murder and lust for revenge, they possessed overflowing.",0.09090909090909091
arctic_b0174,Korean,HJK,nat+l2_same,Hatred and murder and lust for revenge they possessed to overflowing.," Hatred and murder and lust for revenge, they possessed overflowing.",0.09090909090909091
arctic_b0174,Korean,HJK,nat+interp,Hatred and murder and lust for revenge they possessed to overflowing., Hatred and murder and lust for revenge they possessed to overflowing.,0.0
arctic_b0174,Korean,HJK,nat+noise,Hatred and murder and lust for revenge they possessed to overflowing.," Hatred,",0.9090909090909091
arctic_b0174,Korean,HJK,nat+zero_0,Hatred and murder and lust for revenge they possessed to overflowing., Hatred and murder and lust for revenge they possessed to overflowing.,0.0
arctic_b0174,Korean,HJK,nat+zero_100,Hatred and murder and lust for revenge they possessed to overflowing., Hatred and murder and lust for revenge they possessed to overflowing.,0.0
arctic_b0174,Korean,HJK,nat+zero_200,Hatred and murder and lust for revenge they possessed to overflowing., Hatred and murder and lust for revenge they possessed to overflowing.,0.0
arctic_b0174,Korean,HJK,nat+zero_400,Hatred and murder and lust for revenge they possessed to overflowing., Hatred and murder and lust for revenge they possessed to overflowing.,0.0
arctic_b0174,Korean,HJK,nat+zero_800,Hatred and murder and lust for revenge they possessed to overflowing., Hatred and murder and lust for revenge they possessed to overflowing.,0.0
arctic_b0174,Spanish,EBVS,nat+nat,Hatred and murder and lust for revenge they possessed to overflowing.," Hatred and murder and lust for revenge, they possessed to overflowing.",0.0
arctic_b0174,Spanish,EBVS,nat+nat_diff_utt,Hatred and murder and lust for revenge they possessed to overflowing.," Hatred and murder and lust for revenge, they possessed overflowing.",0.09090909090909091
arctic_b0174,Spanish,EBVS,nat+l2_same,Hatred and murder and lust for revenge they possessed to overflowing., Hatred and murder and lust for revenge they possessed overflowing.,0.09090909090909091
arctic_b0174,Spanish,EBVS,nat+interp,Hatred and murder and lust for revenge they possessed to overflowing., Hatred and murder and lust for revenge they possessed to overflowing.,0.0
arctic_b0174,Spanish,EBVS,nat+noise,Hatred and murder and lust for revenge they possessed to overflowing.," Hatred,",0.9090909090909091
arctic_b0174,Spanish,EBVS,nat+zero_0,Hatred and murder and lust for revenge they possessed to overflowing., Hatred and murder and lust for revenge they possessed to overflowing.,0.0
arctic_b0174,Spanish,EBVS,nat+zero_100,Hatred and murder and lust for revenge they possessed to overflowing., Hatred and murder and lust for revenge they possessed to overflowing.,0.0
arctic_b0174,Spanish,EBVS,nat+zero_200,Hatred and murder and lust for revenge they possessed to overflowing., Hatred and murder and lust for revenge they possessed to overflowing.,0.0
arctic_b0174,Spanish,EBVS,nat+zero_400,Hatred and murder and lust for revenge they possessed to overflowing., Hatred and murder and lust for revenge they possessed to overflowing.,0.0
arctic_b0174,Spanish,EBVS,nat+zero_800,Hatred and murder and lust for revenge they possessed to overflowing., Hatred and murder and lust for revenge they possessed to overflowing.,0.0
arctic_b0174,Vietnamese,HQTV,nat+nat,Hatred and murder and lust for revenge they possessed to overflowing.," Hatred and murder and lust for revenge, they possessed to overflowing.",0.0
arctic_b0174,Vietnamese,HQTV,nat+nat_diff_utt,Hatred and murder and lust for revenge they possessed to overflowing.," Hatred and murder and lust for revenge, they possessed overflowing.",0.09090909090909091
arctic_b0174,Vietnamese,HQTV,nat+l2_same,Hatred and murder and lust for revenge they possessed to overflowing.," Hatred and murder and lust for revenge, they possessed overflowing.",0.09090909090909091
arctic_b0174,Vietnamese,HQTV,nat+interp,Hatred and murder and lust for revenge they possessed to overflowing., Hatred and murder and lust for revenge they possessed to over flowing.,0.18181818181818182
arctic_b0174,Vietnamese,HQTV,nat+noise,Hatred and murder and lust for revenge they possessed to overflowing.," Hatred,",0.9090909090909091
arctic_b0174,Vietnamese,HQTV,nat+zero_0,Hatred and murder and lust for revenge they possessed to overflowing., Hatred and murder and lust for revenge they possessed to overflowing.,0.0
arctic_b0174,Vietnamese,HQTV,nat+zero_100,Hatred and murder and lust for revenge they possessed to overflowing., Hatred and murder and lust for revenge they possessed to overflowing.,0.0
arctic_b0174,Vietnamese,HQTV,nat+zero_200,Hatred and murder and lust for revenge they possessed to overflowing., Hatred and murder and lust for revenge they possessed to overflowing.,0.0
arctic_b0174,Vietnamese,HQTV,nat+zero_400,Hatred and murder and lust for revenge they possessed to overflowing., Hatred and murder and lust for revenge they possessed to overflowing.,0.0
arctic_b0174,Vietnamese,HQTV,nat+zero_800,Hatred and murder and lust for revenge they possessed to overflowing., Hatred and murder and lust for revenge they possessed to overflowing.,0.0
arctic_b0189,Arabic,ZHAA,nat+nat,That is what distinguishes all of us from the lower animals., That is what distinguishes us from all of the lower animals.,0.36363636363636365
arctic_b0189,Arabic,ZHAA,nat+nat_diff_utt,That is what distinguishes all of us from the lower animals., That is what distinguishes us from all of the lower animals.,0.36363636363636365
arctic_b0189,Arabic,ZHAA,nat+l2_same,That is what distinguishes all of us from the lower animals., That is what distinguishes us from all of the lower animals.,0.36363636363636365
arctic_b0189,Arabic,ZHAA,nat+interp,That is what distinguishes all of us from the lower animals., That is what distinguishes us from all of the lower animals.,0.36363636363636365
arctic_b0189,Arabic,ZHAA,nat+noise,That is what distinguishes all of us from the lower animals., That is that is that is that is that is that is that is that is that is that is that is that that is that that is that that that that that that that that that that that that that that that that,3.8181818181818183
arctic_b0189,Arabic,ZHAA,nat+zero_0,That is what distinguishes all of us from the lower animals., That is what distinguishes us from all of the lower animals.,0.36363636363636365
arctic_b0189,Arabic,ZHAA,nat+zero_100,That is what distinguishes all of us from the lower animals., That is what distinguishes us from all of the lower animals.,0.36363636363636365
arctic_b0189,Arabic,ZHAA,nat+zero_200,That is what distinguishes all of us from the lower animals., That is what distinguishes us from all of the lower animals.,0.36363636363636365
arctic_b0189,Arabic,ZHAA,nat+zero_400,That is what distinguishes all of us from the lower animals., That is what distinguishes us from all of the lower animals.,0.36363636363636365
arctic_b0189,Arabic,ZHAA,nat+zero_800,That is what distinguishes all of us from the lower animals., That is what distinguishes us from all of the lower animals.,0.36363636363636365
arctic_b0189,Chinese,BWC,nat+nat,That is what distinguishes all of us from the lower animals., That is what distinguishes us from all of the lower animals.,0.36363636363636365
arctic_b0189,Chinese,BWC,nat+nat_diff_utt,That is what distinguishes all of us from the lower animals., That is what distinguishes us from all of the lower animals.,0.36363636363636365
arctic_b0189,Chinese,BWC,nat+l2_same,That is what distinguishes all of us from the lower animals., That is what distinguishes us from all of the lower animals.,0.36363636363636365
arctic_b0189,Chinese,BWC,nat+interp,That is what distinguishes all of us from the lower animals., That is what distinguishes us from all of the lower animals.,0.36363636363636365
arctic_b0189,Chinese,BWC,nat+noise,That is what distinguishes all of us from the lower animals., That is that is that is that is that is that is that is that is that is that is that is that that is that that is that that that that that that that that that that that that that that that that,3.8181818181818183
arctic_b0189,Chinese,BWC,nat+zero_0,That is what distinguishes all of us from the lower animals., That is what distinguishes us from all of the lower animals.,0.36363636363636365
arctic_b0189,Chinese,BWC,nat+zero_100,That is what distinguishes all of us from the lower animals., That is what distinguishes us from all of the lower animals.,0.36363636363636365
arctic_b0189,Chinese,BWC,nat+zero_200,That is what distinguishes all of us from the lower animals., That is what distinguishes us from all of the lower animals.,0.36363636363636365
arctic_b0189,Chinese,BWC,nat+zero_400,That is what distinguishes all of us from the lower animals., That is what distinguishes us from all of the lower animals.,0.36363636363636365
arctic_b0189,Chinese,BWC,nat+zero_800,That is what distinguishes all of us from the lower animals., That is what distinguishes us from all of the lower animals.,0.36363636363636365
arctic_b0189,Hindi,SVBI,nat+nat,That is what distinguishes all of us from the lower animals., That is what distinguishes us from all of the lower animals.,0.36363636363636365
arctic_b0189,Hindi,SVBI,nat+nat_diff_utt,That is what distinguishes all of us from the lower animals., That is what distinguishes us from all of the lower animals.,0.36363636363636365
arctic_b0189,Hindi,SVBI,nat+l2_same,That is what distinguishes all of us from the lower animals., That is what distinguishes us from all of the lower animals.,0.36363636363636365
arctic_b0189,Hindi,SVBI,nat+interp,That is what distinguishes all of us from the lower animals., That is what distinguishes us from all of the lower animals.,0.36363636363636365
arctic_b0189,Hindi,SVBI,nat+noise,That is what distinguishes all of us from the lower animals., That is that is that is that is that is that is that is that is that is that is that is that that is that that is that that that that that that that that that that that that that that that that,3.8181818181818183
arctic_b0189,Hindi,SVBI,nat+zero_0,That is what distinguishes all of us from the lower animals., That is what distinguishes us from all of the lower animals.,0.36363636363636365
arctic_b0189,Hindi,SVBI,nat+zero_100,That is what distinguishes all of us from the lower animals., That is what distinguishes us from all of the lower animals.,0.36363636363636365
arctic_b0189,Hindi,SVBI,nat+zero_200,That is what distinguishes all of us from the lower animals., That is what distinguishes us from all of the lower animals.,0.36363636363636365
arctic_b0189,Hindi,SVBI,nat+zero_400,That is what distinguishes all of us from the lower animals., That is what distinguishes us from all of the lower animals.,0.36363636363636365
arctic_b0189,Hindi,SVBI,nat+zero_800,That is what distinguishes all of us from the lower animals., That is what distinguishes us from all of the lower animals.,0.36363636363636365
arctic_b0189,Korean,HJK,nat+nat,That is what distinguishes all of us from the lower animals., That is what distinguishes us from all of the lower animals.,0.36363636363636365
arctic_b0189,Korean,HJK,nat+nat_diff_utt,That is what distinguishes all of us from the lower animals., That is what distinguishes us from all of the lower animals.,0.36363636363636365
arctic_b0189,Korean,HJK,nat+l2_same,That is what distinguishes all of us from the lower animals., That is what distinguishes us from all of the lower animals.,0.36363636363636365
arctic_b0189,Korean,HJK,nat+interp,That is what distinguishes all of us from the lower animals., That is what distinguishes us from all of the lower animals.,0.36363636363636365
arctic_b0189,Korean,HJK,nat+noise,That is what distinguishes all of us from the lower animals., That is that is that is that is that is that is that is that is that is that is that is that that is that that is that that that that that that that that that that that that that that that that,3.8181818181818183
arctic_b0189,Korean,HJK,nat+zero_0,That is what distinguishes all of us from the lower animals., That is what distinguishes us from all of the lower animals.,0.36363636363636365
arctic_b0189,Korean,HJK,nat+zero_100,That is what distinguishes all of us from the lower animals., That is what distinguishes us from all of the lower animals.,0.36363636363636365
arctic_b0189,Korean,HJK,nat+zero_200,That is what distinguishes all of us from the lower animals., That is what distinguishes us from all of the lower animals.,0.36363636363636365
arctic_b0189,Korean,HJK,nat+zero_400,That is what distinguishes all of us from the lower animals., That is what distinguishes us from all of the lower animals.,0.36363636363636365
arctic_b0189,Korean,HJK,nat+zero_800,That is what distinguishes all of us from the lower animals., That is what distinguishes us from all of the lower animals.,0.36363636363636365
arctic_b0189,Spanish,EBVS,nat+nat,That is what distinguishes all of us from the lower animals., That is what distinguishes us from all of the lower animals.,0.36363636363636365
arctic_b0189,Spanish,EBVS,nat+nat_diff_utt,That is what distinguishes all of us from the lower animals., That is what distinguishes us from all of the lower animals.,0.36363636363636365
arctic_b0189,Spanish,EBVS,nat+l2_same,That is what distinguishes all of us from the lower animals., That is what distinguishes us from all of the lower animals.,0.36363636363636365
arctic_b0189,Spanish,EBVS,nat+interp,That is what distinguishes all of us from the lower animals., That is what distinguishes us from all of the lower animals.,0.36363636363636365
arctic_b0189,Spanish,EBVS,nat+noise,That is what distinguishes all of us from the lower animals., That is that is that is that is that is that is that is that is that is that is that is that that is that that is that that that that that that that that that that that that that that that that,3.8181818181818183
arctic_b0189,Spanish,EBVS,nat+zero_0,That is what distinguishes all of us from the lower animals., That is what distinguishes us from all of the lower animals.,0.36363636363636365
arctic_b0189,Spanish,EBVS,nat+zero_100,That is what distinguishes all of us from the lower animals., That is what distinguishes us from all of the lower animals.,0.36363636363636365
arctic_b0189,Spanish,EBVS,nat+zero_200,That is what distinguishes all of us from the lower animals., That is what distinguishes us from all of the lower animals.,0.36363636363636365
arctic_b0189,Spanish,EBVS,nat+zero_400,That is what distinguishes all of us from the lower animals., That is what distinguishes us from all of the lower animals.,0.36363636363636365
arctic_b0189,Spanish,EBVS,nat+zero_800,That is what distinguishes all of us from the lower animals., That is what distinguishes us from all of the lower animals.,0.36363636363636365
arctic_b0189,Vietnamese,HQTV,nat+nat,That is what distinguishes all of us from the lower animals., That is what distinguishes us from all of the lower animals.,0.36363636363636365
arctic_b0189,Vietnamese,HQTV,nat+nat_diff_utt,That is what distinguishes all of us from the lower animals., That is what distinguishes us from all of the lower animals.,0.36363636363636365
arctic_b0189,Vietnamese,HQTV,nat+l2_same,That is what distinguishes all of us from the lower animals., That is what distinguishes us from all of the lower animals.,0.36363636363636365
arctic_b0189,Vietnamese,HQTV,nat+interp,That is what distinguishes all of us from the lower animals., That is what distinguishes us from all of the lower animals.,0.36363636363636365
arctic_b0189,Vietnamese,HQTV,nat+noise,That is what distinguishes all of us from the lower animals., That is that is that is that is that is that is that is that is that is that is that is that that is that that is that that that that that that that that that that that that that that that that,3.8181818181818183
arctic_b0189,Vietnamese,HQTV,nat+zero_0,That is what distinguishes all of us from the lower animals., That is what distinguishes us from all of the lower animals.,0.36363636363636365
arctic_b0189,Vietnamese,HQTV,nat+zero_100,That is what distinguishes all of us from the lower animals., That is what distinguishes us from all of the lower animals.,0.36363636363636365
arctic_b0189,Vietnamese,HQTV,nat+zero_200,That is what distinguishes all of us from the lower animals., That is what distinguishes us from all of the lower animals.,0.36363636363636365
arctic_b0189,Vietnamese,HQTV,nat+zero_400,That is what distinguishes all of us from the lower animals., That is what distinguishes us from all of the lower animals.,0.36363636363636365
arctic_b0189,Vietnamese,HQTV,nat+zero_800,That is what distinguishes all of us from the lower animals., That is what distinguishes us from all of the lower animals.,0.36363636363636365
arctic_b0195,Arabic,ZHAA,nat+nat,Nobody knows how the natives got them., Nobody knows how the natives got them.,0.0
arctic_b0195,Arabic,ZHAA,nat+nat_diff_utt,Nobody knows how the natives got them., Nobody knows how the natives got them.,0.0
arctic_b0195,Arabic,ZHAA,nat+l2_same,Nobody knows how the natives got them., Nobody knows how the natives got them.,0.0
arctic_b0195,Arabic,ZHAA,nat+interp,Nobody knows how the natives got them., Nobody knows how the natives got them.,0.0
arctic_b0195,Arabic,ZHAA,nat+noise,Nobody knows how the natives got them.," Nobody,",0.8571428571428571
arctic_b0195,Arabic,ZHAA,nat+zero_0,Nobody knows how the natives got them., Nobody knows how the natives got them.,0.0
arctic_b0195,Arabic,ZHAA,nat+zero_100,Nobody knows how the natives got them., Nobody knows how the natives got them.,0.0
arctic_b0195,Arabic,ZHAA,nat+zero_200,Nobody knows how the natives got them., Nobody knows how the natives got them.,0.0
arctic_b0195,Arabic,ZHAA,nat+zero_400,Nobody knows how the natives got them., Nobody knows how the natives got them.,0.0
arctic_b0195,Arabic,ZHAA,nat+zero_800,Nobody knows how the natives got them., Nobody knows how the natives got them.,0.0
arctic_b0195,Chinese,BWC,nat+nat,Nobody knows how the natives got them., Nobody knows how the natives got them.,0.0
arctic_b0195,Chinese,BWC,nat+nat_diff_utt,Nobody knows how the natives got them., Nobody knows how the natives got them.,0.0
arctic_b0195,Chinese,BWC,nat+l2_same,Nobody knows how the natives got them., Nobody knows how the natives got them.,0.0
arctic_b0195,Chinese,BWC,nat+interp,Nobody knows how the natives got them., Nobody knows how the natives got them.,0.0
arctic_b0195,Chinese,BWC,nat+noise,Nobody knows how the natives got them.," Nobody,",0.8571428571428571
arctic_b0195,Chinese,BWC,nat+zero_0,Nobody knows how the natives got them., Nobody knows how the natives got them.,0.0
arctic_b0195,Chinese,BWC,nat+zero_100,Nobody knows how the natives got them., Nobody knows how the natives got them.,0.0
arctic_b0195,Chinese,BWC,nat+zero_200,Nobody knows how the natives got them., Nobody knows how the natives got them.,0.0
arctic_b0195,Chinese,BWC,nat+zero_400,Nobody knows how the natives got them., Nobody knows how the natives got them.,0.0
arctic_b0195,Chinese,BWC,nat+zero_800,Nobody knows how the natives got them., Nobody knows how the natives got them.,0.0
arctic_b0195,Hindi,SVBI,nat+nat,Nobody knows how the natives got them., Nobody knows how the natives got them.,0.0
arctic_b0195,Hindi,SVBI,nat+nat_diff_utt,Nobody knows how the natives got them., Nobody knows how the natives got them.,0.0
arctic_b0195,Hindi,SVBI,nat+l2_same,Nobody knows how the natives got them., Nobody knows how the natives got them.,0.0
arctic_b0195,Hindi,SVBI,nat+interp,Nobody knows how the natives got them., Nobody knows how the natives got them.,0.0
arctic_b0195,Hindi,SVBI,nat+noise,Nobody knows how the natives got them.," Nobody,",0.8571428571428571
arctic_b0195,Hindi,SVBI,nat+zero_0,Nobody knows how the natives got them., Nobody knows how the natives got them.,0.0
arctic_b0195,Hindi,SVBI,nat+zero_100,Nobody knows how the natives got them., Nobody knows how the natives got them.,0.0
arctic_b0195,Hindi,SVBI,nat+zero_200,Nobody knows how the natives got them., Nobody knows how the natives got them.,0.0
arctic_b0195,Hindi,SVBI,nat+zero_400,Nobody knows how the natives got them., Nobody knows how the natives got them.,0.0
arctic_b0195,Hindi,SVBI,nat+zero_800,Nobody knows how the natives got them., Nobody knows how the natives got them.,0.0
arctic_b0195,Korean,HJK,nat+nat,Nobody knows how the natives got them., Nobody knows how the natives got them.,0.0
arctic_b0195,Korean,HJK,nat+nat_diff_utt,Nobody knows how the natives got them., Nobody knows how the natives got them.,0.0
arctic_b0195,Korean,HJK,nat+l2_same,Nobody knows how the natives got them., Nobody knows how the natives got them.,0.0
arctic_b0195,Korean,HJK,nat+interp,Nobody knows how the natives got them., Nobody knows how the natives got them.,0.0
arctic_b0195,Korean,HJK,nat+noise,Nobody knows how the natives got them.," Nobody,",0.8571428571428571
arctic_b0195,Korean,HJK,nat+zero_0,Nobody knows how the natives got them., Nobody knows how the natives got them.,0.0
arctic_b0195,Korean,HJK,nat+zero_100,Nobody knows how the natives got them., Nobody knows how the natives got them.,0.0
arctic_b0195,Korean,HJK,nat+zero_200,Nobody knows how the natives got them., Nobody knows how the natives got them.,0.0
arctic_b0195,Korean,HJK,nat+zero_400,Nobody knows how the natives got them., Nobody knows how the natives got them.,0.0
arctic_b0195,Korean,HJK,nat+zero_800,Nobody knows how the natives got them., Nobody knows how the natives got them.,0.0
arctic_b0195,Spanish,EBVS,nat+nat,Nobody knows how the natives got them., Nobody knows how the natives got them.,0.0
arctic_b0195,Spanish,EBVS,nat+nat_diff_utt,Nobody knows how the natives got them., Nobody knows how the natives got them.,0.0
arctic_b0195,Spanish,EBVS,nat+l2_same,Nobody knows how the natives got them., Nobody knows how the natives got them.,0.0
arctic_b0195,Spanish,EBVS,nat+interp,Nobody knows how the natives got them., Nobody knows how the natives got them.,0.0
arctic_b0195,Spanish,EBVS,nat+noise,Nobody knows how the natives got them.," Nobody,",0.8571428571428571
arctic_b0195,Spanish,EBVS,nat+zero_0,Nobody knows how the natives got them., Nobody knows how the natives got them.,0.0
arctic_b0195,Spanish,EBVS,nat+zero_100,Nobody knows how the natives got them., Nobody knows how the natives got them.,0.0
arctic_b0195,Spanish,EBVS,nat+zero_200,Nobody knows how the natives got them., Nobody knows how the natives got them.,0.0
arctic_b0195,Spanish,EBVS,nat+zero_400,Nobody knows how the natives got them., Nobody knows how the natives got them.,0.0
arctic_b0195,Spanish,EBVS,nat+zero_800,Nobody knows how the natives got them., Nobody knows how the natives got them.,0.0
arctic_b0195,Vietnamese,HQTV,nat+nat,Nobody knows how the natives got them., Nobody knows how the natives got them.,0.0
arctic_b0195,Vietnamese,HQTV,nat+nat_diff_utt,Nobody knows how the natives got them., Nobody knows how the natives got them.,0.0
arctic_b0195,Vietnamese,HQTV,nat+l2_same,Nobody knows how the natives got them., Nobody knows how the natives got them.,0.0
arctic_b0195,Vietnamese,HQTV,nat+interp,Nobody knows how the natives got them., Nobody knows how the natives got them.,0.0
arctic_b0195,Vietnamese,HQTV,nat+noise,Nobody knows how the natives got them.," Nobody,",0.8571428571428571
arctic_b0195,Vietnamese,HQTV,nat+zero_0,Nobody knows how the natives got them., Nobody knows how the natives got them.,0.0
arctic_b0195,Vietnamese,HQTV,nat+zero_100,Nobody knows how the natives got them., Nobody knows how the natives got them.,0.0
arctic_b0195,Vietnamese,HQTV,nat+zero_200,Nobody knows how the natives got them., Nobody knows how the natives got them.,0.0
arctic_b0195,Vietnamese,HQTV,nat+zero_400,Nobody knows how the natives got them., Nobody knows how the natives got them.,0.0
arctic_b0195,Vietnamese,HQTV,nat+zero_800,Nobody knows how the natives got them., Nobody knows how the natives got them.,0.0
arctic_b0205,Arabic,ZHAA,nat+nat,You were destroying my life., you were destroying my life.,0.0
arctic_b0205,Arabic,ZHAA,nat+nat_diff_utt,You were destroying my life., you were destroying my life.,0.0
arctic_b0205,Arabic,ZHAA,nat+l2_same,You were destroying my life., you were destroying my life.,0.0
arctic_b0205,Arabic,ZHAA,nat+interp,You were destroying my life., you were destroying my life.,0.0
arctic_b0205,Arabic,ZHAA,nat+noise,You were destroying my life., you were destroying my,0.2
arctic_b0205,Arabic,ZHAA,nat+zero_0,You were destroying my life., you were destroying my life.,0.0
arctic_b0205,Arabic,ZHAA,nat+zero_100,You were destroying my life., you were destroying my life.,0.0
arctic_b0205,Arabic,ZHAA,nat+zero_200,You were destroying my life., you were destroying my life.,0.0
arctic_b0205,Arabic,ZHAA,nat+zero_400,You were destroying my life., you were destroying my life.,0.0
arctic_b0205,Arabic,ZHAA,nat+zero_800,You were destroying my life., you were destroying my life.,0.0
arctic_b0205,Chinese,BWC,nat+nat,You were destroying my life., you were destroying my life.,0.0
arctic_b0205,Chinese,BWC,nat+nat_diff_utt,You were destroying my life., you were destroying my life.,0.0
arctic_b0205,Chinese,BWC,nat+l2_same,You were destroying my life., you were destroying my life.,0.0
arctic_b0205,Chinese,BWC,nat+interp,You were destroying my life., you were destroying my life.,0.0
arctic_b0205,Chinese,BWC,nat+noise,You were destroying my life., you were destroying my,0.2
arctic_b0205,Chinese,BWC,nat+zero_0,You were destroying my life., you were destroying my life.,0.0
arctic_b0205,Chinese,BWC,nat+zero_100,You were destroying my life., you were destroying my life.,0.0
arctic_b0205,Chinese,BWC,nat+zero_200,You were destroying my life., you were destroying my life.,0.0
arctic_b0205,Chinese,BWC,nat+zero_400,You were destroying my life., you were destroying my life.,0.0
arctic_b0205,Chinese,BWC,nat+zero_800,You were destroying my life., you were destroying my life.,0.0
arctic_b0205,Hindi,SVBI,nat+nat,You were destroying my life., you were destroying my life.,0.0
arctic_b0205,Hindi,SVBI,nat+nat_diff_utt,You were destroying my life., you were destroying my life.,0.0
arctic_b0205,Hindi,SVBI,nat+l2_same,You were destroying my life., you were destroying my life.,0.0
arctic_b0205,Hindi,SVBI,nat+interp,You were destroying my life., you were destroying my life.,0.0
arctic_b0205,Hindi,SVBI,nat+noise,You were destroying my life., you were destroying my,0.2
arctic_b0205,Hindi,SVBI,nat+zero_0,You were destroying my life., you were destroying my life.,0.0
arctic_b0205,Hindi,SVBI,nat+zero_100,You were destroying my life., you were destroying my life.,0.0
arctic_b0205,Hindi,SVBI,nat+zero_200,You were destroying my life., you were destroying my life.,0.0
arctic_b0205,Hindi,SVBI,nat+zero_400,You were destroying my life., you were destroying my life.,0.0
arctic_b0205,Hindi,SVBI,nat+zero_800,You were destroying my life., you were destroying my life.,0.0
arctic_b0205,Korean,HJK,nat+nat,You were destroying my life., you were destroying my life.,0.0
arctic_b0205,Korean,HJK,nat+nat_diff_utt,You were destroying my life., you were destroying my life.,0.0
arctic_b0205,Korean,HJK,nat+l2_same,You were destroying my life., you were destroying my life.,0.0
arctic_b0205,Korean,HJK,nat+interp,You were destroying my life., you were destroying my life.,0.0
arctic_b0205,Korean,HJK,nat+noise,You were destroying my life., you were destroying my,0.2
arctic_b0205,Korean,HJK,nat+zero_0,You were destroying my life., you were destroying my life.,0.0
arctic_b0205,Korean,HJK,nat+zero_100,You were destroying my life., you were destroying my life.,0.0
arctic_b0205,Korean,HJK,nat+zero_200,You were destroying my life., you were destroying my life.,0.0
arctic_b0205,Korean,HJK,nat+zero_400,You were destroying my life., you were destroying my life.,0.0
arctic_b0205,Korean,HJK,nat+zero_800,You were destroying my life., you were destroying my life.,0.0
arctic_b0205,Spanish,EBVS,nat+nat,You were destroying my life., you were destroying my life.,0.0
arctic_b0205,Spanish,EBVS,nat+nat_diff_utt,You were destroying my life., you were destroying my life.,0.0
arctic_b0205,Spanish,EBVS,nat+l2_same,You were destroying my life., you were destroying my life.,0.0
arctic_b0205,Spanish,EBVS,nat+interp,You were destroying my life., you were destroying my life.,0.0
arctic_b0205,Spanish,EBVS,nat+noise,You were destroying my life., you were destroying my,0.2
arctic_b0205,Spanish,EBVS,nat+zero_0,You were destroying my life., you were destroying my life.,0.0
arctic_b0205,Spanish,EBVS,nat+zero_100,You were destroying my life., you were destroying my life.,0.0
arctic_b0205,Spanish,EBVS,nat+zero_200,You were destroying my life., you were destroying my life.,0.0
arctic_b0205,Spanish,EBVS,nat+zero_400,You were destroying my life., you were destroying my life.,0.0
arctic_b0205,Spanish,EBVS,nat+zero_800,You were destroying my life., you were destroying my life.,0.0
arctic_b0205,Vietnamese,HQTV,nat+nat,You were destroying my life., you were destroying my life.,0.0
arctic_b0205,Vietnamese,HQTV,nat+nat_diff_utt,You were destroying my life., you were destroying my life.,0.0
arctic_b0205,Vietnamese,HQTV,nat+l2_same,You were destroying my life., you were destroying my life.,0.0
arctic_b0205,Vietnamese,HQTV,nat+interp,You were destroying my life., you were destroying my life.,0.0
arctic_b0205,Vietnamese,HQTV,nat+noise,You were destroying my life., you were destroying my,0.2
arctic_b0205,Vietnamese,HQTV,nat+zero_0,You were destroying my life., you were destroying my life.,0.0
arctic_b0205,Vietnamese,HQTV,nat+zero_100,You were destroying my life., you were destroying my life.,0.0
arctic_b0205,Vietnamese,HQTV,nat+zero_200,You were destroying my life., you were destroying my life.,0.0
arctic_b0205,Vietnamese,HQTV,nat+zero_400,You were destroying my life., you were destroying my life.,0.0
arctic_b0205,Vietnamese,HQTV,nat+zero_800,You were destroying my life., you were destroying my life.,0.0
arctic_b0211,Arabic,ZHAA,nat+nat,This is eighteen eighty., This is 1880.,0.5
arctic_b0211,Arabic,ZHAA,nat+nat_diff_utt,This is eighteen eighty., This is 1880.,0.5
arctic_b0211,Arabic,ZHAA,nat+l2_same,This is eighteen eighty., This is 1880.,0.5
arctic_b0211,Arabic,ZHAA,nat+interp,This is eighteen eighty., This is 1880.,0.5
arctic_b0211,Arabic,ZHAA,nat+noise,This is eighteen eighty., This is this this,0.5
arctic_b0211,Arabic,ZHAA,nat+zero_0,This is eighteen eighty., This is 1880.,0.5
arctic_b0211,Arabic,ZHAA,nat+zero_100,This is eighteen eighty., This is 1880.,0.5
arctic_b0211,Arabic,ZHAA,nat+zero_200,This is eighteen eighty., This is 1880.,0.5
arctic_b0211,Arabic,ZHAA,nat+zero_400,This is eighteen eighty., This is 1880.,0.5
arctic_b0211,Arabic,ZHAA,nat+zero_800,This is eighteen eighty., This is 1880.,0.5
arctic_b0211,Chinese,BWC,nat+nat,This is eighteen eighty., This is 1880.,0.5
arctic_b0211,Chinese,BWC,nat+nat_diff_utt,This is eighteen eighty., This is 1880.,0.5
arctic_b0211,Chinese,BWC,nat+l2_same,This is eighteen eighty., This is 1880.,0.5
arctic_b0211,Chinese,BWC,nat+interp,This is eighteen eighty., This is 1880.,0.5
arctic_b0211,Chinese,BWC,nat+noise,This is eighteen eighty., This is this this,0.5
arctic_b0211,Chinese,BWC,nat+zero_0,This is eighteen eighty., This is 1880.,0.5
arctic_b0211,Chinese,BWC,nat+zero_100,This is eighteen eighty., This is 1880.,0.5
arctic_b0211,Chinese,BWC,nat+zero_200,This is eighteen eighty., This is 1880.,0.5
arctic_b0211,Chinese,BWC,nat+zero_400,This is eighteen eighty., This is 1880.,0.5
arctic_b0211,Chinese,BWC,nat+zero_800,This is eighteen eighty., This is 1880.,0.5
arctic_b0211,Hindi,SVBI,nat+nat,This is eighteen eighty., This is 1880.,0.5
arctic_b0211,Hindi,SVBI,nat+nat_diff_utt,This is eighteen eighty., This is 1880.,0.5
arctic_b0211,Hindi,SVBI,nat+l2_same,This is eighteen eighty., This is 1880.,0.5
arctic_b0211,Hindi,SVBI,nat+interp,This is eighteen eighty., This is 1880.,0.5
arctic_b0211,Hindi,SVBI,nat+noise,This is eighteen eighty., This is this this,0.5
arctic_b0211,Hindi,SVBI,nat+zero_0,This is eighteen eighty., This is 1880.,0.5
arctic_b0211,Hindi,SVBI,nat+zero_100,This is eighteen eighty., This is 1880.,0.5
arctic_b0211,Hindi,SVBI,nat+zero_200,This is eighteen eighty., This is 1880.,0.5
arctic_b0211,Hindi,SVBI,nat+zero_400,This is eighteen eighty., This is 1880.,0.5
arctic_b0211,Hindi,SVBI,nat+zero_800,This is eighteen eighty., This is 1880.,0.5
arctic_b0211,Korean,HJK,nat+nat,This is eighteen eighty., This is 1880.,0.5
arctic_b0211,Korean,HJK,nat+nat_diff_utt,This is eighteen eighty., This is 1880.,0.5
arctic_b0211,Korean,HJK,nat+l2_same,This is eighteen eighty., This is 1880.,0.5
arctic_b0211,Korean,HJK,nat+interp,This is eighteen eighty., This is 1880.,0.5
arctic_b0211,Korean,HJK,nat+noise,This is eighteen eighty., This is this this,0.5
arctic_b0211,Korean,HJK,nat+zero_0,This is eighteen eighty., This is 1880.,0.5
arctic_b0211,Korean,HJK,nat+zero_100,This is eighteen eighty., This is 1880.,0.5
arctic_b0211,Korean,HJK,nat+zero_200,This is eighteen eighty., This is 1880.,0.5
arctic_b0211,Korean,HJK,nat+zero_400,This is eighteen eighty., This is 1880.,0.5
arctic_b0211,Korean,HJK,nat+zero_800,This is eighteen eighty., This is 1880.,0.5
arctic_b0211,Spanish,EBVS,nat+nat,This is eighteen eighty., This is 1880.,0.5
arctic_b0211,Spanish,EBVS,nat+nat_diff_utt,This is eighteen eighty., This is 1880.,0.5
arctic_b0211,Spanish,EBVS,nat+l2_same,This is eighteen eighty., This is 1880.,0.5
arctic_b0211,Spanish,EBVS,nat+interp,This is eighteen eighty., This is 18,0.5
arctic_b0211,Spanish,EBVS,nat+noise,This is eighteen eighty., This is this this,0.5
arctic_b0211,Spanish,EBVS,nat+zero_0,This is eighteen eighty., This is 1880.,0.5
arctic_b0211,Spanish,EBVS,nat+zero_100,This is eighteen eighty., This is 1880.,0.5
arctic_b0211,Spanish,EBVS,nat+zero_200,This is eighteen eighty., This is 1880.,0.5
arctic_b0211,Spanish,EBVS,nat+zero_400,This is eighteen eighty., This is 1880.,0.5
arctic_b0211,Spanish,EBVS,nat+zero_800,This is eighteen eighty., This is 1880.,0.5
arctic_b0211,Vietnamese,HQTV,nat+nat,This is eighteen eighty., This is 1880.,0.5
arctic_b0211,Vietnamese,HQTV,nat+nat_diff_utt,This is eighteen eighty., This is 1880.,0.5
arctic_b0211,Vietnamese,HQTV,nat+l2_same,This is eighteen eighty., This is 1880.,0.5
arctic_b0211,Vietnamese,HQTV,nat+interp,This is eighteen eighty., This is 1880.,0.5
arctic_b0211,Vietnamese,HQTV,nat+noise,This is eighteen eighty., This is this this,0.5
arctic_b0211,Vietnamese,HQTV,nat+zero_0,This is eighteen eighty., This is 1880.,0.5
arctic_b0211,Vietnamese,HQTV,nat+zero_100,This is eighteen eighty., This is 1880.,0.5
arctic_b0211,Vietnamese,HQTV,nat+zero_200,This is eighteen eighty., This is 1880.,0.5
arctic_b0211,Vietnamese,HQTV,nat+zero_400,This is eighteen eighty., This is 1880.,0.5
arctic_b0211,Vietnamese,HQTV,nat+zero_800,This is eighteen eighty., This is 1880.,0.5
arctic_b0256,Arabic,ZHAA,nat+nat,"Outwardly, he maintained a calm and smiling aspect."," Outwardly, he maintained a calm and smiling aspect.",0.0
arctic_b0256,Arabic,ZHAA,nat+nat_diff_utt,"Outwardly, he maintained a calm and smiling aspect."," Outwardly, he maintained a calm and smiling aspect.",0.0
arctic_b0256,Arabic,ZHAA,nat+l2_same,"Outwardly, he maintained a calm and smiling aspect."," Outwardly, he maintained a calm and smiling aspect.",0.0
arctic_b0256,Arabic,ZHAA,nat+interp,"Outwardly, he maintained a calm and smiling aspect."," Outwardly, he maintained a calm and smiling aspect.",0.0
arctic_b0256,Arabic,ZHAA,nat+noise,"Outwardly, he maintained a calm and smiling aspect.", Outward,1.0
arctic_b0256,Arabic,ZHAA,nat+zero_0,"Outwardly, he maintained a calm and smiling aspect."," Outwardly, he maintained a calm and smiling aspect.",0.0
arctic_b0256,Arabic,ZHAA,nat+zero_100,"Outwardly, he maintained a calm and smiling aspect."," Outwardly, he maintained a calm and smiling aspect.",0.0
arctic_b0256,Arabic,ZHAA,nat+zero_200,"Outwardly, he maintained a calm and smiling aspect."," Outwardly, he maintained a calm and smiling aspect.",0.0
arctic_b0256,Arabic,ZHAA,nat+zero_400,"Outwardly, he maintained a calm and smiling aspect."," Outwardly, he maintained a calm and smiling aspect.",0.0
arctic_b0256,Arabic,ZHAA,nat+zero_800,"Outwardly, he maintained a calm and smiling aspect."," Outwardly, he maintained a calm and smiling aspect.",0.0
arctic_b0256,Chinese,BWC,nat+nat,"Outwardly, he maintained a calm and smiling aspect."," Outwardly, he maintained a calm and smiling aspect.",0.0
arctic_b0256,Chinese,BWC,nat+nat_diff_utt,"Outwardly, he maintained a calm and smiling aspect."," Outwardly, he maintained a calm and smiling aspect.",0.0
arctic_b0256,Chinese,BWC,nat+l2_same,"Outwardly, he maintained a calm and smiling aspect."," Outwardly, he maintained a calm and smiling aspect.",0.0
arctic_b0256,Chinese,BWC,nat+interp,"Outwardly, he maintained a calm and smiling aspect."," Outwardly, he maintained a calm and smiling aspect.",0.0
arctic_b0256,Chinese,BWC,nat+noise,"Outwardly, he maintained a calm and smiling aspect.", Outward,1.0
arctic_b0256,Chinese,BWC,nat+zero_0,"Outwardly, he maintained a calm and smiling aspect."," Outwardly, he maintained a calm and smiling aspect.",0.0
arctic_b0256,Chinese,BWC,nat+zero_100,"Outwardly, he maintained a calm and smiling aspect."," Outwardly, he maintained a calm and smiling aspect.",0.0
arctic_b0256,Chinese,BWC,nat+zero_200,"Outwardly, he maintained a calm and smiling aspect."," Outwardly, he maintained a calm and smiling aspect.",0.0
arctic_b0256,Chinese,BWC,nat+zero_400,"Outwardly, he maintained a calm and smiling aspect."," Outwardly, he maintained a calm and smiling aspect.",0.0
arctic_b0256,Chinese,BWC,nat+zero_800,"Outwardly, he maintained a calm and smiling aspect."," Outwardly, he maintained a calm and smiling aspect.",0.0
arctic_b0256,Hindi,SVBI,nat+nat,"Outwardly, he maintained a calm and smiling aspect."," Outwardly, he maintained a calm and smiling aspect.",0.0
arctic_b0256,Hindi,SVBI,nat+nat_diff_utt,"Outwardly, he maintained a calm and smiling aspect."," Outwardly, he maintained a calm and smiling aspect.",0.0
arctic_b0256,Hindi,SVBI,nat+l2_same,"Outwardly, he maintained a calm and smiling aspect."," Outwardly, he maintained a calm and smiling aspect.",0.0
arctic_b0256,Hindi,SVBI,nat+interp,"Outwardly, he maintained a calm and smiling aspect."," Outwardly, he maintained a calm and smiling aspect.",0.0
arctic_b0256,Hindi,SVBI,nat+noise,"Outwardly, he maintained a calm and smiling aspect.", Outward,1.0
arctic_b0256,Hindi,SVBI,nat+zero_0,"Outwardly, he maintained a calm and smiling aspect."," Outwardly, he maintained a calm and smiling aspect.",0.0
arctic_b0256,Hindi,SVBI,nat+zero_100,"Outwardly, he maintained a calm and smiling aspect."," Outwardly, he maintained a calm and smiling aspect.",0.0
arctic_b0256,Hindi,SVBI,nat+zero_200,"Outwardly, he maintained a calm and smiling aspect."," Outwardly, he maintained a calm and smiling aspect.",0.0
arctic_b0256,Hindi,SVBI,nat+zero_400,"Outwardly, he maintained a calm and smiling aspect."," Outwardly, he maintained a calm and smiling aspect.",0.0
arctic_b0256,Hindi,SVBI,nat+zero_800,"Outwardly, he maintained a calm and smiling aspect."," Outwardly, he maintained a calm and smiling aspect.",0.0
arctic_b0256,Korean,HJK,nat+nat,"Outwardly, he maintained a calm and smiling aspect."," Outwardly, he maintained a calm and smiling aspect.",0.0
arctic_b0256,Korean,HJK,nat+nat_diff_utt,"Outwardly, he maintained a calm and smiling aspect."," Outwardly, he maintained a calm and smiling aspect.",0.0
arctic_b0256,Korean,HJK,nat+l2_same,"Outwardly, he maintained a calm and smiling aspect."," Outwardly, he maintained a calm and smiling aspect.",0.0
arctic_b0256,Korean,HJK,nat+interp,"Outwardly, he maintained a calm and smiling aspect."," Outwardly, he maintained a calm and smiling aspect.",0.0
arctic_b0256,Korean,HJK,nat+noise,"Outwardly, he maintained a calm and smiling aspect.", Outward,1.0
arctic_b0256,Korean,HJK,nat+zero_0,"Outwardly, he maintained a calm and smiling aspect."," Outwardly, he maintained a calm and smiling aspect.",0.0
arctic_b0256,Korean,HJK,nat+zero_100,"Outwardly, he maintained a calm and smiling aspect."," Outwardly, he maintained a calm and smiling aspect.",0.0
arctic_b0256,Korean,HJK,nat+zero_200,"Outwardly, he maintained a calm and smiling aspect."," Outwardly, he maintained a calm and smiling aspect.",0.0
arctic_b0256,Korean,HJK,nat+zero_400,"Outwardly, he maintained a calm and smiling aspect."," Outwardly, he maintained a calm and smiling aspect.",0.0
arctic_b0256,Korean,HJK,nat+zero_800,"Outwardly, he maintained a calm and smiling aspect."," Outwardly, he maintained a calm and smiling aspect.",0.0
arctic_b0256,Spanish,EBVS,nat+nat,"Outwardly, he maintained a calm and smiling aspect."," Outwardly, he maintained a calm and smiling aspect.",0.0
arctic_b0256,Spanish,EBVS,nat+nat_diff_utt,"Outwardly, he maintained a calm and smiling aspect."," Outwardly, he maintained a calm and smiling aspect.",0.0
arctic_b0256,Spanish,EBVS,nat+l2_same,"Outwardly, he maintained a calm and smiling aspect."," Outwardly, he maintained a calm and smiling aspect.",0.0
arctic_b0256,Spanish,EBVS,nat+interp,"Outwardly, he maintained a calm and smiling aspect."," Outwardly, he maintained a calm and smiling aspect.",0.0
arctic_b0256,Spanish,EBVS,nat+noise,"Outwardly, he maintained a calm and smiling aspect.", Outward,1.0
arctic_b0256,Spanish,EBVS,nat+zero_0,"Outwardly, he maintained a calm and smiling aspect."," Outwardly, he maintained a calm and smiling aspect.",0.0
arctic_b0256,Spanish,EBVS,nat+zero_100,"Outwardly, he maintained a calm and smiling aspect."," Outwardly, he maintained a calm and smiling aspect.",0.0
arctic_b0256,Spanish,EBVS,nat+zero_200,"Outwardly, he maintained a calm and smiling aspect."," Outwardly, he maintained a calm and smiling aspect.",0.0
arctic_b0256,Spanish,EBVS,nat+zero_400,"Outwardly, he maintained a calm and smiling aspect."," Outwardly, he maintained a calm and smiling aspect.",0.0
arctic_b0256,Spanish,EBVS,nat+zero_800,"Outwardly, he maintained a calm and smiling aspect."," Outwardly, he maintained a calm and smiling aspect.",0.0
arctic_b0256,Vietnamese,HQTV,nat+nat,"Outwardly, he maintained a calm and smiling aspect."," Outwardly, he maintained a calm and smiling aspect.",0.0
arctic_b0256,Vietnamese,HQTV,nat+nat_diff_utt,"Outwardly, he maintained a calm and smiling aspect."," Outwardly, he maintained a calm and smiling aspect.",0.0
arctic_b0256,Vietnamese,HQTV,nat+l2_same,"Outwardly, he maintained a calm and smiling aspect."," Outwardly, he maintained a calm and smiling aspect.",0.0
arctic_b0256,Vietnamese,HQTV,nat+interp,"Outwardly, he maintained a calm and smiling aspect."," Outwardly, he maintained a calm and smiling aspect.",0.0
arctic_b0256,Vietnamese,HQTV,nat+noise,"Outwardly, he maintained a calm and smiling aspect.", Outward,1.0
arctic_b0256,Vietnamese,HQTV,nat+zero_0,"Outwardly, he maintained a calm and smiling aspect."," Outwardly, he maintained a calm and smiling aspect.",0.0
arctic_b0256,Vietnamese,HQTV,nat+zero_100,"Outwardly, he maintained a calm and smiling aspect."," Outwardly, he maintained a calm and smiling aspect.",0.0
arctic_b0256,Vietnamese,HQTV,nat+zero_200,"Outwardly, he maintained a calm and smiling aspect."," Outwardly, he maintained a calm and smiling aspect.",0.0
arctic_b0256,Vietnamese,HQTV,nat+zero_400,"Outwardly, he maintained a calm and smiling aspect."," Outwardly, he maintained a calm and smiling aspect.",0.0
arctic_b0256,Vietnamese,HQTV,nat+zero_800,"Outwardly, he maintained a calm and smiling aspect."," Outwardly, he maintained a calm and smiling aspect.",0.0
arctic_b0262,Arabic,ZHAA,nat+nat,Saxon's onto her job., Saxons onto her job.,0.0
arctic_b0262,Arabic,ZHAA,nat+nat_diff_utt,Saxon's onto her job., Saxons onto her job.,0.0
arctic_b0262,Arabic,ZHAA,nat+l2_same,Saxon's onto her job., Saxons onto her job.,0.0
arctic_b0262,Arabic,ZHAA,nat+interp,Saxon's onto her job., Saxons onto her job.,0.0
arctic_b0262,Arabic,ZHAA,nat+noise,Saxon's onto her job., Saxons on,0.75
arctic_b0262,Arabic,ZHAA,nat+zero_0,Saxon's onto her job., Saxons onto her job.,0.0
arctic_b0262,Arabic,ZHAA,nat+zero_100,Saxon's onto her job., Saxons onto her job.,0.0
arctic_b0262,Arabic,ZHAA,nat+zero_200,Saxon's onto her job., Saxons onto her job.,0.0
arctic_b0262,Arabic,ZHAA,nat+zero_400,Saxon's onto her job., Saxons onto her job.,0.0
arctic_b0262,Arabic,ZHAA,nat+zero_800,Saxon's onto her job., Saxons onto her job.,0.0
arctic_b0262,Chinese,BWC,nat+nat,Saxon's onto her job., Saxons onto her job.,0.0
arctic_b0262,Chinese,BWC,nat+nat_diff_utt,Saxon's onto her job., Saxons onto her job.,0.0
arctic_b0262,Chinese,BWC,nat+l2_same,Saxon's onto her job., Saxons onto her job.,0.0
arctic_b0262,Chinese,BWC,nat+interp,Saxon's onto her job., Saxons onto her job.,0.0
arctic_b0262,Chinese,BWC,nat+noise,Saxon's onto her job., Saxons on,0.75
arctic_b0262,Chinese,BWC,nat+zero_0,Saxon's onto her job., Saxons onto her job.,0.0
arctic_b0262,Chinese,BWC,nat+zero_100,Saxon's onto her job., Saxons onto her job.,0.0
arctic_b0262,Chinese,BWC,nat+zero_200,Saxon's onto her job., Saxons onto her job.,0.0
arctic_b0262,Chinese,BWC,nat+zero_400,Saxon's onto her job., Saxons onto her job.,0.0
arctic_b0262,Chinese,BWC,nat+zero_800,Saxon's onto her job., Saxons onto her job.,0.0
arctic_b0262,Hindi,SVBI,nat+nat,Saxon's onto her job., Saxons onto her job.,0.0
arctic_b0262,Hindi,SVBI,nat+nat_diff_utt,Saxon's onto her job., Saxons onto her job.,0.0
arctic_b0262,Hindi,SVBI,nat+l2_same,Saxon's onto her job., Saxons onto her job.,0.0
arctic_b0262,Hindi,SVBI,nat+interp,Saxon's onto her job., Saxons onto her job.,0.0
arctic_b0262,Hindi,SVBI,nat+noise,Saxon's onto her job., Saxons on,0.75
arctic_b0262,Hindi,SVBI,nat+zero_0,Saxon's onto her job., Saxons onto her job.,0.0
arctic_b0262,Hindi,SVBI,nat+zero_100,Saxon's onto her job., Saxons onto her job.,0.0
arctic_b0262,Hindi,SVBI,nat+zero_200,Saxon's onto her job., Saxons onto her job.,0.0
arctic_b0262,Hindi,SVBI,nat+zero_400,Saxon's onto her job., Saxons onto her job.,0.0
arctic_b0262,Hindi,SVBI,nat+zero_800,Saxon's onto her job., Saxons onto her job.,0.0
arctic_b0262,Korean,HJK,nat+nat,Saxon's onto her job., Saxons onto her job.,0.0
arctic_b0262,Korean,HJK,nat+nat_diff_utt,Saxon's onto her job., Saxons onto her job.,0.0
arctic_b0262,Korean,HJK,nat+l2_same,Saxon's onto her job., Saxons onto her job.,0.0
arctic_b0262,Korean,HJK,nat+interp,Saxon's onto her job., Saxons on to her job.,0.5
arctic_b0262,Korean,HJK,nat+noise,Saxon's onto her job., Saxons on,0.75
arctic_b0262,Korean,HJK,nat+zero_0,Saxon's onto her job., Saxons onto her job.,0.0
arctic_b0262,Korean,HJK,nat+zero_100,Saxon's onto her job., Saxons onto her job.,0.0
arctic_b0262,Korean,HJK,nat+zero_200,Saxon's onto her job., Saxons onto her job.,0.0
arctic_b0262,Korean,HJK,nat+zero_400,Saxon's onto her job., Saxons onto her job.,0.0
arctic_b0262,Korean,HJK,nat+zero_800,Saxon's onto her job., Saxons onto her job.,0.0
arctic_b0262,Spanish,EBVS,nat+nat,Saxon's onto her job., Saxons onto her job.,0.0
arctic_b0262,Spanish,EBVS,nat+nat_diff_utt,Saxon's onto her job., Saxons onto her job.,0.0
arctic_b0262,Spanish,EBVS,nat+l2_same,Saxon's onto her job., Saxons onto her job.,0.0
arctic_b0262,Spanish,EBVS,nat+interp,Saxon's onto her job., Saxons onto her job.,0.0
arctic_b0262,Spanish,EBVS,nat+noise,Saxon's onto her job., Saxons on,0.75
arctic_b0262,Spanish,EBVS,nat+zero_0,Saxon's onto her job., Saxons onto her job.,0.0
arctic_b0262,Spanish,EBVS,nat+zero_100,Saxon's onto her job., Saxons onto her job.,0.0
arctic_b0262,Spanish,EBVS,nat+zero_200,Saxon's onto her job., Saxons onto her job.,0.0
arctic_b0262,Spanish,EBVS,nat+zero_400,Saxon's onto her job., Saxons onto her job.,0.0
arctic_b0262,Spanish,EBVS,nat+zero_800,Saxon's onto her job., Saxons onto her job.,0.0
arctic_b0262,Vietnamese,HQTV,nat+nat,Saxon's onto her job., Saxons onto her job.,0.0
arctic_b0262,Vietnamese,HQTV,nat+nat_diff_utt,Saxon's onto her job., Saxons onto her job.,0.0
arctic_b0262,Vietnamese,HQTV,nat+l2_same,Saxon's onto her job., Saxons onto her job.,0.0
arctic_b0262,Vietnamese,HQTV,nat+interp,Saxon's onto her job., Saxons onto her job.,0.0
arctic_b0262,Vietnamese,HQTV,nat+noise,Saxon's onto her job., Saxons on,0.75
arctic_b0262,Vietnamese,HQTV,nat+zero_0,Saxon's onto her job., Saxons onto her job.,0.0
arctic_b0262,Vietnamese,HQTV,nat+zero_100,Saxon's onto her job., Saxons onto her job.,0.0
arctic_b0262,Vietnamese,HQTV,nat+zero_200,Saxon's onto her job., Saxons onto her job.,0.0
arctic_b0262,Vietnamese,HQTV,nat+zero_400,Saxon's onto her job., Saxons onto her job.,0.0
arctic_b0262,Vietnamese,HQTV,nat+zero_800,Saxon's onto her job., Saxons onto her job.,0.0
arctic_b0273,Arabic,ZHAA,nat+nat,Then it was that a strange thing happened., then it was that a strange thing happened.,0.0
arctic_b0273,Arabic,ZHAA,nat+nat_diff_utt,Then it was that a strange thing happened., then it was that a strange thing happened.,0.0
arctic_b0273,Arabic,ZHAA,nat+l2_same,Then it was that a strange thing happened., then it was that a strange thing happened.,0.0
arctic_b0273,Arabic,ZHAA,nat+interp,Then it was that a strange thing happened., Then it was that a strange thing happened.,0.0
arctic_b0273,Arabic,ZHAA,nat+noise,Then it was that a strange thing happened., Then it was,0.625
arctic_b0273,Arabic,ZHAA,nat+zero_0,Then it was that a strange thing happened., then it was that a strange thing happened.,0.0
arctic_b0273,Arabic,ZHAA,nat+zero_100,Then it was that a strange thing happened., then it was that a strange thing happened.,0.0
arctic_b0273,Arabic,ZHAA,nat+zero_200,Then it was that a strange thing happened., then it was that a strange thing happened.,0.0
arctic_b0273,Arabic,ZHAA,nat+zero_400,Then it was that a strange thing happened., then it was that a strange thing happened.,0.0
arctic_b0273,Arabic,ZHAA,nat+zero_800,Then it was that a strange thing happened., then it was that a strange thing happened.,0.0
arctic_b0273,Chinese,BWC,nat+nat,Then it was that a strange thing happened., then it was that a strange thing happened.,0.0
arctic_b0273,Chinese,BWC,nat+nat_diff_utt,Then it was that a strange thing happened., then it was that a strange thing happened.,0.0
arctic_b0273,Chinese,BWC,nat+l2_same,Then it was that a strange thing happened., Then it was that a strange thing happened.,0.0
arctic_b0273,Chinese,BWC,nat+interp,Then it was that a strange thing happened., Then it was that a strange thing happened.,0.0
arctic_b0273,Chinese,BWC,nat+noise,Then it was that a strange thing happened., Then it was,0.625
arctic_b0273,Chinese,BWC,nat+zero_0,Then it was that a strange thing happened., then it was that a strange thing happened.,0.0
arctic_b0273,Chinese,BWC,nat+zero_100,Then it was that a strange thing happened., then it was that a strange thing happened.,0.0
arctic_b0273,Chinese,BWC,nat+zero_200,Then it was that a strange thing happened., then it was that a strange thing happened.,0.0
arctic_b0273,Chinese,BWC,nat+zero_400,Then it was that a strange thing happened., then it was that a strange thing happened.,0.0
arctic_b0273,Chinese,BWC,nat+zero_800,Then it was that a strange thing happened., then it was that a strange thing happened.,0.0
arctic_b0273,Hindi,SVBI,nat+nat,Then it was that a strange thing happened., then it was that a strange thing happened.,0.0
arctic_b0273,Hindi,SVBI,nat+nat_diff_utt,Then it was that a strange thing happened., then it was that a strange thing happened.,0.0
arctic_b0273,Hindi,SVBI,nat+l2_same,Then it was that a strange thing happened., then it was that a strange thing happened.,0.0
arctic_b0273,Hindi,SVBI,nat+interp,Then it was that a strange thing happened., Then it was that a strange thing happened,0.0
arctic_b0273,Hindi,SVBI,nat+noise,Then it was that a strange thing happened., Then it was,0.625
arctic_b0273,Hindi,SVBI,nat+zero_0,Then it was that a strange thing happened., then it was that a strange thing happened.,0.0
arctic_b0273,Hindi,SVBI,nat+zero_100,Then it was that a strange thing happened., then it was that a strange thing happened.,0.0
arctic_b0273,Hindi,SVBI,nat+zero_200,Then it was that a strange thing happened., then it was that a strange thing happened.,0.0
arctic_b0273,Hindi,SVBI,nat+zero_400,Then it was that a strange thing happened., then it was that a strange thing happened.,0.0
arctic_b0273,Hindi,SVBI,nat+zero_800,Then it was that a strange thing happened., then it was that a strange thing happened.,0.0
arctic_b0273,Korean,HJK,nat+nat,Then it was that a strange thing happened., then it was that a strange thing happened.,0.0
arctic_b0273,Korean,HJK,nat+nat_diff_utt,Then it was that a strange thing happened., then it was that a strange thing happened.,0.0
arctic_b0273,Korean,HJK,nat+l2_same,Then it was that a strange thing happened., then it was that a strange thing happened.,0.0
arctic_b0273,Korean,HJK,nat+interp,Then it was that a strange thing happened., Then it was that a strange thing happened.,0.0
arctic_b0273,Korean,HJK,nat+noise,Then it was that a strange thing happened., Then it was,0.625
arctic_b0273,Korean,HJK,nat+zero_0,Then it was that a strange thing happened., then it was that a strange thing happened.,0.0
arctic_b0273,Korean,HJK,nat+zero_100,Then it was that a strange thing happened., then it was that a strange thing happened.,0.0
arctic_b0273,Korean,HJK,nat+zero_200,Then it was that a strange thing happened., then it was that a strange thing happened.,0.0
arctic_b0273,Korean,HJK,nat+zero_400,Then it was that a strange thing happened., then it was that a strange thing happened.,0.0
arctic_b0273,Korean,HJK,nat+zero_800,Then it was that a strange thing happened., then it was that a strange thing happened.,0.0
arctic_b0273,Spanish,EBVS,nat+nat,Then it was that a strange thing happened., then it was that a strange thing happened.,0.0
arctic_b0273,Spanish,EBVS,nat+nat_diff_utt,Then it was that a strange thing happened., then it was that a strange thing happened.,0.0
arctic_b0273,Spanish,EBVS,nat+l2_same,Then it was that a strange thing happened., then it was that a strange thing happened.,0.0
arctic_b0273,Spanish,EBVS,nat+interp,Then it was that a strange thing happened., Then it was that a strange thing happened.,0.0
arctic_b0273,Spanish,EBVS,nat+noise,Then it was that a strange thing happened., Then it was,0.625
arctic_b0273,Spanish,EBVS,nat+zero_0,Then it was that a strange thing happened., then it was that a strange thing happened.,0.0
arctic_b0273,Spanish,EBVS,nat+zero_100,Then it was that a strange thing happened., then it was that a strange thing happened.,0.0
arctic_b0273,Spanish,EBVS,nat+zero_200,Then it was that a strange thing happened., then it was that a strange thing happened.,0.0
arctic_b0273,Spanish,EBVS,nat+zero_400,Then it was that a strange thing happened., then it was that a strange thing happened.,0.0
arctic_b0273,Spanish,EBVS,nat+zero_800,Then it was that a strange thing happened., then it was that a strange thing happened.,0.0
arctic_b0273,Vietnamese,HQTV,nat+nat,Then it was that a strange thing happened., then it was that a strange thing happened.,0.0
arctic_b0273,Vietnamese,HQTV,nat+nat_diff_utt,Then it was that a strange thing happened., then it was that a strange thing happened.,0.0
arctic_b0273,Vietnamese,HQTV,nat+l2_same,Then it was that a strange thing happened., Then it was that a strange thing happened.,0.0
arctic_b0273,Vietnamese,HQTV,nat+interp,Then it was that a strange thing happened., Then it was that a strange thing happened.,0.0
arctic_b0273,Vietnamese,HQTV,nat+noise,Then it was that a strange thing happened., Then it was,0.625
arctic_b0273,Vietnamese,HQTV,nat+zero_0,Then it was that a strange thing happened., then it was that a strange thing happened.,0.0
arctic_b0273,Vietnamese,HQTV,nat+zero_100,Then it was that a strange thing happened., then it was that a strange thing happened.,0.0
arctic_b0273,Vietnamese,HQTV,nat+zero_200,Then it was that a strange thing happened., then it was that a strange thing happened.,0.0
arctic_b0273,Vietnamese,HQTV,nat+zero_400,Then it was that a strange thing happened., then it was that a strange thing happened.,0.0
arctic_b0273,Vietnamese,HQTV,nat+zero_800,Then it was that a strange thing happened., then it was that a strange thing happened.,0.0
arctic_b0274,Arabic,ZHAA,nat+nat,From the source of light a harsh voice said.," From the Source of Light, a harsh voice said.",0.0
arctic_b0274,Arabic,ZHAA,nat+nat_diff_utt,From the source of light a harsh voice said.," From the Source of Light, a harsh voice said.",0.0
arctic_b0274,Arabic,ZHAA,nat+l2_same,From the source of light a harsh voice said.," From the source of light, a harsh voice said.",0.0
arctic_b0274,Arabic,ZHAA,nat+interp,From the source of light a harsh voice said.," From the Source of Light, a harsh voice said.",0.0
arctic_b0274,Arabic,ZHAA,nat+noise,From the source of light a harsh voice said., From The,0.7777777777777778
arctic_b0274,Arabic,ZHAA,nat+zero_0,From the source of light a harsh voice said., from the source of light a harsh voice said.,0.0
arctic_b0274,Arabic,ZHAA,nat+zero_100,From the source of light a harsh voice said., from the source of light a harsh voice said.,0.0
arctic_b0274,Arabic,ZHAA,nat+zero_200,From the source of light a harsh voice said., from the source of light a harsh voice said.,0.0
arctic_b0274,Arabic,ZHAA,nat+zero_400,From the source of light a harsh voice said., from the source of light a harsh voice said.,0.0
arctic_b0274,Arabic,ZHAA,nat+zero_800,From the source of light a harsh voice said., from the source of light a harsh voice said.,0.0
arctic_b0274,Chinese,BWC,nat+nat,From the source of light a harsh voice said.," From the Source of Light, a harsh voice said.",0.0
arctic_b0274,Chinese,BWC,nat+nat_diff_utt,From the source of light a harsh voice said.," From the Source of Light, a harsh voice said.",0.0
arctic_b0274,Chinese,BWC,nat+l2_same,From the source of light a harsh voice said.," From the Source of Light, a harsh voice said.",0.0
arctic_b0274,Chinese,BWC,nat+interp,From the source of light a harsh voice said.," From The Source of Light, A Harsh Voice said.",0.0
arctic_b0274,Chinese,BWC,nat+noise,From the source of light a harsh voice said., From The,0.7777777777777778
arctic_b0274,Chinese,BWC,nat+zero_0,From the source of light a harsh voice said., from the source of light a harsh voice said.,0.0
arctic_b0274,Chinese,BWC,nat+zero_100,From the source of light a harsh voice said., from the source of light a harsh voice said.,0.0
arctic_b0274,Chinese,BWC,nat+zero_200,From the source of light a harsh voice said., from the source of light a harsh voice said.,0.0
arctic_b0274,Chinese,BWC,nat+zero_400,From the source of light a harsh voice said., from the source of light a harsh voice said.,0.0
arctic_b0274,Chinese,BWC,nat+zero_800,From the source of light a harsh voice said., from the source of light a harsh voice said.,0.0
arctic_b0274,Hindi,SVBI,nat+nat,From the source of light a harsh voice said.," From the Source of Light, a harsh voice said.",0.0
arctic_b0274,Hindi,SVBI,nat+nat_diff_utt,From the source of light a harsh voice said.," From the Source of Light, a harsh voice said.",0.0
arctic_b0274,Hindi,SVBI,nat+l2_same,From the source of light a harsh voice said.," From the source of light, a harsh voice said.",0.0
arctic_b0274,Hindi,SVBI,nat+interp,From the source of light a harsh voice said.," From The Source of Light, A Harsh Voice Said.",0.0
arctic_b0274,Hindi,SVBI,nat+noise,From the source of light a harsh voice said., From The,0.7777777777777778
arctic_b0274,Hindi,SVBI,nat+zero_0,From the source of light a harsh voice said., from the source of light a harsh voice said.,0.0
arctic_b0274,Hindi,SVBI,nat+zero_100,From the source of light a harsh voice said., from the source of light a harsh voice said.,0.0
arctic_b0274,Hindi,SVBI,nat+zero_200,From the source of light a harsh voice said., from the source of light a harsh voice said.,0.0
arctic_b0274,Hindi,SVBI,nat+zero_400,From the source of light a harsh voice said., from the source of light a harsh voice said.,0.0
arctic_b0274,Hindi,SVBI,nat+zero_800,From the source of light a harsh voice said., from the source of light a harsh voice said.,0.0
arctic_b0274,Korean,HJK,nat+nat,From the source of light a harsh voice said.," From the Source of Light, a harsh voice said.",0.0
arctic_b0274,Korean,HJK,nat+nat_diff_utt,From the source of light a harsh voice said.," From the Source of Light, a harsh voice said.",0.0
arctic_b0274,Korean,HJK,nat+l2_same,From the source of light a harsh voice said.," From the source of light, a harsh voice said.",0.0
arctic_b0274,Korean,HJK,nat+interp,From the source of light a harsh voice said.," From The Source of Light, a harsh voice said.",0.0
arctic_b0274,Korean,HJK,nat+noise,From the source of light a harsh voice said., From The,0.7777777777777778
arctic_b0274,Korean,HJK,nat+zero_0,From the source of light a harsh voice said., from the source of light a harsh voice said.,0.0
arctic_b0274,Korean,HJK,nat+zero_100,From the source of light a harsh voice said., from the source of light a harsh voice said.,0.0
arctic_b0274,Korean,HJK,nat+zero_200,From the source of light a harsh voice said., from the source of light a harsh voice said.,0.0
arctic_b0274,Korean,HJK,nat+zero_400,From the source of light a harsh voice said., from the source of light a harsh voice said.,0.0
arctic_b0274,Korean,HJK,nat+zero_800,From the source of light a harsh voice said., from the source of light a harsh voice said.,0.0
arctic_b0274,Spanish,EBVS,nat+nat,From the source of light a harsh voice said.," From the Source of Light, a harsh voice said.",0.0
arctic_b0274,Spanish,EBVS,nat+nat_diff_utt,From the source of light a harsh voice said.," From the Source of Light, a harsh voice said.",0.0
arctic_b0274,Spanish,EBVS,nat+l2_same,From the source of light a harsh voice said.," From the source of light, a harsh voice said.",0.0
arctic_b0274,Spanish,EBVS,nat+interp,From the source of light a harsh voice said.," From The Source of Light, A Harsh Voice Said",0.0
arctic_b0274,Spanish,EBVS,nat+noise,From the source of light a harsh voice said., From The,0.7777777777777778
arctic_b0274,Spanish,EBVS,nat+zero_0,From the source of light a harsh voice said., from the source of light a harsh voice said.,0.0
arctic_b0274,Spanish,EBVS,nat+zero_100,From the source of light a harsh voice said., from the source of light a harsh voice said.,0.0
arctic_b0274,Spanish,EBVS,nat+zero_200,From the source of light a harsh voice said., from the source of light a harsh voice said.,0.0
arctic_b0274,Spanish,EBVS,nat+zero_400,From the source of light a harsh voice said., from the source of light a harsh voice said.,0.0
arctic_b0274,Spanish,EBVS,nat+zero_800,From the source of light a harsh voice said., from the source of light a harsh voice said.,0.0
arctic_b0274,Vietnamese,HQTV,nat+nat,From the source of light a harsh voice said.," From the Source of Light, a harsh voice said.",0.0
arctic_b0274,Vietnamese,HQTV,nat+nat_diff_utt,From the source of light a harsh voice said.," From the Source of Light, a harsh voice said.",0.0
arctic_b0274,Vietnamese,HQTV,nat+l2_same,From the source of light a harsh voice said.," From the Source of Light, a harsh voice said.",0.0
arctic_b0274,Vietnamese,HQTV,nat+interp,From the source of light a harsh voice said.," From The Source of Light, A Harsh Voice Said.",0.0
arctic_b0274,Vietnamese,HQTV,nat+noise,From the source of light a harsh voice said., From The,0.7777777777777778
arctic_b0274,Vietnamese,HQTV,nat+zero_0,From the source of light a harsh voice said., from the source of light a harsh voice said.,0.0
arctic_b0274,Vietnamese,HQTV,nat+zero_100,From the source of light a harsh voice said., from the source of light a harsh voice said.,0.0
arctic_b0274,Vietnamese,HQTV,nat+zero_200,From the source of light a harsh voice said., from the source of light a harsh voice said.,0.0
arctic_b0274,Vietnamese,HQTV,nat+zero_400,From the source of light a harsh voice said., from the source of light a harsh voice said.,0.0
arctic_b0274,Vietnamese,HQTV,nat+zero_800,From the source of light a harsh voice said., from the source of light a harsh voice said.,0.0
arctic_b0283,Arabic,ZHAA,nat+nat,But we were without this momentum., but we were without this momentum.,0.0
arctic_b0283,Arabic,ZHAA,nat+nat_diff_utt,But we were without this momentum., but we were without this momentum.,0.0
arctic_b0283,Arabic,ZHAA,nat+l2_same,But we were without this momentum., but we were without this momentum.,0.0
arctic_b0283,Arabic,ZHAA,nat+interp,But we were without this momentum., but we were without this momentum.,0.0
arctic_b0283,Arabic,ZHAA,nat+noise,But we were without this momentum., But we were,0.5
arctic_b0283,Arabic,ZHAA,nat+zero_0,But we were without this momentum., but we were without this momentum.,0.0
arctic_b0283,Arabic,ZHAA,nat+zero_100,But we were without this momentum., but we were without this momentum.,0.0
arctic_b0283,Arabic,ZHAA,nat+zero_200,But we were without this momentum., but we were without this momentum.,0.0
arctic_b0283,Arabic,ZHAA,nat+zero_400,But we were without this momentum., but we were without this momentum.,0.0
arctic_b0283,Arabic,ZHAA,nat+zero_800,But we were without this momentum., but we were without this momentum.,0.0
arctic_b0283,Chinese,BWC,nat+nat,But we were without this momentum., but we were without this momentum.,0.0
arctic_b0283,Chinese,BWC,nat+nat_diff_utt,But we were without this momentum., but we were without this momentum.,0.0
arctic_b0283,Chinese,BWC,nat+l2_same,But we were without this momentum., but we were without this momentum.,0.0
arctic_b0283,Chinese,BWC,nat+interp,But we were without this momentum., but we were without this momentum.,0.0
arctic_b0283,Chinese,BWC,nat+noise,But we were without this momentum., But we were,0.5
arctic_b0283,Chinese,BWC,nat+zero_0,But we were without this momentum., but we were without this momentum.,0.0
arctic_b0283,Chinese,BWC,nat+zero_100,But we were without this momentum., but we were without this momentum.,0.0
arctic_b0283,Chinese,BWC,nat+zero_200,But we were without this momentum., but we were without this momentum.,0.0
arctic_b0283,Chinese,BWC,nat+zero_400,But we were without this momentum., but we were without this momentum.,0.0
arctic_b0283,Chinese,BWC,nat+zero_800,But we were without this momentum., but we were without this momentum.,0.0
arctic_b0283,Hindi,SVBI,nat+nat,But we were without this momentum., but we were without this momentum.,0.0
arctic_b0283,Hindi,SVBI,nat+nat_diff_utt,But we were without this momentum., but we were without this momentum.,0.0
arctic_b0283,Hindi,SVBI,nat+l2_same,But we were without this momentum., but we were without this momentum.,0.0
arctic_b0283,Hindi,SVBI,nat+interp,But we were without this momentum., but we were without this momentum.,0.0
arctic_b0283,Hindi,SVBI,nat+noise,But we were without this momentum., But we were,0.5
arctic_b0283,Hindi,SVBI,nat+zero_0,But we were without this momentum., but we were without this momentum.,0.0
arctic_b0283,Hindi,SVBI,nat+zero_100,But we were without this momentum., but we were without this momentum.,0.0
arctic_b0283,Hindi,SVBI,nat+zero_200,But we were without this momentum., but we were without this momentum.,0.0
arctic_b0283,Hindi,SVBI,nat+zero_400,But we were without this momentum., but we were without this momentum.,0.0
arctic_b0283,Hindi,SVBI,nat+zero_800,But we were without this momentum., but we were without this momentum.,0.0
arctic_b0283,Korean,HJK,nat+nat,But we were without this momentum., but we were without this momentum.,0.0
arctic_b0283,Korean,HJK,nat+nat_diff_utt,But we were without this momentum., but we were without this momentum.,0.0
arctic_b0283,Korean,HJK,nat+l2_same,But we were without this momentum., but we were without this momentum.,0.0
arctic_b0283,Korean,HJK,nat+interp,But we were without this momentum., but we were without this momentum.,0.0
arctic_b0283,Korean,HJK,nat+noise,But we were without this momentum., But we were,0.5
arctic_b0283,Korean,HJK,nat+zero_0,But we were without this momentum., but we were without this momentum.,0.0
arctic_b0283,Korean,HJK,nat+zero_100,But we were without this momentum., but we were without this momentum.,0.0
arctic_b0283,Korean,HJK,nat+zero_200,But we were without this momentum., but we were without this momentum.,0.0
arctic_b0283,Korean,HJK,nat+zero_400,But we were without this momentum., but we were without this momentum.,0.0
arctic_b0283,Korean,HJK,nat+zero_800,But we were without this momentum., but we were without this momentum.,0.0
arctic_b0283,Spanish,EBVS,nat+nat,But we were without this momentum., but we were without this momentum.,0.0
arctic_b0283,Spanish,EBVS,nat+nat_diff_utt,But we were without this momentum., but we were without this momentum.,0.0
arctic_b0283,Spanish,EBVS,nat+l2_same,But we were without this momentum., but we were without this momentum.,0.0
arctic_b0283,Spanish,EBVS,nat+interp,But we were without this momentum., but we were without this momentum.,0.0
arctic_b0283,Spanish,EBVS,nat+noise,But we were without this momentum., But we were,0.5
arctic_b0283,Spanish,EBVS,nat+zero_0,But we were without this momentum., but we were without this momentum.,0.0
arctic_b0283,Spanish,EBVS,nat+zero_100,But we were without this momentum., but we were without this momentum.,0.0
arctic_b0283,Spanish,EBVS,nat+zero_200,But we were without this momentum., but we were without this momentum.,0.0
arctic_b0283,Spanish,EBVS,nat+zero_400,But we were without this momentum., but we were without this momentum.,0.0
arctic_b0283,Spanish,EBVS,nat+zero_800,But we were without this momentum., but we were without this momentum.,0.0
arctic_b0283,Vietnamese,HQTV,nat+nat,But we were without this momentum., but we were without this momentum.,0.0
arctic_b0283,Vietnamese,HQTV,nat+nat_diff_utt,But we were without this momentum., but we were without this momentum.,0.0
arctic_b0283,Vietnamese,HQTV,nat+l2_same,But we were without this momentum., but we were without this momentum.,0.0
arctic_b0283,Vietnamese,HQTV,nat+interp,But we were without this momentum., but we were without this momentum.,0.0
arctic_b0283,Vietnamese,HQTV,nat+noise,But we were without this momentum., But we were,0.5
arctic_b0283,Vietnamese,HQTV,nat+zero_0,But we were without this momentum., but we were without this momentum.,0.0
arctic_b0283,Vietnamese,HQTV,nat+zero_100,But we were without this momentum., but we were without this momentum.,0.0
arctic_b0283,Vietnamese,HQTV,nat+zero_200,But we were without this momentum., but we were without this momentum.,0.0
arctic_b0283,Vietnamese,HQTV,nat+zero_400,But we were without this momentum., but we were without this momentum.,0.0
arctic_b0283,Vietnamese,HQTV,nat+zero_800,But we were without this momentum., but we were without this momentum.,0.0
arctic_b0285,Arabic,ZHAA,nat+nat,The hyena proceeded to dine., The hyena proceeded to dine.,0.0
arctic_b0285,Arabic,ZHAA,nat+nat_diff_utt,The hyena proceeded to dine., the hyena proceeded to dine.,0.0
arctic_b0285,Arabic,ZHAA,nat+l2_same,The hyena proceeded to dine., The hyena proceeded to dine.,0.0
arctic_b0285,Arabic,ZHAA,nat+interp,The hyena proceeded to dine., The hyena proceeded to dine.,0.0
arctic_b0285,Arabic,ZHAA,nat+noise,The hyena proceeded to dine., The Hy I,0.8
arctic_b0285,Arabic,ZHAA,nat+zero_0,The hyena proceeded to dine., the hyena proceeded to dine.,0.0
arctic_b0285,Arabic,ZHAA,nat+zero_100,The hyena proceeded to dine., the hyena proceeded to dine.,0.0
arctic_b0285,Arabic,ZHAA,nat+zero_200,The hyena proceeded to dine., the hyena proceeded to dine.,0.0
arctic_b0285,Arabic,ZHAA,nat+zero_400,The hyena proceeded to dine., the hyena proceeded to dine.,0.0
arctic_b0285,Arabic,ZHAA,nat+zero_800,The hyena proceeded to dine., the hyena proceeded to dine.,0.0
arctic_b0285,Chinese,BWC,nat+nat,The hyena proceeded to dine., The hyena proceeded to dine.,0.0
arctic_b0285,Chinese,BWC,nat+nat_diff_utt,The hyena proceeded to dine., the hyena proceeded to dine.,0.0
arctic_b0285,Chinese,BWC,nat+l2_same,The hyena proceeded to dine., The hyena proceeded to dine.,0.0
arctic_b0285,Chinese,BWC,nat+interp,The hyena proceeded to dine., The hyena proceeded to dine.,0.0
arctic_b0285,Chinese,BWC,nat+noise,The hyena proceeded to dine., The Hy I,0.8
arctic_b0285,Chinese,BWC,nat+zero_0,The hyena proceeded to dine., the hyena proceeded to dine.,0.0
arctic_b0285,Chinese,BWC,nat+zero_100,The hyena proceeded to dine., the hyena proceeded to dine.,0.0
arctic_b0285,Chinese,BWC,nat+zero_200,The hyena proceeded to dine., the hyena proceeded to dine.,0.0
arctic_b0285,Chinese,BWC,nat+zero_400,The hyena proceeded to dine., the hyena proceeded to dine.,0.0
arctic_b0285,Chinese,BWC,nat+zero_800,The hyena proceeded to dine., the hyena proceeded to dine.,0.0
arctic_b0285,Hindi,SVBI,nat+nat,The hyena proceeded to dine., The hyena proceeded to dine.,0.0
arctic_b0285,Hindi,SVBI,nat+nat_diff_utt,The hyena proceeded to dine., the hyena proceeded to dine.,0.0
arctic_b0285,Hindi,SVBI,nat+l2_same,The hyena proceeded to dine., The hyena proceeded to dine.,0.0
arctic_b0285,Hindi,SVBI,nat+interp,The hyena proceeded to dine., The hyena proceeded to dine.,0.0
arctic_b0285,Hindi,SVBI,nat+noise,The hyena proceeded to dine., The Hy I,0.8
arctic_b0285,Hindi,SVBI,nat+zero_0,The hyena proceeded to dine., the hyena proceeded to dine.,0.0
arctic_b0285,Hindi,SVBI,nat+zero_100,The hyena proceeded to dine., the hyena proceeded to dine.,0.0
arctic_b0285,Hindi,SVBI,nat+zero_200,The hyena proceeded to dine., the hyena proceeded to dine.,0.0
arctic_b0285,Hindi,SVBI,nat+zero_400,The hyena proceeded to dine., the hyena proceeded to dine.,0.0
arctic_b0285,Hindi,SVBI,nat+zero_800,The hyena proceeded to dine., the hyena proceeded to dine.,0.0
arctic_b0285,Korean,HJK,nat+nat,The hyena proceeded to dine., The hyena proceeded to dine.,0.0
arctic_b0285,Korean,HJK,nat+nat_diff_utt,The hyena proceeded to dine., the hyena proceeded to dine.,0.0
arctic_b0285,Korean,HJK,nat+l2_same,The hyena proceeded to dine., The hyena proceeded to dine.,0.0
arctic_b0285,Korean,HJK,nat+interp,The hyena proceeded to dine., The hyena proceeded to dine.,0.0
arctic_b0285,Korean,HJK,nat+noise,The hyena proceeded to dine., The Hy I,0.8
arctic_b0285,Korean,HJK,nat+zero_0,The hyena proceeded to dine., the hyena proceeded to dine.,0.0
arctic_b0285,Korean,HJK,nat+zero_100,The hyena proceeded to dine., the hyena proceeded to dine.,0.0
arctic_b0285,Korean,HJK,nat+zero_200,The hyena proceeded to dine., the hyena proceeded to dine.,0.0
arctic_b0285,Korean,HJK,nat+zero_400,The hyena proceeded to dine., the hyena proceeded to dine.,0.0
arctic_b0285,Korean,HJK,nat+zero_800,The hyena proceeded to dine., the hyena proceeded to dine.,0.0
arctic_b0285,Spanish,EBVS,nat+nat,The hyena proceeded to dine., The hyena proceeded to dine.,0.0
arctic_b0285,Spanish,EBVS,nat+nat_diff_utt,The hyena proceeded to dine., the hyena proceeded to dine.,0.0
arctic_b0285,Spanish,EBVS,nat+l2_same,The hyena proceeded to dine., The hyena proceeded to dine.,0.0
arctic_b0285,Spanish,EBVS,nat+interp,The hyena proceeded to dine., The hyena proceeded to die,0.2
arctic_b0285,Spanish,EBVS,nat+noise,The hyena proceeded to dine., The Hy I,0.8
arctic_b0285,Spanish,EBVS,nat+zero_0,The hyena proceeded to dine., the hyena proceeded to dine.,0.0
arctic_b0285,Spanish,EBVS,nat+zero_100,The hyena proceeded to dine., the hyena proceeded to dine.,0.0
arctic_b0285,Spanish,EBVS,nat+zero_200,The hyena proceeded to dine., the hyena proceeded to dine.,0.0
arctic_b0285,Spanish,EBVS,nat+zero_400,The hyena proceeded to dine., the hyena proceeded to dine.,0.0
arctic_b0285,Spanish,EBVS,nat+zero_800,The hyena proceeded to dine., the hyena proceeded to dine.,0.0
arctic_b0285,Vietnamese,HQTV,nat+nat,The hyena proceeded to dine., The hyena proceeded to dine.,0.0
arctic_b0285,Vietnamese,HQTV,nat+nat_diff_utt,The hyena proceeded to dine., the hyena proceeded to dine.,0.0
arctic_b0285,Vietnamese,HQTV,nat+l2_same,The hyena proceeded to dine., The hyena proceeded to dine.,0.0
arctic_b0285,Vietnamese,HQTV,nat+interp,The hyena proceeded to dine., The hyena proceeded to dine.,0.0
arctic_b0285,Vietnamese,HQTV,nat+noise,The hyena proceeded to dine., The Hy I,0.8
arctic_b0285,Vietnamese,HQTV,nat+zero_0,The hyena proceeded to dine., the hyena proceeded to dine.,0.0
arctic_b0285,Vietnamese,HQTV,nat+zero_100,The hyena proceeded to dine., the hyena proceeded to dine.,0.0
arctic_b0285,Vietnamese,HQTV,nat+zero_200,The hyena proceeded to dine., the hyena proceeded to dine.,0.0
arctic_b0285,Vietnamese,HQTV,nat+zero_400,The hyena proceeded to dine., the hyena proceeded to dine.,0.0
arctic_b0285,Vietnamese,HQTV,nat+zero_800,The hyena proceeded to dine., the hyena proceeded to dine.,0.0
arctic_b0286,Arabic,ZHAA,nat+nat,The time was considered auspicious., the time was considered auspicious.,0.0
arctic_b0286,Arabic,ZHAA,nat+nat_diff_utt,The time was considered auspicious., the time was considered auspicious.,0.0
arctic_b0286,Arabic,ZHAA,nat+l2_same,The time was considered auspicious., the time was considered auspicious.,0.0
arctic_b0286,Arabic,ZHAA,nat+interp,The time was considered auspicious., The time was considered auspicious.,0.0
arctic_b0286,Arabic,ZHAA,nat+noise,The time was considered auspicious., The time was was,0.4
arctic_b0286,Arabic,ZHAA,nat+zero_0,The time was considered auspicious., the time was considered auspicious.,0.0
arctic_b0286,Arabic,ZHAA,nat+zero_100,The time was considered auspicious., the time was considered auspicious.,0.0
arctic_b0286,Arabic,ZHAA,nat+zero_200,The time was considered auspicious., the time was considered auspicious.,0.0
arctic_b0286,Arabic,ZHAA,nat+zero_400,The time was considered auspicious., the time was considered auspicious.,0.0
arctic_b0286,Arabic,ZHAA,nat+zero_800,The time was considered auspicious., the time was considered auspicious.,0.0
arctic_b0286,Chinese,BWC,nat+nat,The time was considered auspicious., the time was considered auspicious.,0.0
arctic_b0286,Chinese,BWC,nat+nat_diff_utt,The time was considered auspicious., the time was considered auspicious.,0.0
arctic_b0286,Chinese,BWC,nat+l2_same,The time was considered auspicious., the time was considered auspicious.,0.0
arctic_b0286,Chinese,BWC,nat+interp,The time was considered auspicious., the time was considered auspicious.,0.0
arctic_b0286,Chinese,BWC,nat+noise,The time was considered auspicious., The time was was,0.4
arctic_b0286,Chinese,BWC,nat+zero_0,The time was considered auspicious., the time was considered auspicious.,0.0
arctic_b0286,Chinese,BWC,nat+zero_100,The time was considered auspicious., the time was considered auspicious.,0.0
arctic_b0286,Chinese,BWC,nat+zero_200,The time was considered auspicious., the time was considered auspicious.,0.0
arctic_b0286,Chinese,BWC,nat+zero_400,The time was considered auspicious., the time was considered auspicious.,0.0
arctic_b0286,Chinese,BWC,nat+zero_800,The time was considered auspicious., the time was considered auspicious.,0.0
arctic_b0286,Hindi,SVBI,nat+nat,The time was considered auspicious., the time was considered auspicious.,0.0
arctic_b0286,Hindi,SVBI,nat+nat_diff_utt,The time was considered auspicious., the time was considered auspicious.,0.0
arctic_b0286,Hindi,SVBI,nat+l2_same,The time was considered auspicious., the time was considered auspicious.,0.0
arctic_b0286,Hindi,SVBI,nat+interp,The time was considered auspicious., the time was considered auspicious.,0.0
arctic_b0286,Hindi,SVBI,nat+noise,The time was considered auspicious., The time was was,0.4
arctic_b0286,Hindi,SVBI,nat+zero_0,The time was considered auspicious., the time was considered auspicious.,0.0
arctic_b0286,Hindi,SVBI,nat+zero_100,The time was considered auspicious., the time was considered auspicious.,0.0
arctic_b0286,Hindi,SVBI,nat+zero_200,The time was considered auspicious., the time was considered auspicious.,0.0
arctic_b0286,Hindi,SVBI,nat+zero_400,The time was considered auspicious., the time was considered auspicious.,0.0
arctic_b0286,Hindi,SVBI,nat+zero_800,The time was considered auspicious., the time was considered auspicious.,0.0
arctic_b0286,Korean,HJK,nat+nat,The time was considered auspicious., the time was considered auspicious.,0.0
arctic_b0286,Korean,HJK,nat+nat_diff_utt,The time was considered auspicious., the time was considered auspicious.,0.0
arctic_b0286,Korean,HJK,nat+l2_same,The time was considered auspicious., the time was considered auspicious.,0.0
arctic_b0286,Korean,HJK,nat+interp,The time was considered auspicious., The time was considered was considered auspicious.,0.4
arctic_b0286,Korean,HJK,nat+noise,The time was considered auspicious., The time was was,0.4
arctic_b0286,Korean,HJK,nat+zero_0,The time was considered auspicious., the time was considered auspicious.,0.0
arctic_b0286,Korean,HJK,nat+zero_100,The time was considered auspicious., the time was considered auspicious.,0.0
arctic_b0286,Korean,HJK,nat+zero_200,The time was considered auspicious., the time was considered auspicious.,0.0
arctic_b0286,Korean,HJK,nat+zero_400,The time was considered auspicious., the time was considered auspicious.,0.0
arctic_b0286,Korean,HJK,nat+zero_800,The time was considered auspicious., the time was considered auspicious.,0.0
arctic_b0286,Spanish,EBVS,nat+nat,The time was considered auspicious., the time was considered auspicious.,0.0
arctic_b0286,Spanish,EBVS,nat+nat_diff_utt,The time was considered auspicious., the time was considered auspicious.,0.0
arctic_b0286,Spanish,EBVS,nat+l2_same,The time was considered auspicious., the time was considered auspicious.,0.0
arctic_b0286,Spanish,EBVS,nat+interp,The time was considered auspicious., The time was considered was considered,0.4
arctic_b0286,Spanish,EBVS,nat+noise,The time was considered auspicious., The time was was,0.4
arctic_b0286,Spanish,EBVS,nat+zero_0,The time was considered auspicious., the time was considered auspicious.,0.0
arctic_b0286,Spanish,EBVS,nat+zero_100,The time was considered auspicious., the time was considered auspicious.,0.0
arctic_b0286,Spanish,EBVS,nat+zero_200,The time was considered auspicious., the time was considered auspicious.,0.0
arctic_b0286,Spanish,EBVS,nat+zero_400,The time was considered auspicious., the time was considered auspicious.,0.0
arctic_b0286,Spanish,EBVS,nat+zero_800,The time was considered auspicious., the time was considered auspicious.,0.0
arctic_b0286,Vietnamese,HQTV,nat+nat,The time was considered auspicious., the time was considered auspicious.,0.0
arctic_b0286,Vietnamese,HQTV,nat+nat_diff_utt,The time was considered auspicious., the time was considered auspicious.,0.0
arctic_b0286,Vietnamese,HQTV,nat+l2_same,The time was considered auspicious., the time was considered auspicious.,0.0
arctic_b0286,Vietnamese,HQTV,nat+interp,The time was considered auspicious., The time was considered was,0.2
arctic_b0286,Vietnamese,HQTV,nat+noise,The time was considered auspicious., The time was was,0.4
arctic_b0286,Vietnamese,HQTV,nat+zero_0,The time was considered auspicious., the time was considered auspicious.,0.0
arctic_b0286,Vietnamese,HQTV,nat+zero_100,The time was considered auspicious., the time was considered auspicious.,0.0
arctic_b0286,Vietnamese,HQTV,nat+zero_200,The time was considered auspicious., the time was considered auspicious.,0.0
arctic_b0286,Vietnamese,HQTV,nat+zero_400,The time was considered auspicious., the time was considered auspicious.,0.0
arctic_b0286,Vietnamese,HQTV,nat+zero_800,The time was considered auspicious., the time was considered auspicious.,0.0
arctic_b0298,Arabic,ZHAA,nat+nat,His hand shot out and clutched Crooked-Leg by the neck., His hand shot out and clutched crooked leg by the neck.,0.2
arctic_b0298,Arabic,ZHAA,nat+nat_diff_utt,His hand shot out and clutched Crooked-Leg by the neck., His hand shot out and clutched crooked leg by the neck.,0.2
arctic_b0298,Arabic,ZHAA,nat+l2_same,His hand shot out and clutched Crooked-Leg by the neck., His hand shot out and clutched crooked leg by the neck.,0.2
arctic_b0298,Arabic,ZHAA,nat+interp,His hand shot out and clutched Crooked-Leg by the neck., His hand shot out and clutched,0.4
arctic_b0298,Arabic,ZHAA,nat+noise,His hand shot out and clutched Crooked-Leg by the neck., His hand,0.8
arctic_b0298,Arabic,ZHAA,nat+zero_0,His hand shot out and clutched Crooked-Leg by the neck., His hand shot out and clutched crooked leg by the neck.,0.2
arctic_b0298,Arabic,ZHAA,nat+zero_100,His hand shot out and clutched Crooked-Leg by the neck., his hand shot out and clutched crooked leg by the neck.,0.2
arctic_b0298,Arabic,ZHAA,nat+zero_200,His hand shot out and clutched Crooked-Leg by the neck., his hand shot out and clutched crooked leg by the neck.,0.2
arctic_b0298,Arabic,ZHAA,nat+zero_400,His hand shot out and clutched Crooked-Leg by the neck., his hand shot out and clutched crooked leg by the neck.,0.2
arctic_b0298,Arabic,ZHAA,nat+zero_800,His hand shot out and clutched Crooked-Leg by the neck., his hand shot out and clutched crooked leg by the neck.,0.2
arctic_b0298,Chinese,BWC,nat+nat,His hand shot out and clutched Crooked-Leg by the neck., His hand shot out and clutched crooked leg by the neck.,0.2
arctic_b0298,Chinese,BWC,nat+nat_diff_utt,His hand shot out and clutched Crooked-Leg by the neck., His hand shot out and clutched crooked leg by the neck.,0.2
arctic_b0298,Chinese,BWC,nat+l2_same,His hand shot out and clutched Crooked-Leg by the neck., His hand shot out and clutched crooked leg by the neck.,0.2
arctic_b0298,Chinese,BWC,nat+interp,His hand shot out and clutched Crooked-Leg by the neck., His hand shot out and clutched crooked leg by the neck.,0.2
arctic_b0298,Chinese,BWC,nat+noise,His hand shot out and clutched Crooked-Leg by the neck., His hand,0.8
arctic_b0298,Chinese,BWC,nat+zero_0,His hand shot out and clutched Crooked-Leg by the neck., His hand shot out and clutched crooked leg by the neck.,0.2
arctic_b0298,Chinese,BWC,nat+zero_100,His hand shot out and clutched Crooked-Leg by the neck., his hand shot out and clutched crooked leg by the neck.,0.2
arctic_b0298,Chinese,BWC,nat+zero_200,His hand shot out and clutched Crooked-Leg by the neck., his hand shot out and clutched crooked leg by the neck.,0.2
arctic_b0298,Chinese,BWC,nat+zero_400,His hand shot out and clutched Crooked-Leg by the neck., his hand shot out and clutched crooked leg by the neck.,0.2
arctic_b0298,Chinese,BWC,nat+zero_800,His hand shot out and clutched Crooked-Leg by the neck., his hand shot out and clutched crooked leg by the neck.,0.2
arctic_b0298,Hindi,SVBI,nat+nat,His hand shot out and clutched Crooked-Leg by the neck., His hand shot out and clutched crooked leg by the neck.,0.2
arctic_b0298,Hindi,SVBI,nat+nat_diff_utt,His hand shot out and clutched Crooked-Leg by the neck., His hand shot out and clutched crooked leg by the neck.,0.2
arctic_b0298,Hindi,SVBI,nat+l2_same,His hand shot out and clutched Crooked-Leg by the neck., His hand shot out and clutched crooked leg by the neck.,0.2
arctic_b0298,Hindi,SVBI,nat+interp,His hand shot out and clutched Crooked-Leg by the neck., His hand shot out and clutched crooked leg by the neck.,0.2
arctic_b0298,Hindi,SVBI,nat+noise,His hand shot out and clutched Crooked-Leg by the neck., His hand,0.8
arctic_b0298,Hindi,SVBI,nat+zero_0,His hand shot out and clutched Crooked-Leg by the neck., His hand shot out and clutched crooked leg by the neck.,0.2
arctic_b0298,Hindi,SVBI,nat+zero_100,His hand shot out and clutched Crooked-Leg by the neck., his hand shot out and clutched crooked leg by the neck.,0.2
arctic_b0298,Hindi,SVBI,nat+zero_200,His hand shot out and clutched Crooked-Leg by the neck., his hand shot out and clutched crooked leg by the neck.,0.2
arctic_b0298,Hindi,SVBI,nat+zero_400,His hand shot out and clutched Crooked-Leg by the neck., his hand shot out and clutched crooked leg by the neck.,0.2
arctic_b0298,Hindi,SVBI,nat+zero_800,His hand shot out and clutched Crooked-Leg by the neck., his hand shot out and clutched crooked leg by the neck.,0.2
arctic_b0298,Korean,HJK,nat+nat,His hand shot out and clutched Crooked-Leg by the neck., His hand shot out and clutched crooked leg by the neck.,0.2
arctic_b0298,Korean,HJK,nat+nat_diff_utt,His hand shot out and clutched Crooked-Leg by the neck., His hand shot out and clutched crooked leg by the neck.,0.2
arctic_b0298,Korean,HJK,nat+l2_same,His hand shot out and clutched Crooked-Leg by the neck., His hand shot out and clutched crooked leg by the neck.,0.2
arctic_b0298,Korean,HJK,nat+interp,His hand shot out and clutched Crooked-Leg by the neck., His hand shot out and clutched crooked leg by the neck.,0.2
arctic_b0298,Korean,HJK,nat+noise,His hand shot out and clutched Crooked-Leg by the neck., His hand,0.8
arctic_b0298,Korean,HJK,nat+zero_0,His hand shot out and clutched Crooked-Leg by the neck., His hand shot out and clutched crooked leg by the neck.,0.2
arctic_b0298,Korean,HJK,nat+zero_100,His hand shot out and clutched Crooked-Leg by the neck., his hand shot out and clutched crooked leg by the neck.,0.2
arctic_b0298,Korean,HJK,nat+zero_200,His hand shot out and clutched Crooked-Leg by the neck., his hand shot out and clutched crooked leg by the neck.,0.2
arctic_b0298,Korean,HJK,nat+zero_400,His hand shot out and clutched Crooked-Leg by the neck., his hand shot out and clutched crooked leg by the neck.,0.2
arctic_b0298,Korean,HJK,nat+zero_800,His hand shot out and clutched Crooked-Leg by the neck., his hand shot out and clutched crooked leg by the neck.,0.2
arctic_b0298,Spanish,EBVS,nat+nat,His hand shot out and clutched Crooked-Leg by the neck., His hand shot out and clutched crooked leg by the neck.,0.2
arctic_b0298,Spanish,EBVS,nat+nat_diff_utt,His hand shot out and clutched Crooked-Leg by the neck., His hand shot out and clutched crooked leg by the neck.,0.2
arctic_b0298,Spanish,EBVS,nat+l2_same,His hand shot out and clutched Crooked-Leg by the neck., His hand shot out and clutched crooked leg by the neck.,0.2
arctic_b0298,Spanish,EBVS,nat+interp,His hand shot out and clutched Crooked-Leg by the neck., His hand shot out and clutched crooked leg by the neck.,0.2
arctic_b0298,Spanish,EBVS,nat+noise,His hand shot out and clutched Crooked-Leg by the neck., His hand,0.8
arctic_b0298,Spanish,EBVS,nat+zero_0,His hand shot out and clutched Crooked-Leg by the neck., His hand shot out and clutched crooked leg by the neck.,0.2
arctic_b0298,Spanish,EBVS,nat+zero_100,His hand shot out and clutched Crooked-Leg by the neck., his hand shot out and clutched crooked leg by the neck.,0.2
arctic_b0298,Spanish,EBVS,nat+zero_200,His hand shot out and clutched Crooked-Leg by the neck., his hand shot out and clutched crooked leg by the neck.,0.2
arctic_b0298,Spanish,EBVS,nat+zero_400,His hand shot out and clutched Crooked-Leg by the neck., his hand shot out and clutched crooked leg by the neck.,0.2
arctic_b0298,Spanish,EBVS,nat+zero_800,His hand shot out and clutched Crooked-Leg by the neck., his hand shot out and clutched crooked leg by the neck.,0.2
arctic_b0298,Vietnamese,HQTV,nat+nat,His hand shot out and clutched Crooked-Leg by the neck., His hand shot out and clutched crooked leg by the neck.,0.2
arctic_b0298,Vietnamese,HQTV,nat+nat_diff_utt,His hand shot out and clutched Crooked-Leg by the neck., His hand shot out and clutched crooked leg by the neck.,0.2
arctic_b0298,Vietnamese,HQTV,nat+l2_same,His hand shot out and clutched Crooked-Leg by the neck., his hand shot out and clutched crooked leg by the neck.,0.2
arctic_b0298,Vietnamese,HQTV,nat+interp,His hand shot out and clutched Crooked-Leg by the neck., His hand shot out and clutched,0.4
arctic_b0298,Vietnamese,HQTV,nat+noise,His hand shot out and clutched Crooked-Leg by the neck., His hand,0.8
arctic_b0298,Vietnamese,HQTV,nat+zero_0,His hand shot out and clutched Crooked-Leg by the neck., His hand shot out and clutched crooked leg by the neck.,0.2
arctic_b0298,Vietnamese,HQTV,nat+zero_100,His hand shot out and clutched Crooked-Leg by the neck., his hand shot out and clutched crooked leg by the neck.,0.2
arctic_b0298,Vietnamese,HQTV,nat+zero_200,His hand shot out and clutched Crooked-Leg by the neck., his hand shot out and clutched crooked leg by the neck.,0.2
arctic_b0298,Vietnamese,HQTV,nat+zero_400,His hand shot out and clutched Crooked-Leg by the neck., his hand shot out and clutched crooked leg by the neck.,0.2
arctic_b0298,Vietnamese,HQTV,nat+zero_800,His hand shot out and clutched Crooked-Leg by the neck., his hand shot out and clutched crooked leg by the neck.,0.2
arctic_b0304,Arabic,ZHAA,nat+nat,His previous wives had never lived long enough to bear him children., His previous wives had never lived long enough to bear him children.,0.0
arctic_b0304,Arabic,ZHAA,nat+nat_diff_utt,His previous wives had never lived long enough to bear him children., His previous wives had never lived long enough to bear him children.,0.0
arctic_b0304,Arabic,ZHAA,nat+l2_same,His previous wives had never lived long enough to bear him children., His previous wives had never lived long enough to bear him children.,0.0
arctic_b0304,Arabic,ZHAA,nat+interp,His previous wives had never lived long enough to bear him children., His previous wives had never lived long enough to bear him children.,0.0
arctic_b0304,Arabic,ZHAA,nat+noise,His previous wives had never lived long enough to bear him children., His previous wives had never lived long enough to bear him children,0.0
arctic_b0304,Arabic,ZHAA,nat+zero_0,His previous wives had never lived long enough to bear him children., His previous wives had never lived long enough to bear him children.,0.0
arctic_b0304,Arabic,ZHAA,nat+zero_100,His previous wives had never lived long enough to bear him children., His previous wives had never lived long enough to bear him children.,0.0
arctic_b0304,Arabic,ZHAA,nat+zero_200,His previous wives had never lived long enough to bear him children., His previous wives had never lived long enough to bear him children.,0.0
arctic_b0304,Arabic,ZHAA,nat+zero_400,His previous wives had never lived long enough to bear him children., His previous wives had never lived long enough to bear him children.,0.0
arctic_b0304,Arabic,ZHAA,nat+zero_800,His previous wives had never lived long enough to bear him children., His previous wives had never lived long enough to bear him children.,0.0
arctic_b0304,Chinese,BWC,nat+nat,His previous wives had never lived long enough to bear him children., His previous wives had never lived long enough to bear him children.,0.0
arctic_b0304,Chinese,BWC,nat+nat_diff_utt,His previous wives had never lived long enough to bear him children., His previous wives had never lived long enough to bear him children.,0.0
arctic_b0304,Chinese,BWC,nat+l2_same,His previous wives had never lived long enough to bear him children., his previous wives had never lived long enough to bear him children.,0.0
arctic_b0304,Chinese,BWC,nat+interp,His previous wives had never lived long enough to bear him children., His previous wives had never lived long enough to bear him children.,0.0
arctic_b0304,Chinese,BWC,nat+noise,His previous wives had never lived long enough to bear him children., His previous wives had never lived long enough to bear him children,0.0
arctic_b0304,Chinese,BWC,nat+zero_0,His previous wives had never lived long enough to bear him children., His previous wives had never lived long enough to bear him children.,0.0
arctic_b0304,Chinese,BWC,nat+zero_100,His previous wives had never lived long enough to bear him children., His previous wives had never lived long enough to bear him children.,0.0
arctic_b0304,Chinese,BWC,nat+zero_200,His previous wives had never lived long enough to bear him children., His previous wives had never lived long enough to bear him children.,0.0
arctic_b0304,Chinese,BWC,nat+zero_400,His previous wives had never lived long enough to bear him children., His previous wives had never lived long enough to bear him children.,0.0
arctic_b0304,Chinese,BWC,nat+zero_800,His previous wives had never lived long enough to bear him children., His previous wives had never lived long enough to bear him children.,0.0
arctic_b0304,Hindi,SVBI,nat+nat,His previous wives had never lived long enough to bear him children., His previous wives had never lived long enough to bear him children.,0.0
arctic_b0304,Hindi,SVBI,nat+nat_diff_utt,His previous wives had never lived long enough to bear him children., His previous wives had never lived long enough to bear him children.,0.0
arctic_b0304,Hindi,SVBI,nat+l2_same,His previous wives had never lived long enough to bear him children., His previous wives had never lived long enough to bear him children.,0.0
arctic_b0304,Hindi,SVBI,nat+interp,His previous wives had never lived long enough to bear him children., His previous wives had never lived long enough to bear him children.,0.0
arctic_b0304,Hindi,SVBI,nat+noise,His previous wives had never lived long enough to bear him children., His previous wives had never lived long enough to bear him children,0.0
arctic_b0304,Hindi,SVBI,nat+zero_0,His previous wives had never lived long enough to bear him children., His previous wives had never lived long enough to bear him children.,0.0
arctic_b0304,Hindi,SVBI,nat+zero_100,His previous wives had never lived long enough to bear him children., His previous wives had never lived long enough to bear him children.,0.0
arctic_b0304,Hindi,SVBI,nat+zero_200,His previous wives had never lived long enough to bear him children., His previous wives had never lived long enough to bear him children.,0.0
arctic_b0304,Hindi,SVBI,nat+zero_400,His previous wives had never lived long enough to bear him children., His previous wives had never lived long enough to bear him children.,0.0
arctic_b0304,Hindi,SVBI,nat+zero_800,His previous wives had never lived long enough to bear him children., His previous wives had never lived long enough to bear him children.,0.0
arctic_b0304,Korean,HJK,nat+nat,His previous wives had never lived long enough to bear him children., His previous wives had never lived long enough to bear him children.,0.0
arctic_b0304,Korean,HJK,nat+nat_diff_utt,His previous wives had never lived long enough to bear him children., His previous wives had never lived long enough to bear him children.,0.0
arctic_b0304,Korean,HJK,nat+l2_same,His previous wives had never lived long enough to bear him children., His previous wives had never lived long enough to bear him children.,0.0
arctic_b0304,Korean,HJK,nat+interp,His previous wives had never lived long enough to bear him children., His previous wives had never lived long enough to bear him children.,0.0
arctic_b0304,Korean,HJK,nat+noise,His previous wives had never lived long enough to bear him children., His previous wives had never lived long enough to bear him children,0.0
arctic_b0304,Korean,HJK,nat+zero_0,His previous wives had never lived long enough to bear him children., His previous wives had never lived long enough to bear him children.,0.0
arctic_b0304,Korean,HJK,nat+zero_100,His previous wives had never lived long enough to bear him children., His previous wives had never lived long enough to bear him children.,0.0
arctic_b0304,Korean,HJK,nat+zero_200,His previous wives had never lived long enough to bear him children., His previous wives had never lived long enough to bear him children.,0.0
arctic_b0304,Korean,HJK,nat+zero_400,His previous wives had never lived long enough to bear him children., His previous wives had never lived long enough to bear him children.,0.0
arctic_b0304,Korean,HJK,nat+zero_800,His previous wives had never lived long enough to bear him children., His previous wives had never lived long enough to bear him children.,0.0
arctic_b0304,Spanish,EBVS,nat+nat,His previous wives had never lived long enough to bear him children., His previous wives had never lived long enough to bear him children.,0.0
arctic_b0304,Spanish,EBVS,nat+nat_diff_utt,His previous wives had never lived long enough to bear him children., His previous wives had never lived long enough to bear him children.,0.0
arctic_b0304,Spanish,EBVS,nat+l2_same,His previous wives had never lived long enough to bear him children., his previous wives had never lived long enough to bear him children.,0.0
arctic_b0304,Spanish,EBVS,nat+interp,His previous wives had never lived long enough to bear him children., His previous wives had never lived long enough to bear him children.,0.0
arctic_b0304,Spanish,EBVS,nat+noise,His previous wives had never lived long enough to bear him children., His previous wives had never lived long enough to bear him children,0.0
arctic_b0304,Spanish,EBVS,nat+zero_0,His previous wives had never lived long enough to bear him children., His previous wives had never lived long enough to bear him children.,0.0
arctic_b0304,Spanish,EBVS,nat+zero_100,His previous wives had never lived long enough to bear him children., His previous wives had never lived long enough to bear him children.,0.0
arctic_b0304,Spanish,EBVS,nat+zero_200,His previous wives had never lived long enough to bear him children., His previous wives had never lived long enough to bear him children.,0.0
arctic_b0304,Spanish,EBVS,nat+zero_400,His previous wives had never lived long enough to bear him children., His previous wives had never lived long enough to bear him children.,0.0
arctic_b0304,Spanish,EBVS,nat+zero_800,His previous wives had never lived long enough to bear him children., His previous wives had never lived long enough to bear him children.,0.0
arctic_b0304,Vietnamese,HQTV,nat+nat,His previous wives had never lived long enough to bear him children., His previous wives had never lived long enough to bear him children.,0.0
arctic_b0304,Vietnamese,HQTV,nat+nat_diff_utt,His previous wives had never lived long enough to bear him children., His previous wives had never lived long enough to bear him children.,0.0
arctic_b0304,Vietnamese,HQTV,nat+l2_same,His previous wives had never lived long enough to bear him children., His previous wives had never lived long enough to bear him children.,0.0
arctic_b0304,Vietnamese,HQTV,nat+interp,His previous wives had never lived long enough to bear him children., His previous wives had never lived long enough to bear him children.,0.0
arctic_b0304,Vietnamese,HQTV,nat+noise,His previous wives had never lived long enough to bear him children., His previous wives had never lived long enough to bear him children,0.0
arctic_b0304,Vietnamese,HQTV,nat+zero_0,His previous wives had never lived long enough to bear him children., His previous wives had never lived long enough to bear him children.,0.0
arctic_b0304,Vietnamese,HQTV,nat+zero_100,His previous wives had never lived long enough to bear him children., His previous wives had never lived long enough to bear him children.,0.0
arctic_b0304,Vietnamese,HQTV,nat+zero_200,His previous wives had never lived long enough to bear him children., His previous wives had never lived long enough to bear him children.,0.0
arctic_b0304,Vietnamese,HQTV,nat+zero_400,His previous wives had never lived long enough to bear him children., His previous wives had never lived long enough to bear him children.,0.0
arctic_b0304,Vietnamese,HQTV,nat+zero_800,His previous wives had never lived long enough to bear him children., His previous wives had never lived long enough to bear him children.,0.0
arctic_b0305,Arabic,ZHAA,nat+nat,It was our river emerging like ourselves from the great swamp., It was our river emerging like ourselves from the Great Swamp.,0.0
arctic_b0305,Arabic,ZHAA,nat+nat_diff_utt,It was our river emerging like ourselves from the great swamp., It was our river emerging like ourselves from the Great Swamp.,0.0
arctic_b0305,Arabic,ZHAA,nat+l2_same,It was our river emerging like ourselves from the great swamp., It was our river emerging like ourselves from the Great Swamp.,0.0
arctic_b0305,Arabic,ZHAA,nat+interp,It was our river emerging like ourselves from the great swamp., It was our river emerging like ourselves from the great swamp.,0.0
arctic_b0305,Arabic,ZHAA,nat+noise,It was our river emerging like ourselves from the great swamp., It was,0.8181818181818182
arctic_b0305,Arabic,ZHAA,nat+zero_0,It was our river emerging like ourselves from the great swamp., It was our river emerging like ourselves from the Great Swamp.,0.0
arctic_b0305,Arabic,ZHAA,nat+zero_100,It was our river emerging like ourselves from the great swamp., It was our river emerging like ourselves from the Great Swamp.,0.0
arctic_b0305,Arabic,ZHAA,nat+zero_200,It was our river emerging like ourselves from the great swamp., It was our river emerging like ourselves from the Great Swamp.,0.0
arctic_b0305,Arabic,ZHAA,nat+zero_400,It was our river emerging like ourselves from the great swamp., It was our river emerging like ourselves from the Great Swamp.,0.0
arctic_b0305,Arabic,ZHAA,nat+zero_800,It was our river emerging like ourselves from the great swamp., It was our river emerging like ourselves from the Great Swamp.,0.0
arctic_b0305,Chinese,BWC,nat+nat,It was our river emerging like ourselves from the great swamp., It was our river emerging like ourselves from the Great Swamp.,0.0
arctic_b0305,Chinese,BWC,nat+nat_diff_utt,It was our river emerging like ourselves from the great swamp., It was our river emerging like ourselves from the Great Swamp.,0.0
arctic_b0305,Chinese,BWC,nat+l2_same,It was our river emerging like ourselves from the great swamp., It was our river emerging like ourselves from the Great Swamp.,0.0
arctic_b0305,Chinese,BWC,nat+interp,It was our river emerging like ourselves from the great swamp., It was our river emerging like ourselves from the Great Swamp.,0.0
arctic_b0305,Chinese,BWC,nat+noise,It was our river emerging like ourselves from the great swamp., It was,0.8181818181818182
arctic_b0305,Chinese,BWC,nat+zero_0,It was our river emerging like ourselves from the great swamp., It was our river emerging like ourselves from the Great Swamp.,0.0
arctic_b0305,Chinese,BWC,nat+zero_100,It was our river emerging like ourselves from the great swamp., It was our river emerging like ourselves from the Great Swamp.,0.0
arctic_b0305,Chinese,BWC,nat+zero_200,It was our river emerging like ourselves from the great swamp., It was our river emerging like ourselves from the Great Swamp.,0.0
arctic_b0305,Chinese,BWC,nat+zero_400,It was our river emerging like ourselves from the great swamp., It was our river emerging like ourselves from the Great Swamp.,0.0
arctic_b0305,Chinese,BWC,nat+zero_800,It was our river emerging like ourselves from the great swamp., It was our river emerging like ourselves from the Great Swamp.,0.0
arctic_b0305,Hindi,SVBI,nat+nat,It was our river emerging like ourselves from the great swamp., It was our river emerging like ourselves from the Great Swamp.,0.0
arctic_b0305,Hindi,SVBI,nat+nat_diff_utt,It was our river emerging like ourselves from the great swamp., It was our river emerging like ourselves from the Great Swamp.,0.0
arctic_b0305,Hindi,SVBI,nat+l2_same,It was our river emerging like ourselves from the great swamp., It was our river emerging like ourselves from the Great Swamp.,0.0
arctic_b0305,Hindi,SVBI,nat+interp,It was our river emerging like ourselves from the great swamp., It was our river emerging like ourselves from the Great Swamp.,0.0
arctic_b0305,Hindi,SVBI,nat+noise,It was our river emerging like ourselves from the great swamp., It was,0.8181818181818182
arctic_b0305,Hindi,SVBI,nat+zero_0,It was our river emerging like ourselves from the great swamp., It was our river emerging like ourselves from the Great Swamp.,0.0
arctic_b0305,Hindi,SVBI,nat+zero_100,It was our river emerging like ourselves from the great swamp., It was our river emerging like ourselves from the Great Swamp.,0.0
arctic_b0305,Hindi,SVBI,nat+zero_200,It was our river emerging like ourselves from the great swamp., It was our river emerging like ourselves from the Great Swamp.,0.0
arctic_b0305,Hindi,SVBI,nat+zero_400,It was our river emerging like ourselves from the great swamp., It was our river emerging like ourselves from the Great Swamp.,0.0
arctic_b0305,Hindi,SVBI,nat+zero_800,It was our river emerging like ourselves from the great swamp., It was our river emerging like ourselves from the Great Swamp.,0.0
arctic_b0305,Korean,HJK,nat+nat,It was our river emerging like ourselves from the great swamp., It was our river emerging like ourselves from the Great Swamp.,0.0
arctic_b0305,Korean,HJK,nat+nat_diff_utt,It was our river emerging like ourselves from the great swamp., It was our river emerging like ourselves from the Great Swamp.,0.0
arctic_b0305,Korean,HJK,nat+l2_same,It was our river emerging like ourselves from the great swamp., It was our river emerging like ourselves from the Great Swamp.,0.0
arctic_b0305,Korean,HJK,nat+interp,It was our river emerging like ourselves from the great swamp., It was our river emerging like ourselves from the Great Swamp.,0.0
arctic_b0305,Korean,HJK,nat+noise,It was our river emerging like ourselves from the great swamp., It was,0.8181818181818182
arctic_b0305,Korean,HJK,nat+zero_0,It was our river emerging like ourselves from the great swamp., It was our river emerging like ourselves from the Great Swamp.,0.0
arctic_b0305,Korean,HJK,nat+zero_100,It was our river emerging like ourselves from the great swamp., It was our river emerging like ourselves from the Great Swamp.,0.0
arctic_b0305,Korean,HJK,nat+zero_200,It was our river emerging like ourselves from the great swamp., It was our river emerging like ourselves from the Great Swamp.,0.0
arctic_b0305,Korean,HJK,nat+zero_400,It was our river emerging like ourselves from the great swamp., It was our river emerging like ourselves from the Great Swamp.,0.0
arctic_b0305,Korean,HJK,nat+zero_800,It was our river emerging like ourselves from the great swamp., It was our river emerging like ourselves from the Great Swamp.,0.0
arctic_b0305,Spanish,EBVS,nat+nat,It was our river emerging like ourselves from the great swamp., It was our river emerging like ourselves from the Great Swamp.,0.0
arctic_b0305,Spanish,EBVS,nat+nat_diff_utt,It was our river emerging like ourselves from the great swamp., It was our river emerging like ourselves from the Great Swamp.,0.0
arctic_b0305,Spanish,EBVS,nat+l2_same,It was our river emerging like ourselves from the great swamp., It was our river emerging like ourselves from the Great Swamp.,0.0
arctic_b0305,Spanish,EBVS,nat+interp,It was our river emerging like ourselves from the great swamp., It was our river emerging like ourselves from the Great Swamp.,0.0
arctic_b0305,Spanish,EBVS,nat+noise,It was our river emerging like ourselves from the great swamp., It was,0.8181818181818182
arctic_b0305,Spanish,EBVS,nat+zero_0,It was our river emerging like ourselves from the great swamp., It was our river emerging like ourselves from the Great Swamp.,0.0
arctic_b0305,Spanish,EBVS,nat+zero_100,It was our river emerging like ourselves from the great swamp., It was our river emerging like ourselves from the Great Swamp.,0.0
arctic_b0305,Spanish,EBVS,nat+zero_200,It was our river emerging like ourselves from the great swamp., It was our river emerging like ourselves from the Great Swamp.,0.0
arctic_b0305,Spanish,EBVS,nat+zero_400,It was our river emerging like ourselves from the great swamp., It was our river emerging like ourselves from the Great Swamp.,0.0
arctic_b0305,Spanish,EBVS,nat+zero_800,It was our river emerging like ourselves from the great swamp., It was our river emerging like ourselves from the Great Swamp.,0.0
arctic_b0305,Vietnamese,HQTV,nat+nat,It was our river emerging like ourselves from the great swamp., It was our river emerging like ourselves from the Great Swamp.,0.0
arctic_b0305,Vietnamese,HQTV,nat+nat_diff_utt,It was our river emerging like ourselves from the great swamp., It was our river emerging like ourselves from the Great Swamp.,0.0
arctic_b0305,Vietnamese,HQTV,nat+l2_same,It was our river emerging like ourselves from the great swamp., It was our river emerging like ourselves from the Great Swamp.,0.0
arctic_b0305,Vietnamese,HQTV,nat+interp,It was our river emerging like ourselves from the great swamp., It was our river emerging like ourselves from the Great Swamp.,0.0
arctic_b0305,Vietnamese,HQTV,nat+noise,It was our river emerging like ourselves from the great swamp., It was,0.8181818181818182
arctic_b0305,Vietnamese,HQTV,nat+zero_0,It was our river emerging like ourselves from the great swamp., It was our river emerging like ourselves from the Great Swamp.,0.0
arctic_b0305,Vietnamese,HQTV,nat+zero_100,It was our river emerging like ourselves from the great swamp., It was our river emerging like ourselves from the Great Swamp.,0.0
arctic_b0305,Vietnamese,HQTV,nat+zero_200,It was our river emerging like ourselves from the great swamp., It was our river emerging like ourselves from the Great Swamp.,0.0
arctic_b0305,Vietnamese,HQTV,nat+zero_400,It was our river emerging like ourselves from the great swamp., It was our river emerging like ourselves from the Great Swamp.,0.0
arctic_b0305,Vietnamese,HQTV,nat+zero_800,It was our river emerging like ourselves from the great swamp., It was our river emerging like ourselves from the Great Swamp.,0.0
arctic_b0380,Arabic,ZHAA,nat+nat,He had peeled off his shirt and was wildly waving it., He had peeled off his shirt and was wildly waving it.,0.0
arctic_b0380,Arabic,ZHAA,nat+nat_diff_utt,He had peeled off his shirt and was wildly waving it., He had peeled off his shirt and was wildly waving it.,0.0
arctic_b0380,Arabic,ZHAA,nat+l2_same,He had peeled off his shirt and was wildly waving it., He had peeled off his shirt and was wildly waving it.,0.0
arctic_b0380,Arabic,ZHAA,nat+interp,He had peeled off his shirt and was wildly waving it., He had peeled off his shirt and was wildly waving it.,0.0
arctic_b0380,Arabic,ZHAA,nat+noise,He had peeled off his shirt and was wildly waving it., He had,0.8181818181818182
arctic_b0380,Arabic,ZHAA,nat+zero_0,He had peeled off his shirt and was wildly waving it., He had peeled off his shirt and was wildly waving it.,0.0
arctic_b0380,Arabic,ZHAA,nat+zero_100,He had peeled off his shirt and was wildly waving it., He had peeled off his shirt and was wildly waving it.,0.0
arctic_b0380,Arabic,ZHAA,nat+zero_200,He had peeled off his shirt and was wildly waving it., He had peeled off his shirt and was wildly waving it.,0.0
arctic_b0380,Arabic,ZHAA,nat+zero_400,He had peeled off his shirt and was wildly waving it., He had peeled off his shirt and was wildly waving it.,0.0
arctic_b0380,Arabic,ZHAA,nat+zero_800,He had peeled off his shirt and was wildly waving it., He had peeled off his shirt and was wildly waving it.,0.0
arctic_b0380,Chinese,BWC,nat+nat,He had peeled off his shirt and was wildly waving it., He had peeled off his shirt and was wildly waving it.,0.0
arctic_b0380,Chinese,BWC,nat+nat_diff_utt,He had peeled off his shirt and was wildly waving it., He had peeled off his shirt and was wildly waving it.,0.0
arctic_b0380,Chinese,BWC,nat+l2_same,He had peeled off his shirt and was wildly waving it., He had peeled off his shirt and was wildly waving it.,0.0
arctic_b0380,Chinese,BWC,nat+interp,He had peeled off his shirt and was wildly waving it., He had peeled off his shirt and was wildly waving it.,0.0
arctic_b0380,Chinese,BWC,nat+noise,He had peeled off his shirt and was wildly waving it., He had,0.8181818181818182
arctic_b0380,Chinese,BWC,nat+zero_0,He had peeled off his shirt and was wildly waving it., He had peeled off his shirt and was wildly waving it.,0.0
arctic_b0380,Chinese,BWC,nat+zero_100,He had peeled off his shirt and was wildly waving it., He had peeled off his shirt and was wildly waving it.,0.0
arctic_b0380,Chinese,BWC,nat+zero_200,He had peeled off his shirt and was wildly waving it., He had peeled off his shirt and was wildly waving it.,0.0
arctic_b0380,Chinese,BWC,nat+zero_400,He had peeled off his shirt and was wildly waving it., He had peeled off his shirt and was wildly waving it.,0.0
arctic_b0380,Chinese,BWC,nat+zero_800,He had peeled off his shirt and was wildly waving it., He had peeled off his shirt and was wildly waving it.,0.0
arctic_b0380,Hindi,SVBI,nat+nat,He had peeled off his shirt and was wildly waving it., He had peeled off his shirt and was wildly waving it.,0.0
arctic_b0380,Hindi,SVBI,nat+nat_diff_utt,He had peeled off his shirt and was wildly waving it., He had peeled off his shirt and was wildly waving it.,0.0
arctic_b0380,Hindi,SVBI,nat+l2_same,He had peeled off his shirt and was wildly waving it., He had peeled off his shirt and was wildly waving it.,0.0
arctic_b0380,Hindi,SVBI,nat+interp,He had peeled off his shirt and was wildly waving it., He had peeled off his shirt and was wildly waving it.,0.0
arctic_b0380,Hindi,SVBI,nat+noise,He had peeled off his shirt and was wildly waving it., He had,0.8181818181818182
arctic_b0380,Hindi,SVBI,nat+zero_0,He had peeled off his shirt and was wildly waving it., He had peeled off his shirt and was wildly waving it.,0.0
arctic_b0380,Hindi,SVBI,nat+zero_100,He had peeled off his shirt and was wildly waving it., He had peeled off his shirt and was wildly waving it.,0.0
arctic_b0380,Hindi,SVBI,nat+zero_200,He had peeled off his shirt and was wildly waving it., He had peeled off his shirt and was wildly waving it.,0.0
arctic_b0380,Hindi,SVBI,nat+zero_400,He had peeled off his shirt and was wildly waving it., He had peeled off his shirt and was wildly waving it.,0.0
arctic_b0380,Hindi,SVBI,nat+zero_800,He had peeled off his shirt and was wildly waving it., He had peeled off his shirt and was wildly waving it.,0.0
arctic_b0380,Korean,HJK,nat+nat,He had peeled off his shirt and was wildly waving it., He had peeled off his shirt and was wildly waving it.,0.0
arctic_b0380,Korean,HJK,nat+nat_diff_utt,He had peeled off his shirt and was wildly waving it., He had peeled off his shirt and was wildly waving it.,0.0
arctic_b0380,Korean,HJK,nat+l2_same,He had peeled off his shirt and was wildly waving it., He had peeled off his shirt and was wildly waving it.,0.0
arctic_b0380,Korean,HJK,nat+interp,He had peeled off his shirt and was wildly waving it., He had peeled off his shirt and was wildly waving it.,0.0
arctic_b0380,Korean,HJK,nat+noise,He had peeled off his shirt and was wildly waving it., He had,0.8181818181818182
arctic_b0380,Korean,HJK,nat+zero_0,He had peeled off his shirt and was wildly waving it., He had peeled off his shirt and was wildly waving it.,0.0
arctic_b0380,Korean,HJK,nat+zero_100,He had peeled off his shirt and was wildly waving it., He had peeled off his shirt and was wildly waving it.,0.0
arctic_b0380,Korean,HJK,nat+zero_200,He had peeled off his shirt and was wildly waving it., He had peeled off his shirt and was wildly waving it.,0.0
arctic_b0380,Korean,HJK,nat+zero_400,He had peeled off his shirt and was wildly waving it., He had peeled off his shirt and was wildly waving it.,0.0
arctic_b0380,Korean,HJK,nat+zero_800,He had peeled off his shirt and was wildly waving it., He had peeled off his shirt and was wildly waving it.,0.0
arctic_b0380,Spanish,EBVS,nat+nat,He had peeled off his shirt and was wildly waving it., He had peeled off his shirt and was wildly waving it.,0.0
arctic_b0380,Spanish,EBVS,nat+nat_diff_utt,He had peeled off his shirt and was wildly waving it., He had peeled off his shirt and was wildly waving it.,0.0
arctic_b0380,Spanish,EBVS,nat+l2_same,He had peeled off his shirt and was wildly waving it., He had peeled off his shirt and was wildly waving it.,0.0
arctic_b0380,Spanish,EBVS,nat+interp,He had peeled off his shirt and was wildly waving it., He had peeled off his shirt and was wildly waving it.,0.0
arctic_b0380,Spanish,EBVS,nat+noise,He had peeled off his shirt and was wildly waving it., He had,0.8181818181818182
arctic_b0380,Spanish,EBVS,nat+zero_0,He had peeled off his shirt and was wildly waving it., He had peeled off his shirt and was wildly waving it.,0.0
arctic_b0380,Spanish,EBVS,nat+zero_100,He had peeled off his shirt and was wildly waving it., He had peeled off his shirt and was wildly waving it.,0.0
arctic_b0380,Spanish,EBVS,nat+zero_200,He had peeled off his shirt and was wildly waving it., He had peeled off his shirt and was wildly waving it.,0.0
arctic_b0380,Spanish,EBVS,nat+zero_400,He had peeled off his shirt and was wildly waving it., He had peeled off his shirt and was wildly waving it.,0.0
arctic_b0380,Spanish,EBVS,nat+zero_800,He had peeled off his shirt and was wildly waving it., He had peeled off his shirt and was wildly waving it.,0.0
arctic_b0380,Vietnamese,HQTV,nat+nat,He had peeled off his shirt and was wildly waving it., He had peeled off his shirt and was wildly waving it.,0.0
arctic_b0380,Vietnamese,HQTV,nat+nat_diff_utt,He had peeled off his shirt and was wildly waving it., He had peeled off his shirt and was wildly waving it.,0.0
arctic_b0380,Vietnamese,HQTV,nat+l2_same,He had peeled off his shirt and was wildly waving it., He had peeled off his shirt and was wildly waving it.,0.0
arctic_b0380,Vietnamese,HQTV,nat+interp,He had peeled off his shirt and was wildly waving it., He had peeled off his shirt and was wildly waving it.,0.0
arctic_b0380,Vietnamese,HQTV,nat+noise,He had peeled off his shirt and was wildly waving it., He had,0.8181818181818182
arctic_b0380,Vietnamese,HQTV,nat+zero_0,He had peeled off his shirt and was wildly waving it., He had peeled off his shirt and was wildly waving it.,0.0
arctic_b0380,Vietnamese,HQTV,nat+zero_100,He had peeled off his shirt and was wildly waving it., He had peeled off his shirt and was wildly waving it.,0.0
arctic_b0380,Vietnamese,HQTV,nat+zero_200,He had peeled off his shirt and was wildly waving it., He had peeled off his shirt and was wildly waving it.,0.0
arctic_b0380,Vietnamese,HQTV,nat+zero_400,He had peeled off his shirt and was wildly waving it., He had peeled off his shirt and was wildly waving it.,0.0
arctic_b0380,Vietnamese,HQTV,nat+zero_800,He had peeled off his shirt and was wildly waving it., He had peeled off his shirt and was wildly waving it.,0.0
arctic_b0400,Arabic,ZHAA,nat+nat,How could I answer the question on the spur of the moment., How could I answer the question on the spur of the moment?,0.0
arctic_b0400,Arabic,ZHAA,nat+nat_diff_utt,How could I answer the question on the spur of the moment., How could I answer the question on the spur of the moment?,0.0
arctic_b0400,Arabic,ZHAA,nat+l2_same,How could I answer the question on the spur of the moment., How could I answer the question on the spur of the moment?,0.0
arctic_b0400,Arabic,ZHAA,nat+interp,How could I answer the question on the spur of the moment., How could I answer the question on the spur of the moment?,0.0
arctic_b0400,Arabic,ZHAA,nat+noise,How could I answer the question on the spur of the moment., How could,0.8333333333333334
arctic_b0400,Arabic,ZHAA,nat+zero_0,How could I answer the question on the spur of the moment., How could I answer the question on the spur of the moment?,0.0
arctic_b0400,Arabic,ZHAA,nat+zero_100,How could I answer the question on the spur of the moment., How could I answer the question on the spur of the moment?,0.0
arctic_b0400,Arabic,ZHAA,nat+zero_200,How could I answer the question on the spur of the moment., How could I answer the question on the spur of the moment?,0.0
arctic_b0400,Arabic,ZHAA,nat+zero_400,How could I answer the question on the spur of the moment., How could I answer the question on the spur of the moment?,0.0
arctic_b0400,Arabic,ZHAA,nat+zero_800,How could I answer the question on the spur of the moment., How could I answer the question on the spur of the moment?,0.0
arctic_b0400,Chinese,BWC,nat+nat,How could I answer the question on the spur of the moment., How could I answer the question on the spur of the moment?,0.0
arctic_b0400,Chinese,BWC,nat+nat_diff_utt,How could I answer the question on the spur of the moment., How could I answer the question on the spur of the moment?,0.0
arctic_b0400,Chinese,BWC,nat+l2_same,How could I answer the question on the spur of the moment., How could I answer the question on the spur of the moment?,0.0
arctic_b0400,Chinese,BWC,nat+interp,How could I answer the question on the spur of the moment., How could I answer the question on the spur of the moment?,0.0
arctic_b0400,Chinese,BWC,nat+noise,How could I answer the question on the spur of the moment., How could,0.8333333333333334
arctic_b0400,Chinese,BWC,nat+zero_0,How could I answer the question on the spur of the moment., How could I answer the question on the spur of the moment?,0.0
arctic_b0400,Chinese,BWC,nat+zero_100,How could I answer the question on the spur of the moment., How could I answer the question on the spur of the moment?,0.0
arctic_b0400,Chinese,BWC,nat+zero_200,How could I answer the question on the spur of the moment., How could I answer the question on the spur of the moment?,0.0
arctic_b0400,Chinese,BWC,nat+zero_400,How could I answer the question on the spur of the moment., How could I answer the question on the spur of the moment?,0.0
arctic_b0400,Chinese,BWC,nat+zero_800,How could I answer the question on the spur of the moment., How could I answer the question on the spur of the moment?,0.0
arctic_b0400,Hindi,SVBI,nat+nat,How could I answer the question on the spur of the moment., How could I answer the question on the spur of the moment?,0.0
arctic_b0400,Hindi,SVBI,nat+nat_diff_utt,How could I answer the question on the spur of the moment., How could I answer the question on the spur of the moment?,0.0
arctic_b0400,Hindi,SVBI,nat+l2_same,How could I answer the question on the spur of the moment., How could I answer the question on the spur of the moment?,0.0
arctic_b0400,Hindi,SVBI,nat+interp,How could I answer the question on the spur of the moment., How could I answer the question on the spur of the moment?,0.0
arctic_b0400,Hindi,SVBI,nat+noise,How could I answer the question on the spur of the moment., How could,0.8333333333333334
arctic_b0400,Hindi,SVBI,nat+zero_0,How could I answer the question on the spur of the moment., How could I answer the question on the spur of the moment?,0.0
arctic_b0400,Hindi,SVBI,nat+zero_100,How could I answer the question on the spur of the moment., How could I answer the question on the spur of the moment?,0.0
arctic_b0400,Hindi,SVBI,nat+zero_200,How could I answer the question on the spur of the moment., How could I answer the question on the spur of the moment?,0.0
arctic_b0400,Hindi,SVBI,nat+zero_400,How could I answer the question on the spur of the moment., How could I answer the question on the spur of the moment?,0.0
arctic_b0400,Hindi,SVBI,nat+zero_800,How could I answer the question on the spur of the moment., How could I answer the question on the spur of the moment?,0.0
arctic_b0400,Korean,HJK,nat+nat,How could I answer the question on the spur of the moment., How could I answer the question on the spur of the moment?,0.0
arctic_b0400,Korean,HJK,nat+nat_diff_utt,How could I answer the question on the spur of the moment., How could I answer the question on the spur of the moment?,0.0
arctic_b0400,Korean,HJK,nat+l2_same,How could I answer the question on the spur of the moment., How could I answer the question on the spur of the moment?,0.0
arctic_b0400,Korean,HJK,nat+interp,How could I answer the question on the spur of the moment., How could I answer the question on the spur of the moment?,0.0
arctic_b0400,Korean,HJK,nat+noise,How could I answer the question on the spur of the moment., How could,0.8333333333333334
arctic_b0400,Korean,HJK,nat+zero_0,How could I answer the question on the spur of the moment., How could I answer the question on the spur of the moment?,0.0
arctic_b0400,Korean,HJK,nat+zero_100,How could I answer the question on the spur of the moment., How could I answer the question on the spur of the moment?,0.0
arctic_b0400,Korean,HJK,nat+zero_200,How could I answer the question on the spur of the moment., How could I answer the question on the spur of the moment?,0.0
arctic_b0400,Korean,HJK,nat+zero_400,How could I answer the question on the spur of the moment., How could I answer the question on the spur of the moment?,0.0
arctic_b0400,Korean,HJK,nat+zero_800,How could I answer the question on the spur of the moment., How could I answer the question on the spur of the moment?,0.0
arctic_b0400,Spanish,EBVS,nat+nat,How could I answer the question on the spur of the moment., How could I answer the question on the spur of the moment?,0.0
arctic_b0400,Spanish,EBVS,nat+nat_diff_utt,How could I answer the question on the spur of the moment., How could I answer the question on the spur of the moment?,0.0
arctic_b0400,Spanish,EBVS,nat+l2_same,How could I answer the question on the spur of the moment., How could I answer the question on the spur of the moment?,0.0
arctic_b0400,Spanish,EBVS,nat+interp,How could I answer the question on the spur of the moment., How could I answer the question on the spur of the moment?,0.0
arctic_b0400,Spanish,EBVS,nat+noise,How could I answer the question on the spur of the moment., How could,0.8333333333333334
arctic_b0400,Spanish,EBVS,nat+zero_0,How could I answer the question on the spur of the moment., How could I answer the question on the spur of the moment?,0.0
arctic_b0400,Spanish,EBVS,nat+zero_100,How could I answer the question on the spur of the moment., How could I answer the question on the spur of the moment?,0.0
arctic_b0400,Spanish,EBVS,nat+zero_200,How could I answer the question on the spur of the moment., How could I answer the question on the spur of the moment?,0.0
arctic_b0400,Spanish,EBVS,nat+zero_400,How could I answer the question on the spur of the moment., How could I answer the question on the spur of the moment?,0.0
arctic_b0400,Spanish,EBVS,nat+zero_800,How could I answer the question on the spur of the moment., How could I answer the question on the spur of the moment?,0.0
arctic_b0400,Vietnamese,HQTV,nat+nat,How could I answer the question on the spur of the moment., How could I answer the question on the spur of the moment?,0.0
arctic_b0400,Vietnamese,HQTV,nat+nat_diff_utt,How could I answer the question on the spur of the moment., How could I answer the question on the spur of the moment?,0.0
arctic_b0400,Vietnamese,HQTV,nat+l2_same,How could I answer the question on the spur of the moment., How could I answer the question on the spur of the moment?,0.0
arctic_b0400,Vietnamese,HQTV,nat+interp,How could I answer the question on the spur of the moment., How could I answer the question on the spur of the moment?,0.0
arctic_b0400,Vietnamese,HQTV,nat+noise,How could I answer the question on the spur of the moment., How could,0.8333333333333334
arctic_b0400,Vietnamese,HQTV,nat+zero_0,How could I answer the question on the spur of the moment., How could I answer the question on the spur of the moment?,0.0
arctic_b0400,Vietnamese,HQTV,nat+zero_100,How could I answer the question on the spur of the moment., How could I answer the question on the spur of the moment?,0.0
arctic_b0400,Vietnamese,HQTV,nat+zero_200,How could I answer the question on the spur of the moment., How could I answer the question on the spur of the moment?,0.0
arctic_b0400,Vietnamese,HQTV,nat+zero_400,How could I answer the question on the spur of the moment., How could I answer the question on the spur of the moment?,0.0
arctic_b0400,Vietnamese,HQTV,nat+zero_800,How could I answer the question on the spur of the moment., How could I answer the question on the spur of the moment?,0.0
arctic_b0405,Arabic,ZHAA,nat+nat,"And each year something happened, and I did not go.", and each year something happened and I did not go.,0.0
arctic_b0405,Arabic,ZHAA,nat+nat_diff_utt,"And each year something happened, and I did not go.", and each year something happened and I did not go.,0.0
arctic_b0405,Arabic,ZHAA,nat+l2_same,"And each year something happened, and I did not go.", and each year something happened and I did not go.,0.0
arctic_b0405,Arabic,ZHAA,nat+interp,"And each year something happened, and I did not go.", and each year something happened and I did not go.,0.0
arctic_b0405,Arabic,ZHAA,nat+noise,"And each year something happened, and I did not go.", And I did,0.7
arctic_b0405,Arabic,ZHAA,nat+zero_0,"And each year something happened, and I did not go.", and each year something happened and I did not go.,0.0
arctic_b0405,Arabic,ZHAA,nat+zero_100,"And each year something happened, and I did not go.", and each year something happened and I did not go.,0.0
arctic_b0405,Arabic,ZHAA,nat+zero_200,"And each year something happened, and I did not go.", and each year something happened and I did not go.,0.0
arctic_b0405,Arabic,ZHAA,nat+zero_400,"And each year something happened, and I did not go.", and each year something happened and I did not go.,0.0
arctic_b0405,Arabic,ZHAA,nat+zero_800,"And each year something happened, and I did not go.", and each year something happened and I did not go.,0.0
arctic_b0405,Chinese,BWC,nat+nat,"And each year something happened, and I did not go.", and each year something happened and I did not go.,0.0
arctic_b0405,Chinese,BWC,nat+nat_diff_utt,"And each year something happened, and I did not go.", and each year something happened and I did not go.,0.0
arctic_b0405,Chinese,BWC,nat+l2_same,"And each year something happened, and I did not go.", and each year something happened and I did not go.,0.0
arctic_b0405,Chinese,BWC,nat+interp,"And each year something happened, and I did not go.", And each year something happened and I did not go.,0.0
arctic_b0405,Chinese,BWC,nat+noise,"And each year something happened, and I did not go.", And I did,0.7
arctic_b0405,Chinese,BWC,nat+zero_0,"And each year something happened, and I did not go.", and each year something happened and I did not go.,0.0
arctic_b0405,Chinese,BWC,nat+zero_100,"And each year something happened, and I did not go.", and each year something happened and I did not go.,0.0
arctic_b0405,Chinese,BWC,nat+zero_200,"And each year something happened, and I did not go.", and each year something happened and I did not go.,0.0
arctic_b0405,Chinese,BWC,nat+zero_400,"And each year something happened, and I did not go.", and each year something happened and I did not go.,0.0
arctic_b0405,Chinese,BWC,nat+zero_800,"And each year something happened, and I did not go.", and each year something happened and I did not go.,0.0
arctic_b0405,Hindi,SVBI,nat+nat,"And each year something happened, and I did not go.", and each year something happened and I did not go.,0.0
arctic_b0405,Hindi,SVBI,nat+nat_diff_utt,"And each year something happened, and I did not go.", and each year something happened and I did not go.,0.0
arctic_b0405,Hindi,SVBI,nat+l2_same,"And each year something happened, and I did not go.", and each year something happened and I did not go.,0.0
arctic_b0405,Hindi,SVBI,nat+interp,"And each year something happened, and I did not go.", And each year something happened and I did not go.,0.0
arctic_b0405,Hindi,SVBI,nat+noise,"And each year something happened, and I did not go.", And I did,0.7
arctic_b0405,Hindi,SVBI,nat+zero_0,"And each year something happened, and I did not go.", and each year something happened and I did not go.,0.0
arctic_b0405,Hindi,SVBI,nat+zero_100,"And each year something happened, and I did not go.", and each year something happened and I did not go.,0.0
arctic_b0405,Hindi,SVBI,nat+zero_200,"And each year something happened, and I did not go.", and each year something happened and I did not go.,0.0
arctic_b0405,Hindi,SVBI,nat+zero_400,"And each year something happened, and I did not go.", and each year something happened and I did not go.,0.0
arctic_b0405,Hindi,SVBI,nat+zero_800,"And each year something happened, and I did not go.", and each year something happened and I did not go.,0.0
arctic_b0405,Korean,HJK,nat+nat,"And each year something happened, and I did not go.", and each year something happened and I did not go.,0.0
arctic_b0405,Korean,HJK,nat+nat_diff_utt,"And each year something happened, and I did not go.", and each year something happened and I did not go.,0.0
arctic_b0405,Korean,HJK,nat+l2_same,"And each year something happened, and I did not go.", and each year something happened and I did not go.,0.0
arctic_b0405,Korean,HJK,nat+interp,"And each year something happened, and I did not go.", And each year something happened and I did not go.,0.0
arctic_b0405,Korean,HJK,nat+noise,"And each year something happened, and I did not go.", And I did,0.7
arctic_b0405,Korean,HJK,nat+zero_0,"And each year something happened, and I did not go.", and each year something happened and I did not go.,0.0
arctic_b0405,Korean,HJK,nat+zero_100,"And each year something happened, and I did not go.", and each year something happened and I did not go.,0.0
arctic_b0405,Korean,HJK,nat+zero_200,"And each year something happened, and I did not go.", and each year something happened and I did not go.,0.0
arctic_b0405,Korean,HJK,nat+zero_400,"And each year something happened, and I did not go.", and each year something happened and I did not go.,0.0
arctic_b0405,Korean,HJK,nat+zero_800,"And each year something happened, and I did not go.", and each year something happened and I did not go.,0.0
arctic_b0405,Spanish,EBVS,nat+nat,"And each year something happened, and I did not go.", and each year something happened and I did not go.,0.0
arctic_b0405,Spanish,EBVS,nat+nat_diff_utt,"And each year something happened, and I did not go.", and each year something happened and I did not go.,0.0
arctic_b0405,Spanish,EBVS,nat+l2_same,"And each year something happened, and I did not go.", and each year something happened and I did not go.,0.0
arctic_b0405,Spanish,EBVS,nat+interp,"And each year something happened, and I did not go.", and I did not go.,0.5
arctic_b0405,Spanish,EBVS,nat+noise,"And each year something happened, and I did not go.", And I did,0.7
arctic_b0405,Spanish,EBVS,nat+zero_0,"And each year something happened, and I did not go.", and each year something happened and I did not go.,0.0
arctic_b0405,Spanish,EBVS,nat+zero_100,"And each year something happened, and I did not go.", and each year something happened and I did not go.,0.0
arctic_b0405,Spanish,EBVS,nat+zero_200,"And each year something happened, and I did not go.", and each year something happened and I did not go.,0.0
arctic_b0405,Spanish,EBVS,nat+zero_400,"And each year something happened, and I did not go.", and each year something happened and I did not go.,0.0
arctic_b0405,Spanish,EBVS,nat+zero_800,"And each year something happened, and I did not go.", and each year something happened and I did not go.,0.0
arctic_b0405,Vietnamese,HQTV,nat+nat,"And each year something happened, and I did not go.", and each year something happened and I did not go.,0.0
arctic_b0405,Vietnamese,HQTV,nat+nat_diff_utt,"And each year something happened, and I did not go.", and each year something happened and I did not go.,0.0
arctic_b0405,Vietnamese,HQTV,nat+l2_same,"And each year something happened, and I did not go.", And each year something happened and I did not go.,0.0
arctic_b0405,Vietnamese,HQTV,nat+interp,"And each year something happened, and I did not go.", And each year something happened and I did not go.,0.0
arctic_b0405,Vietnamese,HQTV,nat+noise,"And each year something happened, and I did not go.", And I did,0.7
arctic_b0405,Vietnamese,HQTV,nat+zero_0,"And each year something happened, and I did not go.", and each year something happened and I did not go.,0.0
arctic_b0405,Vietnamese,HQTV,nat+zero_100,"And each year something happened, and I did not go.", and each year something happened and I did not go.,0.0
arctic_b0405,Vietnamese,HQTV,nat+zero_200,"And each year something happened, and I did not go.", and each year something happened and I did not go.,0.0
arctic_b0405,Vietnamese,HQTV,nat+zero_400,"And each year something happened, and I did not go.", and each year something happened and I did not go.,0.0
arctic_b0405,Vietnamese,HQTV,nat+zero_800,"And each year something happened, and I did not go.", and each year something happened and I did not go.,0.0
arctic_b0406,Arabic,ZHAA,nat+nat,How in hell did he know it was you in the dark., How in hell did he know it was you in the dark?,0.0
arctic_b0406,Arabic,ZHAA,nat+nat_diff_utt,How in hell did he know it was you in the dark., How in hell did he know it was you in the dark?,0.0
arctic_b0406,Arabic,ZHAA,nat+l2_same,How in hell did he know it was you in the dark., How in hell did he know it was you in the dark?,0.0
arctic_b0406,Arabic,ZHAA,nat+interp,How in hell did he know it was you in the dark., How in hell did he know it was you in the dark?,0.0
arctic_b0406,Arabic,ZHAA,nat+noise,How in hell did he know it was you in the dark., How when,0.9166666666666666
arctic_b0406,Arabic,ZHAA,nat+zero_0,How in hell did he know it was you in the dark., How in hell did he know it was you in the dark?,0.0
arctic_b0406,Arabic,ZHAA,nat+zero_100,How in hell did he know it was you in the dark., How in hell did he know it was you in the dark?,0.0
arctic_b0406,Arabic,ZHAA,nat+zero_200,How in hell did he know it was you in the dark., How in hell did he know it was you in the dark?,0.0
arctic_b0406,Arabic,ZHAA,nat+zero_400,How in hell did he know it was you in the dark., How in hell did he know it was you in the dark?,0.0
arctic_b0406,Arabic,ZHAA,nat+zero_800,How in hell did he know it was you in the dark., How in hell did he know it was you in the dark?,0.0
arctic_b0406,Chinese,BWC,nat+nat,How in hell did he know it was you in the dark., How in hell did he know it was you in the dark?,0.0
arctic_b0406,Chinese,BWC,nat+nat_diff_utt,How in hell did he know it was you in the dark., How in hell did he know it was you in the dark?,0.0
arctic_b0406,Chinese,BWC,nat+l2_same,How in hell did he know it was you in the dark., How in hell did he know it was you in the dark?,0.0
arctic_b0406,Chinese,BWC,nat+interp,How in hell did he know it was you in the dark., How in hell did he know it was you in the dark?,0.0
arctic_b0406,Chinese,BWC,nat+noise,How in hell did he know it was you in the dark., How when,0.9166666666666666
arctic_b0406,Chinese,BWC,nat+zero_0,How in hell did he know it was you in the dark., How in hell did he know it was you in the dark?,0.0
arctic_b0406,Chinese,BWC,nat+zero_100,How in hell did he know it was you in the dark., How in hell did he know it was you in the dark?,0.0
arctic_b0406,Chinese,BWC,nat+zero_200,How in hell did he know it was you in the dark., How in hell did he know it was you in the dark?,0.0
arctic_b0406,Chinese,BWC,nat+zero_400,How in hell did he know it was you in the dark., How in hell did he know it was you in the dark?,0.0
arctic_b0406,Chinese,BWC,nat+zero_800,How in hell did he know it was you in the dark., How in hell did he know it was you in the dark?,0.0
arctic_b0406,Hindi,SVBI,nat+nat,How in hell did he know it was you in the dark., How in hell did he know it was you in the dark?,0.0
arctic_b0406,Hindi,SVBI,nat+nat_diff_utt,How in hell did he know it was you in the dark., How in hell did he know it was you in the dark?,0.0
arctic_b0406,Hindi,SVBI,nat+l2_same,How in hell did he know it was you in the dark., How in hell did he know it was you in the dark?,0.0
arctic_b0406,Hindi,SVBI,nat+interp,How in hell did he know it was you in the dark., How in hell did he know it was you in the dark?,0.0
arctic_b0406,Hindi,SVBI,nat+noise,How in hell did he know it was you in the dark., How when,0.9166666666666666
arctic_b0406,Hindi,SVBI,nat+zero_0,How in hell did he know it was you in the dark., How in hell did he know it was you in the dark?,0.0
arctic_b0406,Hindi,SVBI,nat+zero_100,How in hell did he know it was you in the dark., How in hell did he know it was you in the dark?,0.0
arctic_b0406,Hindi,SVBI,nat+zero_200,How in hell did he know it was you in the dark., How in hell did he know it was you in the dark?,0.0
arctic_b0406,Hindi,SVBI,nat+zero_400,How in hell did he know it was you in the dark., How in hell did he know it was you in the dark?,0.0
arctic_b0406,Hindi,SVBI,nat+zero_800,How in hell did he know it was you in the dark., How in hell did he know it was you in the dark?,0.0
arctic_b0406,Korean,HJK,nat+nat,How in hell did he know it was you in the dark., How in hell did he know it was you in the dark?,0.0
arctic_b0406,Korean,HJK,nat+nat_diff_utt,How in hell did he know it was you in the dark., How in hell did he know it was you in the dark?,0.0
arctic_b0406,Korean,HJK,nat+l2_same,How in hell did he know it was you in the dark., How in hell did he know it was you in the dark?,0.0
arctic_b0406,Korean,HJK,nat+interp,How in hell did he know it was you in the dark., How in hell did he know it was you in the dark?,0.0
arctic_b0406,Korean,HJK,nat+noise,How in hell did he know it was you in the dark., How when,0.9166666666666666
arctic_b0406,Korean,HJK,nat+zero_0,How in hell did he know it was you in the dark., How in hell did he know it was you in the dark?,0.0
arctic_b0406,Korean,HJK,nat+zero_100,How in hell did he know it was you in the dark., How in hell did he know it was you in the dark?,0.0
arctic_b0406,Korean,HJK,nat+zero_200,How in hell did he know it was you in the dark., How in hell did he know it was you in the dark?,0.0
arctic_b0406,Korean,HJK,nat+zero_400,How in hell did he know it was you in the dark., How in hell did he know it was you in the dark?,0.0
arctic_b0406,Korean,HJK,nat+zero_800,How in hell did he know it was you in the dark., How in hell did he know it was you in the dark?,0.0
arctic_b0406,Spanish,EBVS,nat+nat,How in hell did he know it was you in the dark., How in hell did he know it was you in the dark?,0.0
arctic_b0406,Spanish,EBVS,nat+nat_diff_utt,How in hell did he know it was you in the dark., How in hell did he know it was you in the dark?,0.0
arctic_b0406,Spanish,EBVS,nat+l2_same,How in hell did he know it was you in the dark., How in hell did he know it was you in the dark?,0.0
arctic_b0406,Spanish,EBVS,nat+interp,How in hell did he know it was you in the dark., How and how did he know it was you in the dark?,0.16666666666666666
arctic_b0406,Spanish,EBVS,nat+noise,How in hell did he know it was you in the dark., How when,0.9166666666666666
arctic_b0406,Spanish,EBVS,nat+zero_0,How in hell did he know it was you in the dark., How in hell did he know it was you in the dark?,0.0
arctic_b0406,Spanish,EBVS,nat+zero_100,How in hell did he know it was you in the dark., How in hell did he know it was you in the dark?,0.0
arctic_b0406,Spanish,EBVS,nat+zero_200,How in hell did he know it was you in the dark., How in hell did he know it was you in the dark?,0.0
arctic_b0406,Spanish,EBVS,nat+zero_400,How in hell did he know it was you in the dark., How in hell did he know it was you in the dark?,0.0
arctic_b0406,Spanish,EBVS,nat+zero_800,How in hell did he know it was you in the dark., How in hell did he know it was you in the dark?,0.0
arctic_b0406,Vietnamese,HQTV,nat+nat,How in hell did he know it was you in the dark., How in hell did he know it was you in the dark?,0.0
arctic_b0406,Vietnamese,HQTV,nat+nat_diff_utt,How in hell did he know it was you in the dark., How in hell did he know it was you in the dark?,0.0
arctic_b0406,Vietnamese,HQTV,nat+l2_same,How in hell did he know it was you in the dark., How in hell did he know it was you in the dark?,0.0
arctic_b0406,Vietnamese,HQTV,nat+interp,How in hell did he know it was you in the dark., How in hell did he know it was you in the dark?,0.0
arctic_b0406,Vietnamese,HQTV,nat+noise,How in hell did he know it was you in the dark., How when,0.9166666666666666
arctic_b0406,Vietnamese,HQTV,nat+zero_0,How in hell did he know it was you in the dark., How in hell did he know it was you in the dark?,0.0
arctic_b0406,Vietnamese,HQTV,nat+zero_100,How in hell did he know it was you in the dark., How in hell did he know it was you in the dark?,0.0
arctic_b0406,Vietnamese,HQTV,nat+zero_200,How in hell did he know it was you in the dark., How in hell did he know it was you in the dark?,0.0
arctic_b0406,Vietnamese,HQTV,nat+zero_400,How in hell did he know it was you in the dark., How in hell did he know it was you in the dark?,0.0
arctic_b0406,Vietnamese,HQTV,nat+zero_800,How in hell did he know it was you in the dark., How in hell did he know it was you in the dark?,0.0
arctic_b0538,Arabic,ZHAA,nat+nat,"At the best, they were necessary accessories."," At the best, they were necessary accessories.",0.0
arctic_b0538,Arabic,ZHAA,nat+nat_diff_utt,"At the best, they were necessary accessories."," At the best, they were necessary accessories.",0.0
arctic_b0538,Arabic,ZHAA,nat+l2_same,"At the best, they were necessary accessories."," At the best, they were necessary accessories.",0.0
arctic_b0538,Arabic,ZHAA,nat+interp,"At the best, they were necessary accessories."," At the best, they were necessary accessories.",0.0
arctic_b0538,Arabic,ZHAA,nat+noise,"At the best, they were necessary accessories.", at the,0.7142857142857143
arctic_b0538,Arabic,ZHAA,nat+zero_0,"At the best, they were necessary accessories.", at the best they were necessary accessories.,0.0
arctic_b0538,Arabic,ZHAA,nat+zero_100,"At the best, they were necessary accessories.", at the best they were necessary accessories.,0.0
arctic_b0538,Arabic,ZHAA,nat+zero_200,"At the best, they were necessary accessories.", at the best they were necessary accessories.,0.0
arctic_b0538,Arabic,ZHAA,nat+zero_400,"At the best, they were necessary accessories.", at the best they were necessary accessories.,0.0
arctic_b0538,Arabic,ZHAA,nat+zero_800,"At the best, they were necessary accessories."," At the best, they were necessary accessories.",0.0
arctic_b0538,Chinese,BWC,nat+nat,"At the best, they were necessary accessories."," At the best, they were necessary accessories.",0.0
arctic_b0538,Chinese,BWC,nat+nat_diff_utt,"At the best, they were necessary accessories."," At the best, they were necessary accessories.",0.0
arctic_b0538,Chinese,BWC,nat+l2_same,"At the best, they were necessary accessories."," At the best, they were necessary accessories.",0.0
arctic_b0538,Chinese,BWC,nat+interp,"At the best, they were necessary accessories."," At the best, they were necessary accessories.",0.0
arctic_b0538,Chinese,BWC,nat+noise,"At the best, they were necessary accessories.", at the,0.7142857142857143
arctic_b0538,Chinese,BWC,nat+zero_0,"At the best, they were necessary accessories.", at the best they were necessary accessories.,0.0
arctic_b0538,Chinese,BWC,nat+zero_100,"At the best, they were necessary accessories.", at the best they were necessary accessories.,0.0
arctic_b0538,Chinese,BWC,nat+zero_200,"At the best, they were necessary accessories.", at the best they were necessary accessories.,0.0
arctic_b0538,Chinese,BWC,nat+zero_400,"At the best, they were necessary accessories.", at the best they were necessary accessories.,0.0
arctic_b0538,Chinese,BWC,nat+zero_800,"At the best, they were necessary accessories."," At the best, they were necessary accessories.",0.0
arctic_b0538,Hindi,SVBI,nat+nat,"At the best, they were necessary accessories."," At the best, they were necessary accessories.",0.0
arctic_b0538,Hindi,SVBI,nat+nat_diff_utt,"At the best, they were necessary accessories."," At the best, they were necessary accessories.",0.0
arctic_b0538,Hindi,SVBI,nat+l2_same,"At the best, they were necessary accessories."," At the best, they were necessary accessories.",0.0
arctic_b0538,Hindi,SVBI,nat+interp,"At the best, they were necessary accessories."," At the best, they were necessary accessories.",0.0
arctic_b0538,Hindi,SVBI,nat+noise,"At the best, they were necessary accessories.", at the,0.7142857142857143
arctic_b0538,Hindi,SVBI,nat+zero_0,"At the best, they were necessary accessories.", at the best they were necessary accessories.,0.0
arctic_b0538,Hindi,SVBI,nat+zero_100,"At the best, they were necessary accessories.", at the best they were necessary accessories.,0.0
arctic_b0538,Hindi,SVBI,nat+zero_200,"At the best, they were necessary accessories.", at the best they were necessary accessories.,0.0
arctic_b0538,Hindi,SVBI,nat+zero_400,"At the best, they were necessary accessories.", at the best they were necessary accessories.,0.0
arctic_b0538,Hindi,SVBI,nat+zero_800,"At the best, they were necessary accessories."," At the best, they were necessary accessories.",0.0
arctic_b0538,Korean,HJK,nat+nat,"At the best, they were necessary accessories."," At the best, they were necessary accessories.",0.0
arctic_b0538,Korean,HJK,nat+nat_diff_utt,"At the best, they were necessary accessories."," At the best, they were necessary accessories.",0.0
arctic_b0538,Korean,HJK,nat+l2_same,"At the best, they were necessary accessories."," At the best, they were necessary accessories.",0.0
arctic_b0538,Korean,HJK,nat+interp,"At the best, they were necessary accessories."," At the best, they were necessary accessories.",0.0
arctic_b0538,Korean,HJK,nat+noise,"At the best, they were necessary accessories.", at the,0.7142857142857143
arctic_b0538,Korean,HJK,nat+zero_0,"At the best, they were necessary accessories.", at the best they were necessary accessories.,0.0
arctic_b0538,Korean,HJK,nat+zero_100,"At the best, they were necessary accessories.", at the best they were necessary accessories.,0.0
arctic_b0538,Korean,HJK,nat+zero_200,"At the best, they were necessary accessories.", at the best they were necessary accessories.,0.0
arctic_b0538,Korean,HJK,nat+zero_400,"At the best, they were necessary accessories.", at the best they were necessary accessories.,0.0
arctic_b0538,Korean,HJK,nat+zero_800,"At the best, they were necessary accessories."," At the best, they were necessary accessories.",0.0
arctic_b0538,Spanish,EBVS,nat+nat,"At the best, they were necessary accessories."," At the best, they were necessary accessories.",0.0
arctic_b0538,Spanish,EBVS,nat+nat_diff_utt,"At the best, they were necessary accessories."," At the best, they were necessary accessories.",0.0
arctic_b0538,Spanish,EBVS,nat+l2_same,"At the best, they were necessary accessories."," At the best, they were necessary accessories.",0.0
arctic_b0538,Spanish,EBVS,nat+interp,"At the best, they were necessary accessories."," At the best, they were necessary accessories.",0.0
arctic_b0538,Spanish,EBVS,nat+noise,"At the best, they were necessary accessories.", at the,0.7142857142857143
arctic_b0538,Spanish,EBVS,nat+zero_0,"At the best, they were necessary accessories.", at the best they were necessary accessories.,0.0
arctic_b0538,Spanish,EBVS,nat+zero_100,"At the best, they were necessary accessories.", at the best they were necessary accessories.,0.0
arctic_b0538,Spanish,EBVS,nat+zero_200,"At the best, they were necessary accessories.", at the best they were necessary accessories.,0.0
arctic_b0538,Spanish,EBVS,nat+zero_400,"At the best, they were necessary accessories.", at the best they were necessary accessories.,0.0
arctic_b0538,Spanish,EBVS,nat+zero_800,"At the best, they were necessary accessories."," At the best, they were necessary accessories.",0.0
arctic_b0538,Vietnamese,HQTV,nat+nat,"At the best, they were necessary accessories."," At the best, they were necessary accessories.",0.0
arctic_b0538,Vietnamese,HQTV,nat+nat_diff_utt,"At the best, they were necessary accessories."," At the best, they were necessary accessories.",0.0
arctic_b0538,Vietnamese,HQTV,nat+l2_same,"At the best, they were necessary accessories."," At the best, they were necessary accessories.",0.0
arctic_b0538,Vietnamese,HQTV,nat+interp,"At the best, they were necessary accessories."," At the best, they were necessary accessories.",0.0
arctic_b0538,Vietnamese,HQTV,nat+noise,"At the best, they were necessary accessories.", at the,0.7142857142857143
arctic_b0538,Vietnamese,HQTV,nat+zero_0,"At the best, they were necessary accessories.", at the best they were necessary accessories.,0.0
arctic_b0538,Vietnamese,HQTV,nat+zero_100,"At the best, they were necessary accessories.", at the best they were necessary accessories.,0.0
arctic_b0538,Vietnamese,HQTV,nat+zero_200,"At the best, they were necessary accessories.", at the best they were necessary accessories.,0.0
arctic_b0538,Vietnamese,HQTV,nat+zero_400,"At the best, they were necessary accessories.", at the best they were necessary accessories.,0.0
arctic_b0538,Vietnamese,HQTV,nat+zero_800,"At the best, they were necessary accessories."," At the best, they were necessary accessories.",0.0
