{
  "0": {
    "global": {
      "accuracy": 0.13033333333333333,
      "macro_f1": 0.13655173596201833,
      "n_samples": 30000
    },
    "chance_accuracy": 0.16666666666666666,
    "within_phoneme": {
      "AE": {
        "accuracy": 0.0983009708737864,
        "macro_f1": 0.1004795255063433,
        "n_samples": 824
      },
      "D": {
        "accuracy": 0.10643015521064302,
        "macro_f1": 0.11976699989429986,
        "n_samples": 1353
      },
      "L": {
        "accuracy": 0.10460251046025104,
        "macro_f1": 0.09649726894298614,
        "n_samples": 1434
      },
      "R": {
        "accuracy": 0.08851499634235552,
        "macro_f1": 0.0936474700096231,
        "n_samples": 1367
      },
      "S": {
        "accuracy": 0.08083333333333333,
        "macro_f1": 0.08468033293543585,
        "n_samples": 1200
      },
      "T": {
        "accuracy": 0.14722955145118732,
        "macro_f1": 0.15763934156466275,
        "n_samples": 1895
      },
      "TH": {
        "accuracy": 0.17419354838709677,
        "macro_f1": 0.17846009919007955,
        "n_samples": 155
      }
    },
    "mean_within_phoneme_acc": 0.11430072372266477
  },
  "1": {
    "global": {
      "accuracy": 0.1021,
      "macro_f1": 0.12084502822094716,
      "n_samples": 30000
    },
    "chance_accuracy": 0.16666666666666666,
    "within_phoneme": {
      "AE": {
        "accuracy": 0.12864077669902912,
        "macro_f1": 0.12898621415012704,
        "n_samples": 824
      },
      "D": {
        "accuracy": 0.07760532150776053,
        "macro_f1": 0.0917312236897143,
        "n_samples": 1353
      },
      "L": {
        "accuracy": 0.07391910739191074,
        "macro_f1": 0.06948103104442138,
        "n_samples": 1434
      },
      "R": {
        "accuracy": 0.11338697878566203,
        "macro_f1": 0.1161025524315404,
        "n_samples": 1367
      },
      "S": {
        "accuracy": 0.06916666666666667,
        "macro_f1": 0.07934635986814882,
        "n_samples": 1200
      },
      "T": {
        "accuracy": 0.10923482849604221,
        "macro_f1": 0.1242421469220163,
        "n_samples": 1895
      },
      "TH": {
        "accuracy": 0.12258064516129032,
        "macro_f1": 0.13036722276191368,
        "n_samples": 155
      }
    },
    "mean_within_phoneme_acc": 0.09921918924405167
  },
  "2": {
    "global": {
      "accuracy": 0.0836,
      "macro_f1": 0.0932210914721398,
      "n_samples": 30000
    },
    "chance_accuracy": 0.16666666666666666,
    "within_phoneme": {
      "AE": {
        "accuracy": 0.1796116504854369,
        "macro_f1": 0.17072838422150563,
        "n_samples": 824
      },
      "D": {
        "accuracy": 0.14929785661492978,
        "macro_f1": 0.15629577200678385,
        "n_samples": 1353
      },
      "L": {
        "accuracy": 0.12273361227336123,
        "macro_f1": 0.11974369054248006,
        "n_samples": 1434
      },
      "R": {
        "accuracy": 0.15435259692757863,
        "macro_f1": 0.15604356275993572,
        "n_samples": 1367
      },
      "S": {
        "accuracy": 0.08833333333333333,
        "macro_f1": 0.0986517153963646,
        "n_samples": 1200
      },
      "T": {
        "accuracy": 0.15725593667546175,
        "macro_f1": 0.17319420488552398,
        "n_samples": 1895
      },
      "TH": {
        "accuracy": 0.14838709677419354,
        "macro_f1": 0.15780583914980348,
        "n_samples": 155
      }
    },
    "mean_within_phoneme_acc": 0.1428531547263279
  },
  "3": {
    "global": {
      "accuracy": 0.12263333333333333,
      "macro_f1": 0.12442596069127058,
      "n_samples": 30000
    },
    "chance_accuracy": 0.16666666666666666,
    "within_phoneme": {
      "AE": {
        "accuracy": 0.23179611650485438,
        "macro_f1": 0.21846121176406863,
        "n_samples": 824
      },
      "D": {
        "accuracy": 0.21138211382113822,
        "macro_f1": 0.21825490199907882,
        "n_samples": 1353
      },
      "L": {
        "accuracy": 0.1506276150627615,
        "macro_f1": 0.14664880984233958,
        "n_samples": 1434
      },
      "R": {
        "accuracy": 0.2421360643745428,
        "macro_f1": 0.24002274447439484,
        "n_samples": 1367
      },
      "S": {
        "accuracy": 0.12416666666666666,
        "macro_f1": 0.13639485108700858,
        "n_samples": 1200
      },
      "T": {
        "accuracy": 0.22849604221635883,
        "macro_f1": 0.2445390759520396,
        "n_samples": 1895
      },
      "TH": {
        "accuracy": 0.21935483870967742,
        "macro_f1": 0.21810713233127024,
        "n_samples": 155
      }
    },
    "mean_within_phoneme_acc": 0.20113706533657139
  },
  "4": {
    "global": {
      "accuracy": 0.1363,
      "macro_f1": 0.13562493796828154,
      "n_samples": 30000
    },
    "chance_accuracy": 0.16666666666666666,
    "within_phoneme": {
      "AE": {
        "accuracy": 0.2609223300970874,
        "macro_f1": 0.25356988731441304,
        "n_samples": 824
      },
      "D": {
        "accuracy": 0.23503325942350334,
        "macro_f1": 0.24201201163773792,
        "n_samples": 1353
      },
      "L": {
        "accuracy": 0.15620641562064155,
        "macro_f1": 0.15741455908136165,
        "n_samples": 1434
      },
      "R": {
        "accuracy": 0.2640819312362838,
        "macro_f1": 0.25839453802518453,
        "n_samples": 1367
      },
      "S": {
        "accuracy": 0.12583333333333332,
        "macro_f1": 0.1365183134932227,
        "n_samples": 1200
      },
      "T": {
        "accuracy": 0.2575197889182058,
        "macro_f1": 0.2686259781078663,
        "n_samples": 1895
      },
      "TH": {
        "accuracy": 0.18064516129032257,
        "macro_f1": 0.18174413802355938,
        "n_samples": 155
      }
    },
    "mean_within_phoneme_acc": 0.21146317427419684
  },
  "5": {
    "global": {
      "accuracy": 0.24053333333333332,
      "macro_f1": 0.2499579359651287,
      "n_samples": 30000
    },
    "chance_accuracy": 0.16666666666666666,
    "within_phoneme": {
      "AE": {
        "accuracy": 0.3640776699029126,
        "macro_f1": 0.35162531057039964,
        "n_samples": 824
      },
      "D": {
        "accuracy": 0.30007390983000737,
        "macro_f1": 0.30174213727113675,
        "n_samples": 1353
      },
      "L": {
        "accuracy": 0.25313807531380755,
        "macro_f1": 0.2573148851252849,
        "n_samples": 1434
      },
      "R": {
        "accuracy": 0.35771762984637895,
        "macro_f1": 0.34317275636985883,
        "n_samples": 1367
      },
      "S": {
        "accuracy": 0.18,
        "macro_f1": 0.19422469375517304,
        "n_samples": 1200
      },
      "T": {
        "accuracy": 0.2955145118733509,
        "macro_f1": 0.30096810936198604,
        "n_samples": 1895
      },
      "TH": {
        "accuracy": 0.2709677419354839,
        "macro_f1": 0.267398190417841,
        "n_samples": 155
      }
    },
    "mean_within_phoneme_acc": 0.28878421981456304
  },
  "6": {
    "global": {
      "accuracy": 0.4079333333333333,
      "macro_f1": 0.41962420930036953,
      "n_samples": 30000
    },
    "chance_accuracy": 0.16666666666666666,
    "within_phoneme": {
      "AE": {
        "accuracy": 0.49514563106796117,
        "macro_f1": 0.48339228236929016,
        "n_samples": 824
      },
      "D": {
        "accuracy": 0.36289726533628974,
        "macro_f1": 0.3644151785580993,
        "n_samples": 1353
      },
      "L": {
        "accuracy": 0.4211994421199442,
        "macro_f1": 0.4220483228727243,
        "n_samples": 1434
      },
      "R": {
        "accuracy": 0.46086320409656184,
        "macro_f1": 0.4461320303793295,
        "n_samples": 1367
      },
      "S": {
        "accuracy": 0.29833333333333334,
        "macro_f1": 0.30048323153562856,
        "n_samples": 1200
      },
      "T": {
        "accuracy": 0.35145118733509234,
        "macro_f1": 0.35631424900659875,
        "n_samples": 1895
      },