{
  "0": {
    "global": {
      "accuracy": 0.13033333333333333,
      "macro_f1": 0.13655173596201833,
      "n_samples": 30000
    },
    "chance_accuracy": 0.16666666666666666,
    "within_phoneme": {
      "AE": {
        "accuracy": 0.0983009708737864,
        "macro_f1": 0.1004795255063433,
        "n_samples": 824
      },
      "D": {
        "accuracy": 0.10643015521064302,
        "macro_f1": 0.11976699989429986,
        "n_samples": 1353
      },
      "L": {
        "accuracy": 0.10460251046025104,
        "macro_f1": 0.09649726894298614,
        "n_samples": 1434
      },
      "R": {
        "accuracy": 0.08851499634235552,
        "macro_f1": 0.0936474700096231,
        "n_samples": 1367
      },
      "S": {
        "accuracy": 0.08083333333333333,
        "macro_f1": 0.08468033293543585,
        "n_samples": 1200
      },
      "T": {
        "accuracy": 0.14722955145118732,
        "macro_f1": 0.15763934156466275,
        "n_samples": 1895
      },
      "TH": {
        "accuracy": 0.17419354838709677,
        "macro_f1": 0.17846009919007955,
        "n_samples": 155
      }
    },
    "mean_within_phoneme_acc": 0.11430072372266477
  },
  "1": {
    "global": {
      "accuracy": 0.10313333333333333,
      "macro_f1": 0.12186135507056828,
      "n_samples": 30000
    },
    "chance_accuracy": 0.16666666666666666,
    "within_phoneme": {
      "AE": {
        "accuracy": 0.11893203883495146,
        "macro_f1": 0.12016918053541793,
        "n_samples": 824
      },
      "D": {
        "accuracy": 0.07760532150776053,
        "macro_f1": 0.0927765852043458,
        "n_samples": 1353
      },
      "L": {
        "accuracy": 0.07182705718270571,
        "macro_f1": 0.06825459673857245,
        "n_samples": 1434
      },
      "R": {
        "accuracy": 0.11265544989027067,
        "macro_f1": 0.1152203396621073,
        "n_samples": 1367
      },
      "S": {
        "accuracy": 0.07333333333333333,
        "macro_f1": 0.08245765329712729,
        "n_samples": 1200
      },
      "T": {
        "accuracy": 0.10765171503957784,
        "macro_f1": 0.12156643160792864,
        "n_samples": 1895
      },
      "TH": {
        "accuracy": 0.14838709677419354,
        "macro_f1": 0.15464024220442707,
        "n_samples": 155
      }
    },
    "mean_within_phoneme_acc": 0.10148457322325617
  },
  "2": {
    "global": {
      "accuracy": 0.08803333333333334,
      "macro_f1": 0.0964722987590889,
      "n_samples": 30000
    },
    "chance_accuracy": 0.16666666666666666,
    "within_phoneme": {
      "AE": {
        "accuracy": 0.17475728155339806,
        "macro_f1": 0.16899372545975555,
        "n_samples": 824
      },
      "D": {
        "accuracy": 0.14708056171470807,
        "macro_f1": 0.15367621405342058,
        "n_samples": 1353
      },
      "L": {
        "accuracy": 0.11297071129707113,
        "macro_f1": 0.11250813410689466,
        "n_samples": 1434
      },
      "R": {
        "accuracy": 0.1389904901243599,
        "macro_f1": 0.1407031587887373,
        "n_samples": 1367
      },
      "S": {
        "accuracy": 0.08,
        "macro_f1": 0.0885271535144204,
        "n_samples": 1200
      },
      "T": {
        "accuracy": 0.15936675461741426,
        "macro_f1": 0.1748828366453712,
        "n_samples": 1895
      },
      "TH": {
        "accuracy": 0.14193548387096774,
        "macro_f1": 0.1491841841841842,
        "n_samples": 155
      }
    },
    "mean_within_phoneme_acc": 0.13644304045398845
  },
  "3": {
    "global": {
      "accuracy": 0.12543333333333334,
      "macro_f1": 0.12440325963154945,
      "n_samples": 30000
    },
    "chance_accuracy": 0.16666666666666666,
    "within_phoneme": {
      "AE": {
        "accuracy": 0.21844660194174756,
        "macro_f1": 0.20454105089426314,
        "n_samples": 824
      },
      "D": {
        "accuracy": 0.20473022912047303,
        "macro_f1": 0.21215115871019882,
        "n_samples": 1353
      },
      "L": {
        "accuracy": 0.15481171548117154,
        "macro_f1": 0.15039019965804187,
        "n_samples": 1434
      },
      "R": {
        "accuracy": 0.22896854425749816,
        "macro_f1": 0.22832324782063107,
        "n_samples": 1367
      },
      "S": {
        "accuracy": 0.11666666666666667,
        "macro_f1": 0.1284733614449942,
        "n_samples": 1200
      },
      "T": {
        "accuracy": 0.22321899736147757,
        "macro_f1": 0.24044114906999148,
        "n_samples": 1895
      },
      "TH": {
        "accuracy": 0.2129032258064516,
        "macro_f1": 0.21488025614438314,
        "n_samples": 155
      }
    },
    "mean_within_phoneme_acc": 0.19424942580506946
  },
  "4": {
    "global": {
      "accuracy": 0.13896666666666666,
      "macro_f1": 0.13834552107670153,
      "n_samples": 30000
    },
    "chance_accuracy": 0.16666666666666666,
    "within_phoneme": {
      "AE": {
        "accuracy": 0.24635922330097088,
        "macro_f1": 0.23927699232680286,
        "n_samples": 824
      },
      "D": {
        "accuracy": 0.24538063562453807,
        "macro_f1": 0.2525361876295759,
        "n_samples": 1353
      },
      "L": {
        "accuracy": 0.15341701534170155,
        "macro_f1": 0.15568788517666146,
        "n_samples": 1434
      },
      "R": {
        "accuracy": 0.2728602779809802,
        "macro_f1": 0.26428989404418524,
        "n_samples": 1367
      },
      "S": {
        "accuracy": 0.13666666666666666,
        "macro_f1": 0.14650896587265905,
        "n_samples": 1200
      },
      "T": {
        "accuracy": 0.27440633245382584,
        "macro_f1": 0.28456372749975256,
        "n_samples": 1895
      },
      "TH": {
        "accuracy": 0.1870967741935484,
        "macro_f1": 0.1811421639790737,
        "n_samples": 155
      }
    },
    "mean_within_phoneme_acc": 0.21659813222317595
  },
  "5": {
    "global": {
      "accuracy": 0.2517,
      "macro_f1": 0.26236655444270107,
      "n_samples": 30000
    },
    "chance_accuracy": 0.16666666666666666,
    "within_phoneme": {
      "AE": {
        "accuracy": 0.3713592233009709,
        "macro_f1": 0.35582755968974894,
        "n_samples": 824
      },
      "D": {
        "accuracy": 0.29933481152993346,
        "macro_f1": 0.2997601109806676,
        "n_samples": 1353
      },
      "L": {
        "accuracy": 0.2789400278940028,
        "macro_f1": 0.28628803161317345,
        "n_samples": 1434
      },
      "R": {
        "accuracy": 0.365764447695684,
        "macro_f1": 0.34938670772921004,
        "n_samples": 1367
      },
      "S": {
        "accuracy": 0.18416666666666667,
        "macro_f1": 0.2015780960175049,
        "n_samples": 1200
      },
      "T": {
        "accuracy": 0.31029023746701845,
        "macro_f1": 0.31505908824405987,
        "n_samples": 1895
      },
      "TH": {
        "accuracy": 0.27741935483870966,
        "macro_f1": 0.27531188479464347,
        "n_samples": 155
      }
    },
    "mean_within_phoneme_acc": 0.2981821099132837
  },
  "6": {
    "global": {
      "accuracy": 0.4433,
      "macro_f1": 0.4536883997079108,
      "n_samples": 30000
    },
    "chance_accuracy": 0.16666666666666666,
    "within_phoneme": {
      "AE": {
        "accuracy": 0.5121359223300971,
        "macro_f1": 0.5026526267573056,
        "n_samples": 824
      },
      "D": {
        "accuracy": 0.37176644493717664,
        "macro_f1": 0.3731759250314537,
        "n_samples": 1353
      },
      "L": {
        "accuracy": 0.4198047419804742,
        "macro_f1": 0.42167432412269285,
        "n_samples": 1434
      },
      "R": {
        "accuracy": 0.4754937820043892,
        "macro_f1": 0.4597513793289827,
        "n_samples": 1367
      },
      "S": {
        "accuracy": 0.2975,
        "macro_f1": 0.3028969776180142,
        "n_samples": 1200
      },
      "T": {
        "accuracy": 0.37097625329815304,
        "macro_f1": 0.3757910576076302,
        "n_samples": 1895
      },