{
  "0": {
    "global": {
      "accuracy": 0.13033333333333333,
      "macro_f1": 0.13655173596201833,
      "n_samples": 30000
    },
    "chance_accuracy": 0.16666666666666666,
    "within_phoneme": {
      "AE": {
        "accuracy": 0.0983009708737864,
        "macro_f1": 0.1004795255063433,
        "n_samples": 824
      },
      "D": {
        "accuracy": 0.10643015521064302,
        "macro_f1": 0.11976699989429986,
        "n_samples": 1353
      },
      "L": {
        "accuracy": 0.10460251046025104,
        "macro_f1": 0.09649726894298614,
        "n_samples": 1434
      },
      "R": {
        "accuracy": 0.08851499634235552,
        "macro_f1": 0.0936474700096231,
        "n_samples": 1367
      },
      "S": {
        "accuracy": 0.08083333333333333,
        "macro_f1": 0.08468033293543585,
        "n_samples": 1200
      },
      "T": {
        "accuracy": 0.14722955145118732,
        "macro_f1": 0.15763934156466275,
        "n_samples": 1895
      },
      "TH": {
        "accuracy": 0.17419354838709677,
        "macro_f1": 0.17846009919007955,
        "n_samples": 155
      }
    },
    "mean_within_phoneme_acc": 0.11430072372266477
  },
  "1": {
    "global": {
      "accuracy": 0.1059,
      "macro_f1": 0.12439530942815054,
      "n_samples": 30000
    },
    "chance_accuracy": 0.16666666666666666,
    "within_phoneme": {
      "AE": {
        "accuracy": 0.11650485436893204,
        "macro_f1": 0.1191774304755001,
        "n_samples": 824
      },
      "D": {
        "accuracy": 0.07982261640798226,
        "macro_f1": 0.09598864108327725,
        "n_samples": 1353
      },
      "L": {
        "accuracy": 0.07112970711297072,
        "macro_f1": 0.06731460871988189,
        "n_samples": 1434
      },
      "R": {
        "accuracy": 0.1097293343087052,
        "macro_f1": 0.11327075711807084,
        "n_samples": 1367
      },
      "S": {
        "accuracy": 0.058333333333333334,
        "macro_f1": 0.06629314319894389,
        "n_samples": 1200
      },
      "T": {
        "accuracy": 0.10765171503957784,
        "macro_f1": 0.12168958335800865,
        "n_samples": 1895
      },
      "TH": {
        "accuracy": 0.12903225806451613,
        "macro_f1": 0.1332279528875099,
        "n_samples": 155
      }
    },
    "mean_within_phoneme_acc": 0.09602911694800251
  },
  "2": {
    "global": {
      "accuracy": 0.09526666666666667,
      "macro_f1": 0.10836513668104618,
      "n_samples": 30000
    },
    "chance_accuracy": 0.16666666666666666,
    "within_phoneme": {
      "AE": {
        "accuracy": 0.15169902912621358,
        "macro_f1": 0.153225101912236,
        "n_samples": 824
      },
      "D": {
        "accuracy": 0.1130820399113082,
        "macro_f1": 0.12599410687369855,
        "n_samples": 1353
      },
      "L": {
        "accuracy": 0.10181311018131102,
        "macro_f1": 0.1002849539951397,
        "n_samples": 1434
      },
      "R": {
        "accuracy": 0.12948061448427212,
        "macro_f1": 0.13310995650582103,
        "n_samples": 1367
      },
      "S": {
        "accuracy": 0.06,
        "macro_f1": 0.0714894660099321,
        "n_samples": 1200
      },
      "T": {
        "accuracy": 0.15356200527704486,
        "macro_f1": 0.1703387013027625,
        "n_samples": 1895
      },
      "TH": {
        "accuracy": 0.12258064516129032,
        "macro_f1": 0.13178617281444263,
        "n_samples": 155
      }
    },
    "mean_within_phoneme_acc": 0.11888820630592002
  },
  "3": {
    "global": {
      "accuracy": 0.10913333333333333,
      "macro_f1": 0.11997615279043121,
      "n_samples": 30000
    },
    "chance_accuracy": 0.16666666666666666,
    "within_phoneme": {
      "AE": {
        "accuracy": 0.18446601941747573,
        "macro_f1": 0.17793573001163723,
        "n_samples": 824
      },
      "D": {
        "accuracy": 0.20029563932002956,
        "macro_f1": 0.2053794420475911,
        "n_samples": 1353
      },
      "L": {
        "accuracy": 0.1199442119944212,
        "macro_f1": 0.12104890565685827,
        "n_samples": 1434
      },
      "R": {
        "accuracy": 0.1960497439648866,
        "macro_f1": 0.19930847483444616,
        "n_samples": 1367
      },
      "S": {
        "accuracy": 0.0975,
        "macro_f1": 0.1083749750052812,
        "n_samples": 1200
      },
      "T": {
        "accuracy": 0.1841688654353562,
        "macro_f1": 0.2050678382102045,
        "n_samples": 1895
      },
      "TH": {
        "accuracy": 0.12258064516129032,
        "macro_f1": 0.1404641133579319,
        "n_samples": 155
      }
    },
    "mean_within_phoneme_acc": 0.1578578750419228
  },
  "4": {
    "global": {
      "accuracy": 0.14433333333333334,
      "macro_f1": 0.14709467494492506,
      "n_samples": 30000
    },
    "chance_accuracy": 0.16666666666666666,
    "within_phoneme": {
      "AE": {
        "accuracy": 0.22572815533980584,
        "macro_f1": 0.22585009387373786,
        "n_samples": 824
      },
      "D": {
        "accuracy": 0.22838137472283815,
        "macro_f1": 0.23540683851889133,
        "n_samples": 1353
      },
      "L": {
        "accuracy": 0.12273361227336123,
        "macro_f1": 0.12461904174899553,
        "n_samples": 1434
      },
      "R": {
        "accuracy": 0.23628383321141186,
        "macro_f1": 0.23636026674604546,
        "n_samples": 1367
      },
      "S": {
        "accuracy": 0.11666666666666667,
        "macro_f1": 0.12813517671137664,
        "n_samples": 1200
      },
      "T": {
        "accuracy": 0.24960422163588392,
        "macro_f1": 0.26429605596383837,
        "n_samples": 1895
      },
      "TH": {
        "accuracy": 0.25806451612903225,
        "macro_f1": 0.2520624318460694,
        "n_samples": 155
      }
    },
    "mean_within_phoneme_acc": 0.20535176856842857
  },
  "5": {
    "global": {
      "accuracy": 0.22236666666666666,
      "macro_f1": 0.23193060807641452,
      "n_samples": 30000
    },
    "chance_accuracy": 0.16666666666666666,
    "within_phoneme": {
      "AE": {
        "accuracy": 0.33737864077669905,
        "macro_f1": 0.32415550417112926,
        "n_samples": 824
      },
      "D": {
        "accuracy": 0.29416112342941614,
        "macro_f1": 0.29918322239472434,
        "n_samples": 1353
      },
      "L": {
        "accuracy": 0.2099023709902371,
        "macro_f1": 0.2159057321261277,
        "n_samples": 1434
      },
      "R": {
        "accuracy": 0.33650329188002925,
        "macro_f1": 0.32589928420932146,
        "n_samples": 1367
      },
      "S": {
        "accuracy": 0.17416666666666666,
        "macro_f1": 0.18960553463773402,
        "n_samples": 1200
      },
      "T": {
        "accuracy": 0.27440633245382584,
        "macro_f1": 0.281933377910717,
        "n_samples": 1895
      },
      "TH": {
        "accuracy": 0.25806451612903225,
        "macro_f1": 0.26355104331294804,
        "n_samples": 155
      }
    },
    "mean_within_phoneme_acc": 0.2692261346179866
  },
  "6": {
    "global": {
      "accuracy": 0.3782,
      "macro_f1": 0.3896646252005486,
      "n_samples": 30000
    },
    "chance_accuracy": 0.16666666666666666,
    "within_phoneme": {
      "AE": {
        "accuracy": 0.4696601941747573,
        "macro_f1": 0.4659051012823973,
        "n_samples": 824
      },
      "D": {
        "accuracy": 0.35698447893569846,
        "macro_f1": 0.36186258586378656,
        "n_samples": 1353
      },
      "L": {
        "accuracy": 0.3410041841004184,
        "macro_f1": 0.343954478088033,
        "n_samples": 1434
      },
      "R": {
        "accuracy": 0.4476956839795172,
        "macro_f1": 0.4346538013571588,
        "n_samples": 1367
      },
      "S": {
        "accuracy": 0.2891666666666667,
        "macro_f1": 0.29300694559994034,
        "n_samples": 1200
      },
      "T": {
        "accuracy": 0.32612137203166225,
        "macro_f1": 0.33118379153556615,
        "n_samples": 1895
      },
      "TH": {
        "accuracy": 0.3548387096774194,