speaker_native_language,num_utts,wer,cer
Hindi,3,0.4264705882352941,0.40494505494505495
Arabic,3,0.5360824742268041,0.5261472785485592
Vietnamese,4,0.5467032967032966,0.4811529933481153
Spanish,4,0.6011560693641619,0.5784569511740589
Chinese,4,0.6418181818181818,0.6212290502793296
Korean,4,0.8028169014084507,0.7961851693099015
