speaker_native_language,num_utts,wer,cer
Hindi,90,0.04927884615384615,0.02429338939500117
Korean,90,0.06481481481481481,0.03608017817371938
Arabic,90,0.08990147783251232,0.045118166626879924
Chinese,90,0.09684947491248541,0.0582766439909297
Spanish,90,0.1145475372279496,0.055446409080986685
Vietnamese,90,0.1753393665158371,0.088139281828074
